area_of_application,category,date_issue,date_of_analysis,description,document_type,filename,full_name,keytopics,keywords,language,median_content_length,number,pages_analyzed,percent_clause_detection,percent_missing_clauses,revision,source,status,total_pages
Методы определения морозостойкости бетонов,Бетоны,2018-06,2025-08-26T02:57:44.161388+00:00,"Межгосударственный стандарт ГОСТ 10060-2012 регламентирует методы определения морозостойкости бетонов. Стандарт разработан с учетом основных нормативных положений европейских и американских стандартов для оценки стойкости бетона к быстрому замораживанию и оттаиванию, а также устойчивости поверхности бетона к разрушению.",ГОСТ,ГОСТ 10060-2012_Бетоны Методы определения морозостойкости.pdf,ГОСТ 10060-2012 Бетоны. Методы определения морозостойкости,"['Методы испытаний', 'Морозостойкость бетона', 'Сравнительный анализ стандартов EN и ASTM']","['бетоны', 'морозостойкость', 'методы определения', 'испытание бетона', 'замораживание', 'оттаивание']",Русский,246,10060-2012,5,93.9,5.7,Поправка ИУС № 6-2017,ГОСТ 10060-2012_Бетоны Методы определения морозостойкости.pdf,Действующий,24
Методы определения прочности бетона по контрольным образцам,Строительство,2018-06,2025-08-26T02:57:47.323220+00:00,"Стандарт устанавливает методы определения прочности бетона по контрольным образцам, соответствует европейским стандартам EN 12390-1:2009 по EN 12390-6:2009 и введён в качестве национального стандарта Российской Федерации с 1 июля 2013 года.",ГОСТ,ГОСТ 10180-2012_Бетоны Методы определения прочности по контрольным образцам.pdf,ГОСТ 10180-2012 Бетоны. Методы определения прочности по контрольным образцам,"['методы испытания бетона', 'прочность бетона', 'стандартизация в строительстве']","['бетоны', 'прочность', 'контрольные образцы', 'испытания', 'строительство']",русский,222,10180-2012,5,97.1,7.6,Переиздание. Июнь 2018,ГОСТ 10180-2012_Бетоны Методы определения прочности по контрольным образцам.pdf,Действующий,36
,Металлические трубы,2007-01-01,2025-08-26T02:57:50.938693+00:00,"Настоящий стандарт устанавливает сортамент стальных электросварных прямошовных труб, включая размеры, длины и теоретическую массу труб различного диаметра и толщины стенки. Стандарт применяется к производству электросварных труб и содержит технические требования и размеры для различных диаметров и толщин стенок труб.",ГОСТ,ГОСТ 10704-91_Трубы стальные электросварные прямошовные.pdf,ГОСТ 10704-91 Трубы стальные электросварные прямошовные. Сортамент,"['сортамент труб', 'технические характеристики труб', 'электросварные трубы']","['трубы стальные', 'электросварные', 'прямошовные', 'сортамент', 'размеры', 'теоретическая масса']",русский,1074,10704-91,5,35.0,56.2,,ГОСТ 10704-91_Трубы стальные электросварные прямошовные.pdf,Действующий,15
"Стальные электросварные прямошовные трубы диаметром от 10 до 530 мм из углеродистой и низколегированной стали, применяемые для трубопроводов и конструкций различного назначения",Трубопровод и конструкции,2008,2025-08-26T02:57:54.778244+00:00,"Стандарт устанавливает технические условия на стальные электросварные прямошовные трубы диаметром от 10 до 530 мм из углеродистой и низколегированной стали. Включает требования к размерам, механическим свойствам, термической обработке и химическому составу труб. Не распространяется на трубы для теплоэлектронагревателей.",ГОСТ,ГОСТ 10705-80_Трубы стальные электросварные .pdf,ГОСТ 10705-80 Трубы стальные электросварные Технические условия,"['размеры и допуски', 'качество стали', 'группы качества', 'механические свойства', 'термическая обработка', 'применение']","['трубы стальные электросварные', 'технические условия', 'механические свойства', 'термическая обработка', 'гидроиспытания', 'химический состав']",русский,156,10705-80,5,85.8,19.1,Изм. № 5,ГОСТ 10705-80_Трубы стальные электросварные .pdf,Действующий,19
"Арматурные и закладные изделия, сварные, вязанные и механические соединения для железобетонных конструкций",Железобетонные конструкции,2013-07-01,2025-08-26T02:57:59.092851+00:00,"Настоящий стандарт устанавливает общие технические условия для арматурных и закладных изделий, а также их сварных, вязанных и механических соединений, применяемых в железобетонных конструкциях. Стандарт введен в действие в Российской Федерации и странах СНГ с 1 июля 2013 года.",ГОСТ,"ГОСТ 10922-2012_Арматурные и закладные изделия, их соединения для жб конструкций.pdf","ГОСТ 10922-2012 Арматурные и закладные изделия, их сварные, вязанные и механические соединения для железобетонных конструкций. Общие технические условия","['технические условия', 'конструкционные материалы', 'соединения', 'железобетон']","['арматурные изделия', 'закладные изделия', 'сварные соединения', 'вязанные соединения', 'механические соединения', 'железобетонные конструкции']",Русский,229,10922-2012,5,97.9,1.1,,"ГОСТ 10922-2012_Арматурные и закладные изделия, их соединения для жб конструкций.pdf",Действующий,35
"В строительстве, на базовые изделия из натрий-кальций-силикатного стекла, поставляемые и конечные размеры",Стекло,2016-04-01,2025-08-26T02:58:04.706927+00:00,"Межгосударственный стандарт, регулирующий технические условия на листовое бесцветное стекло для строительства. Введен в действие с 1 апреля 2016 года в Российской Федерации, соответствует европейскому стандарту EN 572-8:2012 с неэквивалентной степенью соответствия.",ГОСТ,ГОСТ 111-2014_Стекло листовое бесцветное.pdf,ГОСТ 111-2014 Стекло листовое бесцветное. Технические условия,"['классификация стекла', 'основные параметры', 'размеры изделий', 'технические требования']","['Стекло листовое', 'бесцветное стекло', 'технические условия', 'межгосударственный стандарт', 'EN 572-8:2012', 'натрий-кальций-силикатное стекло']",русский,200,111-2014,5,97.0,51.4,,ГОСТ 111-2014_Стекло листовое бесцветное.pdf,Действующий,12
Шум на рабочем месте,Система стандартов безопасности труда,2019-09,2025-08-26T02:58:08.068082+00:00,"Межгосударственный стандарт, устанавливающий общие требования безопасности в отношении шума на рабочих местах, включая влияние шума на здоровье работников и меры по управлению профессиональными рисками в этой области.",ГОСТ,ГОСТ 12.1.003-2014 Система стандартов безопасности труда (ССБТ). Шум.pdf,ГОСТ 12.1.003-2014 Система стандартов безопасности труда. Шум. Общие требования безопасности,"['влияние шума на здоровье', 'требования безопасности', 'управление рисками']","['шум', 'безопасность труда', 'гигиенические нормативы', 'профессиональные риски', 'медицинское обслуживание']",Русский,466,12.1.003-2014,5,88.3,0.0,Переиздание,ГОСТ 12.1.003-2014 Система стандартов безопасности труда (ССБТ). Шум.pdf,Действующий,29
"Простые вещества, химические соединения и их смеси в различных агрегатных состояниях и комбинациях, включая полимерные и композитные материалы, применяемые в промышленности, быту и транспорте; разделы методов применимы также к строительным и отделочным материалам; не распространяется на взрывчатые и радиоактивные вещества и материалы",Пожарная безопасность,2019-05-01,2025-08-26T02:58:12.634398+00:00,"Стандарт устанавливает номенклатуру показателей пожаровзрывоопасности веществ и материалов, а также методы их определения. Применяется к веществам и материалам в различных агрегатных состояниях, за исключением взрывчатых и радиоактивных. Введен в действие с 1 мая 2019 года вместо ГОСТ 12.1.044-89.",ГОСТ,ГОСТ 12.1.044-2018 Система стандартов безопасности труда (ССБТ). Пожаровзрывоопасность веществ и материалов.pdf,"ГОСТ 12.1.044-2018 Система стандартов безопасности труда. Пожаровзрывоопасность веществ и материалов. Номенклатура показателей и методы их определения (с Поправкой, с Изменением № 1)","['пожаровзрывоопасность веществ и материалов', 'методы определения показателей']","['пожаровзрывоопасность', 'вещества', 'материалы', 'номенклатура показателей', 'методы определения', 'система стандартов безопасности труда']",русский,308,12.1.044-2018,5,93.4,4.6,"с Поправкой, с Изменением № 1",ГОСТ 12.1.044-2018 Система стандартов безопасности труда (ССБТ). Пожаровзрывоопасность веществ и материалов.pdf,Действующий,233
"Автоматические установки (системы) пожаротушения, предназначенные для локализации или тушения и ликвидации пожара с функциями автоматической пожарной сигнализации",Пожарная безопасность,1993-01-01,2025-08-26T02:58:17.160745+00:00,"Стандарт устанавливает общие технические требования к автоматическим установкам пожаротушения (АУП), включая проектирование, изготовление, монтаж, наладку и эксплуатацию. Регламентирует виды АУП по конструктивному исполнению и виду огнетушащего вещества, а также требования безопасности и надежности эксплуатации.",ГОСТ,ГОСТ 12.3.046-91_Установки пожаротушения автоматические.pdf,ГОСТ 12.3.046-91 Установки Пожаротушения Автоматические. Общие Технические Требования,"['проектирование АУП', 'изготовление АУП', 'монтаж и наладка', 'эксплуатация', 'классификация АУП', 'требования безопасности', 'надежность функционирования']","['автоматические установки пожаротушения', 'АУП', 'пожарная безопасность', 'технические требования', 'автоматическая пожарная сигнализация']",русский,652,12.3.046-91,5,0.0,0.0,Введен впервые,ГОСТ 12.3.046-91_Установки пожаротушения автоматические.pdf,Действующий,8
"вентиляционные системы, кондиционирование воздуха и воздушное отопление производственных, складских, административно-бытовых и общественных зданий и сооружений",Вентиляция,2001-08-01,2025-08-26T02:58:21.804883+00:00,"Стандарт устанавливает общие требования к вентиляционным системам, включая кондиционирование воздуха и воздушное отопление для различных типов зданий и сооружений. Не распространяется на специфические объекты, такие как подземные и открытые горные выработки, метрополитены, транспортные средства, здания особого назначения, а также системы, связанные с взрывчатыми веществами и пневмотранспортом. Включены требования безопасности и монтажные нормы.",ГОСТ,ГОСТ 12.4.021-75 Система стандартов безопасности труда (ССБТ). Системы вентиляционные.pdf,ГОСТ 12.4.021-75 Системы вентиляционные. Общие требования,"['технические требования вентиляционных систем', 'безопасность вентиляционных систем', 'монтаж и эксплуатация вентиляционных систем', 'исключения из применения стандарта']","['вентиляционные системы', 'кондиционирование воздуха', 'воздушное отопление', 'строительные нормы и правила', 'безопасность труда', 'монтаж вентиляционных систем']",русский,276,12.4.021-75,5,98.0,0.0,Изменение №1,ГОСТ 12.4.021-75 Система стандартов безопасности труда (ССБТ). Системы вентиляционные.pdf,Действующий,5
"сигнальные цвета, знаки безопасности и сигнальная разметка для производственной, общественной и иной хозяйственной деятельности людей, производственных, общественных объектов и иных мест, где необходимо обеспечение безопасности",Пожарная безопасность,2021-01-01,2025-08-26T02:58:26.995121+00:00,"Стандарт устанавливает назначение и правила применения сигнальных цветов, знаков безопасности и сигнальной разметки, а также общие технические требования, характеристики и методы испытаний. Применяется в целях обеспечения безопасности на производственных, общественных и прочих объектах.",ГОСТ,"ГОСТ 12.4.026-2015 Система стандартов безопасности труда (ССБТ). Цвета сигнальные, Знаки и Разметка.pdf","ГОСТ 12.4.026-2015 Система стандартов безопасности труда. Цвета сигнальные, знаки безопасности и разметка сигнальная. Назначение и правила применения. Общие технические требования и характеристики. Методы испытаний","['сигнальные цвета', 'знаки безопасности', 'сигнальная разметка', 'правила применения', 'технические характеристики', 'методы испытаний']","['сигнальные цвета', 'знаки безопасности', 'сигнальная разметка', 'безопасность труда', 'технические требования', 'методы испытаний']",русский,292,12.4.026-2015,5,92.5,7.5,"Изменение N 1, Поправки 2019, 2021","ГОСТ 12.4.026-2015 Система стандартов безопасности труда (ССБТ). Цвета сигнальные, Знаки и Разметка.pdf",Действующий,72
"Методы определения плотности, влажности, водопоглощения, пористости и водонепроницаемости бетонов",Бетоны,2021-09-01,2025-08-26T02:58:31.883961+00:00,"Настоящий межгосударственный стандарт устанавливает общие требования к методам определения плотности, влажности, водопоглощения, пористости и водонепроницаемости бетонов. Введен в действие с 1 сентября 2021 года, заменяя ГОСТ 12730.0-78.",ГОСТ,"ГОСТ 12730.0-2020_Бетоны Общие требования к методам определения плотности, влажности, водопоглощения, пористости и водонепроницаемости.pdf","ГОСТ 12730.0-2020 Бетоны Общие требования к методам определения плотности, влажности, водопоглощения, пористости и водонепроницаемости","['методы определения', 'плотность бетонов', 'влажность бетонов', 'водопоглощение', 'пористость', 'водонепроницаемость']","['бетоны', 'плотность', 'влажность', 'водопоглощение', 'пористость', 'водонепроницаемость']",Русский,290,12730.0-2020,5,65.9,23.5,,"ГОСТ 12730.0-2020_Бетоны Общие требования к методам определения плотности, влажности, водопоглощения, пористости и водонепроницаемости.pdf",Действующий,18
Методы определения плотности бетонов,Бетоны,2021-09-01,2025-08-26T02:58:36.495330+00:00,"Стандарт устанавливает методы определения плотности бетонов. Введён в действие с 1 сентября 2021 года, заменяя ГОСТ 12730.1—78. Разработан Научно-исследовательским центром «Строительство» и принят Межгосударственным советом по стандартизации, метрологии и сертификации.",ГОСТ,ГОСТ 12730.1-2020_Бетоны Методы определения плотности.pdf,ГОСТ 12730.1—2020 Бетоны Методы определения плотности,"['методы определения плотности бетонов', 'научно-исследовательский центр', 'межгосударственная стандартизация']","['бетоны', 'плотность', 'методы определения плотности', 'строительство']",русский,223,12730.1—2020,5,81.5,10.3,Введен впервые,ГОСТ 12730.1-2020_Бетоны Методы определения плотности.pdf,Действующий,18
Определение влажности бетонов,Бетоны,2021-09-01,2025-08-26T02:58:39.269809+00:00,Межгосударственный стандарт ГОСТ 12730.2-2020 устанавливает метод определения влажности бетонов. Стандарт введён в действие с 1 сентября 2021 года и заменяет ГОСТ 12730.2-78.,ГОСТ,ГОСТ 12730.2-2020_Бетоны Метод определения влажности.pdf,ГОСТ 12730.2-2020 Бетоны Метод определения влажности,"['методы определения влажности', 'бетон', 'лабораторные испытания']","['бетоны', 'влажность', 'определение влажности', 'испытания бетонов']",русский,212,12730.2-2020,5,74.4,20.0,,ГОСТ 12730.2-2020_Бетоны Метод определения влажности.pdf,Действующий,14
,Бетоны,2021-09-01,2025-08-26T02:58:42.545116+00:00,"Межгосударственный стандарт ГОСТ 12730.3-2020 устанавливает метод определения водопоглощения бетонов. Документ разработан научно-исследовательским институтом бетона и железобетона, принят Межгосударственным советом по стандартизации, метрологии и сертификации и введен в действие в Российской Федерации с 1 сентября 2021 года.",ГОСТ,ГОСТ 12730.3-2020_Бетоны Метод определения водопоглощения.pdf,ГОСТ 12730.3-2020 Бетоны Метод определения водопоглощения,"['методы испытаний бетонов', 'водопоглощение бетонов', 'стандартизация', 'строительство']","['бетоны', 'водопоглощение', 'метод определения', 'межгосударственный стандарт']",русский,210,12730.3-2020,5,75.6,7.4,Введен впервые,ГОСТ 12730.3-2020_Бетоны Метод определения водопоглощения.pdf,Действующий,14
,Бетоны,2007-01-01,2025-08-26T02:58:46.260284+00:00,"Стандарт устанавливает методы определения показателей пористости бетонов всех видов на основе измерения плотности, водопоглощения и сорбционной влажности. Включены формулы для расчета объема пор различных типов, а также методика определения кинетики водопоглощения бетона.",ГОСТ,ГОСТ 12730.4-78_Бетоны Методы определения показателей пористости.pdf,ГОСТ 12730.4-78 Бетоны. Методы определения показателей пористости,"['определение пористости', 'плотность бетона', 'водопоглощение', 'сорбционная влажность', 'микропористость', 'кинетика водопоглощения']","['бетоны', 'пористость', 'методы определения', 'плотность', 'водопоглощение', 'сорбционная влажность']",русский,332,12730.4-78,5,12.5,0.0,,ГОСТ 12730.4-78_Бетоны Методы определения показателей пористости.pdf,Действующий,7
,Бетоны,2019-09-01,2025-08-26T02:58:50.093774+00:00,"Межгосударственный стандарт ГОСТ 12730.5-2018 устанавливает методы определения водонепроницаемости бетонов. Включает три метода: по мокрому пятну, по коэффициенту фильтрации и по глубине проникания воды под давлением. Стандарт разработан на основе европейского стандарта EN 12390.8:2009.",ГОСТ,ГОСТ 12730.5-2018_Бетоны Методы определения водонепроницаемости.pdf,ГОСТ 12730.5-2018 Бетоны. Методы определения водонепроницаемости,"['методы испытания бетона', 'водонепроницаемость бетона', 'стандартизация', 'межгосударственный стандарт']","['водонепроницаемость', 'бетоны', 'методы определения', 'коэффициент фильтрации', 'глубина проникания воды', 'мокрое пятно']",русский,218,12730.5-2018,5,95.3,2.0,Введен впервые,ГОСТ 12730.5-2018_Бетоны Методы определения водонепроницаемости.pdf,Действующий,23
Изделия бетонные и железобетонные для строительства,Строительство,2018-07,2025-08-26T02:58:53.786177+00:00,"Настоящий стандарт устанавливает общие технические требования к бетонным и железобетонным изделиям для строительства, а также правила приемки, маркировки, транспортирования и хранения этих изделий.",ГОСТ,"ГОСТ 13015-2012_Изделия бетонные и жб строительства Правила приемки, маркировки, транспортирования и хранения.pdf","ГОСТ 13015—2012 Изделия бетонные и железобетонные для строительства. Общие технические требования. Правила приемки, маркировки, транспортирования и хранения","['технические требования', 'правила приемки', 'маркировка изделий', 'транспортирование', 'хранение']","['бетонные изделия', 'железобетонные изделия', 'строительство', 'технические требования', 'приемка', 'маркировка', 'транспортирование', 'хранение']",русский,185,13015—2012,5,96.3,0.0,Переиздание Июль 2018 г.,"ГОСТ 13015-2012_Изделия бетонные и жб строительства Правила приемки, маркировки, транспортирования и хранения.pdf",Не действующий,27
"Методы испытаний санитарных керамических изделий - фарфоровых, полуфарфоровых и фаянсовых, включая унитазы, умывальники, постаменты умывальников, биде, смывные бачки, писсуары, поддоны, ванны",Изделия санитарные керамические,2018-03-01,2025-08-26T02:58:58.748584+00:00,"Стандарт устанавливает методы испытаний санитарных керамических изделий, таких как фарфоровые, полуфарфоровые и фаянсовые унитазы, умывальники и другие. Определены обязательные требования к качеству продукции и перечень нормативных ссылок для проведения испытаний.",ГОСТ,ГОСТ 13449-2017 Изделия санитарные керамические. Методы испытаний.pdf,ГОСТ 13449-2017 Изделия санитарные керамические. Методы испытаний,"['методы испытаний санитарной керамики', 'качество продукции', 'нормативные ссылки']","['санитарные керамические изделия', 'методы испытаний', 'фарфор', 'полуфарфор', 'фаянс', 'унитазы', 'умывальники', 'биде', 'смывные бачки', 'писсуары', 'поддоны', 'ванны']",русский,234,13449-2017,5,95.1,0.0,,ГОСТ 13449-2017 Изделия санитарные керамические. Методы испытаний.pdf,Действующий,10
Бетонные блоки для стен подвалов и технических подпольев зданий,Строительство,2018-10-05,2025-08-26T02:59:02.803655+00:00,"Стандарт устанавливает типы, конструкции и технические требования к бетонным блокам для стен подвалов зданий, изготовленным из тяжелого и легкого силикатного бетона средней плотности не менее 1800 кг/м3. Допускается применение сплошных блоков для фундаментов. Стандарт введен в действие как национальный стандарт Российской Федерации с 1 мая 2019 года.",ГОСТ,ГОСТ 13579-2018_Блоки бетонные для стен подвалов.pdf,ГОСТ 13579-2018 Блоки бетонные для стен подвалов. Технические условия,"['технические требования', 'конструкции блоков', 'плотность бетона', 'методы испытаний']","['бетонные блоки', 'стены подвалов', 'технические условия', 'тяжелый бетон', 'легкий силикатный бетон', 'плотность', 'строительство']",Русский,211,13579-2018,5,92.4,0.0,Взамен ГОСТ 13579-78,ГОСТ 13579-2018_Блоки бетонные для стен подвалов.pdf,Действующий,16
"Сварные соединения стержневой и проволочной арматуры и соединения стержневой арматуры с листовым и фасонным прокатом при изготовлении арматурных и закладных изделий железобетонных конструкций, а также при монтаже сборных и возведении монолитных железобетонных конструкций",Арматура,2015-07-01,2025-08-26T02:59:07.280444+00:00,"Стандарт устанавливает типы, конструкции и размеры сварных соединений арматуры и закладных изделий для железобетонных конструкций, выполненных контактной и дуговой сваркой. Применяется при изготовлении и монтаже железобетонных конструкций.",ГОСТ,"ГОСТ 14098-2014_Соединения сварные арматуры и закладных изделий жб конструкций типы, конструкции и размеры.pdf","ГОСТ 14098-2014 Соединения сварные арматуры и закладных изделий железобетонных конструкций. Типы, конструкции и размеры","['сварные соединения', 'армирование', 'железобетон', 'размерные стандарты']","['соединения сварные', 'арматура', 'железобетонные конструкции', 'закладные изделия', 'типы', 'конструкции', 'размеры', 'контактная сварка', 'дуговая сварка']",русский,266,14098-2014,5,74.4,42.3,Изм. 1 (ИУС №9 2019 г.),"ГОСТ 14098-2014_Соединения сварные арматуры и закладных изделий жб конструкций типы, конструкции и размеры.pdf",Действующий,40
"Опознавательная окраска, предупреждающие знаки и маркировочные щитки трубопроводов на промышленных предприятиях внутри зданий, на наружных установках и коммуникациях (эстакадах, подземных каналах)",Промышленные трубопроводы,2001-09,2025-08-26T02:59:12.619678+00:00,"Данный стандарт устанавливает требования к опознавательной окраске, предупреждающим знакам и маркировочным щиткам трубопроводов промышленных предприятий. Он направлен на быстрое определение содержимого трубопроводов, облегчение управления производственными процессами и обеспечение безопасности труда. В стандарте описываются группы веществ, требования к окраске, методы нанесения и особенности маркировки.",ГОСТ,"ГОСТ 14202-69_Трубопроводы промышленных предприятий Опознавательная окраска, предупреждающие знаки и маркировочные щитки.pdf","ГОСТ 14202-69 Трубопроводы промышленных предприятий. Опознавательная окраска, предупреждающие знаки и маркировочные щитки","['группы веществ по трубопроводам', 'цвета опознавательной окраски', 'маркировка трубопроводов', 'безопасность промышленного производства']","['трубопроводы', 'опознавательная окраска', 'предупреждающие знаки', 'маркировочные щитки', 'промышленные предприятия', 'безопасность труда', 'управление производственными процессами']",русский,27,14202-69,5,77.9,0.0,,"ГОСТ 14202-69_Трубопроводы промышленных предприятий Опознавательная окраска, предупреждающие знаки и маркировочные щитки.pdf",Действующий,17
Требования безопасности и устойчивости технических изделий к проникновению твердых предметов и воды при эксплуатации,Пожарная безопасность,2023-07-01,2025-08-26T02:59:17.058351+00:00,"Межгосударственный стандарт ГОСТ 14254-2015 устанавливает степени защиты, обеспечиваемые оболочками (Код IP), с учетом модификаций международного стандарта IEC 60529:2013. Стандарт применяется с 1 марта 2017 года и содержит поправки, опубликованные в 2023 году. Он определяет требования безопасности, связанные с устойчивостью технических изделий к проникновению твердых предметов и воды при эксплуатации.",ГОСТ,"ГОСТ 14254-2015 Степени защиты, обеспечиваемые оболочками (Код IP) (с изм. на 01.07.23).pdf","ГОСТ 14254-2015 (IEC 60529:2013) Степени защиты, обеспечиваемые оболочками (Код IP) (с Поправками)","['степени защиты оболочек', 'устойчивость к проникновению твердых предметов и воды', 'модификация международного стандарта IEC 60529:2013']","['Код IP', 'степени защиты', 'оболочки', 'устойчивость к проникновению', 'твердые предметы', 'вода', 'безопасность']",русский,528,14254-2015,5,87.7,0.0,Поправка (ИУС 7-2023),"ГОСТ 14254-2015 Степени защиты, обеспечиваемые оболочками (Код IP) (с изм. на 01.07.23).pdf",Действующий,44
"Комплектные распределительные негерметизированные устройства (КРУ) в металлической оболочке, трехфазного переменного тока частотой 50 и 60 Гц на номинальное напряжение до 10 кВ для сетей с изолированной или заземленной через дугогасительный реактор нейтралью",Электротехническое оборудование,2003-01-01,2025-08-26T02:59:22.181673+00:00,"Стандарт устанавливает общие технические условия и параметры на комплектные распределительные негерметизированные устройства (КРУ) в металлической оболочке для напряжения до 10 кВ, предназначенные для нужд народного хозяйства и экспорта. Включает требования, параметры, области применения и исключения из применения, а также устанавливает обязательные требования.",ГОСТ,ГОСТ 14693-90_Устройства комплектные распределительные негерметизированные в металлической оболочке на напряжение до 10 кв.pdf,ГОСТ 14693-90 Устройства Комплектные Распределительные Негерметизированные В Металлической Оболочке На Напряжение До 10 Кв Общие Технические Условия,"['технические условия', 'токовые параметры', 'электротехническая безопасность', 'испытания']","['комплектные распределительные устройства', 'негерметизированные устройства', 'металлическая оболочка', 'напряжение до 10 кВ', 'технические условия']",русский,191,14693-90,5,95.2,1.2,,ГОСТ 14693-90_Устройства комплектные распределительные негерметизированные в металлической оболочке на напряжение до 10 кв.pdf,Действующий,27
"Основные типы, конструктивные элементы и размеры сварных соединений из сталей, а также сплавов на железоникелевой и никелевой основах, выполняемых дуговой сваркой в защитном газе",Сварка,2007-12-01,2025-08-26T02:59:28.311202+00:00,"Стандарт устанавливает основные типы, конструктивные элементы и размеры сварных соединений, выполненных дуговой сваркой в защитном газе, применяемых для сталей и специализированных сплавов. Документ содержит обозначения способов сварки и требования к основным типам соединений.",ГОСТ,"ГОСТ 14771-76_Дуговая сварка в защитном газе Соединения сварные Основные типы, конструктивные элементы и размеры.pdf","ГОСТ 14771-76 Дуговая сварка в защитном газе. Соединения сварные. Основные типы, конструктивные элементы и размеры","['типы сварных соединений', 'конструктивные элементы сварных соединений', 'размеры сварных соединений', 'методы дуговой сварки в защитном газе']","['дуговая сварка', 'защитный газ', 'сварные соединения', 'типовые конструктивные элементы', 'размеры сварных соединений', 'сталевые соединения', 'сплавы железоникелевой и никелевой основы']",русский,95,14771-76,5,12.2,0.0,"Изменения №1, 2, 3","ГОСТ 14771-76_Дуговая сварка в защитном газе Соединения сварные Основные типы, конструктивные элементы и размеры.pdf",Действующий,39
"Ультразвуковой контроль стыковых, угловых, нахлесточных и тавровых соединений сварных конструкций из металлов и сплавов",Экспертиза строительства,2005,2025-08-26T02:59:33.984415+00:00,"Стандарт устанавливает методы ультразвукового контроля сварных соединений для выявления различных дефектов, таких как трещины, непровары и включения. Устанавливаются требования к использованию ультразвуковых дефектоскопов, стандартных образцов и преобразователей для качественного контроля сварных соединений.",ГОСТ,ГОСТ 14782-86_Контроль неразрушающий Соединения сварные Методы ультразвуковые.pdf,Гост 14782-86 Контроль неразрушающий. Соединения сварные. Методы ультразвуковые,"['методы ультразвукового контроля', 'сварные соединения', 'оборудование для контроля', 'стандартные образцы', 'дефекты сварных соединений']","['ультразвуковой контроль', 'сварные соединения', 'дефектоскоп', 'пьезоэлектрические преобразователи', 'стандарты', 'сварка', 'неразрушающий контроль']",Русский,356,14782-86,5,84.8,0.0,Введен впервые,ГОСТ 14782-86_Контроль неразрушающий Соединения сварные Методы ультразвуковые.pdf,Действующий,27
"Силовые кабели с алюминиевыми или медными жилами, с пластмассовой изоляцией, предназначенные для передачи и распределения электрической энергии в стационарных установках на номинальное переменное напряжение 0,66; 1; 3 и 6 кВ частоты 50 Гц.",Электротехника,2007-01-01,2025-08-26T02:59:39.431147+00:00,"Настоящий стандарт устанавливает технические условия для силовых кабелей с пластмассовой изоляцией, алюминиевыми или медными жилами, с пластмассовой или алюминиевой оболочкой и защитными покровами или без них. Он регламентирует маркировку, номинальное напряжение, число и сечение жил кабелей, а также требования к их изготовлению для нужд народного хозяйства и экспорта.",ГОСТ,ГОСТ 16442-80_Кабели силовые с пластмассовой изоляцией.pdf,ГОСТ 16442-80 Кабели силовые с пластмассовой изоляцией Технические условия,"['маркировка кабелей', 'номинальное напряжение', 'число и сечение жил', 'технические требования', 'область применения']","['кабели силовые', 'пластмассовая изоляция', 'технические условия', 'напряжение кабеля', 'жила кабеля', 'изоляция кабеля']",русский,208,16442-80,5,94.6,0.0,"Изм. № 4, 5",ГОСТ 16442-80_Кабели силовые с пластмассовой изоляцией.pdf,Действующий,23
Древесина,Древесина,1985-07-01,2025-08-26T02:59:43.346972+00:00,Настоящий стандарт устанавливает метод определения предела прочности при статическом изгибе древесины. Определяется максимальная нагрузка при разрушении образца и вычисляется напряжение при этой нагрузке. Метод не распространяется на авиационную древесину.,ГОСТ,ГОСТ 16483.3-84_Древесина Метод определения предела прочности при статическом изгибе.pdf,ГОСТ 16483.3-84 Древесина Метод определения предела прочности при статическом изгибе,"['методы испытаний древесины', 'статический изгиб', 'определение предела прочности', 'кондиционирование образцов']","['древесина', 'статический изгиб', 'предел прочности', 'испытания', 'кондиционирование', 'влажность', 'нагрузка']",русский,14,16483.3-84,5,98.2,87.4,,ГОСТ 16483.3-84_Древесина Метод определения предела прочности при статическом изгибе.pdf,Действующий,7
,Контроль строительства,2018-08,2025-08-26T02:59:46.933621+00:00,Межгосударственный стандарт ГОСТ 18105—2010 устанавливает правила контроля и оценки прочности бетона. Стандарт учитывает основные положения европейского стандарта EN 206-1:2000 и вводится в действие в качестве национального стандарта Российской Федерации с 1 сентября 2012 года. В документе приведены технические требования и критерии соответствия по контролю и оценке прочности бетонов.,ГОСТ,ГОСТ 18105-2010_Бетоны Правила контроля и оценки прочности.pdf,ГОСТ 18105—2010 Бетоны. Правила контроля и оценки прочности,"['правила контроля', 'оценка прочности бетона', 'межгосударственные стандарты', 'Европейский стандарт EN 206-1:2000']","['бетоны', 'контроль прочности', 'оценка прочности', 'строительство', 'нормативные документы']",русский,333,18105—2010,5,91.8,0.0,Переиздание. Август 2018 г.,ГОСТ 18105-2010_Бетоны Правила контроля и оценки прочности.pdf,Действующий,16
"Устанавливает термины и определения основных понятий в области технического обслуживания и ремонта техники, применяется ко всем объектам технического обслуживания и ремонта.",Техническое обслуживание и ремонт техники,2017-09-01,2025-08-26T02:59:50.411260+00:00,"Настоящий стандарт устанавливает термины и определения основных понятий в области технического обслуживания и ремонта техники. Рекомендуется для применения во всех видах документации и литературы, связанных с техническим обслуживанием и ремонтом техники.",ГОСТ,ГОСТ 18322-2016 Система технического обслуживания и ремонта техники. Термины и определения.pdf,ГОСТ 18322-2016 Система технического обслуживания и ремонта техники. Термины и определения,"['определение терминов', 'техническое обслуживание', 'ремонт техники']","['техническое обслуживание', 'ремонт техники', 'термины и определения', 'стандартизация', 'техническое обслуживание и ремонт']",русский,128,18322-2016,5,94.6,0.0,Введен впервые,ГОСТ 18322-2016 Система технического обслуживания и ремонта техники. Термины и определения.pdf,Действующий,15
"Водоразборная арматура: смесители, краны и лабораторная арматура для холодной и горячей воды при рабочем давлении от 0,05 до 1,0 МПа и температуре до 75°C, предназначенная для санитарно-технических приборов и водоподогревателей открытого типа, устанавливаемых в зданиях различного назначения",Арматура сантехничекая,2017-07-01,2025-08-26T02:59:55.598217+00:00,"Межгосударственный стандарт, устанавливающий общие технические условия на санитарно-техническую водоразборную арматуру, включая смесители, краны и лабораторную арматуру для использования при определенных условиях давления и температуры в зданиях различного назначения.",ГОСТ,ГОСТ 19681-2016 Арматура санитарно-техническая водоразборная. Общие технические условия.pdf,ГОСТ 19681-2016 Арматура санитарно-техническая водоразборная. Общие технические условия,"['технические условия', 'ввод в действие', 'нормативные ссылки']","['арматура санитарно-техническая', 'водоразборная арматура', 'смесители', 'краны', 'лабораторная арматура', 'рабочее давление', 'температура', 'санитарно-технические приборы', 'водоподогреватели']",русский,141,19681-2016,5,94.5,74.1,,ГОСТ 19681-2016 Арматура санитарно-техническая водоразборная. Общие технические условия.pdf,Действующий,18
Нормоконтроль проектной и рабочей документации для строительства зданий и сооружений,Система проектной документации для строительства,2022-08-23,2025-08-26T03:00:00.287502+00:00,"Стандарт устанавливает задачи, содержание и порядок проведения нормоконтроля проектной и рабочей документации для строительства зданий и сооружений. Предназначен для применения юридическими и физическими лицами, участвующими в подготовке проектной и рабочей документации независимо от форм собственности и подчинения.",ГОСТ,ГОСТ 21.002-2014 Система проектной документации для строительства (СПДС). Нормоконтроль проектной и рабочей документации.pdf,ГОСТ 21.002-2014 Система проектной документации для строительства. Нормоконтроль проектной и рабочей документации,"['задачи нормоконтроля', 'порядок нормоконтроля', 'обязанности специалистов', 'подготовка проектной документации', 'разработка рабочей документации']","['нормоконтроль', 'проектная документация', 'рабочая документация', 'строительство']",Русский,218,21.002-2014,5,94.5,0.0,"Поправка, введенная в действие с 23.08.2021",ГОСТ 21.002-2014 Система проектной документации для строительства (СПДС). Нормоконтроль проектной и рабочей документации.pdf,Действующий,8
"Разработка эскизных чертежей общих видов нетиповых изделий (конструкций, устройств, монтажных блоков) для основных комплектов рабочих чертежей строительства объектов различного назначения",Система проектной документации для строительства,2015-01-01,2025-08-26T03:00:05.598195+00:00,"Стандарт устанавливает основные требования к разработке эскизных чертежей общих видов нетиповых изделий, которые выполняются к основным комплектам рабочих чертежей для строительства объектов различного назначения. Включает правила выполнения таких эскизных чертежей.",ГОСТ,ГОСТ 21.114-2013 Правила выполнения эскизных чертежей общих видов нетиповых изделий.pdf,ГОСТ 21.114-2013 Система проектной документации для строительства. Правила выполнения эскизных чертежей общих видов нетиповых изделий,"['требования к эскизным чертежам', 'проектная документация', 'нормативные ссылки']","['эскизные чертежи', 'нетиповые изделия', 'система проектной документации', 'строительство', 'конструкции', 'устройства', 'монтажные блоки']",русский,337,21.114-2013,5,93.6,0.0,Поправка ИУС N 7-2015,ГОСТ 21.114-2013 Правила выполнения эскизных чертежей общих видов нетиповых изделий.pdf,Действующий,9
"Основные условные графические обозначения элементов систем инженерно-технического обеспечения (водоснабжения, канализации, отопления, вентиляции, кондиционирования, газоснабжения), тепломеханических и других трубопроводных систем, а также буквенно-цифровые обозначения трубопроводов этих систем","Системы водоснабжения, Системы канализации, Отопление, Вентиляция, Кондиционирование",2023-07,2025-08-26T03:00:11.848717+00:00,"Межгосударственный стандарт, устанавливающий условные графические обозначения элементов трубопроводных систем зданий и сооружений, применяемые в проектной документации для строительства. Стандарт заменяет ГОСТ 21.205-93 и соответствует европейскому и американскому стандартам по символам вентиляции и арматуры.",ГОСТ,ГОСТ 21.205-2016 СПДС. Условные обозначения элементов трубопроводных систем зданий и сооружений (с Поправками).pdf,ГОСТ 21.205-2016 Система проектной документации для строительства. Условные обозначения элементов трубопроводных систем зданий и сооружений,"['условные графические обозначения', 'трубопроводные системы зданий', 'системы инженерно-технического обеспечения', 'сопоставление с международными стандартами']","['условные обозначения', 'трубопроводные системы', 'водоснабжение', 'канализация', 'отопление', 'вентиляция', 'кондиционирование', 'газоснабжение', 'проектная документация']",русский,48,21.205-2016,5,98.2,1.4,Поправка ИУС 7-2023,ГОСТ 21.205-2016 СПДС. Условные обозначения элементов трубопроводных систем зданий и сооружений (с Поправками).pdf,Действующий,21
"Общие условные графические обозначения и упрощенные графические изображения трубопроводов и их элементов на чертежах и схемах технологических и тепломеханических решений, систем и сетей инженерно-технического обеспечения при проектировании предприятий, зданий и сооружений различного назначения",Проектная документация для строительства,2018-08,2025-08-26T03:00:17.554053+00:00,"Межгосударственный стандарт, устанавливающий графические условные обозначения трубопроводов и их элементов для использования в проектной документации строительных объектов. Включает правила для систем водоснабжения, канализации, отопления, вентиляции, кондиционирования и газоснабжения.",ГОСТ,ГОСТ 21.206-2012 Условные обозначения трубопроводов.pdf,ГОСТ 21.206-2012 Система проектной документации для строительства. Условные обозначения трубопроводов,"['графические условные обозначения', 'проектирование инженерных систем', 'системы водоснабжения и канализации', 'отопление и вентиляция', 'кондиционирование воздуха', 'газоснабжение']","['условные обозначения трубопроводов', 'проектная документация', 'стройтельство', 'инженерно-техническое обеспечение', 'графические обозначения', 'трубопроводы', 'тепломеханические решения']",русский,246,21.206-2012,5,97.0,0.0,Переиздание,ГОСТ 21.206-2012 Условные обозначения трубопроводов.pdf,Действующий,5
"Условные графические изображения электропроводок, прокладок шин, кабельных линий и электрического оборудования на планах прокладки электрических сетей и (или) расположения электрооборудования зданий и сооружений различного назначения",Система проектной документации для строительства,2019-01-01,2025-08-26T03:00:19.611323+00:00,"Межгосударственный стандарт, устанавливающий условные графические изображения электропроводок, прокладок шин, кабельных линий и электрического оборудования на планах прокладки электрических сетей и расположения электрооборудования в зданиях и сооружениях.",ГОСТ,ГОСТ 21.210-2014 СПДС. УГО электроборудования и проводок.pdf,Гост 21.210-2014 Система проектной документации для строительства. Условные графические изображения электрооборудования и проводок на планах,"['графические символы электрооборудования', 'проводки', 'проектная документация']","['электрооборудование', 'проводки', 'условные графические изображения', 'планы', 'система проектной документации']",русский,56,21.210-2014,5,96.0,80.2,поправка 2022,ГОСТ 21.210-2014 СПДС. УГО электроборудования и проводок.pdf,Действующий,14
Рабочая документация тепловой изоляции оборудования и трубопроводов,Тепловая изоляция,1994-07-01,2025-08-26T03:00:26.461534+00:00,Стандарт устанавливает состав и правила оформления рабочей документации тепловой изоляции наружной поверхности трубопроводов и оборудования зданий и сооружений различного назначения. Документ применяется с 1 июля 1994 года и предназначен для обеспечения стандартного подхода к выполнению рабочей документации в данной области.,ГОСТ,ГОСТ 21.405-93 Правила выполнения рабочей документации тепловой изоляции оборудования и трубопроводов.pdf,ГОСТ 21.405-93 Система проектной документации для строительства. Правила выполнения рабочей документации тепловой изоляции оборудования и трубопроводов,"['требования к документации', 'тепловая изоляция', 'рабочие чертежи', 'спецификация оборудования', 'ведомость потребности в материалах']","['тепловая изоляция', 'рабочая документация', 'трубопроводы', 'оборудование', 'строительство', 'ГОСТ', 'СПДС']",Русский,224,21.405-93,5,89.8,0.0,Введен впервые,ГОСТ 21.405-93 Правила выполнения рабочей документации тепловой изоляции оборудования и трубопроводов.pdf,Не действующий,9
Правила оформления рабочей документации систем автоматизации технологических процессов и инженерных систем зданий и сооружений проектируемых объектов строительства различного назначения,Автоматизация,2020-07,2025-08-26T03:00:30.869672+00:00,"Стандарт устанавливает состав и правила оформления рабочей документации систем автоматизации технологических процессов и инженерных систем зданий и сооружений, распространяется на рабочую документацию технического обеспечения АСУ ТП, разрабатываемую по ГОСТ 34.201.",ГОСТ,ГОСТ 21.408-2013 СПДС. Правила выполнения рабочей документации автоматизации технологических процессов (изм. на 21.02.2025).pdf,ГОСТ 21.408-2013 Система проектной документации для строительства. Правила выполнения рабочей документации автоматизации технологических процессов (Издание с Поправками),"['состав рабочей документации', 'правила оформления документации', 'системы автоматизации', 'технологические процессы', 'инженерные системы']","['система проектной документации', 'автоматизация технологических процессов', 'рабочая документация', 'АСУ ТП', 'ГОСТ 34.201']",русский,296,21.408-2013,5,92.9,2.5,Издание с Поправками,ГОСТ 21.408-2013 СПДС. Правила выполнения рабочей документации автоматизации технологических процессов (изм. на 21.02.2025).pdf,Действующий,41
"Системы отопления, вентиляции и кондиционирования зданий и сооружений различного назначения","Отопление, Вентиляция, Кондиционирование",2017-07-01,2025-08-26T03:00:32.871544+00:00,"Стандарт устанавливает состав и правила оформления рабочей документации систем отопления, вентиляции и кондиционирования зданий и сооружений различного назначения.",ГОСТ,"ГОСТ 21.602-2016 Правила выполнения рабочей документации систем отопления, вентиляции и кондиционирования.pdf","ГОСТ 21.602-2016 Система проектной документации для строительства. Правила выполнения рабочей документации систем отопления, вентиляции и кондиционирования","['правила выполнения документации', 'рабочая документация систем отопления', 'рабочая документация систем вентиляции', 'рабочая документация систем кондиционирования']","['система проектной документации', 'рабочая документация', 'системы отопления', 'вентиляция', 'кондиционирование']",Русский,220,21.602-2016,5,95.4,1.0,Введен впервые,"ГОСТ 21.602-2016 Правила выполнения рабочей документации систем отопления, вентиляции и кондиционирования.pdf",Действующий,30
"Сборные бетонные и железобетонные трубы для подземных безнапорных и напорных трубопроводов, транспортирующих жидкости",Строительство,2023-11-01,2025-08-26T03:00:40.284767+00:00,"Стандарт устанавливает типы, основные размеры и параметры сборных бетонных и железобетонных труб, предназначенных для подземных безнапорных и напорных трубопроводов. Не распространяется на водопропускные и дренажные трубы. Введен в действие с 1 ноября 2023 года, заменяет ГОСТ 22000-86.",ГОСТ,ГОСТ 22000-2023 Трубы бетонные и железобетонные. Типы и основные параметры.pdf,ГОСТ 22000-2023 Трубы бетонные и железобетонные. Типы и основные параметры,"['нормирование', 'изготовление труб', 'применение труб', 'подземные трубопроводы']","['бетонные трубы', 'железобетонные трубы', 'типы труб', 'параметры труб', 'безнапорные трубопроводы', 'напорные трубопроводы']",Русский,248,22000-2023,5,87.1,54.3,Введен впервые,ГОСТ 22000-2023 Трубы бетонные и железобетонные. Типы и основные параметры.pdf,Действующий,19
Ограждающие конструкции,Архитектура,2019-09-01,2025-08-26T03:00:45.076253+00:00,"Стандарт устанавливает технические условия на профили прессованные из алюминиевых сплавов, используемые для ограждающих конструкций. Соответствует ряду европейских и международных стандартов, регулирующих химический состав, механические свойства, допуски на размеры, методы определения прочности и испытания покрытий.",ГОСТ,ГОСТ 22233-2018_Профили прессованные из алюминиевых сплавов для ограждающих конструкций.pdf,ГОСТ 22233—2018 Профили прессованные из алюминиевых сплавов для ограждающих конструкций. Технические условия,"['Прессованные профили', 'Алюминиевые сплавы', 'Механические свойства', 'Допуски размеров и формы', 'Методы испытаний покрытий']","['Профили прессованные', 'Алюминиевые сплавы', 'Ограждающие конструкции', 'Технические условия', 'Коррозионные испытания']",русский,120,22233—2018,5,96.1,56.4,Введен впервые,ГОСТ 22233-2018_Профили прессованные из алюминиевых сплавов для ограждающих конструкций.pdf,Действующий,33
"Терминология в области систем отопления, вентиляции и кондиционирования воздуха","Отопление, Вентиляция, Кондиционирование",2018-11-01,2025-08-26T03:00:52.150637+00:00,"Стандарт устанавливает однозначно понимаемую и непротиворечивую терминологию для систем отопления, вентиляции и кондиционирования воздуха. Предназначен для использования в документации по стандартизации и обеспечивает единое понимание терминов на межгосударственном уровне.",ГОСТ,"ГОСТ 22270-2018 Системы отопления, вентиляции и кондиционирования. Термины и определения.pdf","ГОСТ 22270-2018 Системы отопления, вентиляции и кондиционирования. Термины и определения","['терминология в системах ОВиК', 'межгосударственная стандартизация', 'стандартизация терминов']","['термины', 'определения', 'отопление', 'вентиляция', 'кондиционирование', 'стандартизация', 'межгосударственный стандарт']",русский,35,22270-2018,5,99.1,1.6,с Поправками,"ГОСТ 22270-2018 Системы отопления, вентиляции и кондиционирования. Термины и определения.pdf",Действующий,25
Лабораторный метод определения максимальной плотности грунтов,Грунты,2017-01-01,2025-08-26T03:00:57.066556+00:00,"Межгосударственный стандарт, устанавливающий метод лабораторного определения максимальной плотности грунтов. Обеспечивает единые правила проведения испытаний с использованием определенного оборудования и приборов.",ГОСТ,ГОСТ 22733-2016_Грунты Метод лабораторного определения максимальной плотности.pdf,ГОСТ 22733-2016 Грунты Метод лабораторного определения максимальной плотности,"['лабораторное определение максимальной плотности', 'оборудование для испытаний', 'требования и процедуры испытаний']","['грунты', 'максимальная плотность', 'лабораторный метод', 'испытания', 'стандарт']",русский,262,22733-2016,5,91.4,0.0,Взамен ГОСТ 22733-2002,ГОСТ 22733-2016_Грунты Метод лабораторного определения максимальной плотности.pdf,Действующий,16
Конструкции стальные строительные,Строительство,2020-08-04,2025-08-26T03:01:03.541463+00:00,"Настоящий межгосударственный стандарт устанавливает общие технические условия для стальных строительных конструкций. В стандарте определены термины, классификация, основные параметры, размеры и технические требования к данным конструкциям.",ГОСТ,ГОСТ 23118-2019_Конструкции стальные строительные.pdf,ГОСТ 23118—2019 Конструкции стальные строительные. Общие технические условия,"['область применения', 'нормативные ссылки', 'термины и определения', 'классификация', 'параметры и размеры', 'технические требования']","['конструкции стальные', 'строительные', 'технические условия', 'классификация', 'параметры', 'размеры', 'требования']",Русский,207,23118—2019,5,95.8,1.1,Введен впервые,ГОСТ 23118-2019_Конструкции стальные строительные.pdf,Действующий,41
"Лестницы маршевые, площадки и ограждения стальные",Конструкции металлические,2017-03-01,2025-08-26T03:01:08.270016+00:00,"Стандарт устанавливает технические условия на маршевые лестницы, площадки и ограждения из стали. Содержит требования к основным параметрам, размерам, техническим требованиям и правилам приемки указанных изделий.",ГОСТ,"ГОСТ 23120-2016_Лестницы маршевые, площадки и ограждения стальные.pdf","ГОСТ 23120-2016 Лестницы маршевые, площадки и ограждения стальные. Технические условия","['технические условия', 'параметры и размеры', 'требования и приемка']","['лестницы маршевые', 'площадки', 'ограждения стальные', 'технические условия']",Русский,204,23120-2016,5,90.6,0.0,Взамен ГОСТ 23120—78,"ГОСТ 23120-2016_Лестницы маршевые, площадки и ограждения стальные.pdf",Действующий,14
"звукоизоляционные и звукопоглощающие материалы и изделия, применяемые в строительных конструкциях жилых, общественных и производственных зданий для защиты от шума и создания условий акустического комфорта",Строительные материалы,2023-05-01,2025-08-26T03:01:16.987736+00:00,"Стандарт устанавливает классификацию, общие технические требования, методы испытаний и правила приемки строительных звукоизоляционных и звукопоглощающих материалов и изделий. Применяется для обеспечения акустического комфорта в жилых, общественных и производственных зданиях.",ГОСТ,ГОСТ 23499-2022 Материалы и изделия звукоизоляционные и звукопоглощающие строительные. Общие технические условия.pdf,ГОСТ 23499-2022 Материалы и изделия строительные звукоизоляционные и звукопоглощающие. Общие технические условия,"['классификация материалов', 'технические требования', 'методы испытаний', 'правила приемки']","['строительные материалы', 'звукоизоляционные материалы', 'звукопоглощающие материалы', 'акустические материалы', 'технические условия', 'методы испытаний']",Русский,196,23499-2022,5,96.0,1.5,Взамен ГОСТ 23499-2009,ГОСТ 23499-2022 Материалы и изделия звукоизоляционные и звукопоглощающие строительные. Общие технические условия.pdf,Действующий,18
,Приборостроение,2008-12-19,2025-08-26T03:01:24.696765+00:00,"Стандарт распространяется на показывающие и самопишущие манометры, вакуумметры, мановакуумметры, напоромеры, тягомеры и тягонапоромеры, предназначенные для измерения избыточного и вакуумметрического давления жидкости, газа и пара. Включает общие технические условия, параметры и размеры приборов.",ГОСТ,"ГОСТ 2405-88_Манометры, вакуумметры, мановакуумметры, напоромеры, тягомеры и тягонапоромеры.pdf","Гост 2405-88 Манометры, вакуумметры, мановакуумметры, напоромеры, тягомеры и тягонапоромеры. Общие технические условия","['технические условия', 'измерение давления', 'приборы']","['манометры', 'вакуумметры', 'мановакуумметры', 'напоромеры', 'тягомеры', 'тягонапоромеры', 'технические условия', 'давление', 'приборы']",Русский,160,2405-88,5,88.8,0.0,Переиздание 2008,"ГОСТ 2405-88_Манометры, вакуумметры, мановакуумметры, напоромеры, тягомеры и тягонапоромеры.pdf",Действующий,32
Верификация закупленной продукции,,2019-02,2025-08-26T03:01:28.779816+00:00,"Стандарт ГОСТ 24297-2013 устанавливает организацию проведения и методы контроля верификации закупленной продукции. В документе изложены общие положения, порядок проведения и оформление результатов верификации.",ГОСТ,ГОСТ 24297-2013_Верификация закупленной продукции организация проведения и методы контроля.pdf,Гост 24297-2013 Верификация закупленной продукции. Организация проведения и методы контроля,"['верификация продукции', 'организация контроля', 'методы контроля']","['верификация', 'закупленная продукция', 'контроль', 'организация проведения', 'методы контроля']",русский,211,24297-2013,5,95.5,0.0,Переиздание 2019 года,ГОСТ 24297-2013_Верификация закупленной продукции организация проведения и методы контроля.pdf,Действующий,16
"Фундаментные болты, конструкция и размеры",Строительство,2013-07-01,2025-08-26T03:01:33.076102+00:00,"Данный стандарт определяет конструкцию и размеры фундаментных болтов, включая шпильки, анкерные плиты, муфты и анкерную арматуру. Стандарт введён в действие в Российской Федерации с 1 июля 2013 года и заменяет ГОСТ 24379.1-80.",ГОСТ,ГОСТ 24379.1-2012_Болты фундаментные Конструкция и размеры.pdf,Гост 24379.1-2012 Болты фундаментные. Конструкция и размеры,"['конструкция болтов', 'размеры болтов', 'стандартизация строительных металлоконструкций']","['фундаментные болты', 'конструкция', 'размеры', 'шпильки', 'анкерные плиты', 'муфты', 'анкерная арматура']",русский,158,24379.1-2012,5,76.8,8.2,,ГОСТ 24379.1-2012_Болты фундаментные Конструкция и размеры.pdf,Действующий,41
Методы измерения деформаций оснований зданий и сооружений,Грунты,2014-01-01,2025-08-26T03:01:35.156231+00:00,"Межгосударственный стандарт, устанавливающий методы измерения деформаций оснований зданий и сооружений. Введен в действие с 1 июля 2013 года в качестве национального стандарта Российской Федерации. Стандарт заменяет ГОСТ 24846-81 и включает методики измерения вертикальных, горизонтальных перемещений и наклонов оснований.",ГОСТ,ГОСТ 24846-2012_Грунты Методы измерения деформаций оснований зданий и сооружений.pdf,Гост 24846-2012 Грунты Методы измерения деформаций оснований зданий и сооружений,"['измерение деформаций', 'основания зданий', 'методы измерения', 'вертикальные перемещения', 'горизонтальные перемещения', 'наклоны']","['грунты', 'деформации оснований', 'измерение', 'здания', 'сооружения', 'методы измерения']",русский,210,24846-2012,5,96.8,1.0,,ГОСТ 24846-2012_Грунты Методы измерения деформаций оснований зданий и сооружений.pdf,Действующий,22
Технические условия для стеклопакетов клееных,Стеклопакеты клееные,2016-04-01,2025-08-26T03:01:43.144233+00:00,"Межгосударственный стандарт, устанавливающий технические условия для клееных стеклопакетов в строительстве. Включает основные положения, требования к долговечности, влагопроницаемости, скорости утечки газа, физических характеристикам герметиков, заводскому контролю и периодическим испытаниям.",ГОСТ,ГОСТ 24866-2014_Стеклопакеты клееные.pdf,ГОСТ 24866-2014 Стеклопакеты клееные. Технические условия,"['технические условия', 'испытания на долговечность', 'влагопроницаемость', 'утечка газа', 'физические характеристики герметиков', 'заводской контроль']","['стеклопакеты', 'клееные', 'технические условия', 'межгосударственный стандарт', 'долговечность', 'влагопроницаемость', 'герметики', 'контроль качества']",Русский,191,24866-2014,5,94.6,5.0,Взамен ГОСТ 24866-99,ГОСТ 24866-2014_Стеклопакеты клееные.pdf,Действующий,36
,Грунты,2020-07-21,2025-08-26T03:01:45.036607+00:00,Межгосударственный стандарт ГОСТ 25100-2020 устанавливает классификацию грунтов и применяется в строительстве. Стандарт разработан научно-исследовательскими и проектными организациями с участием ряда академических институтов и введён в действие с 1 января 2021 года Российской Федерацией как национальный стандарт.,ГОСТ,ГОСТ 25100-2020_Грунты Классификация.pdf,ГОСТ 25100-2020 Грунты Классификация,"['классификация грунтов', 'область применения', 'термины и определения', 'общие положения']","['грунты', 'классификация', 'стандарт', 'строительство', 'межгосударственный стандарт']",Русский,162,25100-2020,5,82.7,23.3,Взамен ГОСТ 25100-2011,ГОСТ 25100-2020_Грунты Классификация.pdf,Действующий,41
Грунтовка предназначена для грунтования металлических и деревянных поверхностей под покрытия различными эмалями.,Лакокрасочные материалы и покрытия,2024-03,2025-08-26T03:01:47.587097+00:00,"Настоящий стандарт устанавливает технические условия на грунтовку ГФ-021, представляющую собой суспензию пигментов и наполнителей в алкидном лаке с добавлением растворителей, сиккатива и стабилизирующих веществ. Грунтовка устойчива к изменениям температуры от минус 45 °С до плюс 60 °С и предназначена для использования на металлических и деревянных поверхностях перед нанесением покрытий.",ГОСТ,ГОСТ 25129-2020_Грунтовка ГФ-021.pdf,Грунтовка ГФ-021. Технические условия,"['технические условия', 'материалы для грунтования', 'испытания', 'стойкость покрытий']","['грунтовка', 'ГФ-021', 'лакокрасочные материалы', 'технические условия', 'нанесение покрытий', 'алкидный лак', 'пигменты', 'наполнители', 'стойкость к температуре']",русский,161,25129-2020,5,91.9,0.0,Поправка (ИУС № 6—2023),ГОСТ 25129-2020_Грунтовка ГФ-021.pdf,Действующий,15
"Централизованное водоснабжение, включая водопотребление, водозаборы, подача, очистка и водоподготовка, качество воды, водопроводная сеть и сооружения на ней, резервуары питьевой воды",Системы водоснабжения,2024-12-25,2025-08-26T03:01:49.962195+00:00,"Настоящий межгосударственный стандарт устанавливает термины и определения в области централизованного водоснабжения. Он охватывает стандартизованные термины, связанные с водопотреблением, водозаборами, подачей, очисткой и водоподготовкой воды, качеством воды, водопроводной сетью и сооружениями на ней, включая резервуары питьевой воды.",ГОСТ,ГОСТ 25151-2024_Водоснабжение Термины и определения.pdf,ГОСТ 25151—2024 Водоснабжение,"['термины и определения', 'централизованное водоснабжение', 'качество воды', 'водоподготовка', 'водопроводные сооружения']","['вода', 'водоснабжение', 'водоочистка', 'водопотребление', 'водоподготовка', 'водопроводная сеть', 'резервуары питьевой воды']",Русский,593,25151—2024,5,57.8,0.0,Введен впервые,ГОСТ 25151-2024_Водоснабжение Термины и определения.pdf,Действующий,24
"Строительство, бетоны, бетонные смеси, сборные и монолитные, бетонные и железобетонные конструкции и изделия",Строительство,2019-12-01,2025-08-26T03:01:51.992706+00:00,"Стандарт распространяется на бетоны, применяемые во всех видах строительства, за исключением бетонов на битумных вяжущих. Устанавливает классификацию бетонов и общие технические требования к ним, которые должны соблюдаться при разработке нормативных и технических документов, проектной и технологической документации.",ГОСТ,ГОСТ 25192-2012_Бетоны классификация и общие технические требования.pdf,ГОСТ 25192-2012 Бетоны. Классификация и общие технические требования,"['классификация бетонов', 'технические требования', 'область применения', 'тип вяжущих', 'прочность', 'морозостойкость', 'водонепроницаемость']","['бетоны', 'классификация', 'технические требования', 'строительство', 'бетонные смеси', 'железобетонные конструкции']",русский,206,25192-2012,5,96.8,0.0,Переиздание 2019,ГОСТ 25192-2012_Бетоны классификация и общие технические требования.pdf,Действующий,16
"Лестницы, балконы, крыши, лестничные марши и площадки",Ограждения металлические,2021-09-01,2025-08-26T03:01:56.644613+00:00,"Межгосударственный стандарт, устанавливающий общие технические условия для ограждений металлических лестниц, балконов, крыш, лестничных маршей и площадок. Документ предназначен для применения в строительстве и промышленности, регламентируя параметры, классификацию и требования к конструкции металлических ограждений.",ГОСТ,"ГОСТ 25772-2021_Ограждения металлические лестниц, балконов, крыш, лестничных маршей и площадок.pdf","ГОСТ 25772—2021 Ограждения металлические лестниц, балконов, крыш, лестничных маршей и площадок. Общие технические условия","['классификация ограждений', 'технические требования', 'параметры и размеры', 'конструкция']","['ограждения металлические', 'лестницы', 'балконы', 'крыши', 'лестничные марши', 'площадки', 'технические условия', 'стандарт']",русский,183,25772—2021,5,90.8,0.0,Введен впервые,"ГОСТ 25772-2021_Ограждения металлические лестниц, балконов, крыш, лестничных маршей и площадок.pdf",Действующий,30
"Водоразборные смесители и краны для умывальников, рукомойников, моек, раковин, ванн, душа, бидэ для подачи и смешения холодной и горячей воды",Системы водоснабжения,2020-06-01,2025-08-26T03:02:01.183917+00:00,"Стандарт распространяется на водоразборные смесители и краны для различных сантехнических приборов, предназначенные для подачи и смешения холодной и горячей воды температурой до 75°C под рабочим давлением от 0,05 до 1,0 МПа. Определены типы и основные размеры изделий.",ГОСТ,ГОСТ 25809-2019 Смесители и краны водоразборные. Типы и основные размеры.pdf,ГОСТ 25809-2019 Смесители и краны водоразборные. Типы и основные размеры,"['типы изделий', 'основные размеры', 'водоразборные устройства']","['смесители', 'краны водоразборные', 'водоснабжение', 'горячая вода', 'холодная вода', 'рабочее давление']",русский,222,25809-2019,5,97.0,3.4,,ГОСТ 25809-2019 Смесители и краны водоразборные. Типы и основные размеры.pdf,Действующий,22
"Устанавливает термины и определения основных понятий в области эксплуатации изделий техники, обязательные для применения в документации всех видов, научно-технической, учебной и справочной литературе.",Эксплуатация техники,1990-01-01,2025-08-26T03:02:03.245539+00:00,"Стандарт устанавливает применяемые в науке, технике и производстве термины и определения основных понятий в области эксплуатации изделий техники. В документе приведены стандартизованные термины с определениями, а также алфавитный указатель терминов и пояснения к некоторым терминам.",ГОСТ,ГОСТ 25866-83 Эксплуатация техники. Термины и определения (с Изменением N 1)_Текст.pdf,ГОСТ 25866-83 Эксплуатация техники. Термины и определения (с изменением N 1),"['эксплуатация изделий техники', 'терминология', 'стандартизация терминов', 'техническое обслуживание', 'ремонт']","['эксплуатация техники', 'термины', 'определения', 'техническая эксплуатация', 'средства эксплуатации', 'система эксплуатации', 'условия эксплуатации']",Русский,1957,25866-83,5,16.7,0.0,Изменение N 1,ГОСТ 25866-83 Эксплуатация техники. Термины и определения (с Изменением N 1)_Текст.pdf,Действующий,5
Стальные горячекатаные двутавры с параллельными гранями полок высотой от 100 до 1000 мм и шириной полок от 55 до 400 мм,Металлы и сплавы,1998-10,2025-08-26T03:02:08.528721+00:00,"Стандарт распространяется на стальные горячекатаные двутавры с параллельными гранями полок, устанавливает типы двутавров, их размеры, площадь поперечного сечения, линейную плотность и пределы отклонений по размерам и форме. В документе приведены технические характеристики и чертежи двутавров.",ГОСТ,ГОСТ 26020-83_Двутавры стальные горячекатаные с параллельными гранями полок Сортамент.pdf,Двутавры стальные горячекатаные с параллельными гранями полок. Сортамент,"['типы двутавров', 'размеры и характеристики', 'технические требования', 'сортамент']","['двутавры стальные', 'горячекатаные', 'параллельные грани полок', 'сортамент', 'пределы отклонений', 'типология двутавров']",русский,150,26020-83,5,28.6,0.0,Переиздание 1998,ГОСТ 26020-83_Двутавры стальные горячекатаные с параллельными гранями полок Сортамент.pdf,Действующий,11
Бетоны тяжелые и мелкозернистые; строительные материалы,Строительство,2019-02-01,2025-08-26T03:02:11.156261+00:00,"Настоящий межгосударственный стандарт ГОСТ 26633-2015 устанавливает технические условия на тяжелые и мелкозернистые бетоны, включая требования, правила приемки и методы контроля. Стандарт введен в действие в качестве национального стандарта Российской Федерации с 1 сентября 2016 года. В издании 2019 года учтены актуальные требования и обновления.",ГОСТ,ГОСТ 26633-2015_Бетоны тяжелые и мелкозернистые.pdf,ГОСТ 26633-2015 Бетоны тяжелые и мелкозернистые. Технические условия,"['область применения', 'нормативные ссылки', 'термины и определения', 'технические требования', 'правила приемки', 'методы контроля', 'дополнительные требования для различных областей строительства']","['бетоны тяжелые', 'бетоны мелкозернистые', 'технические условия', 'технические требования', 'приемка', 'методы контроля']",русский,203,26633-2015,5,92.8,0.0,Переиздание 2019,ГОСТ 26633-2015_Бетоны тяжелые и мелкозернистые.pdf,Действующий,15
Методы измерения звукоизоляции ограждающих конструкций,Здания и сооружения,2014-01-01,2025-08-26T03:02:13.051461+00:00,"Данный стандарт устанавливает методы измерения звукоизоляции ограждающих конструкций зданий и сооружений. В документе приведены требования к испытательным помещениям, термины и определения, а также суть методов измерения звукоизоляции.",ГОСТ,ГОСТ 27296-2012_Здания и сооружения Методы измерения звукоизоляции ограждающих конструкций.pdf,Гост 27296-2012 Здания и Сооружения. Методы Измерения Звукоизоляции Ограждающих Конструкций,"['методы измерения звукоизоляции', 'требования к помещениям', 'строительная физика']","['звукозоляция', 'ограждающие конструкции', 'измерения', 'здания', 'сооружения']",русский,249,27296-2012,5,96.0,1.7,,ГОСТ 27296-2012_Здания и сооружения Методы измерения звукоизоляции ограждающих конструкций.pdf,Действующий,19
Надежность строительных конструкций и оснований,Строительство,2019-11,2025-08-26T03:02:15.251410+00:00,"Настоящий стандарт устанавливает основные положения по надежности строительных конструкций и оснований, учитывая положения европейского стандарта EN 1990:2002 и международного стандарта ISO 2394:1998. Стандарт введен в действие с 1 июля 2015 года и переиздан в ноябре 2019 года.",ГОСТ,ГОСТ 27751-2014_Надежность строительных конструкции и оснований.pdf,ГОСТ 27751-2014 Надежность строительных конструкций и оснований. Основные положения,"['надежность конструкций', 'основания', 'межгосударственный стандарт', 'проектирование сооружений']","['надежность', 'строительные конструкции', 'основания', 'основные положения', 'проектирование сооружений']",Русский,260,27751-2014,5,95.6,3.6,Переиздание ноября 2019 года,ГОСТ 27751-2014_Надежность строительных конструкции и оснований.pdf,Действующий,19
Прокат для строительных стальных конструкций,Сталь,2022-08-01,2025-08-26T03:02:18.544830+00:00,"Данный межгосударственный стандарт устанавливает общие технические условия для проката, предназначенного для строительных стальных конструкций. Включает классификацию, сортамент, условия заказа и другие технические требования.",ГОСТ,ГОСТ 27772-2021_Прокат для строительных стальных конструкций.pdf,ГОСТ 27772—2021 Прокат для строительных стальных конструкций. Общие технические условия,"['технические условия проката', 'строительные конструкции из стали', 'нормативные ссылки', 'термины и определения']","['прокат', 'строительные стальные конструкции', 'технические условия', 'классификация', 'сортамент', 'заказ']",Русский,257,27772—2021,5,90.7,11.8,,ГОСТ 27772-2021_Прокат для строительных стальных конструкций.pdf,Действующий,37
"устройства управления, сигнализации и дополнительное оборудование лифтов",Лифты,2022-06-01,2025-08-26T03:02:22.957971+00:00,"Стандарт устанавливает требования к устройствам управления, сигнализации и дополнительному оборудованию лифтов, включая устройства управления и сигнальные устройства с различными способами управления, а также специальные устройства для лечебно-профилактических учреждений, пожарных лифтов и лифтов для маломобильных групп населения.",ГОСТ,"ГОСТ 28911-2021 Лифты. Устройства управления, сигнализации и дополнительное оборудование.pdf","ГОСТ 28911-2021 Лифты. Устройства управления, сигнализации и дополнительное оборудование","['требования к устройствам управления лифтов', 'требования к сигнальным устройствам', 'специальные устройства для лечебно-профилактических учреждений', 'устройства для обеспечения доступности для инвалидов и маломобильных групп населения']","['лифты', 'устройства управления', 'сигнализация', 'дополнительное оборудование', 'требования', 'специальные устройства', 'доступность', 'пожарные лифты']",русский,216,28911-2021,5,96.4,0.0,"Поправка, введенная в действие с 01.10.2021","ГОСТ 28911-2021 Лифты. Устройства управления, сигнализации и дополнительное оборудование.pdf",Действующий,24
Испытания строительных материалов на горючесть и классификация по группам горючести,Пожарная безопасность,2008-04,2025-08-26T03:02:26.813209+00:00,"Стандарт устанавливает методы испытаний строительных материалов на горючесть и классификацию их по группам горючести. Документ не распространяется на лаки, краски и другие строительные материалы в виде растворов, порошков и гранул.",ГОСТ,ГОСТ 30244-94_Материалы строительные методы испытаний на горючесть .pdf,ГОСТ 30244-94 Материалы строительные Методы испытаний на горючесть,"['методы испытаний горючести', 'классификация строительных материалов', 'испытания методом I и II']","['горючесть', 'строительные материалы', 'методы испытаний', 'негорючесть', 'классификация']",русский,245,30244-94,5,96.4,5.4,Переиздание (по состоянию на апрель 2008 г.),ГОСТ 30244-94_Материалы строительные методы испытаний на горючесть .pdf,Действующий,19
,Строительные конструкции,2016-01-01,2025-08-26T03:02:31.059777+00:00,"Стандарт устанавливает технические условия для стальных гнутых замкнутых сварных квадратных и прямоугольных профилей, используемых в строительных конструкциях. Включает требования к сортаменту, техническим характеристикам, правилам приемки и методам контроля.",ГОСТ,ГОСТ 30245-2012_Профили стальные гнутые замкнутые сварные квадратные и прямоугольные для строительных конструкций.pdf,ГОСТ 30245—2012 Профили стальные гнутые замкнутые сварные квадратные и прямоугольные для строительных конструкций. Технические условия,"['технические условия', 'сортамент', 'требования к профилям', 'приемка', 'методы контроля']","['профили стальные', 'гнутые', 'замкнутые', 'сварные', 'квадратные', 'прямоугольные', 'строительные конструкции', 'технические условия']",Русский,265,30245—2012,5,73.6,0.0,Взамен ГОСТ 30245—2003,ГОСТ 30245-2012_Профили стальные гнутые замкнутые сварные квадратные и прямоугольные для строительных конструкций.pdf,Действующий,43
,Пожарная безопасность,2002-07-01,2025-08-26T03:02:32.730850+00:00,"Стандарт устанавливает методы испытаний на огнестойкость для дверей шахт лифтов, включая требования к оборудованию, проведению испытаний, оценке результатов и технике безопасности.",ГОСТ,ГОСТ 30247.3-2002_Конструкции строительные Методы испытаний на огнестойкость. Двери шахт лифтов.pdf,ГОСТ 30247.3-2002 Конструкции строительные. Методы испытаний на огнестойкость. Двери шахт лифтов,"['методы испытаний', 'огнестойкость', 'двери', 'строительные конструкции', 'пожарная безопасность']","['огнестойкость', 'двери шахт лифтов', 'методы испытаний', 'пожарная безопасность']",русский,203,30247.3-2002,5,87.4,4.0,,ГОСТ 30247.3-2002_Конструкции строительные Методы испытаний на огнестойкость. Двери шахт лифтов.pdf,Действующий,29
Строительные конструкции светопрозрачных ограждающих конструкций и заполнений проемов,Пожарная безопасность,2024-07-01,2025-08-26T03:02:34.774401+00:00,Стандарт устанавливает метод испытания на огнестойкость светопрозрачных ограждающих конструкций и заполнений проемов строительных сооружений. Документ регулирует процедуру проведения испытаний на устойчивость к огню для таких конструкций.,ГОСТ,ГОСТ 30247.4-2022_Конструкции строительные. Светопрозрачные ограждающие конструкции и заполнения проемов Метод испытания на огнестойкость.pdf,ГОСТ 30247.4—2022 Конструкции строительные. Светопрозрачные ограждающие конструкции и заполнения проемов. Метод испытания на огнестойкость,"['метод испытания', 'конструкции строительные', 'светопрозрачные ограждающие конструкции', 'заполнения проемов', 'пожарная безопасность']","['огнестойкость', 'светопрозрачные конструкции', 'испытание', 'строительные конструкции', 'заполнения проемов']",Русский,199,30247.4—2022,5,90.3,1.1,Введен впервые,ГОСТ 30247.4-2022_Конструкции строительные. Светопрозрачные ограждающие конструкции и заполнения проемов Метод испытания на огнестойкость.pdf,Действующий,36
Метод испытания строительных материалов на воспламеняемость и классификация их по группам воспламеняемости. Применяется для всех однородных и слоистых горючих строительных материалов.,Пожарная безопасность,1996-07-01,2025-08-26T03:02:38.853820+00:00,Настоящий стандарт устанавливает метод испытания строительных материалов на воспламеняемость и классификацию их по группам воспламеняемости. Применяется для всех однородных и слоистых горючих строительных материалов.,ГОСТ,ГОСТ 30402-96 Материалы строительные. Метод испытания на воспламеняемость.pdf,ГОСТ 30402-96 Материалы Строительные. Метод Испытания На Воспламеняемость,"['методы испытания', 'воспламеняемость', 'строительные материалы']","['материалы строительные', 'метод испытания', 'воспламеняемость', 'горючие материалы']",Русский,227,30402-96,5,91.1,0.0,Введен впервые,ГОСТ 30402-96 Материалы строительные. Метод испытания на воспламеняемость.pdf,Действующий,17
"Метод испытания строительных конструкций без проемов на пожарную опасность, включая элементы зданий: колонны, ригели, фермы, балки, арки, рамы и связи, марши и площадки лестничных клеток и лестниц, наружные и внутренние стены, перегородки, перекрытия, покрытия, стены лестничных клеток, противопожарные преграды",Пожарная безопасность,2019-09,2025-08-26T03:02:43.073342+00:00,"Межгосударственный стандарт, устанавливающий метод испытания строительных конструкций на пожарную опасность. Применяется к различным строительным элементам зданий для оценки их пожарной опасности. Введен в действие в России с 01.01.2014, переиздан в сентябре 2019 года.",ГОСТ,ГОСТ 30403-2012 Конструкции строительные. Метод испытаний на пожарную опасность (Переиздание).pdf,ГОСТ 30403-2012 Конструкции строительные. Метод испытаний на пожарную опасность (Переиздание),"['метод испытания', 'пожарная опасность', 'строительные конструкции']","['пожарная опасность', 'испытания', 'строительные конструкции', 'метод испытания', 'элементы зданий']",русский,262,30403-2012,5,93.8,0.0,Переиздание,ГОСТ 30403-2012 Конструкции строительные. Метод испытаний на пожарную опасность (Переиздание).pdf,Действующий,13
Керамические санитарные изделия предназначаются для установки в санитарных узлах зданий различного назначения,Системы водоснабжения,2018-03-01,2025-08-26T03:02:46.556827+00:00,"Стандарт распространяется на санитарные керамические изделия (фарфоровые, полуфарфоровые и фаянсовые) такие как умывальники, пьедесталы, унитазы, смывные бачки, биде, писсуары. Устанавливает их классификацию и основные размеры.",ГОСТ,ГОСТ 30493-2017 Изделия санитарные керамические. Классификация и основные размеры.pdf,ГОСТ 30493-2017 Изделия санитарные керамические. Классификация и основные размеры,"['классификация санитарных изделий', 'размеры санитарных изделий', 'керамические изделия', 'установки санитарные']","['изделия санитарные керамические', 'классификация', 'основные размеры', 'умывальники', 'унитазы', 'смывные бачки', 'биде', 'писсуары']",русский,137,30493-2017,5,95.0,0.0,,ГОСТ 30493-2017 Изделия санитарные керамические. Классификация и основные размеры.pdf,Действующий,13
"параметры микроклимата в жилых и общественных зданиях, качество воздуха в помещениях, обслуживаемая зона жилых, детских дошкольных учреждений, общественных, административных и бытовых зданий",Микроклимат,2023-02-01,2025-08-26T03:02:48.777140+00:00,"Данный межгосударственный стандарт устанавливает параметры микроклимата в помещениях жилых и общественных зданий, а также требования к качеству воздуха в обслуживаемой зоне. Документ определяет общие требования к оптимальным и допустимым показателям микроклимата и качеству воздуха, исключая рабочие зоны производственных помещений.",ГОСТ,"ГОСТ 30494-2011 Здания жилые и общественные. Параметры микроклимата в помещениях (с Поправкой, с Изменением N 1).pdf",ГОСТ 30494-2011 Здания жилые и общественные. Параметры микроклимата в помещениях,"['параметры микроклимата', 'качество воздуха', 'жилые и общественные здания']","['микроклимат', 'параметры микроклимата', 'качество воздуха', 'жилые здания', 'общественные здания', 'стандарт']",русский,304,30494-2011,5,95.3,0.0,Изменение N 1,"ГОСТ 30494-2011 Здания жилые и общественные. Параметры микроклимата в помещениях (с Поправкой, с Изменением N 1).pdf",Действующий,13
Материалы рулонные кровельные и гидроизоляционные,Строительство,1999-04-30,2025-08-26T03:02:53.311771+00:00,"Данный государственный стандарт устанавливает общие технические условия, требования безопасности, методы испытаний, транспортирования и хранения для рулонных кровельных и гидроизоляционных материалов.",ГОСТ,ГОСТ 30547-97_Надежность строительных конструкции и оснований.pdf,ГОСТ 30547-97 Материалы рулонные кровельные и гидроизоляционные. Общие технические условия,"['область применения', 'нормативные ссылки', 'классификация', 'технические требования', 'требования к сырью', 'маркировка', 'упаковка', 'требования безопасности', 'приемка', 'методы испытаний', 'транспортирование', 'хранение', 'указания по применению']","['рулонные материалы', 'кровельные материалы', 'гидроизоляционные материалы', 'технические условия', 'маркировка', 'упаковка', 'требования безопасности', 'испытания', 'транспортирование', 'хранение']",русский,233,30547-97,5,90.4,0.0,Введен впервые,ГОСТ 30547-97_Надежность строительных конструкции и оснований.pdf,Действующий,23
Профили из поливинилхлорида (PVC-U) для изготовления окон и дверей,Строительство,2015-05-01,2025-08-26T03:02:55.389775+00:00,"Стандарт устанавливает технические условия на поливинилхлоридные профили, предназначенные для оконных и дверных блоков. Соответствует европейскому стандарту EN 12608:2003 с внесёнными изменениями, описывает классификацию, технические требования и методы испытаний.",ГОСТ,ГОСТ 30673-2013_Профили поливинилхлоридные для оконных и дверных блоков.pdf,ГОСТ 30673-2013 Профили поливинилхлоридные для оконных и дверных блоков. Технические условия,"['классификация профилей', 'технические требования', 'методы испытаний']","['поливинилхлоридные профили', 'окна', 'дверные блоки', 'технические условия', 'EN 12608:2003']",русский,153,30673-2013,5,96.4,3.7,,ГОСТ 30673-2013_Профили поливинилхлоридные для оконных и дверных блоков.pdf,Действующий,27
Блоки оконные и балконные из поливинилхлоридных профилей,Окна и двери,2024-08-01,2025-08-26T03:02:57.519085+00:00,"Межгосударственный стандарт, устанавливающий технические условия для оконных и балконных блоков из поливинилхлоридных профилей. Разработан с учетом европейского стандарта EN 14351-1:2006 с изменением A2:2016. Введен в действие в качестве национального стандарта Российской Федерации с 1 августа 2024 года.",ГОСТ,ГОСТ 30674-2023_Блоки оконные и балконные из поливинилхлоридных профилей.pdf,ГОСТ 30674—2023 Блоки оконные и балконные из поливинилхлоридных профилей. Технические условия,"['технические условия', 'оконные блоки', 'балконные блоки', 'поливинилхлоридные профили', 'межгосударственный стандарт']","['блоки оконные', 'блоки балконные', 'поливинилхлоридные профили', 'технические условия', 'стандарт']",русский,277,30674—2023,5,95.1,42.4,Взамен ГОСТ 30674—99,ГОСТ 30674-2023_Блоки оконные и балконные из поливинилхлоридных профилей.pdf,Действующий,41
Кровельные и гидроизоляционные мастики,Строительство,2001-04-01,2025-08-26T03:02:59.779926+00:00,"Стандарт устанавливает общие технические условия для кровельных и гидроизоляционных мастик, включая классификацию, требования к сырью, маркировку, упаковку, безопасность, приемку, методы испытаний, транспортирование, хранение и применение.",ГОСТ,ГОСТ 30693-2000_Мастики кровельные и гидроизоляционные.pdf,ГОСТ 30693-2000 Мастики кровельные и гидроизоляционные. Общие технические условия,"['технические требования', 'классификация мастик', 'требования к сырью', 'маркировка и упаковка', 'безопасность', 'приемка продукции', 'транспортирование и хранение', 'применение']","['мастики кровельные', 'гидроизоляционные мастики', 'технические условия', 'классификация', 'требования безопасности', 'методы испытаний']",Русский,190,30693-2000,5,87.9,0.0,Введен впервые,ГОСТ 30693-2000_Мастики кровельные и гидроизоляционные.pdf,Действующий,18
Стекло закаленное в строительстве,Стекло,2016-04-01,2025-08-26T03:03:01.864022+00:00,"Межгосударственный стандарт, устанавливающий технические условия на закаленное стекло, используемое в строительстве. Стандарт соответствует европейским нормам EN 12150-1:2000 и EN 12150-2:2004 и введен в действие в России с 1 апреля 2016 года.",ГОСТ,ГОСТ 30698-2014_Стекло закаленное.pdf,ГОСТ 30698-2014 Стекло Закаленное. Технические условия,"['технические условия', 'стекло закаленное', 'межгосударственный стандарт', 'европейские нормы', 'введение в действие']","['стекло закаленное', 'технические условия', 'межгосударственный стандарт', 'строительство', 'безопасное стекло']",русский,130,30698-2014,5,97.7,1.3,Взамен ГОСТ 30698-2000,ГОСТ 30698-2014_Стекло закаленное.pdf,Действующий,19
Трубы и фасонные изделия стальные с тепловой изоляцией из пенополиуретана с защитной оболочкой,Отопление,2020-08-11,2025-08-26T03:03:06.327611+00:00,Стандарт устанавливает технические условия для стальных труб и фасонных изделий с тепловой изоляцией из пенополиуретана и защитной оболочкой. Стандарт учитывает нормативные положения европейских стандартов EN 253:2015 и EN 448:2016. Введен в действие в России с 1 января 2021 года.,ГОСТ,ГОСТ 30732-2020_Трубы и фасонные изделия стальные с тепловой изоляцией из пенополиуретана с защитной оболочкой.pdf,ГОСТ 30732—2020 Трубы и фасонные изделия стальные с тепловой изоляцией из пенополиуретана с защитной оболочкой. Технические условия,"['трубы и фасонные изделия', 'тепловая изоляция', 'стальные трубы', 'пенополиуретан', 'защитная оболочка']","['трубы стальные', 'тепловая изоляция', 'пенополиуретан', 'защитная оболочка', 'технические условия']",русский,227,30732—2020,5,93.5,2.3,Взамен ГОСТ 30732—2006,ГОСТ 30732-2020_Трубы и фасонные изделия стальные с тепловой изоляцией из пенополиуретана с защитной оболочкой.pdf,Действующий,74
Устройства открывания оконных и балконных блоков (фурнитура),Строительство,2024-08-01,2025-08-26T03:03:09.057886+00:00,"Межгосударственный стандарт, устанавливающий общие технические условия на устройства открывания оконных и балконных блоков (фурнитура). Документ учитывает нормативные положения европейских стандартов EN 13126 и введён в действие Приказом Федерального агентства по техническому регулированию и метрологии с 1 августа 2024 года.",ГОСТ,ГОСТ 30777-2023 Устройства открывания оконных и балконных блоков (фурнитура). Общие технические условия.pdf,ГОСТ 30777-2023 Устройства открывания оконных и балконных блоков (фурнитура). Общие технические условия,"['требования', 'методы испытаний', 'нормативные положения', 'сертификация', 'межгосударственная стандартизация']","['оконные блоки', 'балконные блоки', 'фурнитура', 'технические условия', 'межгосударственный стандарт']",Русский,144,30777-2023,5,93.1,10.7,Взамен ГОСТ 30777-2012,ГОСТ 30777-2023 Устройства открывания оконных и балконных блоков (фурнитура). Общие технические условия.pdf,Действующий,88
Терморегуляторы автоматические для отопительных приборов систем водяного отопления зданий,Отопление,2020-06-01,2025-08-26T03:03:11.892420+00:00,"Стандарт устанавливает нормы для изготовления двухходовых термостатических регуляторов для отопительных приборов, работающих без использования дополнительного источника энергии. Документ регламентирует общие технические условия автоматических терморегуляторов, предназначенных для регулирования тепловой мощности отопительных приборов в системах водяного отопления зданий, с температурой теплоносителя до 120°С и номинальным давлением до 1,0 МПа.",ГОСТ,ГОСТ 30815-2019 Терморегуляторы автоматические отопительных приборов систем водяного отопления зданий. Общие технические условия.pdf,Гост 30815-2019 Терморегуляторы автоматические отопительных приборов систем водяного отопления зданий. Общие технические условия,"['автоматическое регулирование', 'тепловая мощность', 'водяное отопление', 'строительство']","['терморегуляторы', 'автоматические', 'отопительные приборы', 'системы водяного отопления', 'регулирование температуры', 'теплоснабжение']",русский,246,30815-2019,5,97.3,0.0,Взамен ГОСТ 30815-2002,ГОСТ 30815-2019 Терморегуляторы автоматические отопительных приборов систем водяного отопления зданий. Общие технические условия.pdf,Действующий,25
"Стекло многослойное, используемое в строительстве",Стекло,2016-04-01,2025-08-26T03:03:15.025249+00:00,"Межгосударственный стандарт, устанавливающий технические условия для многослойного стекла. Стандарт содержит требования к размерам, обработке кромок и внешнему виду многослойного стекла, а также соответствует международным стандартам ISO 12543-5:2011 и ISO 12543-6:2011 в части неэквивалентных требований.",ГОСТ,ГОСТ 30826-2014_Стекло многослойное.pdf,ГОСТ 30826-2014 Стекло многослойное. Технические условия,"['технические условия', 'многослойное стекло', 'соответствие международным стандартам']","['многослойное стекло', 'технические условия', 'ISO 12543-5:2011', 'ISO 12543-6:2011', 'стекло в строительстве', 'обработка кромки', 'внешний вид']",Русский,161,30826-2014,5,95.1,2.6,Введен впервые,ГОСТ 30826-2014_Стекло многослойное.pdf,Действующий,32
"Производство работ по заполнению монтажных зазоров между поверхностью стенового проема и плоскостями коробки оконного (дверного) блока, проектирование узлов примыкания оконных и дверных блоков",Строительство,2014-01-01,2025-08-26T03:03:18.544057+00:00,"Стандарт предназначен для применения при производстве работ по заполнению монтажных зазоров между стеновыми проемами и оконными блоками, а также при проектировании узлов примыкания оконных и дверных блоков. Он направлен на повышение комфортности проживания, долговечности и энергоэффективности в строительстве за счет повышения требований к теплозащитным характеристикам узлов примыкания.",ГОСТ,ГОСТ 30971-2012_ Швы монтажные узлов примыкания оконных блоков к стеновым проемам.pdf,Гост 30971-2012 Швы монтажные узлов примыкания оконных блоков к стеновым проемам. Общие технические условия,"['монтаж узлов примыкания', 'теплозащитные характеристики', 'энергоэффективность']","['монтажные швы', 'оконные блоки', 'стеновые проемы', 'теплозащита', 'энергоэффективность']",русский,253,30971-2012,5,96.0,44.7,Введен в действие с 01.01.2014,ГОСТ 30971-2012_ Швы монтажные узлов примыкания оконных блоков к стеновым проемам.pdf,Действующий,48
"Отапливаемые помещения, группы помещений (квартиры) жилых многоквартирных зданий, а также одноквартирные жилые дома с естественной или механической вытяжной вентиляцией",Отопление,2015-01-01,2025-08-26T03:03:22.419674+00:00,Стандарт устанавливает метод определения в натурных условиях удельного потребления тепловой энергии на возмещение теплопотерь за счет теплопередачи через наружные ограждающие конструкции и нагрев вентиляционного и инфильтрационного воздуха при работе вытяжной вентиляции для жилых зданий.,ГОСТ,ГОСТ 31168-2014 Здания жилые. Метод определения удельного потребления тепловой энергии на отопление_Текст.pdf,ГОСТ 31168-2014 Здания жилые. Метод определения удельного потребления тепловой энергии на отопление,"['метод определения', 'тепловая энергия', 'теплопотери', 'жилые здания', 'вентиляция']","['удельное потребление тепловой энергии', 'отопление', 'жилые здания', 'теплопотери', 'вентиляция']",русский,428,31168-2014,5,90.1,2.6,,ГОСТ 31168-2014 Здания жилые. Метод определения удельного потребления тепловой энергии на отопление_Текст.pdf,Действующий,20
Технические условия для стальных дверных блоков,Стальные дверные блоки,2017-07-01,2025-08-26T03:03:25.776290+00:00,"Межгосударственный стандарт, устанавливающий технические условия на стальные дверные блоки. Соответствует европейским стандартам EN 14351-1:2006+А1:2010, EN 1191:2012 и EN 1192:1999 по техническим требованиям и методам испытаний. Введен в действие в Российской Федерации с 1 июля 2017 года.",ГОСТ,ГОСТ 31173-2016_Блоки дверные стальные.pdf,ГОСТ 31173—2016 Блоки дверные стальные. Технические условия,"['технические условия на дверные блоки', 'испытания дверей', 'энергетическая эффективность зданий', 'классификация прочности дверей']","['стальные дверные блоки', 'технические условия', 'энергетическая эффективность', 'методы испытаний', 'межгосударственный стандарт', 'соответствие европейским стандартам']",Русский,221,31173—2016,5,95.3,4.9,Введен впервые,ГОСТ 31173-2016_Блоки дверные стальные.pdf,Действующий,44
Ячеистые бетоны автоклавного твердения,Строительство,2008-05-21,2025-08-26T03:03:28.796130+00:00,"Межгосударственный стандарт, устанавливающий технические условия для ячеистых бетонов автоклавного твердения, соотносящийся с европейскими стандартами EN 1745:2002 и EN 771-4:2003. Введён в действие в Российской Федерации с 1 января 2009 года.",ГОСТ,ГОСТ 31359-2007_Бетоны ячеистые автоклавного твердения.pdf,ГОСТ 31359-2007 Бетоны ячеистые автоклавного твердения. Технические условия,"['технические условия', 'теплотехнические показатели', 'методы испытаний', 'контроль качества']","['ячеистые бетоны', 'автоклавное твердение', 'строительство', 'теплопроводность', 'морозостойкость']",русский,241,31359-2007,5,94.9,74.0,Взамен ГОСТ 25485-89,ГОСТ 31359-2007_Бетоны ячеистые автоклавного твердения.pdf,Действующий,23
Резервуары вертикальные цилиндрические стальные для нефти и нефтепродуктов,Строительство,2017-03-01,2025-08-26T03:03:32.085167+00:00,"Стандарт устанавливает общие технические условия для вертикальных цилиндрических стальных резервуаров, предназначенных для хранения нефти и нефтепродуктов. Документ разработан и принят межгосударственным советом по стандартизации, метрологии и сертификации, введен в действие в Российской Федерации с 1 марта 2017 года.",ГОСТ,ГОСТ 31385-2016_Резервуары вертикальные цилиндрические стальные для нефти и нефтепродуктов.pdf,ГОСТ 31385—2016 Резервуары вертикальные цилиндрические стальные для нефти и нефтепродуктов. Общие технические условия,"['технические условия', 'резервуары для нефти', 'стандартизация', 'метрология']","['резервуары вертикальные', 'цилиндрические стальные', 'нефть', 'нефтепродукты', 'технические условия', 'межгосударственный стандарт']",русский,204,31385—2016,5,95.7,1.8,Взамен ГОСТ 31385—2008,ГОСТ 31385-2016_Резервуары вертикальные цилиндрические стальные для нефти и нефтепродуктов.pdf,Действующий,98
Трубы и муфты хризотилцементные,Строительство,2011-01-01,2025-08-26T03:03:34.634188+00:00,"Стандарт устанавливает технические условия на хризотилцементные трубы и муфты, включая классификацию, основные параметры, размеры и технические требования.",ГОСТ,ГОСТ 31416-2009_Трубы и муфты хризотилцементные.pdf,ГОСТ 31416-2009 Трубы и муфты хризотилцементные. Технические условия,"['область применения', 'нормативные ссылки', 'термины и определения', 'общие положения', 'классификация', 'технические требования']","['хризотилцементные трубы', 'муфты', 'технические условия', 'классификация', 'параметры', 'размеры']",Русский,210,31416-2009,5,89.0,6.5,,ГОСТ 31416-2009_Трубы и муфты хризотилцементные.pdf,Действующий,23
"Кабельные изделия, предназначенные для прокладки в зданиях и сооружениях",Пожарная безопасность,2019-09,2025-08-26T03:03:37.981390+00:00,"Этот межгосударственный стандарт устанавливает требования пожарной безопасности к кабельным изделиям, предназначенным для прокладки в зданиях и сооружениях. Документ определяет классификацию кабелей, требования пожарной безопасности и области их применения. Стандарт не распространяется на кабели для прокладки в земле и воде, а также на маслонаполненные кабели, обмоточные и неизолированные провода.",ГОСТ,ГОСТ 31565-2012 Кабельные изделия. Требования пожарной безопасности (Переиздание).pdf,ГОСТ 31565-2012 Кабельные изделия. Требования пожарной безопасности,"['требования пожарной безопасности', 'классификация кабельных изделий', 'области применения кабелей']","['кабельные изделия', 'пожарная безопасность', 'классификация кабелей', 'требования пожарной безопасности', 'межгосударственный стандарт']",русский,312,31565-2012,5,75.0,3.7,Переиздание,ГОСТ 31565-2012 Кабельные изделия. Требования пожарной безопасности (Переиздание).pdf,Действующий,9
,Теплоизоляционные материалы и изделия,2022-11-09,2025-08-26T03:03:40.698104+00:00,"Межгосударственный стандарт, устанавливающий термины и определения в области теплоизоляционных материалов и изделий, основан на международном стандарте ISO 9229:2020, с модификациями для соответствия межгосударственной системе стандартизации.",ГОСТ,ГОСТ 31913-2022_Материалы и изделия теплоизоляционные.pdf,ГОСТ 31913-2022 (ISO 9229:2020) Материалы и изделия теплоизоляционные,"['терминология теплоизоляции', 'межгосударственная стандартизация', 'модификация международного стандарта']","['теплоизоляция', 'термины и определения', 'материалы теплоизоляционные', 'стандарт']",русский,250,31913-2022,5,66.7,0.0,Модифицированный (MOD),ГОСТ 31913-2022_Материалы и изделия теплоизоляционные.pdf,Действующий,34
Правила обследования и мониторинга технического состояния зданий и сооружений,Здания и сооружения,2024-05-01,2025-08-26T03:03:44.050769+00:00,"Настоящий межгосударственный стандарт устанавливает правила обследования и мониторинга технического состояния зданий и сооружений. Стандарт принят Межгосударственным советом по стандартизации 29 февраля 2024 года и введен в действие в Российской Федерации с 1 мая 2024 года, взамен ГОСТ 31937-2011.",ГОСТ,ГОСТ 31937-2024_Здания и сооружения Правила обследования и мониторинга технического состояния.pdf,ГОСТ 31937-2024 Здания и сооружения. Правила обследования и мониторинга технического состояния,"['правила обследования', 'мониторинг технического состояния', 'здания и сооружения']","['здания', 'сооружения', 'техническое состояние', 'обследование', 'мониторинг', 'стандарт']",Русский,195,31937-2024,5,96.2,1.3,Введен впервые,ГОСТ 31937-2024_Здания и сооружения Правила обследования и мониторинга технического состояния.pdf,Действующий,69
"Силовые кабели с пластмассовой изоляцией для номинального напряжения 0,66; 1 и 3 кВ",Электротехническое оборудование,2013-01-01,2025-08-26T03:03:47.687467+00:00,"Стандарт устанавливает общие технические условия для силовых кабелей с пластмассовой изоляцией, предназначенных для номинального напряжения 0,66; 1 и 3 кВ с учетом международного стандарта IEC 60502-1:2004. Документ включает требования, подготовленные в соответствии с межгосударственной системой стандартизации и имеет патентные прецеденты.",ГОСТ,"ГОСТ 31996-2012_Кабели силовые с пластмассовой изоляцией на номинальное напряжение 0,66; 1 и 3 кв.pdf","ГОСТ 31996-2012 Кабели силовые с пластмассовой изоляцией на номинальное напряжение 0,66; 1 и 3 кВ. Общие технические условия","['технические условия', 'кабели силовые', 'электроустановки', 'изоляция']","['кабели силовые', 'пластмассовая изоляция', 'номинальное напряжение', 'технические условия', 'межгосударственный стандарт']",Русский,166,31996-2012,5,94.1,15.6,Введен впервые,"ГОСТ 31996-2012_Кабели силовые с пластмассовой изоляцией на номинальное напряжение 0,66; 1 и 3 кв.pdf",Действующий,39
Трубы напорные из термопластов и соединительные детали для систем водоснабжения и отопления,Системы водоснабжения,2014-12-30,2025-08-26T03:03:51.362859+00:00,"Стандарт устанавливает общие технические условия на напорные трубы из термопластов и соединительные детали к ним, предназначенные для использования в системах водоснабжения и отопления. Регламентирует основные параметры, размеры, технические требования, требования безопасности, правила приемки и методы контроля.",ГОСТ,ГОСТ 32415-2013_Трубы напорные из термопластов и соединительные детали к ним для систем водоснабжения и отопления.pdf,ГОСТ 32415-2013 Трубы напорные из термопластов и соединительные детали к ним для систем водоснабжения и отопления. Общие технические условия,"['Параметры и размеры', 'Технические требования', 'Требования безопасности', 'Приемка', 'Методы контроля']","['Трубы напорные', 'Термопласты', 'Соединительные детали', 'Системы водоснабжения', 'Отопление', 'Технические условия']",русский,138,32415-2013,5,94.9,37.0,Введен впервые,ГОСТ 32415-2013_Трубы напорные из термопластов и соединительные детали к ним для систем водоснабжения и отопления.pdf,Действующий,83
,Крепежные изделия,2014-04-07,2025-08-26T03:03:55.028228+00:00,Межгосударственный стандарт ГОСТ 32484.1-2013 устанавливает общие требования к высокопрочным болтокомплектам для предварительного натяжения конструкций. Стандарт является модифицированной версией европейского стандарта EN 14399-1:2005 и введен в действие в Российской Федерации с 1 июля 2015 года.,ГОСТ,ГОСТ 32484.1-2013_Болтокомплекты высокопрочные для предварительного натяжения конструкционные.pdf,Гост 32484.1-2013 Болтокомплекты высокопрочные для предварительного натяжения конструкционные. Общие требования,"['Технические требования', 'Межгосударственная стандартизация', 'Механические соединительные детали']","['болтокомплекты', 'высокопрочные', 'предварительное натяжение', 'конструкционные', 'стандарт', 'ГОСТ 32484.1-2013', 'EN 14399-1:2005']",русский,412,32484.1-2013,5,86.7,0.0,Введен впервые,ГОСТ 32484.1-2013_Болтокомплекты высокопрочные для предварительного натяжения конструкционные.pdf,Действующий,36
,Крепежные изделия,2014-07-01,2025-08-26T03:03:58.265905+00:00,"Настоящий стандарт устанавливает требования к высокопрочным болтокомплектам для предварительного натяжения конструкций, включая методы испытания на предварительное натяжение. Стандарт модифицирован по отношению к европейскому EN 14399-2:2005 с техническими отклонениями для применения в странах СНГ.",ГОСТ,ГОСТ 32484.2-2014_Болтокомплекты высокопрочные для предварительного натяжения конструкционные Испытание на предварительное натяжение.pdf,Гост 32484.2—2014 Болтокомплекты высокопрочные для предварительного натяжения конструкционные. Испытание на предварительное натяжение,"['тесты на предварительное натяжение', 'технические отклонения', 'межгосударственная стандартизация']","['болтокомплекты', 'высокопрочные', 'предварительное натяжение', 'конструкционные', 'испытание']",русский,491,32484.2—2014,5,80.0,0.0,Модифицированный (MOD),ГОСТ 32484.2-2014_Болтокомплекты высокопрочные для предварительного натяжения конструкционные Испытание на предварительное натяжение.pdf,Действующий,17
"Болтокомплекты для предварительного натяжения конструкционные, системы HV",Крепежные изделия,2014-04-07,2025-08-26T03:04:03.372256+00:00,"Межгосударственный стандарт, модифицированный по отношению к европейскому EN 14399-4:2005, регулирующий болтокомплекты высокопрочные для предварительного натяжения конструкционные системы HV, включающие комплекты шестигранных болтов и гаек. Стандарт введён в действие в России с 1 июля 2015 года и разработан с учётом технических отклонений от европейского стандарта.",ГОСТ,ГОСТ 32484.4-2014_Болтокомплекты высокопрочные для предварительного натяжения конструкционные Система HV комплекты болтов и гаек.pdf,Гост 32484.4-2014 Болтокомплекты высокопрочные для предварительного натяжения конструкционные. Система HV — комплекты шестигранных болтов и гаек,"['конструкция болтов', 'размеры болтов', 'технические отклонения', 'межгосударственный стандарт', 'европейский стандарт EN 14399-4:2005']","['болтокомплекты', 'высокопрочные болты', 'предварительное натяжение', 'конструкционные болты', 'система HV', 'шестигранные болты', 'гайки']",русский,319,32484.4,5,74.0,0.0,Введен впервые,ГОСТ 32484.4-2014_Болтокомплекты высокопрочные для предварительного натяжения конструкционные Система HV комплекты болтов и гаек.pdf,Действующий,33
"Болтокомплекты высокопрочные для предварительного натяжения конструкционные, плоские шайбы",Крепежные изделия,2014-04-07,2025-08-26T03:04:08.334117+00:00,"Межгосударственный стандарт ГОСТ 32484.5-2013 является модифицированной версией европейского стандарта EN 14399-5:2005, который регламентирует высокопрочные болтокомплекты для предварительного натяжения конструкций, в частности плоские шайбы. Стандарт введен в действие в России с 1 июля 2015 года и содержит технические отклонения по сравнению с европейским стандартом.",ГОСТ,ГОСТ 32484.5-2013_Болтокомплекты высокопрочные для предварительного натяжения конструкционные Плоские шайбы.pdf,"Гост 32484.5—2013 Болтокомплекты высокопрочные для предварительного натяжения конструкционные. Плоские шайбы (en 14399-5:2005, mod)","['технические требования к плоским шайбам', 'размеры шайб', 'нормативные ссылки']","['болтокомплекты высокопрочные', 'предварительное натяжение', 'конструкционные', 'плоские шайбы', 'межгосударственный стандарт']",русский,318,32484.5—2013,5,80.0,0.0,Модифицированный (MOD),ГОСТ 32484.5-2013_Болтокомплекты высокопрочные для предварительного натяжения конструкционные Плоские шайбы.pdf,Действующий,13
проектно сметные работы,Крепежные изделия,2014-04-07,2025-08-26T03:04:12.370808+00:00,"Стандарт устанавливает требования к высокопрочным болтокомплектам для предварительного натяжения конструкций, в частности к плоским шайбам с фаской. Стандарт является модификацией европейского стандарта EN 14399-6:2005 с внесенными техническими отклонениями.",ГОСТ,ГОСТ 32484.6-2014_Болтокомплекты высокопрочные для предварительного натяжения конструкционные Плоские шайбы с фаской.pdf,ГОСТ 32484.6-2014 Болтокомплекты высокопрочные для предварительного натяжения конструкционные. Плоские шайбы с фаской,"['технические требования', 'модификация EN 14399-6:2005', 'введение в действие', 'межгосударственная стандартизация']","['болтокомплекты', 'высокопрочные', 'предварительное натяжение', 'плоские шайбы', 'фаска']",русский,285,32484.6-2014,5,76.7,0.0,Введен впервые,ГОСТ 32484.6-2014_Болтокомплекты высокопрочные для предварительного натяжения конструкционные Плоские шайбы с фаской.pdf,Действующий,14
Энергетическая эффективность искусственного освещения помещений,Здания и сооружения,2023-11-01,2025-08-26T03:04:16.288461+00:00,ГОСТ 32498-2020 устанавливает методы определения показателей энергетической эффективности искусственного освещения помещений в зданиях и сооружениях. Стандарт разработан с учетом европейских нормативов EN 15193:2007 и EN 15193-1:2017 и введен в действие на территории Российской Федерации с 1 ноября 2023 года.,ГОСТ,ГОСТ 32498-2020 Здания и сооружения. Методы определения показателей энергетической эффективности искусственного освещения помещений.pdf,ГОСТ 32498-2020 Здания и сооружения. Методы определения показателей энергетической эффективности искусственного освещения помещений,"['определение энергетической эффективности', 'искусственное освещение', 'нормативные требования', 'европейские стандарты']","['энергетическая эффективность', 'искусственное освещение', 'здания', 'сооружения', 'методы определения']",русский,114,32498-2020,5,95.0,0.7,Взамен ГОСТ 32498-2013,ГОСТ 32498-2020 Здания и сооружения. Методы определения показателей энергетической эффективности искусственного освещения помещений.pdf,Действующий,26
"Средства доступа, ограждения и защиты",Краны грузоподъемные,2021-11-10,2025-08-26T03:04:19.956707+00:00,"Межгосударственный стандарт, разработанный для регламентации систем средств доступа, ограждений и ограничителей для кранов грузоподъемных. Основан на международном стандарте ISO 11660-1:2008 и введён в действие в качестве национального стандарта России с 1 июля 2022 года.",ГОСТ,"ГОСТ 32576.1-2021_Краны грузоподъемные Средства доступа, ограждения и защиты.pdf","Гост 32576.1—2021 Краны грузоподъемные Средства доступа, ограждения и защиты Часть 1","['системы средств доступа', 'классификация систем', 'требование к устройству средств доступа']","['краны грузоподъемные', 'средства доступа', 'ограждения', 'ограничители', 'межгосударственный стандарт', 'сертификация труб']",русский,180,32576.1—2021,5,97.1,0.0,Взамен ГОСТ 32576.1—2015,"ГОСТ 32576.1-2021_Краны грузоподъемные Средства доступа, ограждения и защиты.pdf",Действующий,24
"Средства доступа, ограждения и защиты стреловых самоходных кранов",Краны грузоподъемные,2022-07-01,2025-08-26T03:04:24.077963+00:00,"Стандарт устанавливает специальные требования к средствам доступа, ограждения и защиты стреловых самоходных кранов с целью обеспечения безопасности эксплуатации. Документ разработан с учетом международного стандарта ISO 11660-2:2015 и введен в действие в Российской Федерации с 1 июля 2022 года.",ГОСТ,"ГОСТ 32576.2-2021_Краны грузоподъемные Средства доступа, ограждения и защиты Краны стреловые самоходные.pdf","ГОСТ 32576.2—2021 Краны грузоподъемные Средства доступа, ограждения и защиты Часть 2 Краны стреловые самоходные","['требования безопасности', 'конструкция кранов', 'техническое обслуживание']","['краны грузоподъемные', 'средства доступа', 'ограждения', 'защита', 'стреловые самоходные краны', 'безопасность эксплуатации']",русский,130,32576.2—2021,5,85.7,0.0,Взамен ГОСТ 32576.2—2013,"ГОСТ 32576.2-2021_Краны грузоподъемные Средства доступа, ограждения и защиты Краны стреловые самоходные.pdf",Действующий,8
"Средства доступа, ограждения и защиты башенных кранов для обеспечения безопасности в процессе эксплуатации, технического обслуживания и контроля технического состояния",Краны грузоподъемные,2021-12-06,2025-08-26T03:04:29.454581+00:00,"Стандарт устанавливает специальные требования к средствам доступа, ограждения и защиты, применяемым в конструкции башенных кранов. Он разработан с учетом международного стандарта ISO 11660-3:2008 и предназначен для обеспечения безопасности при эксплуатации грузоподъемных кранов.",ГОСТ,"ГОСТ 32576.3-2021_Краны грузоподъемные Средства доступа, ограждения и защиты Краны башенные.pdf","ГОСТ 32576.3—2021 Краны грузоподъемные. Средства доступа, ограждения и защиты. Часть 3. Краны башенные","['требования к средствам доступа', 'ограждения и защиты башенных кранов', 'безопасность эксплуатации грузоподъемных кранов', 'соответствие Техническому регламенту Таможенного союза']","['краны грузоподъемные', 'средства доступа', 'ограждения', 'защита', 'башенные краны', 'безопасность', 'техническое обслуживание']",русский,253,32576.3—2021,5,92.1,0.0,Взамен ГОСТ 32576.3—2013,"ГОСТ 32576.3-2021_Краны грузоподъемные Средства доступа, ограждения и защиты Краны башенные.pdf",Действующий,8
"Средства доступа, ограждения и защиты стреловых кранов для обеспечения безопасности в процессе эксплуатации, технического обслуживания, контроля технического состояния и монтажа",Краны грузоподъемные,2022-07-01,2025-08-26T03:04:33.851086+00:00,"Стандарт устанавливает специальные требования к средствам доступа, ограждения и защиты стреловых кранов по классификации ГОСТ 33709.1. Применение положений стандарта может использоваться для подтверждения и оценки соответствия грузоподъемных кранов требованиям Технического регламента Таможенного союза ТР ТС 010/2011.",ГОСТ,"ГОСТ 32576.4-2021_Краны грузоподъемные Средства доступа, ограждения и защиты Краны стреловые.pdf","ГОСТ 32576.4—2021 Краны грузоподъемные. Средства доступа, ограждения и защиты. Часть 4. Краны стреловые","['требования к средствам доступа', 'ограждения и защиты стреловых кранов', 'безопасность эксплуатации крана', 'техническое обслуживание и контроль', 'национальный и международный стандарт ISO 11660-4:2012']","['краны грузоподъемные', 'средства доступа', 'ограждения', 'средства защиты', 'стреловые краны', 'безопасность', 'эксплуатация', 'техническое обслуживание', 'контроль технического состояния', 'монтаж']",Русский,258,32576.4—2021,5,89.3,0.0,Взамен ГОСТ 32576.4—2014,"ГОСТ 32576.4-2021_Краны грузоподъемные Средства доступа, ограждения и защиты Краны стреловые.pdf",Действующий,8
Мостовые и козловые (полукозловые) краны,Подъемно-транспортное оборудование,2022-07-01,2025-08-26T03:04:37.902565+00:00,"Стандарт устанавливает специальные требования к средствам доступа, ограждения и защиты, применяемым в конструкции мостовых и козловых кранов. Применение положений данного стандарта может использоваться для подтверждения и оценки соответствия грузоподъемных кранов требованиям технического регламента Таможенного союза ТР ТС 010/2011 «О безопасности машин и оборудования».",ГОСТ,"ГОСТ 32576.5-2021_Краны грузоподъемные Средства доступа, ограждения и защиты Краны мостовые и козловые.pdf","ГОСТ 32576.5—2021 Краны грузоподъемные. Средства доступа, ограждения и защиты. Часть 5. Краны мостовые и козловые","['требования к средствам доступа', 'ограждения и защиты мостовых и козловых кранов', 'подтверждение соответствия грузоподъемных кранов']","['краны грузоподъемные', 'средства доступа', 'ограждения', 'защита', 'мостовые краны', 'козловые краны', 'технический регламент ТР ТС 010/2011']",Русский,232,32576.5—2021,5,95.6,3.2,,"ГОСТ 32576.5-2021_Краны грузоподъемные Средства доступа, ограждения и защиты Краны мостовые и козловые.pdf",Действующий,12
Трехслойные панели с металлическими облицовками и сердечником из минеральной ваты,Строительные материалы и изделия,2021-08-20,2025-08-26T03:04:41.379915+00:00,"Стандарт устанавливает технические условия для производства трехслойных панелей с металлическими облицовками и сердечником из минеральной ваты, включая требования к классификации, параметрам, верификации, контролю и приемке продукции.",ГОСТ,ГОСТ 32603-2021_Панели трехслойные с металлическими облицовками и сердечником из минеральной ваты.pdf,ГОСТ 32603—2021 Панели трехслойные с металлическими облицовками и сердечником из минеральной ваты. Технические условия,"['классификация панелей', 'технические требования', 'правила и методы верификации', 'контроль и приемка продукции']","['трехслойные панели', 'металлические облицовки', 'сердечник из минеральной ваты', 'технические условия', 'контроль качества']",русский,180,32603—2021,5,95.5,2.6,,ГОСТ 32603-2021_Панели трехслойные с металлическими облицовками и сердечником из минеральной ваты.pdf,Действующий,58
"Неоцинкованные и оцинкованные стальные сварные трубы с резьбой и без резьбы для водопроводов, газопроводов и систем отопления",Системы водоснабжения,2007-01-01,2025-08-26T03:04:45.020440+00:00,"Стандарт регламентирует технические условия и сортамент стальных водогазопроводных труб, определяет размеры, массы, допускаемые отклонения, требования к резьбе и другие параметры для обеспечения качества труб, применяемых в водопроводах, газопроводах и системах отопления.",ГОСТ,ГОСТ 3262-75_Трубы стальные водогазопроводные.pdf,Гост 3262-75 Трубы Стальные Водогазопроводные Технические Условия,"['сортамент труб', 'предельные отклонения размеров и массы', 'требования к резьбе', 'длина и кривизна труб', 'область применения']","['трубы стальные', 'водогазопроводные', 'технические условия', 'резьба', 'сварные трубы', 'водопровод', 'газопровод', 'системы отопления']",русский,198,3262-75,5,94.2,28.2,"Изм. № 1, 2, 3, 4, 5",ГОСТ 3262-75_Трубы стальные водогазопроводные.pdf,Действующий,8
Требования к проведению промежуточной приемки выполненных работ,Дороги автомобильные общего пользования,2019-09,2025-08-26T03:04:47.771417+00:00,"Стандарт устанавливает требования к проведению промежуточной приемки выполненных работ на автомобильных дорогах общего пользования. Документ регламентирует порядок проведения, оформление результатов и контроль за промежуточной приемкой.",ГОСТ,ГОСТ 32756-2014_Дороги автомобильные общего пользования Требования к проведению промежуточной приемки выполненных работ.pdf,ГОСТ 32756-2014 Дороги автомобильные общего пользования Требования к проведению промежуточной приемки выполненных работ,"['Область применения', 'Термины и определения', 'Общие положения', 'Порядок проведения промежуточной приемки', 'Оформление результатов', 'Контроль проведения промежуточной приемки']","['Дороги автомобильные общего пользования', 'Промежуточная приемка', 'Выполненные работы', 'Требования к приемке']",русский,96,32756-2014,5,96.6,2.7,Переиздание 2019,ГОСТ 32756-2014_Дороги автомобильные общего пользования Требования к проведению промежуточной приемки выполненных работ.pdf,Действующий,19
"Дороги автомобильные общего пользования, опоры стационарного электрического освещения",Отопление,2019-09,2025-08-26T03:04:51.420463+00:00,"Стандарт устанавливает технические требования к опорам стационарного электрического освещения на дорогах общего пользования. Включает классификацию, термины, и нормативные ссылки, обеспечивая контроль качества строительства и эксплуатационные параметры освещения на автомобильных дорогах.",ГОСТ,ГОСТ 32947-2014_Дороги автомобильные общего пользования Опоры стационарного Электрического освещения.pdf,ГОСТ 32947-2014 Дороги автомобильные общего пользования Опоры стационарного электрического освещения Технические требования,"['классификация опор', 'технические требования', 'нормативные ссылки', 'термины и определения']","['опоры электрического освещения', 'автомобильные дороги', 'технические требования', 'контроль качества', 'металлические опоры', 'железобетонные опоры']",русский,172,32947-2014,5,95.8,0.0,Переиздание 2019,ГОСТ 32947-2014_Дороги автомобильные общего пользования Опоры стационарного Электрического освещения.pdf,Действующий,26
Контроль и мониторинг качества электрической энергии в системах электроснабжения общего назначения,Электрическая энергия,2015-01-01,2025-08-26T03:04:54.223182+00:00,Стандарт ГОСТ 33073-2014 устанавливает требования и методы контроля и мониторинга качества электрической энергии в системах электроснабжения общего назначения с учетом электромагнитной совместимости технических средств.,ГОСТ,ГОСТ 33073-2014.pdf_Контроль и мониторинг качества электрической энергии в системах электроснабжения общего назначения.pdf,ГОСТ 33073-2014 Электрическая энергия. Совместимость технических средств электромагнитная. Контроль и мониторинг качества электрической энергии в системах электроснабжения общего назначения,"['электромагнитная совместимость', 'качество электрической энергии', 'системы электроснабжения', 'контроль и мониторинг']","['электрическая энергия', 'совместимость технических средств', 'электромагнитная совместимость', 'контроль качества', 'мониторинг качества', 'электроснабжение']",Русский,238,33073-2014,5,94.8,1.1,Введен впервые,ГОСТ 33073-2014.pdf_Контроль и мониторинг качества электрической энергии в системах электроснабжения общего назначения.pdf,Действующий,45
Керамзитобетонные блоки для устройства стен и внутренних перегородок зданий и сооружений различного назначения,Строительство,2019-11-01,2025-08-26T03:04:57.296364+00:00,"Стандарт устанавливает технические условия на стеновые керамзитобетонные блоки, предназначенные для возведения ограждающих конструкций и внутренних перегородок зданий и сооружений разнообразного назначения. Включает требования к материалам, методам контроля и нормам качества.",ГОСТ,ГОСТ 33126-2014_Блоки керамзитобетонные стеновые.pdf,ГОСТ 33126-2014 Блоки керамзитобетонные стеновые. Технические условия,"['технические условия', 'материалы и изделия строительные', 'методы контроля качества', 'керамзитобетон']","['керамзитобетонные блоки', 'стеновые блоки', 'технические условия', 'строительство', 'ограждающие конструкции', 'перегородки']",Русский,159,33126-2014,5,96.2,1.4,Переиздание 2019,ГОСТ 33126-2014_Блоки керамзитобетонные стеновые.pdf,Действующий,12
,Дороги автомобильные,2019-08,2025-08-26T03:05:00.485395+00:00,"Настоящий межгосударственный стандарт устанавливает метод определения растяжимости вязких нефтяных битумов, используемых для автомобильных дорог общего пользования. Стандарт разработан и введен в действие с 2015 года, с последними поправками 2017-2018 годов и переиздан в 2019 году.",ГОСТ,ГОСТ 33138-2014_Дороги автомобильные общего пользования Битумы нефтяные дорожные вязкие Метод определения растяжимости.pdf,Гост 33138-2014 Дороги автомобильные общего пользования. Битумы нефтяные дорожные вязкие. Метод определения растяжимости,"['метод испытаний', 'требования к средствам измерений', 'термины и определения', 'нормативные ссылки', 'требования безопасности и охраны окружающей среды']","['битумы нефтяные дорожные вязкие', 'метод определения растяжимости', 'дороги автомобильные общего пользования']",Русский,226,33138-2014,5,90.4,0.0,Издание с поправками,ГОСТ 33138-2014_Дороги автомобильные общего пользования Битумы нефтяные дорожные вязкие Метод определения растяжимости.pdf,Действующий,10
"Автоматизированные системы, используемые в различных сферах деятельности (управление, исследования, проектирование и т.п.)",Информационные технологии,2022-03,2025-08-26T03:05:04.055756+00:00,"Стандарт устанавливает требования к видам, наименованию, комплектности и обозначению документов, разрабатываемых на стадиях создания автоматизированных систем. Применяется с 01.01.2022 взамен ГОСТ 34.201-89. Содержит поправку из ИУС N 3 2022 г.",ГОСТ,ГОСТ 34.201-2020 Информационные технологии (ИТ). Комплекс стандартов на автоматизированные системы.pdf,"ГОСТ 34.201-2020 Информационные технологии. Комплекс стандартов на автоматизированные системы. Виды, комплектность и обозначение документов при создании автоматизированных систем (Издание с Поправкой)","['виды документов', 'комплектность документов', 'обозначение документов', 'создание автоматизированных систем']","['автоматизированные системы', 'информационные технологии', 'стандарты', 'документация', 'создание автоматизированных систем']",русский,317,34.201-2020,5,90.2,0.0,с Поправкой (ИУС N 3 2022 г.),ГОСТ 34.201-2020 Информационные технологии (ИТ). Комплекс стандартов на автоматизированные системы.pdf,Действующий,9
Прокат арматурный для железобетонных конструкций,Железобетонные конструкции,2019-02,2025-08-26T03:05:07.511897+00:00,"Межгосударственный стандарт, устанавливающий технические условия на арматурный прокат для железобетонных конструкций. Введен в действие в Российской Федерации с 1 января 2018 года. Разработан на основе применения ГОСТ Р 52544—2006 и заменяет ГОСТ 5781—82 и ГОСТ 10884—94.",ГОСТ,ГОСТ 34028-2016_Прокат арматурный для железобетонных конструкций.pdf,ГОСТ 34028-2016 Прокат арматурный для железобетонных конструкций. Технические условия,"['Классификация', 'Термины и определения', 'Нормативные ссылки']","['Прокат арматурный', 'Железобетонные конструкции', 'Технические условия']",Русский,193,34028-2016,5,96.4,10.7,Переиздание. Февраль 2019 г.,ГОСТ 34028-2016_Прокат арматурный для железобетонных конструкций.pdf,Действующий,46
"Устройство систем отопления, горячего и холодного водоснабжения, их монтаж, испытания и пуск в эксплуатацию в жилых и общественных зданиях",Отопление,2018-02-01,2025-08-26T03:05:11.193691+00:00,"Стандарт устанавливает правила выполнения работ по устройству систем отопления, горячего и холодного водоснабжения, их монтажу, испытаниям и пуску в эксплуатацию в законченных строительством жилых и общественных зданиях.",ГОСТ,"ГОСТ 34059-2017 Инженерные сети зданий и сооружений внутренние. Устройство систем отопления, горячего и холодного водоснабжения.pdf","Гост 34059-2017 Инженерные сети зданий и сооружений внутренние. Устройство систем отопления, горячего и холодного водоснабжения. Общие технические требования","['технические требования', 'устройство инженерных систем', 'внутренние инженерные сети']","['системы отопления', 'горячее водоснабжение', 'холодное водоснабжение', 'монтаж', 'испытания', 'пуск в эксплуатацию']",русский,278,34059-2017,5,89.2,0.0,Введен впервые,"ГОСТ 34059-2017 Инженерные сети зданий и сооружений внутренние. Устройство систем отопления, горячего и холодного водоснабжения.pdf",Действующий,35
"Лифты, применяемые для выполнения работ по спасению людей, обнаружению и тушению пожара",Пожарная безопасность,2020-04-01,2025-08-26T03:05:14.846916+00:00,"Межгосударственный стандарт, устанавливающий общие и специальные требования безопасности к устройству и установке пассажирских лифтов, предназначенных для пожарных (лифты для пожарных). Документ включает модификации европейского стандарта EN 81-72:2015 и введён в действие в России с 1 марта 2019 года. Поправка к стандарту опубликована в 2020 году.",ГОСТ,ГОСТ 34305-2017 (EN 81-722015) Лифты пассажирские. Лифты для пожарных (с Поправкой).pdf,ГОСТ 34305-2017 (EN 81-72:2015) Лифты пассажирские. Лифты для пожарных (с Поправкой),"['требования безопасности', 'устройство и установка лифтов', 'специальные лифты для пожарных']","['лифты', 'пассажирские лифты', 'лифты для пожарных', 'требования безопасности', 'спасение людей', 'пожарная безопасность']",русский,197,34305-2017,5,94.0,27.9,Поправка 2020,ГОСТ 34305-2017 (EN 81-722015) Лифты пассажирские. Лифты для пожарных (с Поправкой).pdf,Действующий,12
"Системы, связанные с безопасностью зданий и сооружений",Безопасность функциональная,2022-01-01,2025-08-26T03:05:18.005997+00:00,"Межгосударственный стандарт, устанавливающий требования к функциональной безопасности систем, связанных с безопасностью зданий и сооружений. Введен в действие с 1 января 2022 года, заменяет ГОСТ Р 53195.3-2015. Включает требования системной функциональной безопасности согласно международным стандартам IEC и ISO/IEC.",ГОСТ,"ГОСТ 34332.3-2021 Безопасность функциональная систем, связанных с безопасностью зданий и сооружений. Требования к системам.pdf","ГОСТ 34332.3-2021 Безопасность функциональная систем, связанных с безопасностью зданий и сооружений. Часть 3. Требования к системам","['требования к системам функциональной безопасности', 'введение в действие стандарта', 'международные стандарты безопасности']","['функциональная безопасность', 'системы безопасности', 'здания и сооружения', 'требования к системам', 'межгосударственный стандарт']",Русский,171,34332.3-2021,5,93.7,45.9,Введен впервые,"ГОСТ 34332.3-2021 Безопасность функциональная систем, связанных с безопасностью зданий и сооружений. Требования к системам.pdf",Действующий,85
"Системы, связанные с безопасностью зданий и сооружений",Безопасность,2022-01-01,2025-08-26T03:05:21.311945+00:00,"Межгосударственный стандарт, устанавливающий требования к программному обеспечению функциональной безопасности систем, связанных с безопасностью зданий и сооружений. Введен в действие с 1 января 2022 года, заменяет ГОСТ Р 53195.4-2010. Стандарт подготовлен с учетом международных документов IEC 61508 и ISO/IEC Guide 51.",ГОСТ,"ГОСТ 34332.4-2021 Безопасность функциональная систем, связанных с безопасностью зданий и сооружений. Требования к программному обеспечению.pdf","ГОСТ 34332.4-2021 Безопасность функциональная систем, связанных с безопасностью зданий и сооружений. Часть 4. Требования к программному обеспечению","['функциональная безопасность', 'программное обеспечение', 'системы безопасности', 'межгосударственная стандартизация']","['безопасность функциональная', 'системы безопасности зданий', 'требования к программному обеспечению', 'межгосударственный стандарт', 'ГОСТ 34332.4-2021']",Русский,139,34332.4-2021,5,95.4,60.4,с Поправкой,"ГОСТ 34332.4-2021 Безопасность функциональная систем, связанных с безопасностью зданий и сооружений. Требования к программному обеспечению.pdf",Действующий,98
"Безопасность функциональная систем, связанных с безопасностью зданий и сооружений",Безопасность,2022-01-01,2025-08-26T03:05:24.862522+00:00,"Межгосударственный стандарт, устанавливающий меры по снижению риска и методы оценки для функциональной безопасности систем, связанных с безопасностью зданий и сооружений. Введен в действие с 1 января 2022 года, заменяя ГОСТ Р 53195.5-2010. В стандарте учитываются международные требования и нормы IEC 61508.",ГОСТ,"ГОСТ 34332.5-2021 Безопасность функциональная систем. Меры по снижению риска, методы оценки (изм. с 01.08.2023).pdf","ГОСТ 34332.5-2021 Безопасность функциональная систем, связанных с безопасностью зданий и сооружений. Часть 5. Меры по снижению риска, методы оценки","['функциональная безопасность', 'меры по снижению риска', 'оценка риска', 'системы безопасности зданий']","['функциональная безопасность', 'системы безопасности зданий', 'меры по снижению риска', 'методы оценки', 'межгосударственный стандарт']",Русский,596,34332.5-2021,5,87.2,1.3,с Поправками,"ГОСТ 34332.5-2021 Безопасность функциональная систем. Меры по снижению риска, методы оценки (изм. с 01.08.2023).pdf",Действующий,145
Системы эвакуационные фотолюминесцентные,Пожарная безопасность,2022-05-01,2025-08-26T03:05:28.187616+00:00,"Стандарт устанавливает общие технические условия для фотолюминесцентных эвакуационных систем, предназначенных для управления безопасной эвакуацией из зданий и сооружений. Документ разработан с учетом международного стандарта ISO 16069:2004 и применяется с 1 мая 2022 года взамен ГОСТ Р 12.2.143-2009.",ГОСТ,ГОСТ 34428-2018 Системы эвакуационные фотолюминесцентные. Общие технические условия (с Поправкой) (изм. на 13.03.2024).pdf,ГОСТ 34428-2018 Системы эвакуационные фотолюминесцентные. Общие технические условия,"['фотолюминесцентные эвакуационные системы', 'пожарная безопасность', 'технические требования']","['фотолюминесцентные системы', 'эвакуационные системы', 'пожарная безопасность', 'ISO 16069:2004', 'технические условия']",Русский,282,34428-2018,5,96.8,75.1,Поправка ИУС № 3-2024,ГОСТ 34428-2018 Системы эвакуационные фотолюминесцентные. Общие технические условия (с Поправкой) (изм. на 13.03.2024).pdf,Действующий,56
"Системы передачи извещений о пожаре, применяемые на территории Евразийского экономического союза",Пожарная безопасность,2023-07-01,2025-08-26T03:05:31.981076+00:00,"Стандарт устанавливает общие технические требования и методы испытаний систем передачи извещений о пожаре и их компонентов. Применяется при разработке, производстве и модернизации продукции на территории Евразийского экономического союза.",ГОСТ,ГОСТ 34701-2020 Системы передачи извещений о пожаре. Общие технические требования. Методы испытаний (изм. на 01.08.23).pdf,ГОСТ 34701-2020 Системы передачи извещений о пожаре. Общие технические требования. Методы испытаний,"['Технические требования систем передачи извещений о пожаре', 'Методы испытаний', 'Область применения', 'Нормативные ссылки']","['Пожарная безопасность', 'Системы передачи извещений о пожаре', 'Технические требования', 'Методы испытаний']",Русский,261,34701-2020,5,97.7,4.9,Поправка ИУС N 8-2023,ГОСТ 34701-2020 Системы передачи извещений о пожаре. Общие технические требования. Методы испытаний (изм. на 01.08.23).pdf,Действующий,22
"Силикатные кирпич, камни, блоки и плиты перегородочные, изготовляемые способом прессования увлажненной смеси из кремнеземистых материалов и извести с применением пигментов и легких заполнителей с последующим твердением в автоклаве. Применяются для кладки и облицовки стен жилых, общественных и производственных зданий и сооружений.",Строительные материалы,2015-10-01,2025-08-26T03:05:36.052804+00:00,"Межгосударственный стандарт, определяющий общие технические условия для силикатных кирпича, камней, блоков и плит перегородочных, изготовляемых прессованием смеси кремнеземистых материалов и извести с последующим автоклавным твердением. Стандарт устанавливает требования к изделиям, их применению и методы контроля характеристик.",ГОСТ,"ГОСТ 379-2015_Кирпич, камни, блоки и плиты перегородочные силикатные.pdf","ГОСТ 379-2015 Кирпич, камни, блоки и плиты перегородочные силикатные. Общие технические условия","['технические условия', 'материалы', 'методы испытаний', 'строительство']","['силикатные изделия', 'кирпич', 'камни', 'блоки', 'плиты перегородочные', 'прессование', 'гидротермальная обработка', 'автоклав', 'строительные материалы']",Русский,128,379-2015,5,89.0,12.6,Введен впервые,"ГОСТ 379-2015_Кирпич, камни, блоки и плиты перегородочные силикатные.pdf",Действующий,36
"Станционные и линейные сооружения установок проводной связи, радиорелейные станции, радиотрансляционные узлы проводного вещания, установки избирательной железнодорожной связи и антенны систем коллективного приема телевидения",Электротехника,1980-01-01,2025-08-26T03:05:40.316479+00:00,"Стандарт устанавливает нормы сопротивления заземляющих устройств для стационарных установок проводной связи, радиорелейных станций, радиотрансляционных узлов проводного вещания и антенн систем коллективного приема телевидения, а также требования к оборудованию защитных заземляющих устройств для обеспечения нормальной работы и безопасности персонала.",ГОСТ,ГОСТ 464-79_Заземления для стационарных установок нормы сопротивления.pdf,"Гост 464-79 Заземления для стационарных установок проводной связи, радиорелейных станций, радиотрансляционных узлов проводного вещания и антенн систем коллективного приема телевидения. Нормы сопротивления","['нормы сопротивления', 'заземляющие устройства', 'защитное и рабочее заземление', 'оборудование предприятий связи', 'требования безопасности']","['заземления', 'сопротивление', 'проводная связь', 'радиорелейные станции', 'радиотрансляционные узлы', 'антенны', 'системы коллективного приема телевидения', 'защитное заземление', 'рабоче-защитное заземляющее устройство']",Русский,285,464-79,5,90.8,29.4,Изм. № 2,ГОСТ 464-79_Заземления для стационарных установок нормы сопротивления.pdf,Действующий,14
Методы лабораторного определения физических характеристик грунтов,Строительство,2019-02,2025-08-26T03:05:42.965372+00:00,"Межгосударственный стандарт ГОСТ 5180-2015 устанавливает методы лабораторного определения физических характеристик грунтов. Стандарт охватывает процедуры определения влажности, пластичности и других физических свойств грунтов, а также содержание мерзлых грунтов.",ГОСТ,ГОСТ 5180-2015_Грунты Методы лабораторного определения физических характеристик.pdf,ГОСТ 5180-2015 Грунты Методы лабораторного определения физических характеристик,"['лабораторные методы', 'физические характеристики грунтов', 'влажность', 'пределы пластичности', 'метод балансирного конуса']","['грунты', 'методы лабораторного определения', 'физические характеристики', 'влажность грунта', 'предел пластичности', 'мерзлый грунт']",русский,202,5180-2015,5,96.8,0.0,Переиздание 2019,ГОСТ 5180-2015_Грунты Методы лабораторного определения физических характеристик.pdf,Действующий,23
"Сварные соединения из сталей и сплавов на железоникелевой и никелевой основах, выполняемые ручной дуговой сваркой",Сварка,2010-11,2025-08-26T03:05:46.788538+00:00,"Стандарт устанавливает основные типы, конструктивные элементы и размеры сварных соединений из сталей и сплавов на железоникелевой и никелевой основах, выполняемых ручной дуговой сваркой. Стандарт не распространяется на сварные соединения стальных трубопроводов по ГОСТ 16037-80.",ГОСТ,"ГОСТ 5264-80_Ручная дуговая сварка. Соединения сварные Основные типы, конструктивные элементы и размеры.pdf","ГОСТ 5264-80 Ручная дуговая сварка. Соединения сварные. Основные типы, конструктивные элементы и размеры","['типы сварных соединений', 'конструктивные элементы', 'размеры сварных соединений', 'стали и сплавы', 'ручная дуговая сварка']","['ручная дуговая сварка', 'сварные соединения', 'конструктивные элементы', 'сварные швы', 'стали', 'сплавы']",русский,255,5264-80,5,16.2,0.0,"Изменение № 1, утвержденное в январе 1989 г., Поправка 2009","ГОСТ 5264-80_Ручная дуговая сварка. Соединения сварные Основные типы, конструктивные элементы и размеры.pdf",Действующий,35
"Главным образом кладка и облицовка несущих и самонесущих стен и других элементов зданий и сооружений, а также кладка фундаментов, наружной части дымовых труб, промышленных и бытовых печей.",Строительство,2008-03-01,2025-08-26T03:05:54.505597+00:00,"Настоящий межгосударственный стандарт определяет технические требования, правила приемки и методы испытаний к кирпичу и камню керамическим, регулирует их применение в строительстве для кладки и облицовки стен и конструкций. Стандарт соответствует европейскому стандарту EN 771-1:2003 в части требований к плотности и теплотехническим свойствам.",ГОСТ,ГОСТ 530-2007_Кирпич и камень керамические.pdf,ГОСТ 530-2007 Кирпич и камень керамические. Общие технические условия,"['технические условия', 'требования к изделиям', 'методы испытаний', 'применение в строительстве']","['керамические кирпичи', 'керамические камни', 'технические условия', 'строительство', 'кладка', 'стены', 'испытания']",Русский,127,530-2007,5,94.1,0.0,Введен впервые,ГОСТ 530-2007_Кирпич и камень керамические.pdf,Действующий,40
Методы полевых испытаний грунтов сваями,Строительство,2020-06-23,2025-08-26T03:05:58.057284+00:00,"Межгосударственный стандарт ГОСТ 5686-2020 устанавливает методы полевых испытаний грунтов с использованием свай. Документ определяет требования, оборудование и процедуры для проведения испытаний грунтов динамической нагрузкой на сваи с целью оценки их характеристик.",ГОСТ,ГОСТ 5686-2020_Грунты Методы полевых испытаний сваями.pdf,ГОСТ 5686-2020 Грунты Методы полевых испытаний сваями,"['методы испытаний грунтов', 'испытания свай', 'строительные технологии']","['грунты', 'методы полевых испытаний', 'сваи', 'динамическая нагрузка', 'испытания грунтов']",русский,268,5686-2020,5,93.0,34.0,,ГОСТ 5686-2020_Грунты Методы полевых испытаний сваями.pdf,Действующий,51
Армирование железобетонных конструкций,Арматурная сталь,2006-01-01,2025-08-26T03:06:01.842876+00:00,"Стандарт устанавливает технические условия на горячекатаную круглую сталь гладкого и периодического профиля, предназначенную для армирования обычных и предварительно напряженных железобетонных конструкций. Включает классификацию по механическим свойствам, профили, массовые характеристики и нормы химического состава.",ГОСТ,ГОСТ 5781-82_Сталь горячекатаная для армирования железобетонных конструкций.pdf,ГОСТ 5781-82 Сталь Горячекатаная Для Армирования Железобетонных Конструкций Технические Условия,"['классификация арматурной стали', 'профили и размеры', 'механические свойства', 'массовые характеристики', 'нормы химического состава']","['горячекатаная сталь', 'арматура', 'железобетонные конструкции', 'технические условия', 'профили', 'механические свойства']",русский,199,5781-82,5,95.0,95.7,Изм. № 5,ГОСТ 5781-82_Сталь горячекатаная для армирования железобетонных конструкций.pdf,Действующий,12
Проволока из низкоуглеродистой стали холоднотянутая периодического профиля класса Вр-1 для армирования железобетонных конструкций,Железобетонные конструкции,1983-01-01,2025-08-26T03:06:05.901793+00:00,"Стандарт распространяется на холоднотянутую проволоку из низкоуглеродистой стали периодического профиля класса Вр-1, используемую для армирования железобетонных конструкций. В документе изложены основные параметры, размеры, технические требования, правила приемки и методы контроля проволоки.",ГОСТ,ГОСТ 6727-80_Проволока из низкоуглеродистой стали холоднотянутая для армирования железобетонных конструкций.pdf,ГОСТ 6727-80 Проволока из низкоуглеродистой стали холоднотянутая для армирования железобетонных конструкций. Технические условия,"['параметры проволоки', 'технические требования', 'механические свойства', 'правила приемки']","['проволока', 'низкоуглеродистая сталь', 'холоднотянутая', 'армирование', 'железобетонные конструкции', 'технические условия', 'механические свойства', 'приемка']",русский,228,6727-80,5,92.3,0.0,"Изм. № 1, 2, 3",ГОСТ 6727-80_Проволока из низкоуглеродистой стали холоднотянутая для армирования железобетонных конструкций.pdf,Действующий,7
Смеси бетонные,Строительство,2018-06,2025-08-26T03:06:10.195979+00:00,"Настоящий стандарт устанавливает технические условия для бетонных смесей, включая общие требования, эксплуатационные характеристики, производство и критерии соответствия. Стандарт основан на европейском стандарте EN 206-1:2000 и введен в действие в Российской Федерации с 1 января 2012 года.",ГОСТ,ГОСТ 7473-2010_Смеси бетонные.pdf,ГОСТ 7473—2010 Смеси бетонные. Технические условия,"['технические условия', 'эксплуатационные характеристики', 'производство', 'критерии соответствия']","['бетонные смеси', 'технические условия', 'строительство', 'EN 206-1:2000']",Русский,240,7473—2010,5,90.2,0.0,Переиздание июнь 2018,ГОСТ 7473-2010_Смеси бетонные.pdf,Действующий,24
"Пиломатериалы хвойных пород, предназначенные для использования в народном хозяйстве и экспорта, кроме резонансных и авиационных пиломатериалов",Материалы древесные,2013-12-01,2025-08-26T03:06:15.231362+00:00,"Стандарт устанавливает технические требования к пиломатериалам хвойных пород, используемым в народном хозяйстве и экспорте. Включает параметры, размеры, сортность и качество древесины, категории влажности и специальные требования для различных видов пиломатериалов.",ГОСТ,ГОСТ 8486-86_Пиломатериалы хвойных пород.pdf,ГОСТ 8486-86 Пиломатериалы хвойных пород. Технические условия,"['Технические требования', 'Параметры и размеры пиломатериалов', 'Качество древесины и сортность', 'Влажность и обработка', 'Область применения пиломатериалов']","['пиломатериалы', 'хвойные породы', 'технические условия', 'сортность пиломатериалов', 'качество древесины', 'влажность пиломатериалов', 'Антисептирование']",русский,178,8486-86,5,94.5,25.6,Изм. № 3,ГОСТ 8486-86_Пиломатериалы хвойных пород.pdf,Действующий,9
"Соединения из сталей, а также сплавов на железоникелевой и никелевой основах, выполняемых сваркой под флюсом",Сварка,2007-01-01,2025-08-26T03:06:21.319860+00:00,"Стандарт распространяется на сварные соединения из сталей и соответствующих сплавов, выполненные сваркой под флюсом. Устанавливает основные типы, конструктивные элементы и размеры сварных соединений. Не распространяется на стальные трубопроводы по ГОСТ 16037.",ГОСТ,"ГОСТ 8713-79_Сварка под флюсом Соединения сварные Основные типы, конструктивные элементы и размеры.pdf","ГОСТ 8713-79 Сварка под флюсом. Соединения сварные. Основные типы, конструктивные элементы и размеры","['типы сварных соединений', 'обозначения способов сварки под флюсом', 'конструктивные элементы сварных соединений']","['сварка под флюсом', 'соединения сварные', 'типы соединений', 'конструктивные элементы', 'размеры', 'стали', 'сплавы', 'автоматическая сварка', 'механизированная сварка']",русский,181,8713-79,5,27.7,56.2,"Изменения № 1, 2, 3 (январь 2007)","ГОСТ 8713-79_Сварка под флюсом Соединения сварные Основные типы, конструктивные элементы и размеры.pdf",Действующий,41
Песок для строительных работ,Строительные материалы,2019-02,2025-08-26T03:06:24.463755+00:00,"Данный стандарт устанавливает технические условия для песка, используемого в строительных работах. Включает требования к качеству песка, нормы приемки и методы контроля.",ГОСТ,ГОСТ 8736-2014_Песок для строительных работ.pdf,ГОСТ 8736-2014 Песок для строительных работ. Технические условия,"['технические требования', 'нормативные ссылки', 'термины и определения', 'правила приемки']","['песок', 'строительные работы', 'технические условия', 'качество', 'приемка']",Русский,250,8736-2014,5,82.7,0.0,Поправка (ИУС 10-2015),ГОСТ 8736-2014_Песок для строительных работ.pdf,Действующий,20
Автомобильные дороги и аэродромы,Строительство,2014-11-01,2025-08-26T03:06:29.703831+00:00,"Стандарт устанавливает технические условия на смеси асфальтобетонные и полимерасфальтобетонные, а также на асфальтобетон и полимерасфальтобетон, предназначенные для строительства и ремонта автомобильных дорог и аэродромов.",ГОСТ,ГОСТ 9128-2013_Смеси асфальтобетонные для Автомобильных дорог и Аэродромов.pdf,"ГОСТ 9128—2013 Смеси асфальтобетонные, полимерасфальтобетонные, асфальтобетон, полимерасфальтобетон для автомобильных дорог и аэродромов. Технические условия","['технические требования', 'приемка', 'методы контроля', 'транспортирование', 'хранение', 'гарантии изготовителя']","['асфальтобетонные смеси', 'полимерасфальтобон', 'автомобильные дороги', 'аэродромы', 'технические условия']",Русский,206,9128—2013,5,85.4,24.0,Взамен ГОСТ 9128—2009,ГОСТ 9128-2013_Смеси асфальтобетонные для Автомобильных дорог и Аэродромов.pdf,Действующий,55
Габариты железнодорожного подвижного состава и приближения строений,Железнодорожный транспорт,2024-05-01,2025-08-26T03:06:32.654516+00:00,"Межгосударственный стандарт, устанавливающий размеры габаритов железнодорожного подвижного состава и необходимые приближения строений для обеспечения безопасного движения поездов.",ГОСТ,ГОСТ 9238-2022_Габариты железнодорожного подвижного состава и приближения строений.pdf,ГОСТ 9238—2022 Габариты железнодорожного подвижного состава и приближения строений,"['габариты подвижного состава', 'приближения строений', 'безопасность движения']","['габариты', 'железнодорожный подвижной состав', 'приближения строений', 'железнодорожный транспорт']",русский,470,9238—2022,5,79.9,3.0,с Поправкой (ИУС № 2 2024 г),ГОСТ 9238-2022_Габариты железнодорожного подвижного состава и приближения строений.pdf,Действующий,214
Классификация по качеству круглых лесоматериалов хвойных пород,Лесоматериалы,2016-09-30,2025-08-26T03:06:39.293983+00:00,"Стандарт устанавливает технические условия на круглые лесоматериалы хвойных пород, включая классификацию по качеству круглых лесоматериалов таких пород, как ель, пихта, сосна, лиственница и дугласия. Документ разработан с учётом европейских стандартов EN 1927-1:2008, EN 1927-2:2008, EN 1927-3:2008 и введён в действие в России с 1 мая 2017 года.",ГОСТ,ГОСТ 9463-2016_Лесоматериалы круглые хвойных пород.pdf,ГОСТ 9463-2016 Лесоматериалы круглые хвойных пород. Технические условия,"['классификация лесоматериалов', 'технические условия', 'стандарты качества']","['лесоматериалы', 'круглые лесоматериалы', 'хвойные породы', 'технические условия', 'классификация по качеству']",Русский,153,9463-2016,5,91.9,0.0,Введен впервые,ГОСТ 9463-2016_Лесоматериалы круглые хвойных пород.pdf,Действующий,11
Ручная дуговая сварка конструкционных и теплоустойчивых сталей,Сварка,2008-05-01,2025-08-26T03:06:42.714550+00:00,"Стандарт распространяется на металлические покрытые электроды различных типов для ручной дуговой сварки углеродистых, низколегированных и легированных конструкционных и теплоустойчивых сталей с указанием механических свойств и химического состава наплавленного металла.",ГОСТ,ГОСТ 9467-75_Электроды покрытые металлические для ручной дуговой сварки конструкционных и теплоустойчивых сталей Типы.pdf,ГОСТ 9467-75 Электроды покрытые металлические для ручной дуговой сварки конструкционных и теплоустойчивых сталей. Типы,"['типы электродов', 'сварка конструкционных сталей', 'сварка теплоустойчивых сталей', 'механические свойства металлов', 'химический состав наплавленного металла']","['электроды покрытые металлические', 'ручная дуговая сварка', 'конструкционные стали', 'теплоустойчивые стали', 'механические свойства', 'химический состав']",Русский,2370,9467-75,5,12.5,0.0,Изм. 1,ГОСТ 9467-75_Электроды покрытые металлические для ручной дуговой сварки конструкционных и теплоустойчивых сталей Типы.pdf,Действующий,7
Железобетонные перемычки для зданий с кирпичными стенами,Строительство,2017-03-01,2025-08-26T03:06:46.802664+00:00,"Стандарт устанавливает технические условия для железобетонных перемычек, предназначенных для зданий с кирпичными стенами, включая типы, размеры, технические требования, методы контроля и испытаний, а также правила приемки, маркировки, транспортирования и хранения.",ГОСТ,ГОСТ 948-2016_Перемычки железобетонные для здании с кирпичными стенами.pdf,ГОСТ 948—2016 Перемычки Железобетонные Для Зданий С Кирпичными Стенами Технические Условия,"['типы и размеры перемычек', 'технические требования', 'приемка и комплектность', 'методы контроля и испытаний', 'маркировка и транспортирование']","['перемычки железобетонные', 'здания с кирпичными стенами', 'технические условия', 'контроль и испытания', 'маркировка', 'транспортирование', 'хранение']",русский,265,948—2016,5,80.6,1.9,Введен впервые,ГОСТ 948-2016_Перемычки железобетонные для здании с кирпичными стенами.pdf,Действующий,26
плиты перекрытий железобетонные многопустотные для зданий и сооружений,Отопление,2017-06-01,2025-08-26T03:06:50.144285+00:00,"Стандарт устанавливает технические условия на железобетонные многопустотные плиты перекрытий для зданий и сооружений, включая требования к приемке, методы контроля, транспортирование и хранение.",ГОСТ,ГОСТ 9561-2016_Плиты перекрытий железобетонные многопустотные для зданий и сооружений.pdf,ГОСТ 9561—2016 Плиты перекрытий железобетонные многопустотные для зданий и сооружений. Технические условия,"['технические требования', 'приемка плит', 'методы контроля', 'транспортирование', 'хранение']","['железобетонные плиты', 'многопустотные плиты', 'перекрытия', 'технические условия']",русский,246,9561—2016,5,91.6,0.0,,ГОСТ 9561-2016_Плиты перекрытий железобетонные многопустотные для зданий и сооружений.pdf,Действующий,23
"Теплоизоляционные плиты из минеральной ваты на синтетическом связующем, предназначенные для тепло- и звукоизоляции ограждающих строительных конструкций жилых, общественных и производственных зданий и сооружений, а также для тепловой изоляции промышленного оборудования с температурой от -60 °C до +400 °C.",Экспертиза строительства,2013-07-01,2025-08-26T03:06:55.927388+00:00,"Настоящий стандарт распространяется на теплоизоляционные плиты из минеральной ваты на синтетическом связующем с гидрофобизирующими добавками или без них, облицованные или необлицованные, предназначенные для тепло- и звукоизоляции ограждающих конструкций зданий и тепловой изоляции промышленного оборудования.",ГОСТ,ГОСТ 9573-2012_Плиты из минеральной ваты на синтетическом связующем теплоизоляционные.pdf,ГОСТ 9573-2012 Плиты из минеральной ваты на синтетическом связующем Теплоизоляционные. Технические условия,"['Технические условия', 'Теплоизоляционные плиты', 'Минеральная вата', 'Синтетическое связующее', 'Область применения', 'Нормативные ссылки']","['Плиты из минеральной ваты', 'Синтетическое связующее', 'Теплоизоляционные материалы', 'Теплоизоляция', 'Звукоизоляция', 'Строительные конструкции', 'Промышленное оборудование']",Русский,174,9573-2012,5,93.9,1.6,,ГОСТ 9573-2012_Плиты из минеральной ваты на синтетическом связующем теплоизоляционные.pdf,Действующий,12
Установление объектов стандартизации и общих положений при разработке и применении стандартов организаций в Российской Федерации,Стандартизация,2018-08,2025-08-26T03:06:59.949947+00:00,"Данный стандарт устанавливает объекты стандартизации и общие положения при разработке и применении стандартов организаций в Российской Федерации. Предназначен для применения организациями коммерческого, общественного, научного характера, а также саморегулируемыми организациями и техническими комитетами по стандартизации.",ГОСТ Р,ГОСТ Р 1.4-2004 Стандартизация в Российской Федерации. Стандарты организаций. Общие положения (изм. на 01.07.2005).pdf,ГОСТ Р 1.4-2004 Стандартизация в Российской Федерации. Стандарты организаций. Общие положения,"['объекты стандартизации', 'разработка стандартов', 'применение стандартов']","['стандартизация', 'стандарты организаций', 'техническое регулирование', 'ФГУП ВНИИстандарт', 'Федеральное агентство по техническому регулированию и метрологии']",Русский,209,1.4-2004,5,90.2,0.0,Переиздание 08.2018,ГОСТ Р 1.4-2004 Стандартизация в Российской Федерации. Стандарты организаций. Общие положения (изм. на 01.07.2005).pdf,Действующий,7
Изделия машиностроения всех отраслей промышленности,Конструкторская документация,2024-03-01,2025-08-26T03:07:03.390039+00:00,"Настоящий стандарт устанавливает основные требования к чертежам деталей, сборочным чертежам, монтажным чертежам и габаритным чертежам на стадии разработки рабочей конструкторской документации. Стандарт применяется в машиностроении всех отраслей промышленности.",ГОСТ Р,ГОСТ Р 2.109-2023 Единая система конструкторской документации (ЕСКД). Основные требования к чертежам.pdf,ГОСТ Р 2.109-2023 Единая система конструкторской документации. Основные требования к чертежам,"['требования к чертежам', 'детали', 'сборочные чертежи', 'монтажные чертежи', 'габаритные чертежи', 'рабочая конструкторская документация']","['Единая система конструкторской документации', 'Основные требования к чертежам', 'машиностроение', 'конструкторская документация']",Русский,244,2.109-2023,5,96.7,79.0,Введен впервые,ГОСТ Р 2.109-2023 Единая система конструкторской документации (ЕСКД). Основные требования к чертежам.pdf,Действующий,38
правила внесения изменений в конструкторские и технологические документы машиностроения всех отраслей промышленности,Единая система конструкторской документации,2024-03-01,2025-08-26T03:07:07.225041+00:00,"Стандарт устанавливает правила внесения изменений в конструкторские и технологические документы машиностроения, выполненные в бумажной или электронной форме. Документ применяется в машиностроительной промышленности и вводится с 1 марта 2024 года, заменяя ГОСТ 2.503-2013.",ГОСТ Р,ГОСТ Р 2.503-2023 Единая система конструкторской документации (ЕСКД). Правила внесения изменений.pdf,ГОСТ Р 2.503-2023 Единая система конструкторской документации. Правила внесения изменений,"['нормативные ссылки', 'правила внесения изменений', 'конструкторские документы', 'технологические документы']","['Единая система конструкторской документации', 'внесение изменений', 'конструкторская документация', 'технологическая документация', 'машиностроение']",русский,234,2.503-2023,5,89.1,77.9,Введен впервые,ГОСТ Р 2.503-2023 Единая система конструкторской документации (ЕСКД). Правила внесения изменений.pdf,Действующий,34
"Единая система конструкторской документации, эксплуатационные документы",Документация проектная,2021-04-01,2025-08-26T03:07:11.327373+00:00,"Стандарт устанавливает виды, комплектность и общие требования к выполнению эксплуатационных документов. Применяется в рамках единой системы конструкторской документации для стандартизации эксплуатационных документов.",ГОСТ Р,ГОСТ Р 2.601-2019 Единая система конструкторской документации (ЕСКД). Эксплуатационные документы (Переиздание).pdf,ГОСТ Р 2.601-2019 Единая система конструкторской документации. Эксплуатационные документы (Переиздание),"['виды документов', 'комплектность документов', 'требования к эксплуатации']","['Единая система конструкторской документации', 'эксплуатационные документы', 'стандартизация', 'комплектность', 'требования']",Русский,271,2.601-2019,5,93.5,81.8,Переиздание,ГОСТ Р 2.601-2019 Единая система конструкторской документации (ЕСКД). Эксплуатационные документы (Переиздание).pdf,Действующий,38
Эксплуатационные документы изделий машиностроения и приборостроения,Конструкторская документация,2020-02-01,2025-08-26T03:07:15.981966+00:00,"Стандарт устанавливает общие правила выполнения эксплуатационных документов изделий машиностроения и приборостроения, таких как руководство по эксплуатации, инструкция по монтажу, пуску, регулированию и обкатке изделия, формуляр, паспорт, этикетка и другие.",ГОСТ Р,ГОСТ Р 2.610-2019 Правила выполнения эксплуатационных документов.pdf,ГОСТ Р 2.610-2019 Единая система конструкторской документации. Правила выполнения эксплуатационных документов,"['правила выполнения документации', 'эксплуатационные документы', 'машиностроение', 'приборостроение']","['Единая система конструкторской документации', 'эксплуатационные документы', 'машиностроение', 'приборостроение', 'руководство по эксплуатации', 'инструкция по монтажу']",русский,306,2.610-2019,5,94.5,79.0,Введен впервые,ГОСТ Р 2.610-2019 Правила выполнения эксплуатационных документов.pdf,Действующий,56
Система проектной документации для строительства,Архитектура,2022-09-01,2025-08-26T03:07:19.559709+00:00,"Данный стандарт устанавливает назначение, область распространения, классификацию и правила обозначения национальных стандартов комплекса стандартов Системы проектной документации для строительства (СПДС), а также порядок их внедрения. Включает нормативные ссылки и основные термины.",ГОСТ Р,ГОСТ Р 21.001-2021 Система проектной документации для строительства. Общие положения.pdf,ГОСТ Р 21.001-2021 Система проектной документации для строительства. Общие положения,"['назначение стандартов', 'классификация стандартов', 'обозначение национальных стандартов', 'нормативные ссылки', 'термины и определения']","['Система проектной документации', 'Строительство', 'Стандартизация', 'Общие положения', 'СПДС']",Русский,177,21.001-2021,5,93.8,0.0,,ГОСТ Р 21.001-2021 Система проектной документации для строительства. Общие положения.pdf,Действующий,5
Проектная и рабочая документация для строительства объектов различного назначения,Проектная документация,2023-12-13,2025-08-26T03:07:22.806476+00:00,"Стандарт устанавливает основные требования к проектной и рабочей документации для строительства объектов различного назначения, включая строительство, реконструкцию, капитальный ремонт и техническое перевооружение объектов капитального строительства. Стандарт применяется с 01.01.2021 взамен ГОСТ Р 21.1101-2013 и включает поправки, опубликованные по состоянию на 13.12.2023.",ГОСТ Р,ГОСТ Р 21.101-2020 Основные требования к проектной и рабочей документации (с Поправкой).pdf,ГОСТ Р 21.101-2020 Система проектной документации для строительства. Основные требования к проектной и рабочей документации,"['требования к документации', 'строительные объекты', 'инженерные изыскания']","['проектная документация', 'рабочая документация', 'строительство', 'реконструкция', 'капитальный ремонт', 'техническое перевооружение']",Русский,230,21.101-2020,5,93.6,59.9,с Поправкой,ГОСТ Р 21.101-2020 Основные требования к проектной и рабочей документации (с Поправкой).pdf,Действующий,73
"Проектная документация для строительства и реконструкции объектов капитального строительства производственного и непроизводственного назначения. Системы водяного, воздушного, электрического и газового отопления зданий; системы естественной и механической вентиляции; кондиционирование воздуха; внутриплощадочные, внутриквартальные и внутренние тепловые сети.","Отопление, Вентиляция, Кондиционирование, Тепловые сети",2023-09-01,2025-08-26T03:07:30.001131+00:00,"Стандарт устанавливает единые правила выполнения и оформления проектной документации подраздела отопления, вентиляции, кондиционирования воздуха и тепловых сетей в рамках проектной документации для капитального строительства. Он применяется для строительства, реконструкции объектов и капитального ремонта, а также для проектной документации в цифровом формате с использованием технологий информационного моделирования.",ГОСТ Р,"ГОСТ Р 21.621-2023 СПДС. Правила выполнения проектной документации систем отопления, вентиляции, кондиционирования и тепловых сетей.pdf","Система проектной документации для строительства. Правила выполнения проектной документации систем отопления, вентиляции, кондиционирования и тепловых сетей","['правила выполнения проектной документации', 'отопление', 'вентиляция', 'кондиционирование воздуха', 'тепловые сети', 'инженерное оборудование', 'сети и системы инженерно-технического обеспечения']","['проектная документация', 'отопление', 'вентиляция', 'кондиционирование', 'тепловые сети', 'строительство', 'реконструкция', 'капитальный ремонт', 'информационное моделирование']",Русский,300,21.621-2023,5,76.8,91.3,Введен впервые,"ГОСТ Р 21.621-2023 СПДС. Правила выполнения проектной документации систем отопления, вентиляции, кондиционирования и тепловых сетей.pdf",Действующий,25
Проектирование объектов проводной связи,Связь,2021-01-01,2025-08-26T03:07:33.024350+00:00,Стандарт устанавливает состав и правила оформления рабочей документации проводных средств связи для объектов строительства различного назначения. Применяется при проектировании объектов проводной связи.,ГОСТ Р,ГОСТ Р 21.703-2020 Система проектной документации для строительства (СПДС). Правила выполнения рабочей документации проводных средств связи.pdf,ГОСТ Р 21.703-2020 Система проектной документации для строительства. Правила выполнения рабочей документации проводных средств связи,"['состав и оформление документации', 'термины и определения в области проводной связи', 'нормативные ссылки на стандарты']","['проводные средства связи', 'рабочая документация', 'система проектной документации для строительства', 'проектирование']",Русский,229,21.703-2020,5,92.9,5.4,Взамен ГОСТ Р 21.1703-2000,ГОСТ Р 21.703-2020 Система проектной документации для строительства (СПДС). Правила выполнения рабочей документации проводных средств связи.pdf,Действующий,39
,Безопасность в чрезвычайных ситуациях,2020-09-11,2025-08-26T03:07:35.515694+00:00,"Стандарт устанавливает термины и определения понятий в области безопасности в техногенных чрезвычайных ситуациях. Документ обязателен к применению во всех видах документации и литературы по безопасности в чрезвычайных ситуациях, входящих в сферу стандартизации и использования результатов этих работ.",ГОСТ Р,ГОСТ Р 22.0.05-2020_Безопасность в чрезвычайных ситуациях Техногенные чрезвычайные ситуации Термины и определения.pdf,ГОСТ Р 22.0.05—2020 Безопасность в чрезвычайных ситуациях. Техногенные чрезвычайные ситуации,"['термины и определения в области безопасности', 'техногенные чрезвычайные ситуации', 'правила применения стандарта']","['безопасность в чрезвычайных ситуациях', 'техногенные чрезвычайные ситуации', 'термины и определения', 'стандартизация']",Русский,313,22.0.05—2020,5,75.0,0.0,Введен впервые,ГОСТ Р 22.0.05-2020_Безопасность в чрезвычайных ситуациях Техногенные чрезвычайные ситуации Термины и определения.pdf,Действующий,12
Электроустановки низковольтные зданий,Электроустановки низковольтные,2012-07,2025-08-26T03:07:39.008718+00:00,"Стандарт устанавливает основные положения, оценку общих характеристик и определения для низковольтных электроустановок. Является модифицированной версией международного стандарта IEC 60364-1:2005 с дополнительными требованиями для учета нужд национальной экономики Российской Федерации.",ГОСТ Р,"ГОСТ Р 50571.1-2009_Электроустановки низковольтные Основные положения, оценка общих характеристик, Термины и определения.pdf","ГОСТ Р 50571.1-2009 Электроустановки низковольтные. Основные положения, оценка общих характеристик, определения","['низковольтные электроустановки', 'стандартизация', 'безопасность', 'оценка характеристик']","['низковольтные электроустановки', 'основные положения', 'оценка характеристик', 'определения', 'ГОСТ Р']",русский,310,50571.1-2009,5,94.9,5.5,Переиздание 2012,"ГОСТ Р 50571.1-2009_Электроустановки низковольтные Основные положения, оценка общих характеристик, Термины и определения.pdf",Действующий,42
"Автоматические установки (системы) водяного пожаротушения, предназначенные для локализации или тушения и ликвидации пожара и одновременно выполняющие функции автоматической пожарной сигнализации",Пожарная безопасность,1995-01-01,2025-08-26T03:07:45.173158+00:00,"Стандарт устанавливает общие технические требования и методы испытаний автоматических установок водяного пожаротушения. Он охватывает классификацию, комплектность, маркировку, упаковку, а также условия транспортирования и хранения таких установок.",ГОСТ Р,ГОСТ Р 50680-94_Установки водяного пожаротушения автоматические Общие технические требования. Методы испытаний.pdf,ГОСТ Р 50680—94 Установки водяного пожаротушения автоматические Общие технические требования Методы испытаний,"['общие технические требования', 'методы испытаний', 'классификация', 'комплектность', 'маркировка', 'упаковка', 'транспортирование', 'хранение']","['автоматические установки водяного пожаротушения', 'технические требования', 'методы испытаний', 'пожарная безопасность', 'автоматическая пожарная сигнализация']",русский,206,50680—94,5,93.0,0.0,Введен впервые,ГОСТ Р 50680-94_Установки водяного пожаротушения автоматические Общие технические требования. Методы испытаний.pdf,Действующий,20
Автоматические и ручные системы тревожной сигнализации для обеспечения безопасности людей и имущества,Пожарная безопасность,2012-07-01,2025-08-26T03:07:49.340715+00:00,"Стандарт устанавливает общие требования к проектированию, монтажу, наладке, испытаниям, эксплуатации и техническому обслуживанию систем тревожной сигнализации (систем охранной, охранно-пожарной сигнализации). Не распространяется на удаленные центры, объекты с особыми нормами, подвижные объекты, спецназначение и ядерно-опасные объекты.",ГОСТ Р,ГОСТ Р 50776-95 (МЭК 60839-1-41989) Системы тревожной сигнализации. Часть 1. Общие требования.pdf,"ГОСТ Р 50776-95 (МЭК 60839-1-4:1989) Системы тревожной сигнализации. Часть 1. Общие требования. Раздел 4. Руководство по проектированию, монтажу и техническому обслуживанию (с Изменениями N 1, 2)","['Проектирование систем', 'Монтаж систем', 'Техническое обслуживание', 'Эксплуатация систем']","['Системы тревожной сигнализации', 'Проектирование', 'Монтаж', 'Техническое обслуживание', 'Эксплуатация']",Русский,378,50776-95,5,92.2,0.0,"Изменения N 1, 2",ГОСТ Р 50776-95 (МЭК 60839-1-41989) Системы тревожной сигнализации. Часть 1. Общие требования.pdf,Действующий,24
"Автоматические установки (системы) пенного пожаротушения, предназначенные для локализации или тушения пожара и выполнения функций автоматической пожарной сигнализации",Пожарная безопасность,1996-01-01,2025-08-26T03:07:52.954764+00:00,"Стандарт устанавливает общие технические требования и методы испытаний для автоматических установок пенного пожаротушения, предназначенных для локализации или тушения пожара с функцией автоматической пожарной сигнализации. В документе приведена классификация установок, нормативные ссылки, определения и требования к испытаниям.",ГОСТ Р,ГОСТ Р 50800-98_Установки пенного пожаротушения автоматические Методы испытаний.pdf,ГОСТ Р 50800-98 Установки пенного пожаротушения автоматические. Общие технические требования. Методы испытаний,"['область применения', 'нормативные ссылки', 'определения', 'классификация', 'общие технические требования', 'методы испытаний']","['автоматические установки пенного пожаротушения', 'пожарная безопасность', 'технические требования', 'методы испытаний', 'автоматическая пожарная сигнализация']",Русский,216,50800-98,5,90.5,0.0,Введен впервые,ГОСТ Р 50800-98_Установки пенного пожаротушения автоматические Методы испытаний.pdf,Действующий,20
"Централизованные и модульные автоматические установки объемного газового пожаротушения; также используется при проектировании, монтаже, испытании и эксплуатации установок локального газового пожаротушения",Пожарная безопасность,1997-07-01,2025-08-26T03:07:56.828020+00:00,"Стандарт устанавливает общие технические требования и методы испытаний для автоматических установок газового пожаротушения. Он распространяется на централизованные и модульные установки, а также может применяться для локальных установок. Стандарт включает требования безопасности, охраны окружающей среды, комплектности, маркировки, упаковки и методы испытаний.",ГОСТ Р,ГОСТ Р 50969-96_ Установки газового пожаротушения автоматические. Методы испытаний.pdf,ГОСТ Р 50969-96 Установки газового пожаротушения автоматические. Общие технические требования. Методы испытаний,"['технические требования', 'методы проведения испытаний', 'требования безопасности', 'охрана окружающей среды', 'маркировка и упаковка', 'транспортирование и хранение']","['установки газового пожаротушения', 'автоматические установки', 'технические требования', 'методы испытаний', 'пожарная безопасность']",Русский,246,50969-96,5,90.1,0.0,Введен впервые,ГОСТ Р 50969-96_ Установки газового пожаротушения автоматические. Методы испытаний.pdf,Действующий,38
Узлы управления автоматических водяных и пенных спринклерных и дренчерных установок пожаротушения и их комплектующее оборудование,Пожарная безопасность,2003-07-01,2025-08-26T03:08:00.477438+00:00,Стандарт устанавливает общие технические требования и методы испытаний узлов управления и их комплектующего оборудования для автоматических водяных и пенных установок пожаротушения.,ГОСТ Р,ГОСТ Р 51052-2002_Установки водяного и пенного пожаротушения автоматические Узлы управления. Методы испытаний.pdf,Гост Р 51052-2002 Установки водяного и пенного пожаротушения автоматические Узлы управления Общие технические требования. Методы испытаний,"['общие технические требования', 'методы испытаний', 'классификация узлов управления', 'комплектующее оборудование', 'требования безопасности', 'правила приемки', 'транспортирование и хранение']","['пожаротушение', 'автоматические установки', 'узлы управления', 'методы испытаний', 'пожарная безопасность']",русский,106,51052-2002,5,98.8,0.0,,ГОСТ Р 51052-2002_Установки водяного и пенного пожаротушения автоматические Узлы управления. Методы испытаний.pdf,Действующий,45
установки порошкового пожаротушения автоматические,Пожарная безопасность,1998-07-01,2025-08-26T03:08:05.091877+00:00,"Стандарт устанавливает типы и основные параметры стационарных автоматических установок порошкового пожаротушения, предназначенных для подачи огнетушащего порошка в защищаемый объект для тушения или локализации пожара. Включает нормативные ссылки, определения, номенклатуру основных показателей и требования к применяемости параметров установок.",ГОСТ Р,ГОСТ Р 51091-97_Установки порошкового пожаротушения автоматические Типы и основные параметры .pdf,Гост Р 51091-97 Установки Порошкового Пожаротушения Автоматические Типы И Основные Параметры,"['типы установок', 'основные параметры', 'нормативные ссылки', 'область применения', 'определения']","['установки порошкового пожаротушения', 'автоматические установки', 'огнетушащий порошок', 'пожарная безопасность', 'тип', 'параметры']",русский,78,51091-97,5,94.6,4.1,Введен впервые,ГОСТ Р 51091-97_Установки порошкового пожаротушения автоматические Типы и основные параметры .pdf,Действующий,15
"Дозаторы эжекторного типа, предназначенные для дозирования пенообразователя в поток воды и устанавливаемые на обводной линии водяного насоса в дренчерных установках пенного пожаротушения",Пожарная безопасность,1999-01-01,2025-08-26T03:08:10.146033+00:00,"Стандарт устанавливает общие технические требования и методы испытаний для автоматических установок пенного пожаротушения, в частности для дозаторов эжекторного типа, применяемых для дозирования пенообразователя в поток воды. В документе содержатся требования безопасности, комплектность, правила приемки, маркировка и упаковка продукции.",ГОСТ Р,ГОСТ Р 51114-97_Установки пенного пожаротушения автоматические. Дозаторы. Методы испытаний.pdf,ГОСТ Р 51114-97 Установки пенного пожаротушения автоматические. Дозаторы. Общие технические требования. Методы испытаний,"['дозирование пенообразователя', 'требования безопасности', 'методы испытаний', 'маркировка и упаковка', 'правила приемки']","['установки пенного пожаротушения', 'автоматические дозаторы', 'общие технические требования', 'методы испытаний', 'пенообразователь', 'безопасность']",Русский,120,51114-97,5,96.4,0.0,,ГОСТ Р 51114-97_Установки пенного пожаротушения автоматические. Дозаторы. Методы испытаний.pdf,Действующий,15
"установки водяного и пенного пожаротушения автоматические, трубопроводные разъемные муфты для соединения труб диаметрами условного прохода от 25 до 200 мм",Пожарная безопасность,2002-07-01,2025-08-26T03:08:17.045197+00:00,"Стандарт распространяется на трубопроводные разъемные муфты для соединения труб установок водяного и пенного пожаротушения автоматических. В документе приведены общие технические требования к муфтам и методы их испытаний, включая параметры герметичности, механической прочности и устойчивости к вибрации.",ГОСТ Р,ГОСТ Р 51737-2001_ Установки водяного и пенного пожаротушения автоматические Муфты трубопроводные разъемные Методы испытаний.pdf,ГОСТ Р 51737-2001 Установки водяного и пенного пожаротушения автоматические Муфты трубопроводные разъемные Общие технические требования. Методы испытаний,"['технические требования муфт', 'испытания муфт', 'соединение труб', 'пожарная безопасность', 'автоматические системы пожаротушения']","['муфты трубопроводные разъемные', 'установки пожаротушения', 'водяное пожаротушение', 'пенное пожаротушение', 'технические требования', 'методы испытаний', 'герметичность', 'нагрузка', 'вибрация']",русский,96,51737-2001,5,98.9,0.0,Введен впервые,ГОСТ Р 51737-2001_ Установки водяного и пенного пожаротушения автоматические Муфты трубопроводные разъемные Методы испытаний.pdf,Действующий,8
"Правила безопасности по устройству и установке пассажирских лифтов, в том числе специальные применения для лифтов для пожарных",Пожарная безопасность,2012-11,2025-08-26T03:08:22.066477+00:00,"Стандарт устанавливает правила безопасности для конструкции и установки пассажирских лифтов, включая специальные применения для лифтов для пожарных. Модифицирован по отношению к европейскому стандарту EN 81-72:2003, реализует требования технического регламента о безопасности лифтов. Включает дополнительные положения для нужд национальной экономики РФ.",ГОСТ Р,ГОСТ Р 52382-2010_Лифты пассажирские Лифты для пожарных.pdf,ГОСТ Р 52382-2010 Лифты пассажирские. Лифты для пожарных,"['конструкция лифтов', 'установка лифтов', 'требования безопасности', 'лифты для пожарных']","['лифты пассажирские', 'лифты для пожарных', 'правила безопасности', 'технический регламент', 'EN 81-72:2003', 'пожарная безопасность']",русский,151,52382-2010,5,93.3,17.4,Переиздание. Ноябрь 2011 г.,ГОСТ Р 52382-2010_Лифты пассажирские Лифты для пожарных.pdf,Действующий,16
Болты высокопрочные для металлических конструкций,Крепежные изделия,2006-12-27,2025-08-26T03:08:27.703886+00:00,"Стандарт устанавливает технические условия на болты высокопрочные с шестигранной головкой с увеличенным размером под ключ для металлических конструкций, модифицированный по отношению к международному стандарту ISO 7411:1984 с техническими отклонениями.",ГОСТ Р,ГОСТ Р 52644-2006_Болты высокопрочные с шестигранной головкой с увеличенным размером под ключ для металлических конструкций.pdf,Гост Р 52644—2006 Болты высокопрочные с шестигранной головкой с увеличенным размером под ключ для металлических конструкций,"['конструкция болтов', 'технические требования', 'обеспечение затяжки']","['болты высокопрочные', 'шестигранная головка', 'металлические конструкции', 'технические условия', 'ISO 7411:1984']",Русский,403,52644—2006,5,82.5,9.4,Введен впервые,ГОСТ Р 52644-2006_Болты высокопрочные с шестигранной головкой с увеличенным размером под ключ для металлических конструкций.pdf,Действующий,29
Здания и сооружения,Безопасность функциональная,2010-01-01,2025-08-26T03:08:30.845759+00:00,"Настоящий стандарт устанавливает общие положения по функциональной безопасности систем, связанных с безопасностью зданий и сооружений. Документ регулирует требования и методы обеспечения безопасности строительных объектов и их инженерных систем для снижения рисков и поддержания приемлемого уровня безопасности в период эксплуатации.",ГОСТ Р,ГОСТ Р 53195.1-2008 Безопасность функциональная связанных с безопасностью зданий и сооружений систем. Основные положения.pdf,ГОСТ Р 53195.1-2008 Безопасность функциональная связанных с безопасностью зданий и сооружений систем. Часть 1. Основные положения,"['технические системы строительных объектов', 'меры снижения риска', 'технические средства безопасности']","['функциональная безопасность', 'здания', 'сооружения', 'системы безопасности', 'инженерные системы', 'риски', 'эксплуатация']",русский,315,53195.1-2008,5,90.5,10.0,Введен впервые,ГОСТ Р 53195.1-2008 Безопасность функциональная связанных с безопасностью зданий и сооружений систем. Основные положения.pdf,Действующий,33
связанных с безопасностью зданий и сооружений систем,Безопасность функциональная,2010-01-01,2025-08-26T03:08:34.445389+00:00,"Стандарт регулирует функциональную безопасность систем, связанных с безопасностью зданий и сооружений, устанавливает общие требования к таким системам. Стандарт учитывает международные нормы безопасности и предназначен для применения в строительном производстве для обеспечения приемлемого уровня риска в эксплуатации объектов.",ГОСТ Р,ГОСТ Р 53195.2-2008 Безопасность функциональная связанных с безопасностью зданий и сооружений систем. Общие требования.pdf,ГОСТ Р 53195.2-2008 Безопасность функциональная связанных с безопасностью зданий и сооружений систем. Часть 2. Общие требования,"['функциональная безопасность', 'требования к системам безопасности зданий', 'международные стандарты IEC 61508', 'снижение риска', 'строительство']","['функциональная безопасность', 'системы безопасности', 'здания и сооружения', 'технические средства снижения риска', 'эксплуатация объектов']",русский,292,53195.2-2008,5,95.3,3.4,Введен впервые,ГОСТ Р 53195.2-2008 Безопасность функциональная связанных с безопасностью зданий и сооружений систем. Общие требования.pdf,Действующий,38
"Функциональная безопасность систем, связанных с безопасностью зданий и сооружений",Безопасность,2016-01-01,2025-08-26T03:08:37.894728+00:00,"Стандарт устанавливает требования к функциональной безопасности систем, связанных с безопасностью зданий и сооружений. Включает нормы требований к системам, документации, и управлению функциональной безопасностью, основываясь на международных стандартах IEC 61508-2:2010, IEC 61508-4:2010 и ISO/IEC Guide 51:2014.",ГОСТ Р,ГОСТ Р 53195.3-2015_Безопасность функциональная связанных с безопасностью зданий и сооружений систем Требования к системам.pdf,ГОСТ Р 53195.3-2015 Безопасность функциональная связанных с безопасностью зданий и сооружений систем. Часть 3. Требования к системам,"['требования к системам', 'функциональная безопасность', 'документация', 'управление безопасностью']","['функциональная безопасность', 'системы безопасности', 'здания', 'сооружения', 'требования к системам']",русский,202,53195.3-2015,5,96.5,46.7,Введен впервые,ГОСТ Р 53195.3-2015_Безопасность функциональная связанных с безопасностью зданий и сооружений систем Требования к системам.pdf,Действующий,69
Связанные с безопасностью зданий и сооружений системы,Безопасность функциональная,2018-10,2025-08-26T03:08:41.209898+00:00,"Стандарт устанавливает требования к программному обеспечению систем, связанных с безопасностью зданий и сооружений. В стандарте учтены международные стандарты IEC 61508-3:2010, IEC 61508-4:2010 и ISO/IEC Guide 51:1999. Документ введен впервые и переиздан в октябре 2018 года.",ГОСТ Р,ГОСТ Р 53195.4-2010_Безопасность функциональная связанных с безопасностью зданий и сооружений систем Требования к программному обеспечению.pdf,ГОСТ Р 53195.4-2010 Безопасность функциональная связанных с безопасностью зданий и сооружений систем Часть 4 Требования к программному обеспечению,"['требования к программному обеспечению', 'функциональная безопасность', 'нормативные ссылки', 'термины и определения']","['функциональная безопасность', 'программное обеспечение', 'системы безопасности', 'здания', 'сооружения', 'ГОСТ Р 53195.4-2010']",Русский,119,53195.4-2010,5,97.3,0.0,Переиздание 2018,ГОСТ Р 53195.4-2010_Безопасность функциональная связанных с безопасностью зданий и сооружений систем Требования к программному обеспечению.pdf,Действующий,41
,Пожарная безопасность,2011-01-01,2025-08-26T03:08:44.450544+00:00,"Стандарт устанавливает меры по снижению риска и методы оценки функциональной безопасности систем, связанных с безопасностью зданий и сооружений. Включает нормативные положения международных стандартов МЭК 61508-4:2010, МЭК 61508-7:2010 и руководство ИСО/МЭК 51:1999.",ГОСТ Р,"ГОСТ Р 53195.5-2010_Безопасность функциональная связанных с безопасностью зданий и сооружений систем Меры по снижению риска, методы оценки.pdf","ГОСТ Р 53195.5-2010 Безопасность функциональная связанных с безопасностью зданий и сооружений систем. Часть 5. Меры по снижению риска, методы оценки","['функциональная безопасность', 'методы оценки риска', 'механизмы снижения риска']","['функциональная безопасность', 'системы безопасности', 'здания и сооружения', 'методы оценки', 'снижение риска']",русский,692,53195.5-2010,5,89.9,7.1,Введен впервые,"ГОСТ Р 53195.5-2010_Безопасность функциональная связанных с безопасностью зданий и сооружений систем Меры по снижению риска, методы оценки.pdf",Действующий,86
"Структурированные кабельные системы (СКС), обслуживающие типы коммерческих зданий и поддерживающие работу разнообразных приложений",Информационные технологии,2010-01-01,2025-08-26T03:08:48.904772+00:00,"Стандарт устанавливает общие требования проектирования основных элементов структурированной кабельной системы на основе витой пары проводников и волоконно-оптических компонентов. Распространяется на СКС, способные обслуживать различные типы коммерческих зданий, поддерживая работу приложений для передачи речи, данных, текстов, изображений и видео.",ГОСТ Р,ГОСТ Р 53246-2008 ИТ. Системы кабельные структурированные. Проектирование основных узлов системы. Общие требования.pdf,ГОСТ Р 53246-2008 Информационные технологии. Системы кабельные структурированные. Проектирование основных узлов системы. Общие требования,"['структурированная кабельная система', 'проектирование основных узлов', 'технические требования']","['структурированные кабельные системы', 'проектирование', 'вита пара', 'волоконно-оптические компоненты']",русский,594,53246-2008,5,89.8,1.8,Введен впервые,ГОСТ Р 53246-2008 ИТ. Системы кабельные структурированные. Проектирование основных узлов системы. Общие требования.pdf,Действующий,88
"Металлические пожарные маршевые и вертикальные лестницы, площадки и ограждения к ним, устанавливаемые стационарно снаружи жилых, промышленных, общественных зданий и сооружений",Пожарная безопасность,2019-10,2025-08-26T03:08:52.590692+00:00,"Стандарт устанавливает типы, основные параметры и размеры, общие технические требования, методы испытаний, правила и порядок оценки качества наружных пожарных лестниц и ограждений кровли, применяемых для эвакуации и обеспечения безопасности при пожаротушении.",ГОСТ Р,ГОСТ Р 53254-2009 Техника пожарная. Лестницы пожарные наружные стационарные. Ограждения кровли.pdf,ГОСТ Р 53254-2009 Техника Пожарная. Лестницы Пожарные Наружные Стационарные. Ограждения Кровли. Общие Технические Требования. Методы Испытаний (Переиздание),"['типология лестниц', 'параметры и размеры', 'технические требования', 'методы испытаний', 'оценка качества']","['пожарные лестницы', 'наружные лестницы', 'ограждения кровли', 'технические требования', 'методы испытаний']",русский,89,53254-2009,5,98.6,2.4,Переиздание,ГОСТ Р 53254-2009 Техника пожарная. Лестницы пожарные наружные стационарные. Ограждения кровли.pdf,Действующий,15
"Газовые огнетушащие вещества, применяемые в автоматических установках пожаротушения",Пожарная безопасность,2009-05-01,2025-08-26T03:08:55.618639+00:00,"Стандарт устанавливает методы испытаний газовых огнетушащих веществ, предназначенных для применения в автоматических установках пожаротушения для ликвидации горения. Включает методы определения минимальной огнетушащей концентрации.",ГОСТ Р,ГОСТ Р 53280.3-2009_Установки пожаротушения автоматические. Огнетушащие вещества. Часть 3. Газовые огнетушащие вещества.pdf,ГОСТ Р 53280.3—2009 Установки Пожаротушения Автоматические. Огнетушащие Вещества. Часть 3. Газовые Огнетушащие Вещества. Методы Испытаний,"['газовые огнетушащие вещества', 'методы испытаний', 'минимальная огнетушащая концентрация']","['автоматические установки пожаротушения', 'огнетушащие вещества', 'газовые огнетушащие вещества', 'методы испытаний', 'минимальная огнетушащая концентрация']",русский,329,53280.3—2009,5,90.2,0.0,Введен впервые,ГОСТ Р 53280.3-2009_Установки пожаротушения автоматические. Огнетушащие вещества. Часть 3. Газовые огнетушащие вещества.pdf,Действующий,12
"Огнетушащие порошки общего назначения, предназначенные для тушения пожаров классов А, В, С, Е",Пожарная безопасность,2009-05-01,2025-08-26T03:08:59.001838+00:00,"Стандарт устанавливает общие технические требования и методы испытаний для автоматических установок пожаротушения с огнетушащими порошками общего назначения, предназначенными для тушения пожаров классов А, В, С, Е.",ГОСТ Р,ГОСТ Р 53280.4-2009_Установки пожаротушения автоматические. Огнетушащие вещества. Часть 4. Порошки огнетушащие общего назначения.pdf,ГОСТ Р 53280.4—2009 Установки пожаротушения автоматические. Огнетушащие вещества. Часть 4. Порошки огнетушащие общего назначения. Общие технические требования и методы испытаний,"['огнетушащие порошки', 'тушение пожаров', 'технические требования', 'испытания']","['установки пожаротушения', 'автоматические', 'огнетушащие вещества', 'порошки', 'технические требования', 'методы испытаний', 'пожарная безопасность']",Русский,246,53280.4—2009,5,94.8,2.3,Введен впервые,ГОСТ Р 53280.4-2009_Установки пожаротушения автоматические. Огнетушащие вещества. Часть 4. Порошки огнетушащие общего назначения.pdf,Действующий,16
"огнетушащие порошки специального назначения для автоматических и других средств тушения металлов, их соединений, горючих и легковоспламеняющихся жидкостей",Пожарная безопасность,2009-05-01,2025-08-26T03:09:03.524831+00:00,"Стандарт устанавливает классификацию, общие технические требования и методы испытаний порошков огнетушащих специального назначения, предназначенных для применения в автоматических установках пожаротушения и других средствах для тушения металлов, их соединений, горючих и легковоспламеняющихся жидкостей.",ГОСТ Р,ГОСТ Р 53280.5-2009_Установки пожаротушения автоматические. Огнетушащие вещества. Часть 5. Порошки огнетушащие специального назначения.pdf,"ГОСТ Р 53280.5—2009 Установки пожаротушения автоматические. Огнетушащие вещества. Часть 5. Порошки огнетушащие специального назначения. Классификация, общие технические требования и методы испытаний","['установки пожаротушения', 'огнетушащие вещества', 'классификация', 'технические требования', 'методы испытаний']","['порошки огнетушащие специального назначения', 'автоматические установки пожаротушения', 'огнетушащие вещества', 'классификация', 'технические требования', 'методы испытаний']",русский,329,53280.5—2009,5,93.0,11.4,Введен впервые,ГОСТ Р 53280.5-2009_Установки пожаротушения автоматические. Огнетушащие вещества. Часть 5. Порошки огнетушащие специального назначения.pdf,Действующий,14
"Модули и батареи газового пожаротушения, применяемые в автоматических установках для хранения и выпуска огнетушащего вещества",Пожарная безопасность,2010-01-01,2025-08-26T03:09:07.721126+00:00,"Стандарт устанавливает общие технические требования и методы испытаний для модулей и батарей автоматических установок газового пожаротушения, используемых для хранения и выпуска огнетушащего вещества. Не распространяется на модули и батареи для противопожарной защиты транспортных средств.",ГОСТ Р,ГОСТ Р 53281-2009_Установки газового пожаротушения автоматические Модули и батареи.pdf,ГОСТ Р 53281-2009 Установки газового пожаротушения автоматические. Модули и батареи. Общие технические требования. Методы испытаний,"['область применения', 'нормативные ссылки', 'термины и определения', 'общие технические требования', 'требования безопасности', 'правила проведения испытаний', 'методы испытаний']","['автоматические установки газового пожаротушения', 'модули и батареи', 'технические требования', 'методы испытаний', 'огнетушащее вещество']",русский,181,53281-2009,5,94.9,0.0,Введен впервые,ГОСТ Р 53281-2009_Установки газового пожаротушения автоматические Модули и батареи.pdf,Действующий,16
"Изотермические пожарные резервуары, применяемые в автоматических установках газового пожаротушения для хранения и подачи двуокиси углерода, азота или аргона в сжиженном состоянии",Пожарная безопасность,2019-07,2025-08-26T03:09:12.294170+00:00,"Стандарт устанавливает общие технические требования и методы испытаний для изотермических пожарных резервуаров, используемых в автоматических установках газового пожаротушения для хранения и подачи сжиженных газов: двуокиси углерода, азота и аргона. Введен впервые в 2010 году и переиздан в июле 2019 года.",ГОСТ Р,ГОСТ Р 53282-2009_Установки газового пожаротушения автоматические Резервуары изотермические пожарные.pdf,ГОСТ Р 53282-2009 Установки газового пожаротушения автоматические. Резервуары изотермические пожарные. Общие технические требования. Методы испытаний,"['технические требования к резервуарам', 'методы испытаний', 'безопасность', 'испытания']","['установки газового пожаротушения', 'резервуары изотермические пожарные', 'технические требования', 'методы испытаний', 'двуокись углерода', 'азот', 'аргон']",Русский,206,53282-2009,5,96.7,0.0,Переиздание 2019,ГОСТ Р 53282-2009_Установки газового пожаротушения автоматические Резервуары изотермические пожарные.pdf,Действующий,15
Распределительные устройства для пропуска газового огнетушащего вещества из автоматической установки газового пожаротушения по направлениям подачи в один из нескольких защищаемых объектов,Пожарная безопасность,2009-02-18,2025-08-26T03:09:15.814846+00:00,"Стандарт устанавливает основные параметры распределительных устройств автоматических установок газового пожаротушения, общие технические требования к устройствам и методы их испытаний. Стандарт не распространяется на устройства для противопожарной защиты транспортных средств и используется при разработке новых и модернизации существующих устройств.",ГОСТ Р,ГОСТ Р 53283-2009_Установки газового пожаротушения автоматические Устройства распределительные.pdf,Гост Р 53283-2009 Установки Газового Пожаротушения Автоматические Устройства Распределительные Общие Технические Требования. Методы Испытаний,"['пожаротушение', 'технические требования', 'испытания']","['автоматические установки газового пожаротушения', 'распределительные устройства', 'технические требования', 'методы испытаний', 'газовое огнетушащее вещество']",русский,172,53283-2009,5,92.9,3.6,Введен впервые,ГОСТ Р 53283-2009_Установки газового пожаротушения автоматические Устройства распределительные.pdf,Действующий,16
Автоматические установки порошкового пожаротушения. Модули,Пожарная безопасность,2009-02-18,2025-08-26T03:09:19.643952+00:00,"Стандарт устанавливает общие технические требования и методы испытаний для автоматических установок порошкового пожаротушения, их модулей. Документ направлен на обеспечение безопасности и эффективности при использовании таких установок.",ГОСТ Р,ГОСТ Р 53286-2009_Техника пожарная Установки порошкового пожаротушения автоматические.модули .pdf,ГОСТ Р 53286—2009 Техника пожарная Установки порошкового пожаротушения автоматические. Модули. Общие технические требования. Методы испытаний,"['нормативные ссылки', 'термины и определения', 'классификация', 'технические требования', 'требования безопасности', 'приемка', 'методы испытаний', 'маркировка', 'упаковка', 'транспортирование и хранение']","['пожарная безопасность', 'установки порошкового пожаротушения', 'автоматические установки', 'модули', 'технические требования', 'методы испытаний']",русский,134,53286—2009,5,97.0,0.0,Введен впервые,ГОСТ Р 53286-2009_Техника пожарная Установки порошкового пожаротушения автоматические.модули .pdf,Действующий,24
"Установки водяного и пенного пожаротушения автоматические, модульные установки пожаротушения тонкораспыленной водой автоматические",Пожарная безопасность,2019-11,2025-08-26T03:09:24.257827+00:00,"Стандарт устанавливает общие технические требования и методы испытаний для автоматических установок водяного и пенного пожаротушения, в том числе модульных установок пожаротушения тонкораспыленной водой.",ГОСТ Р,ГОСТ Р 53288-2009_Установки водяного и пенного пожаротушения автоматические Модульные тонкораспыленной водой автоматические.pdf,Гост Р 53288-2009 Установки водяного и пенного пожаротушения автоматические. Модульные установки пожаротушения тонкораспыленной водой автоматические. Общие технические требования. Методы испытаний,"['технические требования', 'методы испытаний', 'безопасность']","['установки водяного пожаротушения', 'пенные пожаротушение', 'автоматические установки', 'модульные установки пожаротушения', 'тонкораспыленная вода', 'технические требования', 'методы испытаний']",Русский,143,53288-2009,5,94.0,3.0,Переиздание,ГОСТ Р 53288-2009_Установки водяного и пенного пожаротушения автоматические Модульные тонкораспыленной водой автоматические.pdf,Действующий,19
"Методы огневых испытаний водяных спринклерных оросителей для подвесных потолков (скрытых, потайных и углубленных)",Пожарная безопасность,2010-01-01,2025-08-26T03:09:27.706240+00:00,"Стандарт устанавливает методы огневых испытаний автоматических водяных спринклерных оросителей для подвесных потолков, включая скрытые, потайные и углубленные типы. Определяет области применения, условия и проведение испытаний, обработку результатов, а также требования безопасности.",ГОСТ Р,ГОСТ Р 53289-2009_Установки водяного пожаротушения автоматические Оросители спринклерные для подвесных потолков Огневые испытания.pdf,ГОСТ Р 53289-2009 Установки водяного пожаротушения автоматические Оросители спринклерные для подвесных потолков Огневые испытания,"['методы испытаний', 'пожарная безопасность', 'спринклерные системы', 'огнестойкость']","['водяное пожаротушение', 'спринклерные оросители', 'подвесные потолки', 'огневые испытания', 'автоматические установки']",русский,144,53289-2009,5,91.7,0.0,Введен впервые,ГОСТ Р 53289-2009_Установки водяного пожаротушения автоматические Оросители спринклерные для подвесных потолков Огневые испытания.pdf,Действующий,11
Огнезащитные составы и вещества для древесины и материалов на ее основе,Пожарная безопасность,2019-10-01,2025-08-26T03:09:31.516523+00:00,"Стандарт устанавливает общие требования к огнезащитным составам и веществам для древесины и материалов на ее основе, а также методы их испытаний. Предназначен для определения огнезащитных свойств, разработки технической документации, сертификации и контроля качества огнезащитных составов.",ГОСТ Р,ГОСТ Р 53292-2009 Огнезащитные составы и вещества для древесины и материалов на ее основе. Общие требования. Методы испытаний.pdf,ГОСТ Р 53292-2009 Огнезащитные составы и вещества для древесины и материалов на ее основе. Общие требования. Методы испытаний,"['огнезащитная эффективность', 'антипирены', 'обработка древесины', 'испытательные методы']","['огнезащитные составы', 'огнезащитные вещества', 'древесина', 'испытания', 'сертификация']",Русский,338,53292-2009,5,96.6,5.3,Переиздание,ГОСТ Р 53292-2009 Огнезащитные составы и вещества для древесины и материалов на ее основе. Общие требования. Методы испытаний.pdf,Действующий,18
"Пожарная безопасность веществ, материалов и средств огнезащиты, применение термического анализа для идентификации и испытаний на пожарную опасность",Пожарная безопасность,2019-10,2025-08-26T03:09:34.944829+00:00,"Стандарт устанавливает порядок и методы проведения термического анализа веществ, материалов и средств огнезащиты для определения их пожарной опасности, оценки огнезащитных свойств и проведения инспекционного контроля продукции. Применяется в строительстве, энергетике, текстильной промышленности и других областях, включает нормативные ссылки на другие стандарты.",ГОСТ Р,ГОСТ Р 53293-2009 Пожарная опасность веществ и материалов. Идентификация методом термического анализа.pdf,"ГОСТ Р 53293-2009 Пожарная опасность веществ и материалов. Материалы, вещества и средства огнезащиты. Идентификация методами термического анализа","['термический анализ', 'пожарная опасность', 'огнезащитные средства', 'стандартизация', 'испытания']","['пожарная опасность', 'вещества', 'материалы', 'огнезащита', 'термический анализ', 'идентификация']",Русский,282,53293-2009,5,95.4,5.1,Переиздание,ГОСТ Р 53293-2009 Пожарная опасность веществ и материалов. Идентификация методом термического анализа.pdf,Действующий,22
Средства огнезащиты для стальных конструкций,Пожарная безопасность,2014-11-01,2025-08-26T03:09:37.817035+00:00,Настоящий стандарт устанавливает общие требования к средствам огнезащиты для стальных конструкций и метод определения их огнезащитной эффективности. Документ применяется в области пожарной безопасности и используется при разработке нормативно-технической документации и сертификации средств огнезащиты.,ГОСТ Р,ГОСТ Р 53295-2009 Средства огнезащиты для стальных конструкций. Общие требования. Метод определения огнезащитной эффективности.pdf,ГОСТ Р 53295-2009 Средства огнезащиты для стальных конструкций. Общие требования. Метод определения огнезащитной эффективности (с Изменением N 1),"['требования к средствам огнезащиты', 'метод определения огнезащитной эффективности', 'пожарная безопасность']","['средства огнезащиты', 'стальные конструкции', 'огнезащитная эффективность', 'пожарная безопасность', 'нормативные стандарты']",Русский,173,53295-2009,5,97.7,8.3,Изменение 1,ГОСТ Р 53295-2009 Средства огнезащиты для стальных конструкций. Общие требования. Метод определения огнезащитной эффективности.pdf,Действующий,18
"Установка лифтов, предназначенных для перевозки пожарных подразделений, в зданиях и сооружениях",Пожарная безопасность,2019-09,2025-08-26T03:09:41.119888+00:00,"Стандарт устанавливает требования пожарной безопасности к пассажирским лифтам, имеющим режим работы для перевозки пожарных подразделений. Описывает обязательные требования к оборудованию лифтов в зданиях и сооружениях на территории Российской Федерации.",ГОСТ Р,ГОСТ Р 53296-2009 Установка лифтов для пожарных в зданиях и сооружениях. Требования пожарной безопасности.pdf,ГОСТ Р 53296-2009 Установка лифтов для пожарных в зданиях и сооружениях. Требования пожарной безопасности,"['требования пожарной безопасности', 'установка лифтов', 'пассажирские лифты', 'пожарные лифты', 'оборудование зданий и сооружений']","['лифт', 'пожарная безопасность', 'пожарные лифты', 'оборудование зданий', 'пожарные подразделения', 'требования']",Русский,229,53296-2009,5,89.2,0.0,Переиздание,ГОСТ Р 53296-2009 Установка лифтов для пожарных в зданиях и сооружениях. Требования пожарной безопасности.pdf,Действующий,11
Методы приемо-сдаточных и периодических испытаний систем противодымной вентиляции зданий и сооружений различного назначения,Пожарная безопасность,2024-10-07,2025-08-26T03:09:45.616753+00:00,"Стандарт устанавливает методы приемо-сдаточных и периодических испытаний систем противодымной вентиляции зданий и сооружений различного назначения для определения технического состояния и возможности ввода в эксплуатацию или продолжения эксплуатации таких систем. Документ включает изменения и поправки, действующие на 07.10.2024.",ГОСТ Р,ГОСТ Р 53300-2009 Противодымная защита зданий и сооружений.pdf,"ГОСТ Р 53300-2009 Противодымная защита зданий и сооружений. Методы приемосдаточных и периодических испытаний (с Изменением N 1, с Поправкой)","['Методы испытаний', 'Системы противодымной вентиляции', 'Техническое состояние', 'Ввод в эксплуатацию', 'Эксплуатация']","['противодымная защита', 'противодымная вентиляция', 'приемо-сдаточные испытания', 'периодические испытания', 'системы вентиляции']",русский,154,53300-2009,5,97.7,3.4,"Изменение N 1, Поправка",ГОСТ Р 53300-2009 Противодымная защита зданий и сооружений.pdf,Действующий,12
"Испытание на огнестойкость вентиляторов, предназначенных для применения в системах вытяжной противодымной вентиляции, общеобменной, местной вытяжной вентиляции и кондиционирования",Пожарная безопасность,2014-09-01,2025-08-26T03:09:49.851954+00:00,"Стандарт устанавливает метод испытания на огнестойкость вентиляторов, используемых в системах противодымной защиты зданий и сооружений, а также в системах общеобменной и местной вытяжной вентиляции и кондиционирования при пожарах в зданиях различного назначения.",ГОСТ Р,ГОСТ Р 53302-2009 Оборудование противодымной защиты зданий и сооружений. Вентиляторы. Методы испытаний на огнестойкость.pdf,ГОСТ Р 53302-2009 Оборудование противодымной защиты зданий и сооружений. Вентиляторы. Метод испытаний на огнестойкость,"['методы испытаний', 'вентиляторы', 'огнестойкость', 'противодымная вентиляция']","['оборудование противодымной защиты', 'вентиляторы', 'метод испытаний', 'огнестойкость', 'противодымная вентиляция']",Русский,222,53302-2009,5,97.3,0.0,Изменение N 1,ГОСТ Р 53302-2009 Оборудование противодымной защиты зданий и сооружений. Вентиляторы. Методы испытаний на огнестойкость.pdf,Действующий,10
"Проходки кабельные, вводы герметичные и проходы шинопроводов",Пожарная безопасность,2010-01-01,2025-08-26T03:09:53.444174+00:00,"Стандарт устанавливает требования пожарной безопасности и методы испытаний на огнестойкость для кабельных проходок, герметичных вводов и проходов шинопроводов. Применяется с 1 мая 2009 года и является национальным стандартом Российской Федерации, разработанным ВНИИПО МЧС России.",ГОСТ Р,"ГОСТ Р 53310-2009 Проходки кабельные, вводы герметичные и проходы шинопроводов. Требования пожарной безопасности. Методы испытаний.pdf","ГОСТ Р 53310-2009 Проходки кабельные, вводы герметичные и проходы шинопроводов. Требования пожарной безопасности. Методы испытаний на огнестойкость","['требования пожарной безопасности', 'испытания на огнестойкость', 'кабельные проходки', 'герметичные вводы', 'проходы шинопроводов']","['пожарная безопасность', 'кабельные проходки', 'вводы герметичные', 'проходы шинопроводов', 'методы испытаний', 'огнестойкость']",русский,192,53310-2009,5,96.6,5.0,Введен впервые,"ГОСТ Р 53310-2009 Проходки кабельные, вводы герметичные и проходы шинопроводов. Требования пожарной безопасности. Методы испытаний.pdf",Действующий,9
"Технические средства пожарной автоматики, предназначенные для работы в составе систем пожарной автоматики",Пожарная безопасность,2020-06-01,2025-08-26T03:09:59.781710+00:00,"Стандарт устанавливает общие технические требования и методы испытаний для технических средств пожарной автоматики. Он учитывает международные и европейские стандарты, определяет условия применения таких средств и требования к технической документации.",ГОСТ Р,ГОСТ Р 53325-2012 Техника пожарная. Технические средства пожарной автоматики. Общие технические требования и методы испытаний.pdf,ГОСТ Р 53325-2012 Техника пожарная. Технические средства пожарной автоматики. Общие технические требования и методы испытаний,"['техническая характеристика средств пожарной автоматики', 'условия применения', 'техническая документация', 'электромагнитная совместимость', 'стойкость к внешним воздействиям']","['пожарная автоматика', 'технические средства', 'технические требования', 'методы испытаний', 'пожарная безопасность']",Русский,142,53325-2012,5,95.7,6.1,"Изменения N 1, 2, 3",ГОСТ Р 53325-2012 Техника пожарная. Технические средства пожарной автоматики. Общие технические требования и методы испытаний.pdf,Действующий,175
"Паропроницаемые саморасширяющиеся самоклеящиеся уплотнительные ленты для устройства наружного водоизоляционного паропроницаемого слоя монтажных швов узлов примыкания светопрозрачных конструкций к стенам зданий, швов наружной изоляции стыков стеновых панелей, уплотнения соединений стеновых деревянных брусьев и стыков других строительных элементов и конструкций",Строительные материалы,2009-10-01,2025-08-26T03:10:07.101284+00:00,"Стандарт распространяется на паропроницаемые саморасширяющиеся самоклеящиеся уплотнительные ленты из вспененного эластичного материала (пористый полиуретановый эластомер), пропитанные специальными составами, предназначенные для обеспечения водо-, тепло- и звукоизоляции при эксплуатации от -50 °C до +80 °C. Уплотнительные ленты применяются в строительстве для создания водоизоляционного паропроницаемого слоя монтажных швов и уплотнений различных строительных узлов.",ГОСТ Р,ГОСТ Р 53338-2009 Ленты паропроницаемыесаморасширяющиеся самоклеящиеся строительного назначения. Техническиеусловия.pdf,ГОСТ Р 53338-2009 Ленты паропроницаемые саморасширяющиеся самоклеящиеся строительного назначения. Технические условия,"['материалы уплотнительные', 'монтажные швы', 'водоизоляция', 'теплоизоляция', 'звукоизоляция']","['паропроницаемые ленты', 'саморасширяющиеся уплотнительные ленты', 'самоклеящиеся ленты', 'строительные материалы', 'водоизоляция', 'теплоизоляция', 'звукоизоляция']",русский,270,53338-2009,5,90.6,0.0,Введен впервые,ГОСТ Р 53338-2009 Ленты паропроницаемыесаморасширяющиеся самоклеящиеся строительного назначения. Техническиеусловия.pdf,Действующий,28
"Бассейны, подготовка воды",Системы водоснабжения,2023-09-01,2025-08-26T03:10:11.731747+00:00,"Стандарт устанавливает общие требования к подготовке воды в бассейнах с целью обеспечения санитарно-эпидемиологической безопасности, комфорта и современного уровня технологий водоподготовки. Нормативный документ разработан для совершенствования нормативной базы бассейнов в Российской Федерации и учитывает международные стандарты.",ГОСТ Р,ГОСТ Р 53491.1-2009 Бассейны. Подготовка воды. Часть 1. Общие требования.pdf,ГОСТ Р 53491.1-2009 Бассейны. Подготовка воды. Часть 1. Общие требования,"['водоподготовка бассейнов', 'технологии очистки воды', 'проектирование систем водоподготовки', 'эксплуатация бассейнов']","['бассейны', 'подготовка воды', 'требования', 'водоподготовка', 'санитарно-эпидемиологическая безопасность']",русский,214,53491.1-2009,5,96.1,78.0,Заменен в части с 01.09.2023 на ГОСТ Р 70688-2023,ГОСТ Р 53491.1-2009 Бассейны. Подготовка воды. Часть 1. Общие требования.pdf,Действующий,71
"Общественные бассейны с пресной водой всех видов и размеров, как открытые, так и крытые, включая бассейны в аквапарках, спортивных, спортивно-оздоровительных и физкультурно-оздоровительных комплексах.",Бассейны,2019-07,2025-08-26T03:10:17.502045+00:00,"Настоящий стандарт устанавливает требования безопасности для организации и осуществления процессов подготовки воды в бассейнах с циркуляционной или проточной системой водообмена. Стандарт охватывает методы очистки и обеззараживания воды, режимы их проведения, а также требования к системам, установкам, оборудованию, материалам и реагентам для обеспечения надлежащего качества воды при проектировании, строительстве, реконструкции и эксплуатации бассейнов.",ГОСТ Р,ГОСТ Р 53491.2-2012 Бассейны. Подготовка воды. Часть 2. Требования безопасности.pdf,ГОСТ Р 53491.2-2012 Бассейны. Подготовка воды. Часть 2. Требования безопасности,"['безопасность бассейнов', 'водоподготовка', 'строительство бассейнов', 'эксплуатация бассейнов']","['бассейны', 'подготовка воды', 'требования безопасности', 'водоподготовка', 'очистка воды', 'обеззараживание воды']",Русский,174,53491.2-2012,5,95.9,2.5,Переиздание 2019,ГОСТ Р 53491.2-2012 Бассейны. Подготовка воды. Часть 2. Требования безопасности.pdf,Действующий,48
Комплексные и интегрированные системы безопасности объектов,Системы безопасности,2010-09-01,2025-08-26T03:10:22.453752+00:00,"Стандарт устанавливает общие технические требования к комплексным и интегрированным системам безопасности объектов с учетом их назначения и значимости при защите от техногенных, антропогенных и природно-климатических угроз. Документ регламентирует условия интеграции технических средств в сложные системы безопасности и их совместное использование с дежурно-диспетчерскими службами и системами мониторинга.",ГОСТ Р,ГОСТ Р 53704-2009 Системы безопасности комплексные и интегрированные. Общие технические требования.pdf,ГОСТ Р 53704-2009 Системы безопасности комплексные и интегрированные. Общие технические требования,"['технические требования к системам безопасности', 'интеграция систем безопасности', 'защита объектов от угроз', 'мониторинг состояния территорий']","['системы безопасности', 'комплексные системы', 'интегрированные системы', 'технические требования', 'интеграция', 'защита объектов']",Русский,350,53704-2009,5,91.6,5.0,"Поправка, опубликованная в ИУС N 2, 2013",ГОСТ Р 53704-2009 Системы безопасности комплексные и интегрированные. Общие технические требования.pdf,Действующий,38
"Измерение температуры точки росы по воде в газах горючих природных, поступающих с промысловых установок подготовки, подземных хранилищ газа и газоперерабатывающих заводов в магистральные газопроводы, транспортируемых по ним и поставляемых потребителям, а также применяемых в качестве топлива для двигателей внутреннего сгорания",Газы горючие природные,2011-01-01,2025-08-26T03:10:27.789736+00:00,Настоящий стандарт устанавливает требования к выполнению измерений температуры точки росы по воде в газах горючих природных. Он охватывает визуальные и автоматические методы конденсации и сорбции для определения температуры точки росы в природных горючих газах.,ГОСТ Р,ГОСТ Р 53763-2009 Газы горючие природные. Определение температуры точки росы по воде.pdf,Газы горючие природные. Определение температуры точки росы по воде,"['измерение температуры точки росы по воде', 'газы горючие природные', 'взрывозащищенное электрооборудование', 'технические условия на газы']","['температура точки росы', 'газы горючие природные', 'измерения', 'методы конденсации', 'методы сорбции']",Русский,273,53763-2009,5,62.4,4.8,Введен впервые,ГОСТ Р 53763-2009 Газы горючие природные. Определение температуры точки росы по воде.pdf,Действующий,94
"Техническое обслуживание и текущий ремонт средств автоматизации и систем управления, обеспечивающих безопасность зданий и сооружений, включая автоматическое пожаротушение, пожарную сигнализацию, противодымную вентиляцию, охранные системы и др.",Средства автоматизации и системы управления,2019-06,2025-08-26T03:10:31.444035+00:00,"Стандарт устанавливает требования к организации и проведению технического обслуживания и текущего ремонта средств автоматизации и систем управления, обеспечивающих безопасность зданий и сооружений, с целью обеспечения их устойчивой работы и соблюдения требований технического регламента.",ГОСТ Р,ГОСТ Р 54101-2010 Средства автоматизации и системы управления. Средства и системы обеспечения безопасности.pdf,ГОСТ Р 54101-2010 Средства автоматизации и системы управления. Средства и системы обеспечения безопасности. Техническое обслуживание и текущий ремонт,"['техническое обслуживание', 'текущий ремонт', 'безопасность зданий и сооружений', 'системы автоматизации и управления']","['техническое обслуживание', 'текущий ремонт', 'средства автоматизации', 'системы управления', 'обеспечение безопасности', 'пожарная сигнализация', 'противодымная вентиляция', 'охранная сигнализация']",русский,401,54101-2010,5,85.8,4.5,Переиздание,ГОСТ Р 54101-2010 Средства автоматизации и системы управления. Средства и системы обеспечения безопасности.pdf,Действующий,28
"Преграждающие управляемые устройства, входящие в состав систем контроля и управления доступом, а также автономные устройства для ограничения прохода людей",Системы контроля и управления доступом,2019-06,2025-08-26T03:10:35.208707+00:00,"Стандарт устанавливает общие технические требования и методы испытаний для преграждающих управляемых устройств, предназначенных для ограничения прохода людей. Применим к устройствам с электромеханическими, электромагнитными, гидравлическими и пневматическими исполнительными устройствами.",ГОСТ Р,ГОСТ Р 54831-2011 Системы контроля и управления доступом. Устройства преграждающие управляемые.pdf,ГОСТ Р 54831-2011 Системы контроля и управления доступом. Устройства преграждающие управляемые. Общие технические требования. Методы испытаний,"['технические требования', 'методы испытаний', 'устройства преграждающие управляемые']","['системы контроля и управления доступом', 'устройства преграждающие управляемые', 'технические требования', 'методы испытаний', 'электромеханические устройства', 'электромагнитные устройства', 'гидравлические устройства', 'пневматические устройства']",русский,202,54831-2011,5,94.6,6.7,Переиздание,ГОСТ Р 54831-2011 Системы контроля и управления доступом. Устройства преграждающие управляемые.pdf,Действующий,21
Контроль сварных соединений методом ультразвуковых исследований,Неразрушающий контроль,2019-04-01,2025-08-26T03:10:38.004508+00:00,"Стандарт устанавливает методы ультразвукового неразрушающего контроля сварных соединений. Определены способы контроля, схемы прозвучивания и сканирования, а также требования к средствам контроля.",ГОСТ Р,ГОСТ Р 55724-2013_Контроль неразрушающий. Соединения сварные Методы ультразвуковые.pdf,ГОСТ Р 55724-2013 Контроль неразрушающий. Соединения сварные. Методы ультразвуковые,"['методы ультразвукового контроля', 'контроль сварных соединений', 'требования к средствам контроля']","['неразрушающий контроль', 'сварные соединения', 'ультразвуковые методы', 'ГОСТ Р 55724-2013']",русский,194,55724-2013,5,94.5,5.5,Переиздание 2019,ГОСТ Р 55724-2013_Контроль неразрушающий. Соединения сварные Методы ультразвуковые.pdf,Действующий,31
Отбор проб на станциях водоподготовки и в трубопроводных распределительных системах,Вода питьевая,2016-11-01,2025-08-26T03:10:41.743894+00:00,Стандарт устанавливает методики отбора проб питьевой воды на станциях водоподготовки и в трубопроводных распределительных системах. Документ является модифицированной версией международного стандарта ISO 5667-5:2006 с учетом потребностей национальной экономики Российской Федерации.,ГОСТ Р,ГОСТ Р 56237-2014 Вода питьевая. Отбор проб на станциях водоподготовки и в трубопроводных распределительных системах.pdf,ГОСТ Р 56237-2014 Вода питьевая. Отбор проб на станциях водоподготовки и в трубопроводных распределительных системах,"['методики отбора проб', 'водоподготовка', 'контроль качества питьевой воды']","['вода питьевая', 'отбор проб', 'водоподготовка', 'трубопроводные распределительные системы', 'качество воды']",русский,233,56237-2014,5,85.3,0.0,Переиздание Ноябрь 2016,ГОСТ Р 56237-2014 Вода питьевая. Отбор проб на станциях водоподготовки и в трубопроводных распределительных системах.pdf,Действующий,26
"гидроизоляционные полиэтиленовые рулонные геомембраны, гладкие и текстурированные, изготовленные из полиэтилена высокой плотности и из линейного полиэтилена низкой плотности толщиной от 0,75 до 3 мм, применяемые в промышленном, гражданском, гидротехническом, гидромелиоративном, транспортном и ландшафтном строительстве",Гидроизоляция,2016-01-01,2025-08-26T03:10:45.746117+00:00,"Стандарт устанавливает технические требования и методы испытаний для гидроизоляционных полиэтиленовых рулонных геомембран из полиэтилена высокой и низкой плотности. Применяется в различных отраслях строительства, включая промышленное, гражданское и ландшафтное.",ГОСТ Р,ГОСТ Р 56586-2015 Геомембраны гидроизоляционные полиэтиленовые рулонные. Техническиеусловия.pdf,ГОСТ Р 56586-2015 Геомембраны гидроизоляционные полиэтиленовые рулонные. Технические условия,"['материалы', 'технические требования', 'испытательные методы', 'строительство']","['геомембраны', 'полиэтилен', 'гидроизоляция', 'технические условия', 'испытания']",русский,185,56586-2015,5,93.8,0.0,Введен впервые,ГОСТ Р 56586-2015 Геомембраны гидроизоляционные полиэтиленовые рулонные. Техническиеусловия.pdf,Действующий,23
"Минеральные добавки для тяжелых, мелкозернистых, легких, ячеистых и напрягающих бетонов, а также для строительных растворов и сухих смесей",Бетоны и строительные растворы,2016-04-01,2025-08-26T03:10:49.139030+00:00,"Стандарт устанавливает классификацию минеральных добавок для различных видов бетонов, общие технические требования и правила приемки. Документ распространяется на минеральные добавки для бетонов по нескольким ГОСТам и не распространяется на минеральные добавки для специальных бетонов. Стандарт учитывает основные положения соответствующих европейских стандартов.",ГОСТ Р,ГОСТ Р 56592-2015 Добавки минеральные для бетонов и строительных растворов. Общие технические условия.pdf,ГОСТ Р 56592-2015 Добавки Минеральные Для Бетонов И Строительных Растворов Общие Технические Условия,"['классификация минеральных добавок', 'технические требования', 'правила приемки', 'применение в бетонах']","['минеральные добавки', 'бетоны', 'строительные растворы', 'технические условия', 'классификация']",русский,180,56592-2015,5,93.6,0.0,,ГОСТ Р 56592-2015 Добавки минеральные для бетонов и строительных растворов. Общие технические условия.pdf,Действующий,17
Системы фасадные теплоизоляционные композиционные с наружными штукатурными слоями,Архитектура,2023-12-07,2025-08-26T03:10:54.708067+00:00,"Стандарт устанавливает общие технические условия для фасадных теплоизоляционных композиционных систем с наружными штукатурными слоями. Включает нормативные ссылки, термины и определения, технические требования к системам и системным материалам, а также порядок подтверждения соответствия.",ГОСТ Р,ГОСТ Р 56707-2023_Системы фасадные теплоизоляционные композиционные с наружными штукатурными слоями.pdf,ГОСТ Р 56707—2023 Системы фасадные теплоизоляционные композиционные с наружными штукатурными слоями. Общие технические условия,"['область применения', 'нормативные ссылки', 'термины и определения', 'технические требования', 'подтверждение соответствия']","['фасадные системы', 'теплоизоляция', 'композиционные системы', 'наружные штукатурные слои', 'технические условия']",Русский,287,56707—2023,5,89.7,0.0,Взамен ГОСТ Р 56707—2015,ГОСТ Р 56707-2023_Системы фасадные теплоизоляционные композиционные с наружными штукатурными слоями.pdf,Действующий,16
"Панели многослойные из поликарбоната плоские, светопропускающие, неокрашенные и окрашенные, с защитой от ультрафиолетового облучения и без защиты, изготовляемые способом экструзии. Применяются в гражданском и промышленном строительстве для светопрозрачных конструкций зданий и сооружений.",Строительство,2016-05-01,2025-08-26T03:10:58.894343+00:00,"Национальный стандарт Российской Федерации, устанавливающий технические условия для многослойных поликарбонатных панелей, предназначенных для применения в гражданском и промышленном строительстве. Документ учитывает европейские и немецкие стандарты (DIN EN 16240:2014, EN 16153:2013) и определяет требования к панелям, изготовляемым способом экструзии, с защитой от УФ-облучения и без неё.",ГОСТ Р,ГОСТ Р 56712-2015 Панели многослойные из поликарбоната.pdf,ГОСТ Р 56712-2015 Панели многослойные из поликарбоната Технические условия,"['технические условия', 'требования к поликарбонатным панелям', 'производство поликарбонатных панелей', 'применение в строительстве']","['панели многослойные', 'поликарбонат', 'технические условия', 'светопропускающие панели', 'экструзия', 'защита от ультрафиолетового облучения']",русский,154,56712-2015,5,90.9,0.0,Введен впервые,ГОСТ Р 56712-2015 Панели многослойные из поликарбоната.pdf,Действующий,56
Наилучшие доступные технологии в водопользовании,Водопользование,2019-01-01,2025-08-26T03:11:02.070713+00:00,"Стандарт определяет термины и определения в области наилучших доступных технологий, применяемых в водопользовании. Формирует основу законодательной базы для внедрения лучших экологически безопасных практик в сфере водопользования в соответствии с федеральным законодательством и международными конвенциями.",ГОСТ Р,ГОСТ Р 56828.35-2018 Наилучшие доступные технологии. Водопользование. Термины и определения..pdf,ГОСТ Р 56828.35-2018 Наилучшие доступные технологии Водопользование. Термины и определения,"['законодательство по НДТ', 'водопользование', 'международные экологические конвенции']","['наилучшие доступные технологии', 'водопользование', 'термины', 'определения', 'экологическая безопасность']",русский,837,56828.35-2018,5,57.4,0.0,Введен впервые,ГОСТ Р 56828.35-2018 Наилучшие доступные технологии. Водопользование. Термины и определения..pdf,Действующий,40
Устройства для снижения сейсмического воздействия в сооружениях,Пожарная безопасность,2017-07-01,2025-08-26T03:11:05.277879+00:00,"Настоящий стандарт устанавливает требования к проектированию устройств, предназначенных для снижения сейсмического воздействия на сооружения. Он регулирует функциональные требования, общие правила проектирования, а также требования к материалам, испытаниям, производству, оценке соответствия, монтажу и техническому обслуживанию таких устройств.",ГОСТ Р,ГОСТ Р 57364-2016- EN 151292010 Устройства антисейсмические. Правила проектирования.pdf,ГОСТ Р 57364-2016 Устройства антисейсмические. Правила проектирования,"['проектирование', 'сейсмическая защита', 'материалы', 'испытания', 'производство']","['антисейсмические устройства', 'правила проектирования', 'сейсмическое воздействие', 'оценка соответствия', 'монтаж', 'техническое обслуживание']",русский,354,57364-2016,5,78.6,0.0,Введен впервые,ГОСТ Р 57364-2016- EN 151292010 Устройства антисейсмические. Правила проектирования.pdf,Действующий,259
Методы испытаний на прочность и деформативность несущих деревянных конструкций,Конструкции деревянные,2018-02-01,2025-08-26T03:11:08.252702+00:00,"Настоящий стандарт регламентирует методы кратковременных испытаний на прочность и деформативность деревянных несущих конструкций, применяемые при контроле типовых и новых проектных решений, а также для проверки правильности расчетных предпосылок и качества изготовления.",ГОСТ Р,ГОСТ Р 57790-2017 Конструкции деревянные несущие. Методы испытаний на прочность и деформативность.pdf,ГОСТ Р 57790-2017 Конструкции деревянные несущие Метод испытаний на прочность и деформативность,"['испытания прочности', 'контроль качества', 'статические нагрузки']","['конструкции деревянные', 'прочность', 'деформативность', 'методы испытаний', 'статические нагрузки']",русский,241,57790-2017,5,94.3,0.0,Введен впервые,ГОСТ Р 57790-2017 Конструкции деревянные несущие. Методы испытаний на прочность и деформативность.pdf,Действующий,22
"Технические системы безопасности. Задание на проектирование для вновь создаваемых, реконструируемых и капитально ремонтируемых систем",Производственные услуги,2019-07,2025-08-26T03:11:11.811177+00:00,"Стандарт устанавливает состав, содержание, оформление и порядок разработки, согласования и утверждения задания на проектирование технических систем безопасности. Применяется для вновь создаваемых систем, а также при реконструкции и капитальном ремонте. Не распространяется на военные и атомные объекты, но может использоваться для соответствующей документации.",ГОСТ Р,ГОСТ Р 57839-2017 (действ. с 01.06.2018) Производственные услуги. Системы безопасности технические. Задание на проектирование..pdf,ГОСТ Р 57839-2017 Производственные услуги. Системы безопасности технические. Задание на проектирование. Общие требования,"['технические системы безопасности', 'проектирование', 'согласование', 'утверждение', 'реконструкция', 'капитальный ремонт']","['технические системы безопасности', 'задание на проектирование', 'производственные услуги', 'реконструкция', 'капитальный ремонт', 'системы безопасности']",Русский,137,57839-2017,5,96.0,51.0,Переиздание. Июль 2019 г.,ГОСТ Р 57839-2017 (действ. с 01.06.2018) Производственные услуги. Системы безопасности технические. Задание на проектирование..pdf,Действующий,24
"Задание на проектирование технических систем безопасности для вновь создаваемых систем, реконструкции и капитального ремонта",Производственные услуги,2019-07-01,2025-08-26T03:11:15.082680+00:00,"Стандарт устанавливает состав, содержание, оформление и порядок разработки, согласования и утверждения задания на проектирование технических систем безопасности. Применяется для новых систем, а также для реконструкции и капитального ремонта существующих, исключая системы специальных военных объектов и объектов атомной отрасли.",ГОСТ Р,ГОСТ Р 57839-2017 Производственные услуги. Системы безопасности технические. Задание.pdf,ГОСТ Р 57839-2017 Производственные услуги. Системы безопасности технические. Задание на проектирование. Общие требования,"['система безопасности', 'проектирование', 'разработка технических заданий', 'нормирование']","['производственные услуги', 'системы безопасности', 'технические системы', 'задание на проектирование', 'технические регламенты', 'реконструкция', 'капитальный ремонт']",русский,132,57839-2017,5,92.5,50.5,Переиздание. Июль 2019 г.,ГОСТ Р 57839-2017 Производственные услуги. Системы безопасности технические. Задание.pdf,Действующий,24
Проверка работоспособности систем и установок противопожарной защиты зданий и сооружений,Пожарная безопасность,2020-09-01,2025-08-26T03:11:19.258888+00:00,"Стандарт устанавливает требования к организации проведения проверки работоспособности систем и установок противопожарной защиты зданий и сооружений, включая автоматические установки пожаротушения. Целью стандарта является обеспечение надежности систем противопожарной защиты в зданиях и сооружениях в соответствии с требованиями Федеральных законов и постановлений Правительства РФ.",ГОСТ Р,ГОСТ Р 57974-2017 Производственные услуги. Организация проведения проверки работоспособности систем.pdf,ГОСТ Р 57974-2017 Производственные услуги. Организация проведения проверки работоспособности систем и установок противопожарной защиты зданий и сооружений. Общие требования,"['организация проверок', 'противопожарная защита', 'надежность систем', 'требования безопасности']","['производственные услуги', 'проверка работоспособности', 'системы противопожарной защиты', 'установки противопожарной защиты', 'автоматические установки пожаротушения']",Русский,404,57974-2017,5,92.1,9.1,Изменение N 1,ГОСТ Р 57974-2017 Производственные услуги. Организация проведения проверки работоспособности систем.pdf,Действующий,7
"Резервуары, возводимые на строительной площадке, для хранения охлажденных сжиженных газов с рабочей температурой от 0 °C до -165 °C",Проектирование и производство,2022-01-01,2025-08-26T03:11:26.154546+00:00,Стандарт устанавливает требования к проектированию и производству на месте вертикальных цилиндрических стальных емкостей с плоским дном для хранения охлажденных сжиженных газов при рабочих температурах от 0 °C до -165 °C. Документ является идентичным европейскому стандарту EN 14620-1:2006 и определяет общие положения к этим емкостям.,ГОСТ Р,ГОСТ Р 58027-2017-EN 14620-12006 Проектирование вертикальных цилиндрических стальных емкостей с плоским дном. Общие положения.pdf,ГОСТ Р 58027-2017 Проектирование и производство на месте вертикальных цилиндрических стальных емкостей с плоским дном для хранения охлажденных сжиженных газов с рабочей температурой от 0 °C до -165 °C. Часть 1. Общие положения,"['проектирование', 'производство', 'стальные емкости', 'охлажденные сжиженные газы', 'рабочие температуры']","['вертикальные цилиндрические стальные емкости', 'охлажденные сжиженные газы', 'рабочая температура', 'плоское дно', 'проектирование', 'производство', 'резервуары']",русский,167,58027-2017,5,87.5,1.2,Введен впервые,ГОСТ Р 58027-2017-EN 14620-12006 Проектирование вертикальных цилиндрических стальных емкостей с плоским дном. Общие положения.pdf,Действующий,55
Проектирование и возведение бетонных конструкций резервуаров для хранения сжиженных газов. Распространяется на проектирование и возведение стальных вертикальных цилиндрических резервуаров с плоским днищем для хранения сжиженных газов с рабочей температурой от 0 °C до -165 °C.,Строительство,2022-01-01,2025-08-26T03:11:31.425038+00:00,"Настоящий стандарт устанавливает общие требования к проектированию и возведению бетонных конструкций резервуаров для хранения сжиженных газов. Он идентичен европейскому стандарту EN 14620-3:2006 и предназначен для стальных вертикальных цилиндрических резервуаров с плоским дном, работающих при температурах от 0 °C до -165 °C.",ГОСТ Р,ГОСТ Р 58028-2017-EN 14620-32006 Проектирование вертикальных цилиндрических стальных емкостей с плоским дном. Компоненты бетона.pdf,Проектирование и производство на месте вертикальных цилиндрических стальных емкостей с плоским дном для хранения охлажденных сжиженных газов с рабочей температурой от 0 °C до -165 °C. Часть 3. Компоненты бетона,"['проектирование', 'производство', 'бетонные конструкции', 'сжиженные газы']","['вертикальные цилиндрические стальные емкости', 'хранение сжиженных газов', 'бетонные компоненты', 'плоское дно', 'охлажденные сжиженные газы']",Русский,186,58028-2017,5,90.9,0.0,Введен впервые,ГОСТ Р 58028-2017-EN 14620-32006 Проектирование вертикальных цилиндрических стальных емкостей с плоским дном. Компоненты бетона.pdf,Действующий,27
Вертикальные цилиндрические стальные резервуары с плоским дном для хранения сжиженных газов с рабочей температурой от 0 до минус 165 °C,Отопление,2022-01-01,2025-08-26T03:11:35.543766+00:00,"Стандарт распространяется на проектирование и производство вертикальных цилиндрических стальных емкостей с плоским дном для хранения охлажденных сжиженных газов с рабочей температурой от 0 °C до -165 °C. В части 4 рассматриваются изоляционные компоненты, устанавливаются основные требования к материалам, проектированию и монтажу изоляции.",ГОСТ Р,ГОСТ Р 58029-2017-EN 14620-42006 Проектирование вертикальных цилиндрических стальных емкостей с плоским дном. Изоляционные компоненты.pdf,Национальный стандарт Российской Федерации Проектирование И Производство На Месте Вертикальных Цилиндрических Стальных Емкостей С Плоским Дном Для Хранения Охлажденных Сжиженных Газов С Рабочей Температурой От 0 °C До -165 °C Часть 4 Изоляционные Компоненты,"['Материалы', 'Проектирование', 'Монтаж изоляции']","['Проектирование', 'Производство', 'Вертикальные цилиндрические стальные емкости', 'Охлажденные сжиженные газы', 'Изоляционные компоненты']",Русский,185,58029-2017,5,90.0,7.5,Введен впервые,ГОСТ Р 58029-2017-EN 14620-42006 Проектирование вертикальных цилиндрических стальных емкостей с плоским дном. Изоляционные компоненты.pdf,Действующий,42
"Испытание, высушивание, очистка и охлаждение вертикальных цилиндрических стальных емкостей для хранения охлажденных сжиженных газов",Пожарная безопасность,2022-01-01,2025-08-26T03:11:40.292668+00:00,"Национальный стандарт Российской Федерации, идентичный европейскому стандарту EN 14620-5:2006, регламентирующий испытание, высушивание, очистку и охлаждение вертикальных цилиндрических стальных емкостей с плоским дном для хранения охлажденных сжиженных газов с рабочей температурой от 0 °C до -165 °C.",ГОСТ Р,ГОСТ Р 58030-2017-EN 14620-52006 Проектирование вертикальных цилиндрических стальных емкостей с плоским дном. Испытание.pdf,"Проектирование и производство на месте вертикальных цилиндрических стальных емкостей с плоским дном для хранения охлажденных сжиженных газов с рабочей температурой от 0 °C до -165 °C. Часть 5. Испытание, высушивание, очистка и охлаждение","['проектирование и производство', 'испытания и оценка', 'технические требования', 'охлаждение и очистка']","['вертикальные цилиндрические стальные емкости', 'охлажденные сжиженные газы', 'испытание', 'высушивание', 'очистка', 'охлаждение', 'ГОСТ Р 58030-2017', 'EN 14620-5:2006']",Русский,158,58030-2017,5,90.6,0.0,Перенос даты введения с 2017 на 2022 г.,ГОСТ Р 58030-2017-EN 14620-52006 Проектирование вертикальных цилиндрических стальных емкостей с плоским дном. Испытание.pdf,Действующий,16
Вертикальные цилиндрические стальные емкости для хранения охлажденных сжиженных газов,Металлоконструкции,2022-01-01,2025-08-26T03:11:45.964496+00:00,Стандарт определяет требования к проектированию и производству на месте вертикальных цилиндрических стальных емкостей с плоским дном для хранения охлажденных сжиженных газов с рабочей температурой от 0 °C до -165 °C. Стандарт идентичен европейскому стандарту EN 14620-2:2006 и устанавливает правила применения и технические нормы.,ГОСТ Р,ГОСТ Р 58032-2017-EN 14620-22006 Проектирование вертикальных цилиндрических стальных емкостей с плоским дном. Металлоконструкции.pdf,ГОСТ Р 58032-2017/EN 14620-2:2006 Проектирование и производство на месте вертикальных цилиндрических стальных емкостей с плоским дном для хранения охлажденных сжиженных газов с рабочей температурой от 0 °C до -165 °C. Часть 2. Металлоконструкции,"['проектирование', 'производство', 'вертикальные емкости', 'металлические конструкции', 'охлажденные сжиженные газы']","['вертикальные цилиндрические стальные емкости', 'плоское дно', 'охлажденные сжиженные газы', 'рабочая температура от 0 °C до -165 °C', 'металлоконструкции', 'проектирование', 'производство']",русский,294,58032-2017/EN 14620-2:2006,5,83.3,40.6,Введен впервые,ГОСТ Р 58032-2017-EN 14620-22006 Проектирование вертикальных цилиндрических стальных емкостей с плоским дном. Металлоконструкции.pdf,Действующий,82
"Требования к горячекатаным шпунтовым сваям из нелегированной стали с учетом их химического состава, механических свойств и условий поставки.",Строительство,2022-01-01,2025-08-26T03:11:50.774602+00:00,"Настоящий стандарт устанавливает технические условия для горячекатаных шпунтовых свай из нелегированных сталей. Он основан на идентичном европейском стандарте EN 10248-1:1995 и содержит требования к химическому составу, механическим свойствам и условиям поставки изделий. Стандарт введен в действие Приказом Федерального агентства по техническому регулированию и метрологии от 19 декабря 2017 года и редакция с переносом даты введения на 1 января 2022 года.",ГОСТ Р,ГОСТ Р 58034-2017-EN 10248-11995 Сваи шпунтовые горячекатаные из нелегированных сталей. Часть 1. Технические условия.pdf,Гост Р 58034-2017 Сваи шпунтовые горячекатаные из нелегированных сталей. Часть 1. Технические условия,"['технические условия', 'горячекатаные стали', 'стандартизация', 'строительные материалы']","['шпунтовые сваи', 'горячекатаные', 'нелегированные стали', 'технические условия', 'EN 10248-1:1995']",русский,110,58034-2017,5,91.4,88.1,Введен впервые,ГОСТ Р 58034-2017-EN 10248-11995 Сваи шпунтовые горячекатаные из нелегированных сталей. Часть 1. Технические условия.pdf,Действующий,23
Предварительно напряженные конструкции,Строительство,2025-03-01,2025-08-26T03:11:54.093844+00:00,"Стандарт устанавливает технические условия для канатов, защищенных в оболочке, предназначенных для использования в предварительно напряженных конструкциях. Документ регламентирует классификацию, технические требования, методы контроля, приемку, транспортирование и хранение таких канатов.",ГОСТ Р,ГОСТ Р 58386-2019 Канаты защищенные в оболочке для предварительно напряженных конструкций. Технические условия.pdf,ГОСТ Р 58386—2024 Канаты защищенные в оболочке для предварительно напряженных конструкций. Технические условия,"['область применения', 'нормативные ссылки', 'термины и определения', 'классификация', 'технические требования', 'правила приемки', 'методы контроля', 'транспортирование и хранение']","['канаты', 'защищенные в оболочке', 'предварительно напряженные конструкции', 'технические условия', 'методы контроля', 'транспортирование', 'хранение']",Русский,221,58386—2024,5,92.9,7.3,,ГОСТ Р 58386-2019 Канаты защищенные в оболочке для предварительно напряженных конструкций. Технические условия.pdf,Действующий,24
Анкеры клеевые для крепления в бетон,Строительство,2025-03-01,2025-08-26T03:11:57.288287+00:00,"Настоящий стандарт устанавливает методы испытаний клеевых анкеров для крепления в бетон, в том числе требования к механическим характеристикам, проведению испытаний, обработке и оформлению результатов.",ГОСТ Р,ГОСТ Р 58387-2019 Анкеры клеевые для крепления в бетон. Методы испытаний.pdf,ГОСТ Р 58387—2024 Анкеры клеевые для крепления в бетон. Методы испытаний,"['методы испытаний', 'механические характеристики', 'установочные размеры', 'оборудование для испытаний', 'правила проведения испытаний', 'обработка результатов', 'оформление результатов']","['анкеры клеевые', 'крепление в бетон', 'методы испытаний', 'механические характеристики', 'испытания']",русский,179,58387—2024,5,95.8,1.8,Введен впервые,ГОСТ Р 58387-2019 Анкеры клеевые для крепления в бетон. Методы испытаний.pdf,Действующий,54
"Гибкие бетонные плиты, предназначенные для сооружения гибких бетонных покрытий для укрепления берегов искусственных и естественных водотоков и водоемов, укрепления откосов дорожных насыпей и конусов мостов, укрепления откосов защитных и регуляционных сооружений, защиты подводных переходов трубопроводов, защиты дна акваторий портов, дополнительной защиты кабельных трасс, сооружения временных противопаводковых укреплений, защиты гребней плотин и дамб, сооружения каналов, канав и стоков, защиты дна отстойников и прочих видов искусственных сооружений.",Строительство,2022-11-22,2025-08-26T03:12:02.741764+00:00,"Настоящий национальный стандарт устанавливает технические условия для гибких бетонных плит, включающих бетонные блоки, соединенные гибкими связями, и регулирует их применение для различных инженерных укреплений и защитных сооружений в строительстве. Документ впервые введен в действие приказом Росстандарта в 2019 году и содержит изменения, утвержденные в 2022 году.",ГОСТ Р,ГОСТ Р 58411-2019 Плиты бетонные гибкие. Технические условия.pdf,ГОСТ Р 58411-2019 Плиты бетонные гибкие. Технические условия,"['технические условия', 'строительство', 'бетонные плиты', 'укрепление территорий']","['гибкие бетонные плиты', 'технические условия', 'укрепление берегов', 'дорожные насыпи', 'конусы мостов', 'защитные сооружения']",русский,166,58411-2019,5,87.1,0.0,Изм.1,ГОСТ Р 58411-2019 Плиты бетонные гибкие. Технические условия.pdf,Действующий,29
"Изделия из стеклофибробетона для декоративных и облицовочных элементов фасадов зданий и сооружений, в том числе в составе навесных вентилируемых фасадных конструкций (систем), при новом строительстве, реконструкции и капитальном ремонте",Архитектура,2019-12-12,2025-08-26T03:12:08.134500+00:00,"Стандарт устанавливает классификацию изделий из стеклофибробетона, технические требования к сырьевым компонентам, стеклофибробетону, готовым изделиям и методы контроля качества. Распространяется на изделия для декоративных и облицовочных элементов фасадов зданий и сооружений.",ГОСТ Р,ГОСТ Р 58757-2019 Изделия из стеклофибробетона для устройствадекоративных и облицовочных элементовфасадов зданий.Технические условия.pdf,Изделия из стеклофибробетона для устройства декоративных и облицовочных элементов фасадов зданий. Технические условия,"['классификация изделий', 'технические требования', 'методы контроля качества']","['стеклофибробетон', 'декоративные элементы', 'облицовочные элементы', 'фасады зданий', 'технические условия', 'качество продукции']",русский,211,58757-2019,5,94.9,0.0,Введен впервые,ГОСТ Р 58757-2019 Изделия из стеклофибробетона для устройствадекоративных и облицовочных элементовфасадов зданий.Технические условия.pdf,Действующий,28
"Мобильные (инвентарные, некапитальные) здания и сооружения различного вида и назначения",Здания и сооружения,2025-03-01,2025-08-26T03:12:13.922013+00:00,"Стандарт устанавливает классификацию, термины и определения для мобильных (инвентарных) зданий и сооружений. Он определяет систему понятий для производства, монтажа и эксплуатации таких зданий, обязательных для применения в технической документации и справочной литературе.",ГОСТ Р,ГОСТ Р 58759-2019 Здания и сооружения мобильные (инвентарные). Классификация. Термины и определения.pdf,ГОСТ Р 58759-2024 Здания и сооружения мобильные (инвентарные). Классификация. Термины и определения,"['классификация зданий', 'терминология зданий', 'мобильные здания']","['мобильные здания', 'инвентарные здания', 'классификация', 'термины', 'определения']",русский,341,58759-2024,5,72.1,0.0,,ГОСТ Р 58759-2019 Здания и сооружения мобильные (инвентарные). Классификация. Термины и определения.pdf,Действующий,16
"Заземляющие устройства, системы уравнивания потенциалов, заземлители, заземляющие проводники в электроустановках",Электроустановки,2021-01-01,2025-08-26T03:12:19.181700+00:00,"Настоящий стандарт устанавливает технические требования к заземляющим устройствам, системам уравнивания потенциалов, заземлителям и заземляющим проводникам, используемым в электроустановках. Документ определяет классификацию, типы, конструктивные особенности и технические характеристики данных устройств.",ГОСТ Р,ГОСТ Р 58882-2020_Заземляющие устройства. Системы уравнивания потенциалов. Заземлители. Заземляющие проводники.pdf,ГОСТ Р 58882-2020 Заземляющие устройства. Системы уравнивания потенциалов. Заземлители. Заземляющие проводники. Технические требования,"['классификация заземляющих устройств', 'технические характеристики', 'требования к конструкции', 'назначение заземляющих устройств']","['заземляющие устройства', 'системы уравнивания потенциалов', 'заземлители', 'заземляющие проводники', 'технические требования', 'электроустановки']",Русский,303,58882-2020,5,95.0,17.8,Введен впервые,ГОСТ Р 58882-2020_Заземляющие устройства. Системы уравнивания потенциалов. Заземлители. Заземляющие проводники.pdf,Действующий,45
"Настоящий стандарт распространяется на любые типы вод и устанавливает общие требования к отбору, транспортированию и подготовке к хранению проб воды, предназначенных для определения показателей ее состава и свойств.",Вода,2022-06-01,2025-08-26T03:12:24.311620+00:00,"Стандарт устанавливает общие требования к отбору, транспортированию и подготовке к хранению проб воды различных типов для определения показателей ее состава и свойств. Применяется с 1 июня 2022 года, заменяя ГОСТ 31861-2012. Включает нормативные ссылки на международные и национальные стандарты по качеству воды и методикам отбора проб.",ГОСТ Р,ГОСТ Р 59024-2020 Вода. Общие требования к отбору проб.pdf,ГОСТ Р 59024-2020 Вода. Общие требования к отбору проб,"['требования к отбору проб воды', 'нормативные ссылки', 'применение стандарта']","['Вода', 'отбор проб', 'качество воды', 'транспортирование проб', 'подготовка проб', 'состав воды', 'свойства воды']",Русский,247,59024-2020,5,97.7,1.0,Введен впервые,ГОСТ Р 59024-2020 Вода. Общие требования к отбору проб.pdf,Действующий,35
"Природные мерзлые глинистые, песчаные крупнообломочные грунты, в том числе засоленные и биогенные, с крупнообломочными включениями, грунты нарушенного сложения",Грунты,2021-09-01,2025-08-26T03:12:28.664655+00:00,"Стандарт устанавливает метод трехосного сжатия мерзлых грунтов при лабораторных исследованиях для строительства. Предназначен для природных мерзлых глинистых, песчаных крупнообломочных грунтов, включая засоленные и биогенные, а также грунты нарушенного сложения.",ГОСТ Р,ГОСТ Р 59597-2021 Грунты. Метод трехосного сжатия мерзлых грунтов.pdf,Гост Р 59597-2021 Грунты Метод Трехосного Сжатия Мерзлых Грунтов,"['лабораторные методы', 'исследование мерзлых грунтов', 'строительные материалы']","['метод трехосного сжатия', 'мерзлые грунты', 'лабораторные испытания', 'грунты', 'строительство']",русский,275,59597-2021,5,98.5,0.0,Введен впервые,ГОСТ Р 59597-2021 Грунты. Метод трехосного сжатия мерзлых грунтов.pdf,Действующий,17
"Руководства по проектированию, монтажу, техническому обслуживанию и ремонту автоматических установок пожаротушения",Пожарная безопасность,2021-09-15,2025-08-26T03:12:32.934417+00:00,"Стандарт устанавливает основные требования к проектированию, монтажу, эксплуатации, техническому обслуживанию, ремонту и методам испытаний на работоспособность автоматических установок пожаротушения. Применяется к новым установкам и к тем, на которых проведены капитальный ремонт, реконструкция или техническое перевооружение.",ГОСТ Р,ГОСТ Р 59636-2021 Установки пожаротушения автоматические. Методы испытаний на работоспособность.pdf,"ГОСТ Р 59636-2021 Установки пожаротушения автоматические. Руководство по проектированию, монтажу, техническому обслуживанию и ремонту. Методы испытаний на работоспособность","['проектирование', 'монтаж', 'техническое обслуживание', 'ремонт', 'испытания на работоспособность']","['автоматические установки пожаротушения', 'проектирование', 'монтаж', 'техническое обслуживание', 'ремонт', 'методы испытаний', 'работоспособность']",русский,215,59636-2021,5,98.4,16.3,Введен впервые,ГОСТ Р 59636-2021 Установки пожаротушения автоматические. Методы испытаний на работоспособность.pdf,Действующий,35
"Методы контроля качества огнезащитных работ при монтаже (нанесении), техническом обслуживании и ремонте огнезащитных средств на зданиях, сооружениях и различных конструкциях",Пожарная безопасность,2024-08-02,2025-08-26T03:12:37.851943+00:00,"Стандарт устанавливает общие правила монтажа и нанесения средств огнезащиты, методы контроля качества огнезащитных работ и порядок их применения при монтаже, техническом обслуживании и ремонте. Распространяется на деревянные, стальные, железобетонные конструкции, инженерное оборудование, кабельные линии и текстильные материалы.",ГОСТ Р,ГОСТ Р 59637-2021 Средства противопожарной защиты. Методы контроля качества огнезащитных работ.pdf,"ГОСТ Р 59637-2021 Средства противопожарной защиты зданий и сооружений. Средства огнезащиты. Методы контроля качества огнезащитных работ при монтаже (нанесении), техническом обслуживании и ремонте (с Изменением № 1)","['монтаж средств огнезащиты', 'контроль качества огнезащитных работ', 'техническое обслуживание огнезащитных материалов', 'ремонт огнезащитных покрытий']","['средства противопожарной защиты', 'огнезащита', 'методы контроля качества', 'монтаж', 'техническое обслуживание', 'ремонт']",русский,250,59637-2021,5,94.8,3.6,Изменение № 1,ГОСТ Р 59637-2021 Средства противопожарной защиты. Методы контроля качества огнезащитных работ.pdf,Действующий,24
"Системы пожарной сигнализации, проектируемые, монтируемые, реконструируемые, модернизируемые и функционирующие на объектах на территории Российской Федерации",Пожарная безопасность,2021-09-15,2025-08-26T03:12:42.817780+00:00,"Стандарт устанавливает требования к проектированию, монтажу, приемке и вводе в эксплуатацию, эксплуатации, техническому обслуживанию и ремонту систем пожарной сигнализации, а также методы испытаний этих систем на работоспособность. Применяется для систем пожарной сигнализации, функционирующих на объектах на территории России, и направлен на обеспечение выполнения требований федеральных законов и нормативных правовых актов в области пожарной безопасности.",ГОСТ Р,ГОСТ Р 59638-2021 Системы пожарной сигнализации. Методы испытаний на работоспособность (изм. на 24.10.2024).pdf,"ГОСТ Р 59638-2021 Системы пожарной сигнализации. Руководство по проектированию, монтажу, техническому обслуживанию и ремонту. Методы испытаний на работоспособность","['проектирование систем пожарной сигнализации', 'монтаж систем пожарной сигнализации', 'техническое обслуживание систем пожарной сигнализации', 'ремонт систем пожарной сигнализации', 'методы испытаний на работоспособность']","['системы пожарной сигнализации', 'проектирование', 'монтаж', 'техническое обслуживание', 'ремонт', 'испытания на работоспособность', 'пожарная безопасность']",Русский,253,59638-2021,5,97.8,6.0,Введен впервые,ГОСТ Р 59638-2021 Системы пожарной сигнализации. Методы испытаний на работоспособность (изм. на 24.10.2024).pdf,Действующий,24
"Системы оповещения и управления эвакуацией людей при пожаре, проектируемые, монтируемые и эксплуатируемые на объектах защиты на территории Российской Федерации",Пожарная безопасность,2021-08-24,2025-08-26T03:12:50.516235+00:00,"Стандарт устанавливает требования к проектированию, монтажу, эксплуатации, техническому обслуживанию, ремонту и методам испытаний на работоспособность систем оповещения и управления эвакуацией людей при пожаре (СОУЭ). Документ направлен на обеспечение соблюдения федеральных законов и нормативных актов в области пожарной безопасности.",ГОСТ Р,ГОСТ Р 59639-2021 Системы оповещения и управления эвакуацией людей при пожаре.pdf,"ГОСТ Р 59639-2021 Системы оповещения и управления эвакуацией людей при пожаре. Руководство по проектированию, монтажу, техническому обслуживанию и ремонту. Методы испытаний на работоспособность","['требования к системам оповещения и управления эвакуацией', 'проектирование систем', 'монтаж систем', 'техническое обслуживание', 'ремонт систем', 'методы испытаний на работоспособность']","['Система оповещения и управления эвакуацией', 'СОУЭ', 'пожарная безопасность', 'проектирование', 'монтаж', 'техническое обслуживание', 'ремонт', 'испытания']",Русский,234,59639-2021,5,96.7,2.1,Введен впервые,ГОСТ Р 59639-2021 Системы оповещения и управления эвакуацией людей при пожаре.pdf,Действующий,23
"Проектирование, монтаж, техническое обслуживание и ремонт противопожарных занавесов, методы испытания на работоспособность",Пожарная безопасность,2024-09-01,2025-08-26T03:12:55.904971+00:00,"Настоящий стандарт устанавливает технические требования к проектированию, монтажу, техническому обслуживанию и ремонту противопожарных занавесов, а также методы испытаний на их работоспособность. Стандарт направлен на обеспечение требований нормативных правовых актов, регулирующих противопожарную защиту.",ГОСТ Р,ГОСТ Р 59640-2021 Средства противопожарной защиты. Противопожарные занавесы. (с изм.1) (изм. от 02.08.2024).pdf,"ГОСТ Р 59640-2021 Средства противопожарной защиты зданий и сооружений. Противопожарные занавесы. Руководство по проектированию, монтажу, техническому обслуживанию и ремонту. Методы испытаний на работоспособность (с Изменением № 1)","['технические требования', 'пожарная безопасность', 'противопожарная защита', 'испытания']","['противопожарные занавесы', 'проектирование', 'монтаж', 'техническое обслуживание', 'ремонт', 'методы испытаний', 'работоспособность']",русский,303,59640-2021,5,95.9,11.9,Изменение № 1,ГОСТ Р 59640-2021 Средства противопожарной защиты. Противопожарные занавесы. (с изм.1) (изм. от 02.08.2024).pdf,Действующий,33
"Средства противопожарной защиты зданий и сооружений, элементы заполнения проемов в противопожарных преградах, включая двери, ворота, люки, шторы, роллеты, экраны и окна",Пожарная безопасность,2024-08-02,2025-08-26T03:13:00.637244+00:00,"Стандарт устанавливает общие требования к монтажу, техническому обслуживанию, оценке состояния и ремонту элементов заполнения проемов в противопожарных преградах зданий и сооружений. Включает методы контроля и охватывает различные конструкции заполнения проемов, такие как двери, ворота, люки, шторы, роллеты, экраны и окна.",ГОСТ Р,ГОСТ Р 59642-2021 Средства противопожарной защиты. Заполнение проемов в противопожарных преградах.pdf,"ГОСТ Р 59642-2021 Средства противопожарной защиты зданий и сооружений. Заполнение проемов в противопожарных преградах. Общие требования к монтажу, техническому обслуживанию и ремонту. Методы контроля","['монтаж', 'техническое обслуживание', 'ремонт', 'методы контроля', 'элементы заполнения проемов', 'противопожарные преграды']","['пожарная безопасность', 'заполнение проемов', 'противопожарные преграды', 'монтаж', 'техническое обслуживание', 'ремонт', 'методы контроля']",Русский,203,59642-2021,5,95.3,5.0,Изменение № 1,ГОСТ Р 59642-2021 Средства противопожарной защиты. Заполнение проемов в противопожарных преградах.pdf,Действующий,18
Внутреннее противопожарное водоснабжение,Пожарная безопасность,2021-08-24,2025-08-26T03:13:04.448940+00:00,"Настоящий стандарт является руководством по проектированию, монтажу, техническому обслуживанию и ремонту внутренних систем противопожарного водоснабжения, а также методам испытаний на их работоспособность. Стандарт утверждён и введён в действие в 2021 году Федеральным агентством по техническому регулированию и метрологии.",ГОСТ Р,ГОСТ Р 59643-2021 Внутреннее противопожарное водоснабжение. Методы испытаний на работоспособность.pdf,"ГОСТ Р 59643 Внутреннее противопожарное водоснабжение. Руководство по проектированию, монтажу, техническому обслуживанию и ремонту. Методы испытаний на работоспособность","['проектирование систем водоснабжения', 'монтаж систем водоснабжения', 'техническое обслуживание', 'испытывания на работоспособность']","['внутреннее противопожарное водоснабжение', 'проектирование', 'монтаж', 'техническое обслуживание', 'ремонт', 'методы испытаний', 'работоспособность']",Русский,175,59643,5,95.4,0.0,Введен впервые,ГОСТ Р 59643-2021 Внутреннее противопожарное водоснабжение. Методы испытаний на работоспособность.pdf,Действующий,34
"Настоящий стандарт распространяется на грунты, закрепленные растворами на основе цемента и силиката натрия, используемые при строительстве, реконструкции и ремонте объектов капитального строительства, а также для работ по инженерной защите территорий от природных и техногенных процессов.",Строительство,2022-09-01,2025-08-26T03:13:09.203577+00:00,"Национальный стандарт Российской Федерации, устанавливающий технические требования на химически закрепленные грунты, используемые в строительстве. Стандарт разработан в целях обеспечения соблюдения требований технического регламента о безопасности зданий и сооружений.",ГОСТ Р,ГОСТ Р 59706-2022 Грунты химически закрепленные. Технические условия.pdf,ГОСТ Р 59706-2022 Грунты химически закрепленные. Технические условия,"['технические требования', 'испытания', 'классификация грунтов', 'материалы для закрепления грунтов']","['грунты химически закрепленные', 'технические условия', 'строительство', 'цементные растворы', 'силикат натрия', 'инженерная защита территорий']",Русский,216,59706-2022,5,91.3,0.0,,ГОСТ Р 59706-2022 Грунты химически закрепленные. Технические условия.pdf,Действующий,23
"Конструкции стоечно-ригельные из профилей алюминиевых сплавов с заполнением, предназначенные для устройства вертикальных или наклонных фасадов жилых, общественных и производственных зданий различного уровня ответственности",Архитектура,2021-11-30,2025-08-26T03:13:14.354704+00:00,"Настоящий стандарт устанавливает общие технические условия для стоечно-ригельных фасадных конструкций из алюминиевых сплавов, применяемых для вертикальных или наклонных фасадов зданий различных типов.",ГОСТ Р,ГОСТ Р 59913-2021 Конструкции стоечно-ригельные фасадные из алюминиевых сплавов.Общие технические условия.pdf,Конструкции стоечно-ригельные фасадные из алюминиевых сплавов. Общие технические условия,"['технические условия стоечно-ригельных фасадных конструкций', 'алюминиевые сплавы', 'применение в строительстве фасадов']","['алюминиевые сплавы', 'фасадные конструкции', 'стоечно-ригельные конструкции', 'технические условия', 'фасады зданий']",Русский,196,59913-2021,5,92.2,1.4,,ГОСТ Р 59913-2021 Конструкции стоечно-ригельные фасадные из алюминиевых сплавов.Общие технические условия.pdf,Действующий,19
"Проектирование систем вентиляции и кондиционирования воздуха новых, реконструируемых и капитально ремонтируемых общественных зданий и сооружений, в том числе при изменении их функционального назначения, а также на помещения общественного назначения, встраиваемые в жилые здания и в другие объекты, соответствующие санитарно-эпидемиологическим требованиям к общественным зданиям",Вентиляция,2022-02-01,2025-08-26T03:13:19.256337+00:00,"Настоящий стандарт устанавливает технические требования к проектированию систем вентиляции и кондиционирования воздуха общественных зданий для обеспечения нормативных параметров микроклимата для находящихся в них людей в любые сезоны года. Стандарт охватывает проектирование, требования к параметрам воздушной среды помещений, организации воздухообмена и процесс работы от проектирования до ввода систем в эксплуатацию.",ГОСТ Р,ГОСТ Р 59972-2021 Системы вентиляции и кондиционирования воздуха общественных зданий.pdf,ГОСТ Р 59972-2021 Системы вентиляции и кондиционирования воздуха общественных зданий. Технические требования,"['требования к проектированию', 'параметры воздушной среды', 'организация воздухообмена', 'эксплуатация вентиляционных систем']","['вентиляция', 'кондиционирование', 'общественные здания', 'технические требования', 'микроклимат', 'воздушная среда', 'проектирование']",русский,634,59972-2021,5,92.8,1.0,Введен впервые,ГОСТ Р 59972-2021 Системы вентиляции и кондиционирования воздуха общественных зданий.pdf,Действующий,50
"Покрытия напольные эластичные, окрашенный и декоративный линолеум",Строительные материалы и изделия,2022-03-25,2025-08-26T03:13:22.643860+00:00,Стандарт устанавливает технические требования к окрашенному и декоративному линолеуму как виду эластичных напольных покрытий. Документ является модифицированным вариантом международного стандарта ISO 24011:2009 с адаптацией под национальные условия и требованиям.,ГОСТ Р,ГОСТ Р 70047-2022_Покрытия напольные эластичные. Окрашенный и декоративный линолеум.pdf,ГОСТ Р 70047—2022 Покрытия напольные эластичные. Окрашенный и декоративный линолеум. Технические требования,"['классификация', 'маркировка', 'этикетирование', 'упаковка', 'нормативные ссылки', 'термины и определения']","['линолеум', 'напольные покрытия', 'эластичные покрытия', 'технические требования']",русский,249,70047—2022,5,80.0,0.0,Введен впервые,ГОСТ Р 70047-2022_Покрытия напольные эластичные. Окрашенный и декоративный линолеум.pdf,Действующий,16
Формирование и ведение исполнительной документации в электронном виде,Строительство,2022-05-19,2025-08-26T03:13:26.635378+00:00,"Стандарт устанавливает требования к функционированию информационной системы, обеспечивающей процессы формирования и ведения исполнительной документации в электронном виде, а также регламентирует процессы формирования журналов учёта выполнения работ, актов и другой исполнительной документации, контроль процессов и передачу документации эксплуатирующей организации.",ГОСТ Р,ГОСТ Р 70108-2022 Документация исполнительная. Формирование и ведение в электронном виде (изм. на 19.05.2022).pdf,Гост Р 70108-2022 Документация исполнительная Формирование и ведение в электронном виде,"['формирование исполнительной документации', 'ведение исполнительной документации', 'журналы учёта', 'контроль формирования документации', 'передача исполнительной документации в электронном виде']","['исполнительная документация', 'электронное ведение', 'информационная система', 'строительство', 'формирование документации', 'вести журналы', 'контроль процессов']",русский,265,70108-2022,5,93.5,0.0,Введен впервые,ГОСТ Р 70108-2022 Документация исполнительная. Формирование и ведение в электронном виде (изм. на 19.05.2022).pdf,Действующий,44
Рекомендации по выбору и указанию в конструкторской документации шероховатости поверхности изделий из металлов и твердых сплавов,Обработка поверхности,2023-01-01,2025-08-26T03:13:30.982296+00:00,"Настоящий стандарт устанавливает рекомендации по выбору и указанию шероховатости поверхности изделий из металлов и твердых сплавов в конструкторской документации. Определяет зависимость шероховатости от вида обработки, функционального назначения, допусков формы и расположения, размера и квалитета. Не распространяется на дефекты поверхности, связанные с материалом или повреждениями, а также на поверхности с регулярным микрорельефом и изделия, покрываемые другими стандартами.",ГОСТ Р,ГОСТ Р 70117-2022_Шероховатость поверхности Рекомендации по выбору.pdf,ГОСТ Р 70117—2022 Шероховатость поверхности Рекомендации по выбору,"['шероховатость поверхности', 'выбор параметров', 'технические требования', 'обработка изделий']","['шероховатость поверхности', 'рекомендации по выбору', 'конструкторская документация', 'металлы', 'твердые сплавы', 'допуски формы', 'функциональное назначение']",Русский,1224,70117—2022,5,53.1,0.0,Введен впервые,ГОСТ Р 70117-2022_Шероховатость поверхности Рекомендации по выбору.pdf,Действующий,20
"Балансировочные ручные клапаны и автоматические регуляторы перепада давления, автоматические комбинированные клапаны, в том числе автоматические регуляторы (ограничители) расхода и автоматические регуляторы перепада давления с функцией ограничения расхода, термостатические, применяющиеся во внутренних инженерных системах водяного отопления зданий и сооружений, внутренних инженерных системах тепло-, холодоснабжения, в том числе системах с гликолевыми смесями, а также системах горячего водоснабжения зданий и сооружений.",Отопление,2023-08-01,2025-08-26T03:13:35.944301+00:00,"Настоящий стандарт устанавливает общие технические условия для балансировочных клапанов, используемых в системах отопления, внутренних системах тепло- и холодоснабжения, а также в системах горячего водоснабжения зданий и сооружений. В стандарте определены термины, области применения и основные технические требования к клапанам для обеспечения гидравлической увязки и регулирования расхода теплоносителя.",ГОСТ Р,ГОСТ Р 70338-2022 Клапаны балансировочные для систем отопления.pdf,"ГОСТ Р 70338-2022 Клапаны балансировочные для систем отопления, внутренних систем тепло-, холодоснабжения и горячего водоснабжения. Общие технические условия","['терминология', 'технические условия', 'область применения', 'нормативные ссылки']","['балансировочные клапаны', 'ручные клапаны', 'автоматические регуляторы перепада давления', 'теплоснабжение', 'холодоснабжение', 'горячее водоснабжение']",русский,231,70338-2022,5,94.1,0.0,Введен впервые,ГОСТ Р 70338-2022 Клапаны балансировочные для систем отопления.pdf,Действующий,33
"Трубопроводы из пластмасс для водоснабжения, дренажа и напорной канализации",Системы водоснабжения,2023-01-26,2025-08-26T03:13:40.406196+00:00,"Данный стандарт устанавливает требования к трубопроводам из полиэтилена (ПЭ) для систем водоснабжения, дренажа и напорной канализации. Он является модифицированной версией международного стандарта ISO 4427-2:2019 с учетом национальных особенностей и требований экономики России.",ГОСТ Р,"ГОСТ Р 70628.2-2023_Трубопроводы из пластмасс для водоснабжения, дренажа и напорной канализации Полиэтилен (ПЭ) Трубы.pdf","ГОСТ Р 70628.2— 2023 (ИСО 4427-2:2019) Трубопроводы из пластмасс для водоснабжения, дренажа и напорной канализации по полиэтилен (ПЭ). Часть 2. Трубы","['трубы из полиэтилена', 'системы водоснабжения', 'дренаж', 'канализация']","['трубопроводы', 'пластмассы', 'водоснабжение', 'дренаж', 'напорная канализация', 'полиэтилен']",Русский,427,70628.2— 2023,5,85.3,15.2,Введен впервые,"ГОСТ Р 70628.2-2023_Трубопроводы из пластмасс для водоснабжения, дренажа и напорной канализации Полиэтилен (ПЭ) Трубы.pdf",Действующий,38
бассейны для плавания,Системы водоснабжения,2023-09-01,2025-08-26T03:13:43.952819+00:00,"Стандарт устанавливает общие требования к системам водоподготовки в бассейнах для плавания. Он применяется к организациям и индивидуальным предпринимателям, владеющим или управляющим бассейнами для плавания, и содержит требования для процедуры добровольной сертификации соответствия.",ГОСТ Р,ГОСТ Р 70688-2023 Бассейны для плавания. Подготовка воды. Общие требования.pdf,ГОСТ Р 70688-2023 Бассейны Для Плавания. Подготовка Воды. Общие Требования,"['водообмен', 'технология водоподготовки', 'водоподготовка бассейна']","['водоподготовка', 'системы водоподготовки', 'бассейны для плавания', 'очистка воды', 'дезинфекция воды']",русский,182,70688-2023,5,96.6,1.4,Введен впервые,ГОСТ Р 70688-2023 Бассейны для плавания. Подготовка воды. Общие требования.pdf,Действующий,9
"устройство систем вентиляции и кондиционирования, предназначенные для обеспечения параметров микроклимата в серверных помещениях","Вентиляция, Кондиционирование",2024-01-01,2025-08-26T03:13:48.192946+00:00,"Стандарт распространяется на устройство систем вентиляции и кондиционирования серверных помещений, устанавливая правила и контроль выполнения работ. Исключаются системы жидкостного охлаждения и системы свободного охлаждения серверных помещений. Документ разработан с учётом положений СТО НОСТРОЙ 2.15.177-2015 и конкретизирует отдельные положения.",ГОСТ Р,ГОСТ Р 70735-2023 Инженерные сети зданий и сооружений внутренние. Устройство систем вентиляции и кондиционирования серверных помещений.pdf,ГОСТ Р 70735-2023 Инженерные сети зданий и сооружений внутренние. Устройство систем вентиляции и кондиционирования серверных помещений. Правила и контроль выполнения работ,"['требования к устройству систем вентиляции и кондиционирования', 'контроль выполнения работ']","['вентиляция', 'кондиционирование', 'серверные помещения', 'микроклимат', 'контроль выполнения работ']",русский,232,70735-2023,5,97.6,18.0,Введен впервые,ГОСТ Р 70735-2023 Инженерные сети зданий и сооружений внутренние. Устройство систем вентиляции и кондиционирования серверных помещений.pdf,Действующий,30
"Материалы вяжущие нефтяные битумные, правила выбора марок",Дороги автомобильные,2024-02-01,2025-08-26T03:13:52.041617+00:00,"Стандарт устанавливает правила выбора марок нефтяных битумных вяжущих материалов, предназначенных для автомобильных дорог общего пользования. Включает определение температурных условий эксплуатации и транспортных нагрузок для правильного применения материалов.",ГОСТ Р,ГОСТ Р 71009-2023_Дороги автомобильные общего пользования Материалы вяжущие нефтяные битумные Правила выбора марок.pdf,ГОСТ Р 71009-2023 Дороги автомобильные общего пользования. Материалы вяжущие нефтяные битумные. Правила выбора марок,"['Температурные условия эксплуатации', 'Транспортные нагрузки', 'Правила применения битумных материалов']","['Дороги автомобильные', 'Материалы вяжущие', 'Нефтяные битумные', 'Выбор марок']",русский,32,71009-2023,5,99.5,73.6,Введен впервые,ГОСТ Р 71009-2023_Дороги автомобильные общего пользования Материалы вяжущие нефтяные битумные Правила выбора марок.pdf,Действующий,46
Оценка соответствия лифтов и устройств безопасности лифтов при внесении изменений в конструкцию и сведения о продукции,Лифты,2025-01-01,2025-08-26T03:13:55.881657+00:00,"Стандарт устанавливает правила оценки (подтверждения) соответствия лифтов и устройств безопасности лифтов при внесении изменений в их конструкцию и (или) сведения о продукции, указанные в действующем сертификате соответствия. Документ распространяется на лифты и устройства безопасности лифтов серийного производства и связан с методами испытаний, необходимых для оценки соответствия требованиям технического регламента.",ГОСТ Р,ГОСТ Р 71556-2024 Лифты. Правила оценки соответствия при внесении изменений в конструкцию.pdf,ГОСТ Р 71556-2024 Лифты Правила оценки соответствия при внесении изменений в конструкцию,"['оценка соответствия', 'сертификация продукции', 'испытания лифтов', 'технический регламент']","['лифты', 'правила оценки соответствия', 'изменения конструкции', 'сертификат соответствия', 'технический регламент']",русский,304,71556-2024,5,92.1,0.0,Введен впервые,ГОСТ Р 71556-2024 Лифты. Правила оценки соответствия при внесении изменений в конструкцию.pdf,Действующий,5
Мостостроение,Строительство,2025-02-04,2025-08-26T03:13:59.324237+00:00,"Стандарт устанавливает общие технические условия на ванты для мостостроения, включая классификацию, технические требования, методы контроля, правила приемки, транспортирование и хранение. Содержит методики испытаний на усталость и герметичность.",ГОСТ Р,ГОСТ Р 71612-2024 Ванты для мостостроения. Общие технические условия.pdf,ГОСТ Р 71612-2025 Ванты для мостостроения. Общие технические условия,"['классификация вант', 'конструкция', 'технические требования', 'правила приемки', 'методы контроля', 'транспортирование', 'хранение', 'гарантии изготовителя', 'методики испытаний']","['ванты', 'мостостроение', 'технические условия', 'испытывания на усталость', 'герметичность', 'контроль качества']",русский,230,71612-2025,5,96.2,6.5,Введен впервые,ГОСТ Р 71612-2024 Ванты для мостостроения. Общие технические условия.pdf,Действующий,24
Модульные здания и их конструкции различного функционального назначения,Строительство,2024-11-01,2025-08-26T03:14:02.349899+00:00,"Стандарт устанавливает термины и определения, а также классификацию модульных зданий и их конструкций в области строительства. В документе приведены систематизированные термины, отражающие систему понятий в области модульного строительства.",ГОСТ Р,ГОСТ Р 71617-2024 Модульные здания и конструкции. Классификация.pdf,ГОСТ Р 71617-2024 Модульные здания и конструкции. Термины и определения. Классификация,"['термины и определения', 'модульные здания', 'классификация', 'строительство']","['модульные здания', 'конструкции', 'термины', 'определения', 'классификация', 'строительство']",Русский,122,71617-2024,5,89.3,0.0,Введен впервые,ГОСТ Р 71617-2024 Модульные здания и конструкции. Классификация.pdf,Действующий,24
"Обеспечение антитеррористической защищенности объектов капитального строительства на всех этапах их жизненного цикла, включая строительство, реконструкцию, капитальный ремонт и эксплуатацию, а также для различных объектов производственного и непроизводственного назначения различной ведомственной принадлежности.",Антитеррористическая защищенность,2025-03-01,2025-08-26T03:14:08.831729+00:00,"Настоящий стандарт устанавливает меры и решения по обеспечению антитеррористической защищенности объектов. Он направлен на реализацию нормативных правовых требований к антитеррористической безопасности объектов капитального строительства и различных других объектов на всех этапах их жизненного цикла, включая строительство, реконструкцию, ремонт и эксплуатацию. Стандарт предназначен для применения юридическими и физическими лицами, проектными организациями и государственными органами.",ГОСТ Р,ГОСТ Р 71917-2024 Антитеррористическая защищенность. Мероприятия (изм. на 25.12.2024).pdf,ГОСТ Р 71917-2024 Антитеррористическая защищенность. Мероприятия и решения по обеспечению антитеррористической защищенности объектов. Общие положения,"['антитеррористическая безопасность', 'жизненный цикл объектов', 'нормативные требования', 'проектирование и эксплуатация']","['антитеррористическая защищенность', 'мероприятия и решения', 'объекты капитального строительства', 'безопасность', 'проектная документация', 'государственные органы']",Русский,422,71917-2024,5,92.2,3.7,,ГОСТ Р 71917-2024 Антитеррористическая защищенность. Мероприятия (изм. на 25.12.2024).pdf,Действующий,28
Панели монолитные из поликарбоната,Строительство,2025-05-01,2025-08-26T03:14:12.879958+00:00,"Настоящий стандарт устанавливает технические условия для монолитных панелей из поликарбоната, включая классификацию, технические требования, безопасность, методы испытаний, упаковку, маркировку, транспортирование, хранение, монтаж и эксплуатацию.",ГОСТ Р,ГОСТ Р 72007-2025 Панели монолитные из поликарбоната.Технические условия.pdf,ГОСТ Р 72007—2025 Панели монолитные из поликарбоната. Технические условия,"['классификация', 'технические требования', 'правила приемки', 'методы испытаний', 'упаковка и маркировка', 'монтаж и эксплуатация']","['панели монолитные', 'поликарбонат', 'технические условия', 'безопасность', 'испытания', 'маркировка']",Русский,122,72007—2025,5,95.7,0.9,Введен впервые,ГОСТ Р 72007-2025 Панели монолитные из поликарбоната.Технические условия.pdf,Действующий,16
Механические анкеры для крепления в бетоне,Строительство,2025-07-01,2025-08-26T03:14:17.233949+00:00,"Стандарт устанавливает общие технические условия для механических анкеров, используемых для крепления в бетоне. Описываются классификация, технические требования, методы испытаний, маркировка, упаковка и требования по безопасности.",ГОСТ Р,ГОСТ Р 72018-2025 Анкеры механические для крепления в бетоне. Общие технические условия.pdf,ГОСТ Р 72018—2025 Анкеры механические для крепления в бетоне. Общие технические условия,"['классификация анкеров', 'технические требования', 'методы контроля и испытаний', 'приемка и маркировка', 'охрана окружающей среды и безопасность']","['анкеры механические', 'крепление в бетоне', 'технические условия', 'испытания', 'маркировка']",русский,128,72018—2025,5,95.9,0.0,Введен впервые,ГОСТ Р 72018-2025 Анкеры механические для крепления в бетоне. Общие технические условия.pdf,Действующий,16
