area_of_application,category,date_issue,date_of_analysis,description,document_type,filename,full_name,keytopics,keywords,language,median_content_length,number,pages_analyzed,percent_clause_detection,percent_missing_clauses,revision,source,status,total_pages
Методы определения морозостойкости бетонов,Бетоны,2018-06,2025-08-26T02:57:44.161388+00:00,"Межгосударственный стандарт ГОСТ 10060-2012 регламентирует методы определения морозостойкости бетонов. Стандарт разработан с учетом основных нормативных положений европейских и американских стандартов для оценки стойкости бетона к быстрому замораживанию и оттаиванию, а также устойчивости поверхности бетона к разрушению.",ГОСТ,ГОСТ 10060-2012_Бетоны Методы определения морозостойкости.pdf,ГОСТ 10060-2012 Бетоны. Методы определения морозостойкости,"['Методы испытаний', 'Морозостойкость бетона', 'Сравнительный анализ стандартов EN и ASTM']","['бетоны', 'морозостойкость', 'методы определения', 'испытание бетона', 'замораживание', 'оттаивание']",Русский,246,10060-2012,5,93.9,5.7,Поправка ИУС № 6-2017,ГОСТ 10060-2012_Бетоны Методы определения морозостойкости.pdf,Действующий,24
Методы определения прочности бетона по контрольным образцам,Строительство,2018-06,2025-08-26T02:57:47.323220+00:00,"Стандарт устанавливает методы определения прочности бетона по контрольным образцам, соответствует европейским стандартам EN 12390-1:2009 по EN 12390-6:2009 и введён в качестве национального стандарта Российской Федерации с 1 июля 2013 года.",ГОСТ,ГОСТ 10180-2012_Бетоны Методы определения прочности по контрольным образцам.pdf,ГОСТ 10180-2012 Бетоны. Методы определения прочности по контрольным образцам,"['методы испытания бетона', 'прочность бетона', 'стандартизация в строительстве']","['бетоны', 'прочность', 'контрольные образцы', 'испытания', 'строительство']",русский,222,10180-2012,5,97.1,7.6,Переиздание. Июнь 2018,ГОСТ 10180-2012_Бетоны Методы определения прочности по контрольным образцам.pdf,Действующий,36
,Металлические трубы,2007-01-01,2025-08-26T02:57:50.938693+00:00,"Настоящий стандарт устанавливает сортамент стальных электросварных прямошовных труб, включая размеры, длины и теоретическую массу труб различного диаметра и толщины стенки. Стандарт применяется к производству электросварных труб и содержит технические требования и размеры для различных диаметров и толщин стенок труб.",ГОСТ,ГОСТ 10704-91_Трубы стальные электросварные прямошовные.pdf,ГОСТ 10704-91 Трубы стальные электросварные прямошовные. Сортамент,"['сортамент труб', 'технические характеристики труб', 'электросварные трубы']","['трубы стальные', 'электросварные', 'прямошовные', 'сортамент', 'размеры', 'теоретическая масса']",русский,1074,10704-91,5,35.0,56.2,,ГОСТ 10704-91_Трубы стальные электросварные прямошовные.pdf,Действующий,15
"Стальные электросварные прямошовные трубы диаметром от 10 до 530 мм из углеродистой и низколегированной стали, применяемые для трубопроводов и конструкций различного назначения",Трубопровод и конструкции,2008,2025-08-26T02:57:54.778244+00:00,"Стандарт устанавливает технические условия на стальные электросварные прямошовные трубы диаметром от 10 до 530 мм из углеродистой и низколегированной стали. Включает требования к размерам, механическим свойствам, термической обработке и химическому составу труб. Не распространяется на трубы для теплоэлектронагревателей.",ГОСТ,ГОСТ 10705-80_Трубы стальные электросварные .pdf,ГОСТ 10705-80 Трубы стальные электросварные Технические условия,"['размеры и допуски', 'качество стали', 'группы качества', 'механические свойства', 'термическая обработка', 'применение']","['трубы стальные электросварные', 'технические условия', 'механические свойства', 'термическая обработка', 'гидроиспытания', 'химический состав']",русский,156,10705-80,5,85.8,19.1,Изм. № 5,ГОСТ 10705-80_Трубы стальные электросварные .pdf,Действующий,19
"Арматурные и закладные изделия, сварные, вязанные и механические соединения для железобетонных конструкций",Железобетонные конструкции,2013-07-01,2025-08-26T02:57:59.092851+00:00,"Настоящий стандарт устанавливает общие технические условия для арматурных и закладных изделий, а также их сварных, вязанных и механических соединений, применяемых в железобетонных конструкциях. Стандарт введен в действие в Российской Федерации и странах СНГ с 1 июля 2013 года.",ГОСТ,"ГОСТ 10922-2012_Арматурные и закладные изделия, их соединения для жб конструкций.pdf","ГОСТ 10922-2012 Арматурные и закладные изделия, их сварные, вязанные и механические соединения для железобетонных конструкций. Общие технические условия","['технические условия', 'конструкционные материалы', 'соединения', 'железобетон']","['арматурные изделия', 'закладные изделия', 'сварные соединения', 'вязанные соединения', 'механические соединения', 'железобетонные конструкции']",Русский,229,10922-2012,5,97.9,1.1,,"ГОСТ 10922-2012_Арматурные и закладные изделия, их соединения для жб конструкций.pdf",Действующий,35
"В строительстве, на базовые изделия из натрий-кальций-силикатного стекла, поставляемые и конечные размеры",Стекло,2016-04-01,2025-08-26T02:58:04.706927+00:00,"Межгосударственный стандарт, регулирующий технические условия на листовое бесцветное стекло для строительства. Введен в действие с 1 апреля 2016 года в Российской Федерации, соответствует европейскому стандарту EN 572-8:2012 с неэквивалентной степенью соответствия.",ГОСТ,ГОСТ 111-2014_Стекло листовое бесцветное.pdf,ГОСТ 111-2014 Стекло листовое бесцветное. Технические условия,"['классификация стекла', 'основные параметры', 'размеры изделий', 'технические требования']","['Стекло листовое', 'бесцветное стекло', 'технические условия', 'межгосударственный стандарт', 'EN 572-8:2012', 'натрий-кальций-силикатное стекло']",русский,200,111-2014,5,97.0,51.4,,ГОСТ 111-2014_Стекло листовое бесцветное.pdf,Действующий,12
Шум на рабочем месте,Система стандартов безопасности труда,2019-09,2025-08-26T02:58:08.068082+00:00,"Межгосударственный стандарт, устанавливающий общие требования безопасности в отношении шума на рабочих местах, включая влияние шума на здоровье работников и меры по управлению профессиональными рисками в этой области.",ГОСТ,ГОСТ 12.1.003-2014 Система стандартов безопасности труда (ССБТ). Шум.pdf,ГОСТ 12.1.003-2014 Система стандартов безопасности труда. Шум. Общие требования безопасности,"['влияние шума на здоровье', 'требования безопасности', 'управление рисками']","['шум', 'безопасность труда', 'гигиенические нормативы', 'профессиональные риски', 'медицинское обслуживание']",Русский,466,12.1.003-2014,5,88.3,0.0,Переиздание,ГОСТ 12.1.003-2014 Система стандартов безопасности труда (ССБТ). Шум.pdf,Действующий,29
"Простые вещества, химические соединения и их смеси в различных агрегатных состояниях и комбинациях, включая полимерные и композитные материалы, применяемые в промышленности, быту и транспорте; разделы методов применимы также к строительным и отделочным материалам; не распространяется на взрывчатые и радиоактивные вещества и материалы",Пожарная безопасность,2019-05-01,2025-08-26T02:58:12.634398+00:00,"Стандарт устанавливает номенклатуру показателей пожаровзрывоопасности веществ и материалов, а также методы их определения. Применяется к веществам и материалам в различных агрегатных состояниях, за исключением взрывчатых и радиоактивных. Введен в действие с 1 мая 2019 года вместо ГОСТ 12.1.044-89.",ГОСТ,ГОСТ 12.1.044-2018 Система стандартов безопасности труда (ССБТ). Пожаровзрывоопасность веществ и материалов.pdf,"ГОСТ 12.1.044-2018 Система стандартов безопасности труда. Пожаровзрывоопасность веществ и материалов. Номенклатура показателей и методы их определения (с Поправкой, с Изменением № 1)","['пожаровзрывоопасность веществ и материалов', 'методы определения показателей']","['пожаровзрывоопасность', 'вещества', 'материалы', 'номенклатура показателей', 'методы определения', 'система стандартов безопасности труда']",русский,308,12.1.044-2018,5,93.4,4.6,"с Поправкой, с Изменением № 1",ГОСТ 12.1.044-2018 Система стандартов безопасности труда (ССБТ). Пожаровзрывоопасность веществ и материалов.pdf,Действующий,233
"Автоматические установки (системы) пожаротушения, предназначенные для локализации или тушения и ликвидации пожара с функциями автоматической пожарной сигнализации",Пожарная безопасность,1993-01-01,2025-08-26T02:58:17.160745+00:00,"Стандарт устанавливает общие технические требования к автоматическим установкам пожаротушения (АУП), включая проектирование, изготовление, монтаж, наладку и эксплуатацию. Регламентирует виды АУП по конструктивному исполнению и виду огнетушащего вещества, а также требования безопасности и надежности эксплуатации.",ГОСТ,ГОСТ 12.3.046-91_Установки пожаротушения автоматические.pdf,ГОСТ 12.3.046-91 Установки Пожаротушения Автоматические. Общие Технические Требования,"['проектирование АУП', 'изготовление АУП', 'монтаж и наладка', 'эксплуатация', 'классификация АУП', 'требования безопасности', 'надежность функционирования']","['автоматические установки пожаротушения', 'АУП', 'пожарная безопасность', 'технические требования', 'автоматическая пожарная сигнализация']",русский,652,12.3.046-91,5,0.0,0.0,Введен впервые,ГОСТ 12.3.046-91_Установки пожаротушения автоматические.pdf,Действующий,8
"вентиляционные системы, кондиционирование воздуха и воздушное отопление производственных, складских, административно-бытовых и общественных зданий и сооружений",Вентиляция,2001-08-01,2025-08-26T02:58:21.804883+00:00,"Стандарт устанавливает общие требования к вентиляционным системам, включая кондиционирование воздуха и воздушное отопление для различных типов зданий и сооружений. Не распространяется на специфические объекты, такие как подземные и открытые горные выработки, метрополитены, транспортные средства, здания особого назначения, а также системы, связанные с взрывчатыми веществами и пневмотранспортом. Включены требования безопасности и монтажные нормы.",ГОСТ,ГОСТ 12.4.021-75 Система стандартов безопасности труда (ССБТ). Системы вентиляционные.pdf,ГОСТ 12.4.021-75 Системы вентиляционные. Общие требования,"['технические требования вентиляционных систем', 'безопасность вентиляционных систем', 'монтаж и эксплуатация вентиляционных систем', 'исключения из применения стандарта']","['вентиляционные системы', 'кондиционирование воздуха', 'воздушное отопление', 'строительные нормы и правила', 'безопасность труда', 'монтаж вентиляционных систем']",русский,276,12.4.021-75,5,98.0,0.0,Изменение №1,ГОСТ 12.4.021-75 Система стандартов безопасности труда (ССБТ). Системы вентиляционные.pdf,Действующий,5
"сигнальные цвета, знаки безопасности и сигнальная разметка для производственной, общественной и иной хозяйственной деятельности людей, производственных, общественных объектов и иных мест, где необходимо обеспечение безопасности",Пожарная безопасность,2021-01-01,2025-08-26T02:58:26.995121+00:00,"Стандарт устанавливает назначение и правила применения сигнальных цветов, знаков безопасности и сигнальной разметки, а также общие технические требования, характеристики и методы испытаний. Применяется в целях обеспечения безопасности на производственных, общественных и прочих объектах.",ГОСТ,"ГОСТ 12.4.026-2015 Система стандартов безопасности труда (ССБТ). Цвета сигнальные, Знаки и Разметка.pdf","ГОСТ 12.4.026-2015 Система стандартов безопасности труда. Цвета сигнальные, знаки безопасности и разметка сигнальная. Назначение и правила применения. Общие технические требования и характеристики. Методы испытаний","['сигнальные цвета', 'знаки безопасности', 'сигнальная разметка', 'правила применения', 'технические характеристики', 'методы испытаний']","['сигнальные цвета', 'знаки безопасности', 'сигнальная разметка', 'безопасность труда', 'технические требования', 'методы испытаний']",русский,292,12.4.026-2015,5,92.5,7.5,"Изменение N 1, Поправки 2019, 2021","ГОСТ 12.4.026-2015 Система стандартов безопасности труда (ССБТ). Цвета сигнальные, Знаки и Разметка.pdf",Действующий,72
"Методы определения плотности, влажности, водопоглощения, пористости и водонепроницаемости бетонов",Бетоны,2021-09-01,2025-08-26T02:58:31.883961+00:00,"Настоящий межгосударственный стандарт устанавливает общие требования к методам определения плотности, влажности, водопоглощения, пористости и водонепроницаемости бетонов. Введен в действие с 1 сентября 2021 года, заменяя ГОСТ 12730.0-78.",ГОСТ,"ГОСТ 12730.0-2020_Бетоны Общие требования к методам определения плотности, влажности, водопоглощения, пористости и водонепроницаемости.pdf","ГОСТ 12730.0-2020 Бетоны Общие требования к методам определения плотности, влажности, водопоглощения, пористости и водонепроницаемости","['методы определения', 'плотность бетонов', 'влажность бетонов', 'водопоглощение', 'пористость', 'водонепроницаемость']","['бетоны', 'плотность', 'влажность', 'водопоглощение', 'пористость', 'водонепроницаемость']",Русский,290,12730.0-2020,5,65.9,23.5,,"ГОСТ 12730.0-2020_Бетоны Общие требования к методам определения плотности, влажности, водопоглощения, пористости и водонепроницаемости.pdf",Действующий,18
Методы определения плотности бетонов,Бетоны,2021-09-01,2025-08-26T02:58:36.495330+00:00,"Стандарт устанавливает методы определения плотности бетонов. Введён в действие с 1 сентября 2021 года, заменяя ГОСТ 12730.1—78. Разработан Научно-исследовательским центром «Строительство» и принят Межгосударственным советом по стандартизации, метрологии и сертификации.",ГОСТ,ГОСТ 12730.1-2020_Бетоны Методы определения плотности.pdf,ГОСТ 12730.1—2020 Бетоны Методы определения плотности,"['методы определения плотности бетонов', 'научно-исследовательский центр', 'межгосударственная стандартизация']","['бетоны', 'плотность', 'методы определения плотности', 'строительство']",русский,223,12730.1—2020,5,81.5,10.3,Введен впервые,ГОСТ 12730.1-2020_Бетоны Методы определения плотности.pdf,Действующий,18
Определение влажности бетонов,Бетоны,2021-09-01,2025-08-26T02:58:39.269809+00:00,Межгосударственный стандарт ГОСТ 12730.2-2020 устанавливает метод определения влажности бетонов. Стандарт введён в действие с 1 сентября 2021 года и заменяет ГОСТ 12730.2-78.,ГОСТ,ГОСТ 12730.2-2020_Бетоны Метод определения влажности.pdf,ГОСТ 12730.2-2020 Бетоны Метод определения влажности,"['методы определения влажности', 'бетон', 'лабораторные испытания']","['бетоны', 'влажность', 'определение влажности', 'испытания бетонов']",русский,212,12730.2-2020,5,74.4,20.0,,ГОСТ 12730.2-2020_Бетоны Метод определения влажности.pdf,Действующий,14
,Бетоны,2021-09-01,2025-08-26T02:58:42.545116+00:00,"Межгосударственный стандарт ГОСТ 12730.3-2020 устанавливает метод определения водопоглощения бетонов. Документ разработан научно-исследовательским институтом бетона и железобетона, принят Межгосударственным советом по стандартизации, метрологии и сертификации и введен в действие в Российской Федерации с 1 сентября 2021 года.",ГОСТ,ГОСТ 12730.3-2020_Бетоны Метод определения водопоглощения.pdf,ГОСТ 12730.3-2020 Бетоны Метод определения водопоглощения,"['методы испытаний бетонов', 'водопоглощение бетонов', 'стандартизация', 'строительство']","['бетоны', 'водопоглощение', 'метод определения', 'межгосударственный стандарт']",русский,210,12730.3-2020,5,75.6,7.4,Введен впервые,ГОСТ 12730.3-2020_Бетоны Метод определения водопоглощения.pdf,Действующий,14
,Бетоны,2007-01-01,2025-08-26T02:58:46.260284+00:00,"Стандарт устанавливает методы определения показателей пористости бетонов всех видов на основе измерения плотности, водопоглощения и сорбционной влажности. Включены формулы для расчета объема пор различных типов, а также методика определения кинетики водопоглощения бетона.",ГОСТ,ГОСТ 12730.4-78_Бетоны Методы определения показателей пористости.pdf,ГОСТ 12730.4-78 Бетоны. Методы определения показателей пористости,"['определение пористости', 'плотность бетона', 'водопоглощение', 'сорбционная влажность', 'микропористость', 'кинетика водопоглощения']","['бетоны', 'пористость', 'методы определения', 'плотность', 'водопоглощение', 'сорбционная влажность']",русский,332,12730.4-78,5,12.5,0.0,,ГОСТ 12730.4-78_Бетоны Методы определения показателей пористости.pdf,Действующий,7
,Бетоны,2019-09-01,2025-08-26T02:58:50.093774+00:00,"Межгосударственный стандарт ГОСТ 12730.5-2018 устанавливает методы определения водонепроницаемости бетонов. Включает три метода: по мокрому пятну, по коэффициенту фильтрации и по глубине проникания воды под давлением. Стандарт разработан на основе европейского стандарта EN 12390.8:2009.",ГОСТ,ГОСТ 12730.5-2018_Бетоны Методы определения водонепроницаемости.pdf,ГОСТ 12730.5-2018 Бетоны. Методы определения водонепроницаемости,"['методы испытания бетона', 'водонепроницаемость бетона', 'стандартизация', 'межгосударственный стандарт']","['водонепроницаемость', 'бетоны', 'методы определения', 'коэффициент фильтрации', 'глубина проникания воды', 'мокрое пятно']",русский,218,12730.5-2018,5,95.3,2.0,Введен впервые,ГОСТ 12730.5-2018_Бетоны Методы определения водонепроницаемости.pdf,Действующий,23
Изделия бетонные и железобетонные для строительства,Строительство,2018-07,2025-08-26T02:58:53.786177+00:00,"Настоящий стандарт устанавливает общие технические требования к бетонным и железобетонным изделиям для строительства, а также правила приемки, маркировки, транспортирования и хранения этих изделий.",ГОСТ,"ГОСТ 13015-2012_Изделия бетонные и жб строительства Правила приемки, маркировки, транспортирования и хранения.pdf","ГОСТ 13015—2012 Изделия бетонные и железобетонные для строительства. Общие технические требования. Правила приемки, маркировки, транспортирования и хранения","['технические требования', 'правила приемки', 'маркировка изделий', 'транспортирование', 'хранение']","['бетонные изделия', 'железобетонные изделия', 'строительство', 'технические требования', 'приемка', 'маркировка', 'транспортирование', 'хранение']",русский,185,13015—2012,5,96.3,0.0,Переиздание Июль 2018 г.,"ГОСТ 13015-2012_Изделия бетонные и жб строительства Правила приемки, маркировки, транспортирования и хранения.pdf",Не действующий,27
"Методы испытаний санитарных керамических изделий - фарфоровых, полуфарфоровых и фаянсовых, включая унитазы, умывальники, постаменты умывальников, биде, смывные бачки, писсуары, поддоны, ванны",Изделия санитарные керамические,2018-03-01,2025-08-26T02:58:58.748584+00:00,"Стандарт устанавливает методы испытаний санитарных керамических изделий, таких как фарфоровые, полуфарфоровые и фаянсовые унитазы, умывальники и другие. Определены обязательные требования к качеству продукции и перечень нормативных ссылок для проведения испытаний.",ГОСТ,ГОСТ 13449-2017 Изделия санитарные керамические. Методы испытаний.pdf,ГОСТ 13449-2017 Изделия санитарные керамические. Методы испытаний,"['методы испытаний санитарной керамики', 'качество продукции', 'нормативные ссылки']","['санитарные керамические изделия', 'методы испытаний', 'фарфор', 'полуфарфор', 'фаянс', 'унитазы', 'умывальники', 'биде', 'смывные бачки', 'писсуары', 'поддоны', 'ванны']",русский,234,13449-2017,5,95.1,0.0,,ГОСТ 13449-2017 Изделия санитарные керамические. Методы испытаний.pdf,Действующий,10
Бетонные блоки для стен подвалов и технических подпольев зданий,Строительство,2018-10-05,2025-08-26T02:59:02.803655+00:00,"Стандарт устанавливает типы, конструкции и технические требования к бетонным блокам для стен подвалов зданий, изготовленным из тяжелого и легкого силикатного бетона средней плотности не менее 1800 кг/м3. Допускается применение сплошных блоков для фундаментов. Стандарт введен в действие как национальный стандарт Российской Федерации с 1 мая 2019 года.",ГОСТ,ГОСТ 13579-2018_Блоки бетонные для стен подвалов.pdf,ГОСТ 13579-2018 Блоки бетонные для стен подвалов. Технические условия,"['технические требования', 'конструкции блоков', 'плотность бетона', 'методы испытаний']","['бетонные блоки', 'стены подвалов', 'технические условия', 'тяжелый бетон', 'легкий силикатный бетон', 'плотность', 'строительство']",Русский,211,13579-2018,5,92.4,0.0,Взамен ГОСТ 13579-78,ГОСТ 13579-2018_Блоки бетонные для стен подвалов.pdf,Действующий,16
"Сварные соединения стержневой и проволочной арматуры и соединения стержневой арматуры с листовым и фасонным прокатом при изготовлении арматурных и закладных изделий железобетонных конструкций, а также при монтаже сборных и возведении монолитных железобетонных конструкций",Арматура,2015-07-01,2025-08-26T02:59:07.280444+00:00,"Стандарт устанавливает типы, конструкции и размеры сварных соединений арматуры и закладных изделий для железобетонных конструкций, выполненных контактной и дуговой сваркой. Применяется при изготовлении и монтаже железобетонных конструкций.",ГОСТ,"ГОСТ 14098-2014_Соединения сварные арматуры и закладных изделий жб конструкций типы, конструкции и размеры.pdf","ГОСТ 14098-2014 Соединения сварные арматуры и закладных изделий железобетонных конструкций. Типы, конструкции и размеры","['сварные соединения', 'армирование', 'железобетон', 'размерные стандарты']","['соединения сварные', 'арматура', 'железобетонные конструкции', 'закладные изделия', 'типы', 'конструкции', 'размеры', 'контактная сварка', 'дуговая сварка']",русский,266,14098-2014,5,74.4,42.3,Изм. 1 (ИУС №9 2019 г.),"ГОСТ 14098-2014_Соединения сварные арматуры и закладных изделий жб конструкций типы, конструкции и размеры.pdf",Действующий,40
"Опознавательная окраска, предупреждающие знаки и маркировочные щитки трубопроводов на промышленных предприятиях внутри зданий, на наружных установках и коммуникациях (эстакадах, подземных каналах)",Промышленные трубопроводы,2001-09,2025-08-26T02:59:12.619678+00:00,"Данный стандарт устанавливает требования к опознавательной окраске, предупреждающим знакам и маркировочным щиткам трубопроводов промышленных предприятий. Он направлен на быстрое определение содержимого трубопроводов, облегчение управления производственными процессами и обеспечение безопасности труда. В стандарте описываются группы веществ, требования к окраске, методы нанесения и особенности маркировки.",ГОСТ,"ГОСТ 14202-69_Трубопроводы промышленных предприятий Опознавательная окраска, предупреждающие знаки и маркировочные щитки.pdf","ГОСТ 14202-69 Трубопроводы промышленных предприятий. Опознавательная окраска, предупреждающие знаки и маркировочные щитки","['группы веществ по трубопроводам', 'цвета опознавательной окраски', 'маркировка трубопроводов', 'безопасность промышленного производства']","['трубопроводы', 'опознавательная окраска', 'предупреждающие знаки', 'маркировочные щитки', 'промышленные предприятия', 'безопасность труда', 'управление производственными процессами']",русский,27,14202-69,5,77.9,0.0,,"ГОСТ 14202-69_Трубопроводы промышленных предприятий Опознавательная окраска, предупреждающие знаки и маркировочные щитки.pdf",Действующий,17
Требования безопасности и устойчивости технических изделий к проникновению твердых предметов и воды при эксплуатации,Пожарная безопасность,2023-07-01,2025-08-26T02:59:17.058351+00:00,"Межгосударственный стандарт ГОСТ 14254-2015 устанавливает степени защиты, обеспечиваемые оболочками (Код IP), с учетом модификаций международного стандарта IEC 60529:2013. Стандарт применяется с 1 марта 2017 года и содержит поправки, опубликованные в 2023 году. Он определяет требования безопасности, связанные с устойчивостью технических изделий к проникновению твердых предметов и воды при эксплуатации.",ГОСТ,"ГОСТ 14254-2015 Степени защиты, обеспечиваемые оболочками (Код IP) (с изм. на 01.07.23).pdf","ГОСТ 14254-2015 (IEC 60529:2013) Степени защиты, обеспечиваемые оболочками (Код IP) (с Поправками)","['степени защиты оболочек', 'устойчивость к проникновению твердых предметов и воды', 'модификация международного стандарта IEC 60529:2013']","['Код IP', 'степени защиты', 'оболочки', 'устойчивость к проникновению', 'твердые предметы', 'вода', 'безопасность']",русский,528,14254-2015,5,87.7,0.0,Поправка (ИУС 7-2023),"ГОСТ 14254-2015 Степени защиты, обеспечиваемые оболочками (Код IP) (с изм. на 01.07.23).pdf",Действующий,44
"Комплектные распределительные негерметизированные устройства (КРУ) в металлической оболочке, трехфазного переменного тока частотой 50 и 60 Гц на номинальное напряжение до 10 кВ для сетей с изолированной или заземленной через дугогасительный реактор нейтралью",Электротехническое оборудование,2003-01-01,2025-08-26T02:59:22.181673+00:00,"Стандарт устанавливает общие технические условия и параметры на комплектные распределительные негерметизированные устройства (КРУ) в металлической оболочке для напряжения до 10 кВ, предназначенные для нужд народного хозяйства и экспорта. Включает требования, параметры, области применения и исключения из применения, а также устанавливает обязательные требования.",ГОСТ,ГОСТ 14693-90_Устройства комплектные распределительные негерметизированные в металлической оболочке на напряжение до 10 кв.pdf,ГОСТ 14693-90 Устройства Комплектные Распределительные Негерметизированные В Металлической Оболочке На Напряжение До 10 Кв Общие Технические Условия,"['технические условия', 'токовые параметры', 'электротехническая безопасность', 'испытания']","['комплектные распределительные устройства', 'негерметизированные устройства', 'металлическая оболочка', 'напряжение до 10 кВ', 'технические условия']",русский,191,14693-90,5,95.2,1.2,,ГОСТ 14693-90_Устройства комплектные распределительные негерметизированные в металлической оболочке на напряжение до 10 кв.pdf,Действующий,27
"Основные типы, конструктивные элементы и размеры сварных соединений из сталей, а также сплавов на железоникелевой и никелевой основах, выполняемых дуговой сваркой в защитном газе",Сварка,2007-12-01,2025-08-26T02:59:28.311202+00:00,"Стандарт устанавливает основные типы, конструктивные элементы и размеры сварных соединений, выполненных дуговой сваркой в защитном газе, применяемых для сталей и специализированных сплавов. Документ содержит обозначения способов сварки и требования к основным типам соединений.",ГОСТ,"ГОСТ 14771-76_Дуговая сварка в защитном газе Соединения сварные Основные типы, конструктивные элементы и размеры.pdf","ГОСТ 14771-76 Дуговая сварка в защитном газе. Соединения сварные. Основные типы, конструктивные элементы и размеры","['типы сварных соединений', 'конструктивные элементы сварных соединений', 'размеры сварных соединений', 'методы дуговой сварки в защитном газе']","['дуговая сварка', 'защитный газ', 'сварные соединения', 'типовые конструктивные элементы', 'размеры сварных соединений', 'сталевые соединения', 'сплавы железоникелевой и никелевой основы']",русский,95,14771-76,5,12.2,0.0,"Изменения №1, 2, 3","ГОСТ 14771-76_Дуговая сварка в защитном газе Соединения сварные Основные типы, конструктивные элементы и размеры.pdf",Действующий,39
"Ультразвуковой контроль стыковых, угловых, нахлесточных и тавровых соединений сварных конструкций из металлов и сплавов",Экспертиза строительства,2005,2025-08-26T02:59:33.984415+00:00,"Стандарт устанавливает методы ультразвукового контроля сварных соединений для выявления различных дефектов, таких как трещины, непровары и включения. Устанавливаются требования к использованию ультразвуковых дефектоскопов, стандартных образцов и преобразователей для качественного контроля сварных соединений.",ГОСТ,ГОСТ 14782-86_Контроль неразрушающий Соединения сварные Методы ультразвуковые.pdf,Гост 14782-86 Контроль неразрушающий. Соединения сварные. Методы ультразвуковые,"['методы ультразвукового контроля', 'сварные соединения', 'оборудование для контроля', 'стандартные образцы', 'дефекты сварных соединений']","['ультразвуковой контроль', 'сварные соединения', 'дефектоскоп', 'пьезоэлектрические преобразователи', 'стандарты', 'сварка', 'неразрушающий контроль']",Русский,356,14782-86,5,84.8,0.0,Введен впервые,ГОСТ 14782-86_Контроль неразрушающий Соединения сварные Методы ультразвуковые.pdf,Действующий,27
"Силовые кабели с алюминиевыми или медными жилами, с пластмассовой изоляцией, предназначенные для передачи и распределения электрической энергии в стационарных установках на номинальное переменное напряжение 0,66; 1; 3 и 6 кВ частоты 50 Гц.",Электротехника,2007-01-01,2025-08-26T02:59:39.431147+00:00,"Настоящий стандарт устанавливает технические условия для силовых кабелей с пластмассовой изоляцией, алюминиевыми или медными жилами, с пластмассовой или алюминиевой оболочкой и защитными покровами или без них. Он регламентирует маркировку, номинальное напряжение, число и сечение жил кабелей, а также требования к их изготовлению для нужд народного хозяйства и экспорта.",ГОСТ,ГОСТ 16442-80_Кабели силовые с пластмассовой изоляцией.pdf,ГОСТ 16442-80 Кабели силовые с пластмассовой изоляцией Технические условия,"['маркировка кабелей', 'номинальное напряжение', 'число и сечение жил', 'технические требования', 'область применения']","['кабели силовые', 'пластмассовая изоляция', 'технические условия', 'напряжение кабеля', 'жила кабеля', 'изоляция кабеля']",русский,208,16442-80,5,94.6,0.0,"Изм. № 4, 5",ГОСТ 16442-80_Кабели силовые с пластмассовой изоляцией.pdf,Действующий,23
Древесина,Древесина,1985-07-01,2025-08-26T02:59:43.346972+00:00,Настоящий стандарт устанавливает метод определения предела прочности при статическом изгибе древесины. Определяется максимальная нагрузка при разрушении образца и вычисляется напряжение при этой нагрузке. Метод не распространяется на авиационную древесину.,ГОСТ,ГОСТ 16483.3-84_Древесина Метод определения предела прочности при статическом изгибе.pdf,ГОСТ 16483.3-84 Древесина Метод определения предела прочности при статическом изгибе,"['методы испытаний древесины', 'статический изгиб', 'определение предела прочности', 'кондиционирование образцов']","['древесина', 'статический изгиб', 'предел прочности', 'испытания', 'кондиционирование', 'влажность', 'нагрузка']",русский,14,16483.3-84,5,98.2,87.4,,ГОСТ 16483.3-84_Древесина Метод определения предела прочности при статическом изгибе.pdf,Действующий,7
,Контроль строительства,2018-08,2025-08-26T02:59:46.933621+00:00,Межгосударственный стандарт ГОСТ 18105—2010 устанавливает правила контроля и оценки прочности бетона. Стандарт учитывает основные положения европейского стандарта EN 206-1:2000 и вводится в действие в качестве национального стандарта Российской Федерации с 1 сентября 2012 года. В документе приведены технические требования и критерии соответствия по контролю и оценке прочности бетонов.,ГОСТ,ГОСТ 18105-2010_Бетоны Правила контроля и оценки прочности.pdf,ГОСТ 18105—2010 Бетоны. Правила контроля и оценки прочности,"['правила контроля', 'оценка прочности бетона', 'межгосударственные стандарты', 'Европейский стандарт EN 206-1:2000']","['бетоны', 'контроль прочности', 'оценка прочности', 'строительство', 'нормативные документы']",русский,333,18105—2010,5,91.8,0.0,Переиздание. Август 2018 г.,ГОСТ 18105-2010_Бетоны Правила контроля и оценки прочности.pdf,Действующий,16
"Устанавливает термины и определения основных понятий в области технического обслуживания и ремонта техники, применяется ко всем объектам технического обслуживания и ремонта.",Техническое обслуживание и ремонт техники,2017-09-01,2025-08-26T02:59:50.411260+00:00,"Настоящий стандарт устанавливает термины и определения основных понятий в области технического обслуживания и ремонта техники. Рекомендуется для применения во всех видах документации и литературы, связанных с техническим обслуживанием и ремонтом техники.",ГОСТ,ГОСТ 18322-2016 Система технического обслуживания и ремонта техники. Термины и определения.pdf,ГОСТ 18322-2016 Система технического обслуживания и ремонта техники. Термины и определения,"['определение терминов', 'техническое обслуживание', 'ремонт техники']","['техническое обслуживание', 'ремонт техники', 'термины и определения', 'стандартизация', 'техническое обслуживание и ремонт']",русский,128,18322-2016,5,94.6,0.0,Введен впервые,ГОСТ 18322-2016 Система технического обслуживания и ремонта техники. Термины и определения.pdf,Действующий,15
"Водоразборная арматура: смесители, краны и лабораторная арматура для холодной и горячей воды при рабочем давлении от 0,05 до 1,0 МПа и температуре до 75°C, предназначенная для санитарно-технических приборов и водоподогревателей открытого типа, устанавливаемых в зданиях различного назначения",Арматура сантехничекая,2017-07-01,2025-08-26T02:59:55.598217+00:00,"Межгосударственный стандарт, устанавливающий общие технические условия на санитарно-техническую водоразборную арматуру, включая смесители, краны и лабораторную арматуру для использования при определенных условиях давления и температуры в зданиях различного назначения.",ГОСТ,ГОСТ 19681-2016 Арматура санитарно-техническая водоразборная. Общие технические условия.pdf,ГОСТ 19681-2016 Арматура санитарно-техническая водоразборная. Общие технические условия,"['технические условия', 'ввод в действие', 'нормативные ссылки']","['арматура санитарно-техническая', 'водоразборная арматура', 'смесители', 'краны', 'лабораторная арматура', 'рабочее давление', 'температура', 'санитарно-технические приборы', 'водоподогреватели']",русский,141,19681-2016,5,94.5,74.1,,ГОСТ 19681-2016 Арматура санитарно-техническая водоразборная. Общие технические условия.pdf,Действующий,18
Нормоконтроль проектной и рабочей документации для строительства зданий и сооружений,Система проектной документации для строительства,2022-08-23,2025-08-26T03:00:00.287502+00:00,"Стандарт устанавливает задачи, содержание и порядок проведения нормоконтроля проектной и рабочей документации для строительства зданий и сооружений. Предназначен для применения юридическими и физическими лицами, участвующими в подготовке проектной и рабочей документации независимо от форм собственности и подчинения.",ГОСТ,ГОСТ 21.002-2014 Система проектной документации для строительства (СПДС). Нормоконтроль проектной и рабочей документации.pdf,ГОСТ 21.002-2014 Система проектной документации для строительства. Нормоконтроль проектной и рабочей документации,"['задачи нормоконтроля', 'порядок нормоконтроля', 'обязанности специалистов', 'подготовка проектной документации', 'разработка рабочей документации']","['нормоконтроль', 'проектная документация', 'рабочая документация', 'строительство']",Русский,218,21.002-2014,5,94.5,0.0,"Поправка, введенная в действие с 23.08.2021",ГОСТ 21.002-2014 Система проектной документации для строительства (СПДС). Нормоконтроль проектной и рабочей документации.pdf,Действующий,8
"Разработка эскизных чертежей общих видов нетиповых изделий (конструкций, устройств, монтажных блоков) для основных комплектов рабочих чертежей строительства объектов различного назначения",Система проектной документации для строительства,2015-01-01,2025-08-26T03:00:05.598195+00:00,"Стандарт устанавливает основные требования к разработке эскизных чертежей общих видов нетиповых изделий, которые выполняются к основным комплектам рабочих чертежей для строительства объектов различного назначения. Включает правила выполнения таких эскизных чертежей.",ГОСТ,ГОСТ 21.114-2013 Правила выполнения эскизных чертежей общих видов нетиповых изделий.pdf,ГОСТ 21.114-2013 Система проектной документации для строительства. Правила выполнения эскизных чертежей общих видов нетиповых изделий,"['требования к эскизным чертежам', 'проектная документация', 'нормативные ссылки']","['эскизные чертежи', 'нетиповые изделия', 'система проектной документации', 'строительство', 'конструкции', 'устройства', 'монтажные блоки']",русский,337,21.114-2013,5,93.6,0.0,Поправка ИУС N 7-2015,ГОСТ 21.114-2013 Правила выполнения эскизных чертежей общих видов нетиповых изделий.pdf,Действующий,9
"Основные условные графические обозначения элементов систем инженерно-технического обеспечения (водоснабжения, канализации, отопления, вентиляции, кондиционирования, газоснабжения), тепломеханических и других трубопроводных систем, а также буквенно-цифровые обозначения трубопроводов этих систем","Системы водоснабжения, Системы канализации, Отопление, Вентиляция, Кондиционирование",2023-07,2025-08-26T03:00:11.848717+00:00,"Межгосударственный стандарт, устанавливающий условные графические обозначения элементов трубопроводных систем зданий и сооружений, применяемые в проектной документации для строительства. Стандарт заменяет ГОСТ 21.205-93 и соответствует европейскому и американскому стандартам по символам вентиляции и арматуры.",ГОСТ,ГОСТ 21.205-2016 СПДС. Условные обозначения элементов трубопроводных систем зданий и сооружений (с Поправками).pdf,ГОСТ 21.205-2016 Система проектной документации для строительства. Условные обозначения элементов трубопроводных систем зданий и сооружений,"['условные графические обозначения', 'трубопроводные системы зданий', 'системы инженерно-технического обеспечения', 'сопоставление с международными стандартами']","['условные обозначения', 'трубопроводные системы', 'водоснабжение', 'канализация', 'отопление', 'вентиляция', 'кондиционирование', 'газоснабжение', 'проектная документация']",русский,48,21.205-2016,5,98.2,1.4,Поправка ИУС 7-2023,ГОСТ 21.205-2016 СПДС. Условные обозначения элементов трубопроводных систем зданий и сооружений (с Поправками).pdf,Действующий,21
"Общие условные графические обозначения и упрощенные графические изображения трубопроводов и их элементов на чертежах и схемах технологических и тепломеханических решений, систем и сетей инженерно-технического обеспечения при проектировании предприятий, зданий и сооружений различного назначения",Проектная документация для строительства,2018-08,2025-08-26T03:00:17.554053+00:00,"Межгосударственный стандарт, устанавливающий графические условные обозначения трубопроводов и их элементов для использования в проектной документации строительных объектов. Включает правила для систем водоснабжения, канализации, отопления, вентиляции, кондиционирования и газоснабжения.",ГОСТ,ГОСТ 21.206-2012 Условные обозначения трубопроводов.pdf,ГОСТ 21.206-2012 Система проектной документации для строительства. Условные обозначения трубопроводов,"['графические условные обозначения', 'проектирование инженерных систем', 'системы водоснабжения и канализации', 'отопление и вентиляция', 'кондиционирование воздуха', 'газоснабжение']","['условные обозначения трубопроводов', 'проектная документация', 'стройтельство', 'инженерно-техническое обеспечение', 'графические обозначения', 'трубопроводы', 'тепломеханические решения']",русский,246,21.206-2012,5,97.0,0.0,Переиздание,ГОСТ 21.206-2012 Условные обозначения трубопроводов.pdf,Действующий,5
"Условные графические изображения электропроводок, прокладок шин, кабельных линий и электрического оборудования на планах прокладки электрических сетей и (или) расположения электрооборудования зданий и сооружений различного назначения",Система проектной документации для строительства,2019-01-01,2025-08-26T03:00:19.611323+00:00,"Межгосударственный стандарт, устанавливающий условные графические изображения электропроводок, прокладок шин, кабельных линий и электрического оборудования на планах прокладки электрических сетей и расположения электрооборудования в зданиях и сооружениях.",ГОСТ,ГОСТ 21.210-2014 СПДС. УГО электроборудования и проводок.pdf,Гост 21.210-2014 Система проектной документации для строительства. Условные графические изображения электрооборудования и проводок на планах,"['графические символы электрооборудования', 'проводки', 'проектная документация']","['электрооборудование', 'проводки', 'условные графические изображения', 'планы', 'система проектной документации']",русский,56,21.210-2014,5,96.0,80.2,поправка 2022,ГОСТ 21.210-2014 СПДС. УГО электроборудования и проводок.pdf,Действующий,14
Рабочая документация тепловой изоляции оборудования и трубопроводов,Тепловая изоляция,1994-07-01,2025-08-26T03:00:26.461534+00:00,Стандарт устанавливает состав и правила оформления рабочей документации тепловой изоляции наружной поверхности трубопроводов и оборудования зданий и сооружений различного назначения. Документ применяется с 1 июля 1994 года и предназначен для обеспечения стандартного подхода к выполнению рабочей документации в данной области.,ГОСТ,ГОСТ 21.405-93 Правила выполнения рабочей документации тепловой изоляции оборудования и трубопроводов.pdf,ГОСТ 21.405-93 Система проектной документации для строительства. Правила выполнения рабочей документации тепловой изоляции оборудования и трубопроводов,"['требования к документации', 'тепловая изоляция', 'рабочие чертежи', 'спецификация оборудования', 'ведомость потребности в материалах']","['тепловая изоляция', 'рабочая документация', 'трубопроводы', 'оборудование', 'строительство', 'ГОСТ', 'СПДС']",Русский,224,21.405-93,5,89.8,0.0,Введен впервые,ГОСТ 21.405-93 Правила выполнения рабочей документации тепловой изоляции оборудования и трубопроводов.pdf,Не действующий,9
Правила оформления рабочей документации систем автоматизации технологических процессов и инженерных систем зданий и сооружений проектируемых объектов строительства различного назначения,Автоматизация,2020-07,2025-08-26T03:00:30.869672+00:00,"Стандарт устанавливает состав и правила оформления рабочей документации систем автоматизации технологических процессов и инженерных систем зданий и сооружений, распространяется на рабочую документацию технического обеспечения АСУ ТП, разрабатываемую по ГОСТ 34.201.",ГОСТ,ГОСТ 21.408-2013 СПДС. Правила выполнения рабочей документации автоматизации технологических процессов (изм. на 21.02.2025).pdf,ГОСТ 21.408-2013 Система проектной документации для строительства. Правила выполнения рабочей документации автоматизации технологических процессов (Издание с Поправками),"['состав рабочей документации', 'правила оформления документации', 'системы автоматизации', 'технологические процессы', 'инженерные системы']","['система проектной документации', 'автоматизация технологических процессов', 'рабочая документация', 'АСУ ТП', 'ГОСТ 34.201']",русский,296,21.408-2013,5,92.9,2.5,Издание с Поправками,ГОСТ 21.408-2013 СПДС. Правила выполнения рабочей документации автоматизации технологических процессов (изм. на 21.02.2025).pdf,Действующий,41
"Системы отопления, вентиляции и кондиционирования зданий и сооружений различного назначения","Отопление, Вентиляция, Кондиционирование",2017-07-01,2025-08-26T03:00:32.871544+00:00,"Стандарт устанавливает состав и правила оформления рабочей документации систем отопления, вентиляции и кондиционирования зданий и сооружений различного назначения.",ГОСТ,"ГОСТ 21.602-2016 Правила выполнения рабочей документации систем отопления, вентиляции и кондиционирования.pdf","ГОСТ 21.602-2016 Система проектной документации для строительства. Правила выполнения рабочей документации систем отопления, вентиляции и кондиционирования","['правила выполнения документации', 'рабочая документация систем отопления', 'рабочая документация систем вентиляции', 'рабочая документация систем кондиционирования']","['система проектной документации', 'рабочая документация', 'системы отопления', 'вентиляция', 'кондиционирование']",Русский,220,21.602-2016,5,95.4,1.0,Введен впервые,"ГОСТ 21.602-2016 Правила выполнения рабочей документации систем отопления, вентиляции и кондиционирования.pdf",Действующий,30
"Сборные бетонные и железобетонные трубы для подземных безнапорных и напорных трубопроводов, транспортирующих жидкости",Строительство,2023-11-01,2025-08-26T03:00:40.284767+00:00,"Стандарт устанавливает типы, основные размеры и параметры сборных бетонных и железобетонных труб, предназначенных для подземных безнапорных и напорных трубопроводов. Не распространяется на водопропускные и дренажные трубы. Введен в действие с 1 ноября 2023 года, заменяет ГОСТ 22000-86.",ГОСТ,ГОСТ 22000-2023 Трубы бетонные и железобетонные. Типы и основные параметры.pdf,ГОСТ 22000-2023 Трубы бетонные и железобетонные. Типы и основные параметры,"['нормирование', 'изготовление труб', 'применение труб', 'подземные трубопроводы']","['бетонные трубы', 'железобетонные трубы', 'типы труб', 'параметры труб', 'безнапорные трубопроводы', 'напорные трубопроводы']",Русский,248,22000-2023,5,87.1,54.3,Введен впервые,ГОСТ 22000-2023 Трубы бетонные и железобетонные. Типы и основные параметры.pdf,Действующий,19
Ограждающие конструкции,Архитектура,2019-09-01,2025-08-26T03:00:45.076253+00:00,"Стандарт устанавливает технические условия на профили прессованные из алюминиевых сплавов, используемые для ограждающих конструкций. Соответствует ряду европейских и международных стандартов, регулирующих химический состав, механические свойства, допуски на размеры, методы определения прочности и испытания покрытий.",ГОСТ,ГОСТ 22233-2018_Профили прессованные из алюминиевых сплавов для ограждающих конструкций.pdf,ГОСТ 22233—2018 Профили прессованные из алюминиевых сплавов для ограждающих конструкций. Технические условия,"['Прессованные профили', 'Алюминиевые сплавы', 'Механические свойства', 'Допуски размеров и формы', 'Методы испытаний покрытий']","['Профили прессованные', 'Алюминиевые сплавы', 'Ограждающие конструкции', 'Технические условия', 'Коррозионные испытания']",русский,120,22233—2018,5,96.1,56.4,Введен впервые,ГОСТ 22233-2018_Профили прессованные из алюминиевых сплавов для ограждающих конструкций.pdf,Действующий,33
"Терминология в области систем отопления, вентиляции и кондиционирования воздуха","Отопление, Вентиляция, Кондиционирование",2018-11-01,2025-08-26T03:00:52.150637+00:00,"Стандарт устанавливает однозначно понимаемую и непротиворечивую терминологию для систем отопления, вентиляции и кондиционирования воздуха. Предназначен для использования в документации по стандартизации и обеспечивает единое понимание терминов на межгосударственном уровне.",ГОСТ,"ГОСТ 22270-2018 Системы отопления, вентиляции и кондиционирования. Термины и определения.pdf","ГОСТ 22270-2018 Системы отопления, вентиляции и кондиционирования. Термины и определения","['терминология в системах ОВиК', 'межгосударственная стандартизация', 'стандартизация терминов']","['термины', 'определения', 'отопление', 'вентиляция', 'кондиционирование', 'стандартизация', 'межгосударственный стандарт']",русский,35,22270-2018,5,99.1,1.6,с Поправками,"ГОСТ 22270-2018 Системы отопления, вентиляции и кондиционирования. Термины и определения.pdf",Действующий,25
Лабораторный метод определения максимальной плотности грунтов,Грунты,2017-01-01,2025-08-26T03:00:57.066556+00:00,"Межгосударственный стандарт, устанавливающий метод лабораторного определения максимальной плотности грунтов. Обеспечивает единые правила проведения испытаний с использованием определенного оборудования и приборов.",ГОСТ,ГОСТ 22733-2016_Грунты Метод лабораторного определения максимальной плотности.pdf,ГОСТ 22733-2016 Грунты Метод лабораторного определения максимальной плотности,"['лабораторное определение максимальной плотности', 'оборудование для испытаний', 'требования и процедуры испытаний']","['грунты', 'максимальная плотность', 'лабораторный метод', 'испытания', 'стандарт']",русский,262,22733-2016,5,91.4,0.0,Взамен ГОСТ 22733-2002,ГОСТ 22733-2016_Грунты Метод лабораторного определения максимальной плотности.pdf,Действующий,16
Конструкции стальные строительные,Строительство,2020-08-04,2025-08-26T03:01:03.541463+00:00,"Настоящий межгосударственный стандарт устанавливает общие технические условия для стальных строительных конструкций. В стандарте определены термины, классификация, основные параметры, размеры и технические требования к данным конструкциям.",ГОСТ,ГОСТ 23118-2019_Конструкции стальные строительные.pdf,ГОСТ 23118—2019 Конструкции стальные строительные. Общие технические условия,"['область применения', 'нормативные ссылки', 'термины и определения', 'классификация', 'параметры и размеры', 'технические требования']","['конструкции стальные', 'строительные', 'технические условия', 'классификация', 'параметры', 'размеры', 'требования']",Русский,207,23118—2019,5,95.8,1.1,Введен впервые,ГОСТ 23118-2019_Конструкции стальные строительные.pdf,Действующий,41
"Лестницы маршевые, площадки и ограждения стальные",Конструкции металлические,2017-03-01,2025-08-26T03:01:08.270016+00:00,"Стандарт устанавливает технические условия на маршевые лестницы, площадки и ограждения из стали. Содержит требования к основным параметрам, размерам, техническим требованиям и правилам приемки указанных изделий.",ГОСТ,"ГОСТ 23120-2016_Лестницы маршевые, площадки и ограждения стальные.pdf","ГОСТ 23120-2016 Лестницы маршевые, площадки и ограждения стальные. Технические условия","['технические условия', 'параметры и размеры', 'требования и приемка']","['лестницы маршевые', 'площадки', 'ограждения стальные', 'технические условия']",Русский,204,23120-2016,5,90.6,0.0,Взамен ГОСТ 23120—78,"ГОСТ 23120-2016_Лестницы маршевые, площадки и ограждения стальные.pdf",Действующий,14
"звукоизоляционные и звукопоглощающие материалы и изделия, применяемые в строительных конструкциях жилых, общественных и производственных зданий для защиты от шума и создания условий акустического комфорта",Строительные материалы,2023-05-01,2025-08-26T03:01:16.987736+00:00,"Стандарт устанавливает классификацию, общие технические требования, методы испытаний и правила приемки строительных звукоизоляционных и звукопоглощающих материалов и изделий. Применяется для обеспечения акустического комфорта в жилых, общественных и производственных зданиях.",ГОСТ,ГОСТ 23499-2022 Материалы и изделия звукоизоляционные и звукопоглощающие строительные. Общие технические условия.pdf,ГОСТ 23499-2022 Материалы и изделия строительные звукоизоляционные и звукопоглощающие. Общие технические условия,"['классификация материалов', 'технические требования', 'методы испытаний', 'правила приемки']","['строительные материалы', 'звукоизоляционные материалы', 'звукопоглощающие материалы', 'акустические материалы', 'технические условия', 'методы испытаний']",Русский,196,23499-2022,5,96.0,1.5,Взамен ГОСТ 23499-2009,ГОСТ 23499-2022 Материалы и изделия звукоизоляционные и звукопоглощающие строительные. Общие технические условия.pdf,Действующий,18
,Приборостроение,2008-12-19,2025-08-26T03:01:24.696765+00:00,"Стандарт распространяется на показывающие и самопишущие манометры, вакуумметры, мановакуумметры, напоромеры, тягомеры и тягонапоромеры, предназначенные для измерения избыточного и вакуумметрического давления жидкости, газа и пара. Включает общие технические условия, параметры и размеры приборов.",ГОСТ,"ГОСТ 2405-88_Манометры, вакуумметры, мановакуумметры, напоромеры, тягомеры и тягонапоромеры.pdf","Гост 2405-88 Манометры, вакуумметры, мановакуумметры, напоромеры, тягомеры и тягонапоромеры. Общие технические условия","['технические условия', 'измерение давления', 'приборы']","['манометры', 'вакуумметры', 'мановакуумметры', 'напоромеры', 'тягомеры', 'тягонапоромеры', 'технические условия', 'давление', 'приборы']",Русский,160,2405-88,5,88.8,0.0,Переиздание 2008,"ГОСТ 2405-88_Манометры, вакуумметры, мановакуумметры, напоромеры, тягомеры и тягонапоромеры.pdf",Действующий,32
Верификация закупленной продукции,,2019-02,2025-08-26T03:01:28.779816+00:00,"Стандарт ГОСТ 24297-2013 устанавливает организацию проведения и методы контроля верификации закупленной продукции. В документе изложены общие положения, порядок проведения и оформление результатов верификации.",ГОСТ,ГОСТ 24297-2013_Верификация закупленной продукции организация проведения и методы контроля.pdf,Гост 24297-2013 Верификация закупленной продукции. Организация проведения и методы контроля,"['верификация продукции', 'организация контроля', 'методы контроля']","['верификация', 'закупленная продукция', 'контроль', 'организация проведения', 'методы контроля']",русский,211,24297-2013,5,95.5,0.0,Переиздание 2019 года,ГОСТ 24297-2013_Верификация закупленной продукции организация проведения и методы контроля.pdf,Действующий,16
"Фундаментные болты, конструкция и размеры",Строительство,2013-07-01,2025-08-26T03:01:33.076102+00:00,"Данный стандарт определяет конструкцию и размеры фундаментных болтов, включая шпильки, анкерные плиты, муфты и анкерную арматуру. Стандарт введён в действие в Российской Федерации с 1 июля 2013 года и заменяет ГОСТ 24379.1-80.",ГОСТ,ГОСТ 24379.1-2012_Болты фундаментные Конструкция и размеры.pdf,Гост 24379.1-2012 Болты фундаментные. Конструкция и размеры,"['конструкция болтов', 'размеры болтов', 'стандартизация строительных металлоконструкций']","['фундаментные болты', 'конструкция', 'размеры', 'шпильки', 'анкерные плиты', 'муфты', 'анкерная арматура']",русский,158,24379.1-2012,5,76.8,8.2,,ГОСТ 24379.1-2012_Болты фундаментные Конструкция и размеры.pdf,Действующий,41
Методы измерения деформаций оснований зданий и сооружений,Грунты,2014-01-01,2025-08-26T03:01:35.156231+00:00,"Межгосударственный стандарт, устанавливающий методы измерения деформаций оснований зданий и сооружений. Введен в действие с 1 июля 2013 года в качестве национального стандарта Российской Федерации. Стандарт заменяет ГОСТ 24846-81 и включает методики измерения вертикальных, горизонтальных перемещений и наклонов оснований.",ГОСТ,ГОСТ 24846-2012_Грунты Методы измерения деформаций оснований зданий и сооружений.pdf,Гост 24846-2012 Грунты Методы измерения деформаций оснований зданий и сооружений,"['измерение деформаций', 'основания зданий', 'методы измерения', 'вертикальные перемещения', 'горизонтальные перемещения', 'наклоны']","['грунты', 'деформации оснований', 'измерение', 'здания', 'сооружения', 'методы измерения']",русский,210,24846-2012,5,96.8,1.0,,ГОСТ 24846-2012_Грунты Методы измерения деформаций оснований зданий и сооружений.pdf,Действующий,22
Технические условия для стеклопакетов клееных,Стеклопакеты клееные,2016-04-01,2025-08-26T03:01:43.144233+00:00,"Межгосударственный стандарт, устанавливающий технические условия для клееных стеклопакетов в строительстве. Включает основные положения, требования к долговечности, влагопроницаемости, скорости утечки газа, физических характеристикам герметиков, заводскому контролю и периодическим испытаниям.",ГОСТ,ГОСТ 24866-2014_Стеклопакеты клееные.pdf,ГОСТ 24866-2014 Стеклопакеты клееные. Технические условия,"['технические условия', 'испытания на долговечность', 'влагопроницаемость', 'утечка газа', 'физические характеристики герметиков', 'заводской контроль']","['стеклопакеты', 'клееные', 'технические условия', 'межгосударственный стандарт', 'долговечность', 'влагопроницаемость', 'герметики', 'контроль качества']",Русский,191,24866-2014,5,94.6,5.0,Взамен ГОСТ 24866-99,ГОСТ 24866-2014_Стеклопакеты клееные.pdf,Действующий,36
,Грунты,2020-07-21,2025-08-26T03:01:45.036607+00:00,Межгосударственный стандарт ГОСТ 25100-2020 устанавливает классификацию грунтов и применяется в строительстве. Стандарт разработан научно-исследовательскими и проектными организациями с участием ряда академических институтов и введён в действие с 1 января 2021 года Российской Федерацией как национальный стандарт.,ГОСТ,ГОСТ 25100-2020_Грунты Классификация.pdf,ГОСТ 25100-2020 Грунты Классификация,"['классификация грунтов', 'область применения', 'термины и определения', 'общие положения']","['грунты', 'классификация', 'стандарт', 'строительство', 'межгосударственный стандарт']",Русский,162,25100-2020,5,82.7,23.3,Взамен ГОСТ 25100-2011,ГОСТ 25100-2020_Грунты Классификация.pdf,Действующий,41
Грунтовка предназначена для грунтования металлических и деревянных поверхностей под покрытия различными эмалями.,Лакокрасочные материалы и покрытия,2024-03,2025-08-26T03:01:47.587097+00:00,"Настоящий стандарт устанавливает технические условия на грунтовку ГФ-021, представляющую собой суспензию пигментов и наполнителей в алкидном лаке с добавлением растворителей, сиккатива и стабилизирующих веществ. Грунтовка устойчива к изменениям температуры от минус 45 °С до плюс 60 °С и предназначена для использования на металлических и деревянных поверхностях перед нанесением покрытий.",ГОСТ,ГОСТ 25129-2020_Грунтовка ГФ-021.pdf,Грунтовка ГФ-021. Технические условия,"['технические условия', 'материалы для грунтования', 'испытания', 'стойкость покрытий']","['грунтовка', 'ГФ-021', 'лакокрасочные материалы', 'технические условия', 'нанесение покрытий', 'алкидный лак', 'пигменты', 'наполнители', 'стойкость к температуре']",русский,161,25129-2020,5,91.9,0.0,Поправка (ИУС № 6—2023),ГОСТ 25129-2020_Грунтовка ГФ-021.pdf,Действующий,15
"Централизованное водоснабжение, включая водопотребление, водозаборы, подача, очистка и водоподготовка, качество воды, водопроводная сеть и сооружения на ней, резервуары питьевой воды",Системы водоснабжения,2024-12-25,2025-08-26T03:01:49.962195+00:00,"Настоящий межгосударственный стандарт устанавливает термины и определения в области централизованного водоснабжения. Он охватывает стандартизованные термины, связанные с водопотреблением, водозаборами, подачей, очисткой и водоподготовкой воды, качеством воды, водопроводной сетью и сооружениями на ней, включая резервуары питьевой воды.",ГОСТ,ГОСТ 25151-2024_Водоснабжение Термины и определения.pdf,ГОСТ 25151—2024 Водоснабжение,"['термины и определения', 'централизованное водоснабжение', 'качество воды', 'водоподготовка', 'водопроводные сооружения']","['вода', 'водоснабжение', 'водоочистка', 'водопотребление', 'водоподготовка', 'водопроводная сеть', 'резервуары питьевой воды']",Русский,593,25151—2024,5,57.8,0.0,Введен впервые,ГОСТ 25151-2024_Водоснабжение Термины и определения.pdf,Действующий,24
"Строительство, бетоны, бетонные смеси, сборные и монолитные, бетонные и железобетонные конструкции и изделия",Строительство,2019-12-01,2025-08-26T03:01:51.992706+00:00,"Стандарт распространяется на бетоны, применяемые во всех видах строительства, за исключением бетонов на битумных вяжущих. Устанавливает классификацию бетонов и общие технические требования к ним, которые должны соблюдаться при разработке нормативных и технических документов, проектной и технологической документации.",ГОСТ,ГОСТ 25192-2012_Бетоны классификация и общие технические требования.pdf,ГОСТ 25192-2012 Бетоны. Классификация и общие технические требования,"['классификация бетонов', 'технические требования', 'область применения', 'тип вяжущих', 'прочность', 'морозостойкость', 'водонепроницаемость']","['бетоны', 'классификация', 'технические требования', 'строительство', 'бетонные смеси', 'железобетонные конструкции']",русский,206,25192-2012,5,96.8,0.0,Переиздание 2019,ГОСТ 25192-2012_Бетоны классификация и общие технические требования.pdf,Действующий,16
"Лестницы, балконы, крыши, лестничные марши и площадки",Ограждения металлические,2021-09-01,2025-08-26T03:01:56.644613+00:00,"Межгосударственный стандарт, устанавливающий общие технические условия для ограждений металлических лестниц, балконов, крыш, лестничных маршей и площадок. Документ предназначен для применения в строительстве и промышленности, регламентируя параметры, классификацию и требования к конструкции металлических ограждений.",ГОСТ,"ГОСТ 25772-2021_Ограждения металлические лестниц, балконов, крыш, лестничных маршей и площадок.pdf","ГОСТ 25772—2021 Ограждения металлические лестниц, балконов, крыш, лестничных маршей и площадок. Общие технические условия","['классификация ограждений', 'технические требования', 'параметры и размеры', 'конструкция']","['ограждения металлические', 'лестницы', 'балконы', 'крыши', 'лестничные марши', 'площадки', 'технические условия', 'стандарт']",русский,183,25772—2021,5,90.8,0.0,Введен впервые,"ГОСТ 25772-2021_Ограждения металлические лестниц, балконов, крыш, лестничных маршей и площадок.pdf",Действующий,30
"Водоразборные смесители и краны для умывальников, рукомойников, моек, раковин, ванн, душа, бидэ для подачи и смешения холодной и горячей воды",Системы водоснабжения,2020-06-01,2025-08-26T03:02:01.183917+00:00,"Стандарт распространяется на водоразборные смесители и краны для различных сантехнических приборов, предназначенные для подачи и смешения холодной и горячей воды температурой до 75°C под рабочим давлением от 0,05 до 1,0 МПа. Определены типы и основные размеры изделий.",ГОСТ,ГОСТ 25809-2019 Смесители и краны водоразборные. Типы и основные размеры.pdf,ГОСТ 25809-2019 Смесители и краны водоразборные. Типы и основные размеры,"['типы изделий', 'основные размеры', 'водоразборные устройства']","['смесители', 'краны водоразборные', 'водоснабжение', 'горячая вода', 'холодная вода', 'рабочее давление']",русский,222,25809-2019,5,97.0,3.4,,ГОСТ 25809-2019 Смесители и краны водоразборные. Типы и основные размеры.pdf,Действующий,22
"Устанавливает термины и определения основных понятий в области эксплуатации изделий техники, обязательные для применения в документации всех видов, научно-технической, учебной и справочной литературе.",Эксплуатация техники,1990-01-01,2025-08-26T03:02:03.245539+00:00,"Стандарт устанавливает применяемые в науке, технике и производстве термины и определения основных понятий в области эксплуатации изделий техники. В документе приведены стандартизованные термины с определениями, а также алфавитный указатель терминов и пояснения к некоторым терминам.",ГОСТ,ГОСТ 25866-83 Эксплуатация техники. Термины и определения (с Изменением N 1)_Текст.pdf,ГОСТ 25866-83 Эксплуатация техники. Термины и определения (с изменением N 1),"['эксплуатация изделий техники', 'терминология', 'стандартизация терминов', 'техническое обслуживание', 'ремонт']","['эксплуатация техники', 'термины', 'определения', 'техническая эксплуатация', 'средства эксплуатации', 'система эксплуатации', 'условия эксплуатации']",Русский,1957,25866-83,5,16.7,0.0,Изменение N 1,ГОСТ 25866-83 Эксплуатация техники. Термины и определения (с Изменением N 1)_Текст.pdf,Действующий,5
Стальные горячекатаные двутавры с параллельными гранями полок высотой от 100 до 1000 мм и шириной полок от 55 до 400 мм,Металлы и сплавы,1998-10,2025-08-26T03:02:08.528721+00:00,"Стандарт распространяется на стальные горячекатаные двутавры с параллельными гранями полок, устанавливает типы двутавров, их размеры, площадь поперечного сечения, линейную плотность и пределы отклонений по размерам и форме. В документе приведены технические характеристики и чертежи двутавров.",ГОСТ,ГОСТ 26020-83_Двутавры стальные горячекатаные с параллельными гранями полок Сортамент.pdf,Двутавры стальные горячекатаные с параллельными гранями полок. Сортамент,"['типы двутавров', 'размеры и характеристики', 'технические требования', 'сортамент']","['двутавры стальные', 'горячекатаные', 'параллельные грани полок', 'сортамент', 'пределы отклонений', 'типология двутавров']",русский,150,26020-83,5,28.6,0.0,Переиздание 1998,ГОСТ 26020-83_Двутавры стальные горячекатаные с параллельными гранями полок Сортамент.pdf,Действующий,11
Бетоны тяжелые и мелкозернистые; строительные материалы,Строительство,2019-02-01,2025-08-26T03:02:11.156261+00:00,"Настоящий межгосударственный стандарт ГОСТ 26633-2015 устанавливает технические условия на тяжелые и мелкозернистые бетоны, включая требования, правила приемки и методы контроля. Стандарт введен в действие в качестве национального стандарта Российской Федерации с 1 сентября 2016 года. В издании 2019 года учтены актуальные требования и обновления.",ГОСТ,ГОСТ 26633-2015_Бетоны тяжелые и мелкозернистые.pdf,ГОСТ 26633-2015 Бетоны тяжелые и мелкозернистые. Технические условия,"['область применения', 'нормативные ссылки', 'термины и определения', 'технические требования', 'правила приемки', 'методы контроля', 'дополнительные требования для различных областей строительства']","['бетоны тяжелые', 'бетоны мелкозернистые', 'технические условия', 'технические требования', 'приемка', 'методы контроля']",русский,203,26633-2015,5,92.8,0.0,Переиздание 2019,ГОСТ 26633-2015_Бетоны тяжелые и мелкозернистые.pdf,Действующий,15
Методы измерения звукоизоляции ограждающих конструкций,Здания и сооружения,2014-01-01,2025-08-26T03:02:13.051461+00:00,"Данный стандарт устанавливает методы измерения звукоизоляции ограждающих конструкций зданий и сооружений. В документе приведены требования к испытательным помещениям, термины и определения, а также суть методов измерения звукоизоляции.",ГОСТ,ГОСТ 27296-2012_Здания и сооружения Методы измерения звукоизоляции ограждающих конструкций.pdf,Гост 27296-2012 Здания и Сооружения. Методы Измерения Звукоизоляции Ограждающих Конструкций,"['методы измерения звукоизоляции', 'требования к помещениям', 'строительная физика']","['звукозоляция', 'ограждающие конструкции', 'измерения', 'здания', 'сооружения']",русский,249,27296-2012,5,96.0,1.7,,ГОСТ 27296-2012_Здания и сооружения Методы измерения звукоизоляции ограждающих конструкций.pdf,Действующий,19
Надежность строительных конструкций и оснований,Строительство,2019-11,2025-08-26T03:02:15.251410+00:00,"Настоящий стандарт устанавливает основные положения по надежности строительных конструкций и оснований, учитывая положения европейского стандарта EN 1990:2002 и международного стандарта ISO 2394:1998. Стандарт введен в действие с 1 июля 2015 года и переиздан в ноябре 2019 года.",ГОСТ,ГОСТ 27751-2014_Надежность строительных конструкции и оснований.pdf,ГОСТ 27751-2014 Надежность строительных конструкций и оснований. Основные положения,"['надежность конструкций', 'основания', 'межгосударственный стандарт', 'проектирование сооружений']","['надежность', 'строительные конструкции', 'основания', 'основные положения', 'проектирование сооружений']",Русский,260,27751-2014,5,95.6,3.6,Переиздание ноября 2019 года,ГОСТ 27751-2014_Надежность строительных конструкции и оснований.pdf,Действующий,19
Прокат для строительных стальных конструкций,Сталь,2022-08-01,2025-08-26T03:02:18.544830+00:00,"Данный межгосударственный стандарт устанавливает общие технические условия для проката, предназначенного для строительных стальных конструкций. Включает классификацию, сортамент, условия заказа и другие технические требования.",ГОСТ,ГОСТ 27772-2021_Прокат для строительных стальных конструкций.pdf,ГОСТ 27772—2021 Прокат для строительных стальных конструкций. Общие технические условия,"['технические условия проката', 'строительные конструкции из стали', 'нормативные ссылки', 'термины и определения']","['прокат', 'строительные стальные конструкции', 'технические условия', 'классификация', 'сортамент', 'заказ']",Русский,257,27772—2021,5,90.7,11.8,,ГОСТ 27772-2021_Прокат для строительных стальных конструкций.pdf,Действующий,37
"устройства управления, сигнализации и дополнительное оборудование лифтов",Лифты,2022-06-01,2025-08-26T03:02:22.957971+00:00,"Стандарт устанавливает требования к устройствам управления, сигнализации и дополнительному оборудованию лифтов, включая устройства управления и сигнальные устройства с различными способами управления, а также специальные устройства для лечебно-профилактических учреждений, пожарных лифтов и лифтов для маломобильных групп населения.",ГОСТ,"ГОСТ 28911-2021 Лифты. Устройства управления, сигнализации и дополнительное оборудование.pdf","ГОСТ 28911-2021 Лифты. Устройства управления, сигнализации и дополнительное оборудование","['требования к устройствам управления лифтов', 'требования к сигнальным устройствам', 'специальные устройства для лечебно-профилактических учреждений', 'устройства для обеспечения доступности для инвалидов и маломобильных групп населения']","['лифты', 'устройства управления', 'сигнализация', 'дополнительное оборудование', 'требования', 'специальные устройства', 'доступность', 'пожарные лифты']",русский,216,28911-2021,5,96.4,0.0,"Поправка, введенная в действие с 01.10.2021","ГОСТ 28911-2021 Лифты. Устройства управления, сигнализации и дополнительное оборудование.pdf",Действующий,24
Испытания строительных материалов на горючесть и классификация по группам горючести,Пожарная безопасность,2008-04,2025-08-26T03:02:26.813209+00:00,"Стандарт устанавливает методы испытаний строительных материалов на горючесть и классификацию их по группам горючести. Документ не распространяется на лаки, краски и другие строительные материалы в виде растворов, порошков и гранул.",ГОСТ,ГОСТ 30244-94_Материалы строительные методы испытаний на горючесть .pdf,ГОСТ 30244-94 Материалы строительные Методы испытаний на горючесть,"['методы испытаний горючести', 'классификация строительных материалов', 'испытания методом I и II']","['горючесть', 'строительные материалы', 'методы испытаний', 'негорючесть', 'классификация']",русский,245,30244-94,5,96.4,5.4,Переиздание (по состоянию на апрель 2008 г.),ГОСТ 30244-94_Материалы строительные методы испытаний на горючесть .pdf,Действующий,19
,Строительные конструкции,2016-01-01,2025-08-26T03:02:31.059777+00:00,"Стандарт устанавливает технические условия для стальных гнутых замкнутых сварных квадратных и прямоугольных профилей, используемых в строительных конструкциях. Включает требования к сортаменту, техническим характеристикам, правилам приемки и методам контроля.",ГОСТ,ГОСТ 30245-2012_Профили стальные гнутые замкнутые сварные квадратные и прямоугольные для строительных конструкций.pdf,ГОСТ 30245—2012 Профили стальные гнутые замкнутые сварные квадратные и прямоугольные для строительных конструкций. Технические условия,"['технические условия', 'сортамент', 'требования к профилям', 'приемка', 'методы контроля']","['профили стальные', 'гнутые', 'замкнутые', 'сварные', 'квадратные', 'прямоугольные', 'строительные конструкции', 'технические условия']",Русский,265,30245—2012,5,73.6,0.0,Взамен ГОСТ 30245—2003,ГОСТ 30245-2012_Профили стальные гнутые замкнутые сварные квадратные и прямоугольные для строительных конструкций.pdf,Действующий,43
,Пожарная безопасность,2002-07-01,2025-08-26T03:02:32.730850+00:00,"Стандарт устанавливает методы испытаний на огнестойкость для дверей шахт лифтов, включая требования к оборудованию, проведению испытаний, оценке результатов и технике безопасности.",ГОСТ,ГОСТ 30247.3-2002_Конструкции строительные Методы испытаний на огнестойкость. Двери шахт лифтов.pdf,ГОСТ 30247.3-2002 Конструкции строительные. Методы испытаний на огнестойкость. Двери шахт лифтов,"['методы испытаний', 'огнестойкость', 'двери', 'строительные конструкции', 'пожарная безопасность']","['огнестойкость', 'двери шахт лифтов', 'методы испытаний', 'пожарная безопасность']",русский,203,30247.3-2002,5,87.4,4.0,,ГОСТ 30247.3-2002_Конструкции строительные Методы испытаний на огнестойкость. Двери шахт лифтов.pdf,Действующий,29
Строительные конструкции светопрозрачных ограждающих конструкций и заполнений проемов,Пожарная безопасность,2024-07-01,2025-08-26T03:02:34.774401+00:00,Стандарт устанавливает метод испытания на огнестойкость светопрозрачных ограждающих конструкций и заполнений проемов строительных сооружений. Документ регулирует процедуру проведения испытаний на устойчивость к огню для таких конструкций.,ГОСТ,ГОСТ 30247.4-2022_Конструкции строительные. Светопрозрачные ограждающие конструкции и заполнения проемов Метод испытания на огнестойкость.pdf,ГОСТ 30247.4—2022 Конструкции строительные. Светопрозрачные ограждающие конструкции и заполнения проемов. Метод испытания на огнестойкость,"['метод испытания', 'конструкции строительные', 'светопрозрачные ограждающие конструкции', 'заполнения проемов', 'пожарная безопасность']","['огнестойкость', 'светопрозрачные конструкции', 'испытание', 'строительные конструкции', 'заполнения проемов']",Русский,199,30247.4—2022,5,90.3,1.1,Введен впервые,ГОСТ 30247.4-2022_Конструкции строительные. Светопрозрачные ограждающие конструкции и заполнения проемов Метод испытания на огнестойкость.pdf,Действующий,36
Метод испытания строительных материалов на воспламеняемость и классификация их по группам воспламеняемости. Применяется для всех однородных и слоистых горючих строительных материалов.,Пожарная безопасность,1996-07-01,2025-08-26T03:02:38.853820+00:00,Настоящий стандарт устанавливает метод испытания строительных материалов на воспламеняемость и классификацию их по группам воспламеняемости. Применяется для всех однородных и слоистых горючих строительных материалов.,ГОСТ,ГОСТ 30402-96 Материалы строительные. Метод испытания на воспламеняемость.pdf,ГОСТ 30402-96 Материалы Строительные. Метод Испытания На Воспламеняемость,"['методы испытания', 'воспламеняемость', 'строительные материалы']","['материалы строительные', 'метод испытания', 'воспламеняемость', 'горючие материалы']",Русский,227,30402-96,5,91.1,0.0,Введен впервые,ГОСТ 30402-96 Материалы строительные. Метод испытания на воспламеняемость.pdf,Действующий,17
"Метод испытания строительных конструкций без проемов на пожарную опасность, включая элементы зданий: колонны, ригели, фермы, балки, арки, рамы и связи, марши и площадки лестничных клеток и лестниц, наружные и внутренние стены, перегородки, перекрытия, покрытия, стены лестничных клеток, противопожарные преграды",Пожарная безопасность,2019-09,2025-08-26T03:02:43.073342+00:00,"Межгосударственный стандарт, устанавливающий метод испытания строительных конструкций на пожарную опасность. Применяется к различным строительным элементам зданий для оценки их пожарной опасности. Введен в действие в России с 01.01.2014, переиздан в сентябре 2019 года.",ГОСТ,ГОСТ 30403-2012 Конструкции строительные. Метод испытаний на пожарную опасность (Переиздание).pdf,ГОСТ 30403-2012 Конструкции строительные. Метод испытаний на пожарную опасность (Переиздание),"['метод испытания', 'пожарная опасность', 'строительные конструкции']","['пожарная опасность', 'испытания', 'строительные конструкции', 'метод испытания', 'элементы зданий']",русский,262,30403-2012,5,93.8,0.0,Переиздание,ГОСТ 30403-2012 Конструкции строительные. Метод испытаний на пожарную опасность (Переиздание).pdf,Действующий,13
Керамические санитарные изделия предназначаются для установки в санитарных узлах зданий различного назначения,Системы водоснабжения,2018-03-01,2025-08-26T03:02:46.556827+00:00,"Стандарт распространяется на санитарные керамические изделия (фарфоровые, полуфарфоровые и фаянсовые) такие как умывальники, пьедесталы, унитазы, смывные бачки, биде, писсуары. Устанавливает их классификацию и основные размеры.",ГОСТ,ГОСТ 30493-2017 Изделия санитарные керамические. Классификация и основные размеры.pdf,ГОСТ 30493-2017 Изделия санитарные керамические. Классификация и основные размеры,"['классификация санитарных изделий', 'размеры санитарных изделий', 'керамические изделия', 'установки санитарные']","['изделия санитарные керамические', 'классификация', 'основные размеры', 'умывальники', 'унитазы', 'смывные бачки', 'биде', 'писсуары']",русский,137,30493-2017,5,95.0,0.0,,ГОСТ 30493-2017 Изделия санитарные керамические. Классификация и основные размеры.pdf,Действующий,13
"параметры микроклимата в жилых и общественных зданиях, качество воздуха в помещениях, обслуживаемая зона жилых, детских дошкольных учреждений, общественных, административных и бытовых зданий",Микроклимат,2023-02-01,2025-08-26T03:02:48.777140+00:00,"Данный межгосударственный стандарт устанавливает параметры микроклимата в помещениях жилых и общественных зданий, а также требования к качеству воздуха в обслуживаемой зоне. Документ определяет общие требования к оптимальным и допустимым показателям микроклимата и качеству воздуха, исключая рабочие зоны производственных помещений.",ГОСТ,"ГОСТ 30494-2011 Здания жилые и общественные. Параметры микроклимата в помещениях (с Поправкой, с Изменением N 1).pdf",ГОСТ 30494-2011 Здания жилые и общественные. Параметры микроклимата в помещениях,"['параметры микроклимата', 'качество воздуха', 'жилые и общественные здания']","['микроклимат', 'параметры микроклимата', 'качество воздуха', 'жилые здания', 'общественные здания', 'стандарт']",русский,304,30494-2011,5,95.3,0.0,Изменение N 1,"ГОСТ 30494-2011 Здания жилые и общественные. Параметры микроклимата в помещениях (с Поправкой, с Изменением N 1).pdf",Действующий,13
Материалы рулонные кровельные и гидроизоляционные,Строительство,1999-04-30,2025-08-26T03:02:53.311771+00:00,"Данный государственный стандарт устанавливает общие технические условия, требования безопасности, методы испытаний, транспортирования и хранения для рулонных кровельных и гидроизоляционных материалов.",ГОСТ,ГОСТ 30547-97_Надежность строительных конструкции и оснований.pdf,ГОСТ 30547-97 Материалы рулонные кровельные и гидроизоляционные. Общие технические условия,"['область применения', 'нормативные ссылки', 'классификация', 'технические требования', 'требования к сырью', 'маркировка', 'упаковка', 'требования безопасности', 'приемка', 'методы испытаний', 'транспортирование', 'хранение', 'указания по применению']","['рулонные материалы', 'кровельные материалы', 'гидроизоляционные материалы', 'технические условия', 'маркировка', 'упаковка', 'требования безопасности', 'испытания', 'транспортирование', 'хранение']",русский,233,30547-97,5,90.4,0.0,Введен впервые,ГОСТ 30547-97_Надежность строительных конструкции и оснований.pdf,Действующий,23
Профили из поливинилхлорида (PVC-U) для изготовления окон и дверей,Строительство,2015-05-01,2025-08-26T03:02:55.389775+00:00,"Стандарт устанавливает технические условия на поливинилхлоридные профили, предназначенные для оконных и дверных блоков. Соответствует европейскому стандарту EN 12608:2003 с внесёнными изменениями, описывает классификацию, технические требования и методы испытаний.",ГОСТ,ГОСТ 30673-2013_Профили поливинилхлоридные для оконных и дверных блоков.pdf,ГОСТ 30673-2013 Профили поливинилхлоридные для оконных и дверных блоков. Технические условия,"['классификация профилей', 'технические требования', 'методы испытаний']","['поливинилхлоридные профили', 'окна', 'дверные блоки', 'технические условия', 'EN 12608:2003']",русский,153,30673-2013,5,96.4,3.7,,ГОСТ 30673-2013_Профили поливинилхлоридные для оконных и дверных блоков.pdf,Действующий,27
Блоки оконные и балконные из поливинилхлоридных профилей,Окна и двери,2024-08-01,2025-08-26T03:02:57.519085+00:00,"Межгосударственный стандарт, устанавливающий технические условия для оконных и балконных блоков из поливинилхлоридных профилей. Разработан с учетом европейского стандарта EN 14351-1:2006 с изменением A2:2016. Введен в действие в качестве национального стандарта Российской Федерации с 1 августа 2024 года.",ГОСТ,ГОСТ 30674-2023_Блоки оконные и балконные из поливинилхлоридных профилей.pdf,ГОСТ 30674—2023 Блоки оконные и балконные из поливинилхлоридных профилей. Технические условия,"['технические условия', 'оконные блоки', 'балконные блоки', 'поливинилхлоридные профили', 'межгосударственный стандарт']","['блоки оконные', 'блоки балконные', 'поливинилхлоридные профили', 'технические условия', 'стандарт']",русский,277,30674—2023,5,95.1,42.4,Взамен ГОСТ 30674—99,ГОСТ 30674-2023_Блоки оконные и балконные из поливинилхлоридных профилей.pdf,Действующий,41
Кровельные и гидроизоляционные мастики,Строительство,2001-04-01,2025-08-26T03:02:59.779926+00:00,"Стандарт устанавливает общие технические условия для кровельных и гидроизоляционных мастик, включая классификацию, требования к сырью, маркировку, упаковку, безопасность, приемку, методы испытаний, транспортирование, хранение и применение.",ГОСТ,ГОСТ 30693-2000_Мастики кровельные и гидроизоляционные.pdf,ГОСТ 30693-2000 Мастики кровельные и гидроизоляционные. Общие технические условия,"['технические требования', 'классификация мастик', 'требования к сырью', 'маркировка и упаковка', 'безопасность', 'приемка продукции', 'транспортирование и хранение', 'применение']","['мастики кровельные', 'гидроизоляционные мастики', 'технические условия', 'классификация', 'требования безопасности', 'методы испытаний']",Русский,190,30693-2000,5,87.9,0.0,Введен впервые,ГОСТ 30693-2000_Мастики кровельные и гидроизоляционные.pdf,Действующий,18
Стекло закаленное в строительстве,Стекло,2016-04-01,2025-08-26T03:03:01.864022+00:00,"Межгосударственный стандарт, устанавливающий технические условия на закаленное стекло, используемое в строительстве. Стандарт соответствует европейским нормам EN 12150-1:2000 и EN 12150-2:2004 и введен в действие в России с 1 апреля 2016 года.",ГОСТ,ГОСТ 30698-2014_Стекло закаленное.pdf,ГОСТ 30698-2014 Стекло Закаленное. Технические условия,"['технические условия', 'стекло закаленное', 'межгосударственный стандарт', 'европейские нормы', 'введение в действие']","['стекло закаленное', 'технические условия', 'межгосударственный стандарт', 'строительство', 'безопасное стекло']",русский,130,30698-2014,5,97.7,1.3,Взамен ГОСТ 30698-2000,ГОСТ 30698-2014_Стекло закаленное.pdf,Действующий,19
Трубы и фасонные изделия стальные с тепловой изоляцией из пенополиуретана с защитной оболочкой,Отопление,2020-08-11,2025-08-26T03:03:06.327611+00:00,Стандарт устанавливает технические условия для стальных труб и фасонных изделий с тепловой изоляцией из пенополиуретана и защитной оболочкой. Стандарт учитывает нормативные положения европейских стандартов EN 253:2015 и EN 448:2016. Введен в действие в России с 1 января 2021 года.,ГОСТ,ГОСТ 30732-2020_Трубы и фасонные изделия стальные с тепловой изоляцией из пенополиуретана с защитной оболочкой.pdf,ГОСТ 30732—2020 Трубы и фасонные изделия стальные с тепловой изоляцией из пенополиуретана с защитной оболочкой. Технические условия,"['трубы и фасонные изделия', 'тепловая изоляция', 'стальные трубы', 'пенополиуретан', 'защитная оболочка']","['трубы стальные', 'тепловая изоляция', 'пенополиуретан', 'защитная оболочка', 'технические условия']",русский,227,30732—2020,5,93.5,2.3,Взамен ГОСТ 30732—2006,ГОСТ 30732-2020_Трубы и фасонные изделия стальные с тепловой изоляцией из пенополиуретана с защитной оболочкой.pdf,Действующий,74
Устройства открывания оконных и балконных блоков (фурнитура),Строительство,2024-08-01,2025-08-26T03:03:09.057886+00:00,"Межгосударственный стандарт, устанавливающий общие технические условия на устройства открывания оконных и балконных блоков (фурнитура). Документ учитывает нормативные положения европейских стандартов EN 13126 и введён в действие Приказом Федерального агентства по техническому регулированию и метрологии с 1 августа 2024 года.",ГОСТ,ГОСТ 30777-2023 Устройства открывания оконных и балконных блоков (фурнитура). Общие технические условия.pdf,ГОСТ 30777-2023 Устройства открывания оконных и балконных блоков (фурнитура). Общие технические условия,"['требования', 'методы испытаний', 'нормативные положения', 'сертификация', 'межгосударственная стандартизация']","['оконные блоки', 'балконные блоки', 'фурнитура', 'технические условия', 'межгосударственный стандарт']",Русский,144,30777-2023,5,93.1,10.7,Взамен ГОСТ 30777-2012,ГОСТ 30777-2023 Устройства открывания оконных и балконных блоков (фурнитура). Общие технические условия.pdf,Действующий,88
Терморегуляторы автоматические для отопительных приборов систем водяного отопления зданий,Отопление,2020-06-01,2025-08-26T03:03:11.892420+00:00,"Стандарт устанавливает нормы для изготовления двухходовых термостатических регуляторов для отопительных приборов, работающих без использования дополнительного источника энергии. Документ регламентирует общие технические условия автоматических терморегуляторов, предназначенных для регулирования тепловой мощности отопительных приборов в системах водяного отопления зданий, с температурой теплоносителя до 120°С и номинальным давлением до 1,0 МПа.",ГОСТ,ГОСТ 30815-2019 Терморегуляторы автоматические отопительных приборов систем водяного отопления зданий. Общие технические условия.pdf,Гост 30815-2019 Терморегуляторы автоматические отопительных приборов систем водяного отопления зданий. Общие технические условия,"['автоматическое регулирование', 'тепловая мощность', 'водяное отопление', 'строительство']","['терморегуляторы', 'автоматические', 'отопительные приборы', 'системы водяного отопления', 'регулирование температуры', 'теплоснабжение']",русский,246,30815-2019,5,97.3,0.0,Взамен ГОСТ 30815-2002,ГОСТ 30815-2019 Терморегуляторы автоматические отопительных приборов систем водяного отопления зданий. Общие технические условия.pdf,Действующий,25
"Стекло многослойное, используемое в строительстве",Стекло,2016-04-01,2025-08-26T03:03:15.025249+00:00,"Межгосударственный стандарт, устанавливающий технические условия для многослойного стекла. Стандарт содержит требования к размерам, обработке кромок и внешнему виду многослойного стекла, а также соответствует международным стандартам ISO 12543-5:2011 и ISO 12543-6:2011 в части неэквивалентных требований.",ГОСТ,ГОСТ 30826-2014_Стекло многослойное.pdf,ГОСТ 30826-2014 Стекло многослойное. Технические условия,"['технические условия', 'многослойное стекло', 'соответствие международным стандартам']","['многослойное стекло', 'технические условия', 'ISO 12543-5:2011', 'ISO 12543-6:2011', 'стекло в строительстве', 'обработка кромки', 'внешний вид']",Русский,161,30826-2014,5,95.1,2.6,Введен впервые,ГОСТ 30826-2014_Стекло многослойное.pdf,Действующий,32
"Производство работ по заполнению монтажных зазоров между поверхностью стенового проема и плоскостями коробки оконного (дверного) блока, проектирование узлов примыкания оконных и дверных блоков",Строительство,2014-01-01,2025-08-26T03:03:18.544057+00:00,"Стандарт предназначен для применения при производстве работ по заполнению монтажных зазоров между стеновыми проемами и оконными блоками, а также при проектировании узлов примыкания оконных и дверных блоков. Он направлен на повышение комфортности проживания, долговечности и энергоэффективности в строительстве за счет повышения требований к теплозащитным характеристикам узлов примыкания.",ГОСТ,ГОСТ 30971-2012_ Швы монтажные узлов примыкания оконных блоков к стеновым проемам.pdf,Гост 30971-2012 Швы монтажные узлов примыкания оконных блоков к стеновым проемам. Общие технические условия,"['монтаж узлов примыкания', 'теплозащитные характеристики', 'энергоэффективность']","['монтажные швы', 'оконные блоки', 'стеновые проемы', 'теплозащита', 'энергоэффективность']",русский,253,30971-2012,5,96.0,44.7,Введен в действие с 01.01.2014,ГОСТ 30971-2012_ Швы монтажные узлов примыкания оконных блоков к стеновым проемам.pdf,Действующий,48
"Отапливаемые помещения, группы помещений (квартиры) жилых многоквартирных зданий, а также одноквартирные жилые дома с естественной или механической вытяжной вентиляцией",Отопление,2015-01-01,2025-08-26T03:03:22.419674+00:00,Стандарт устанавливает метод определения в натурных условиях удельного потребления тепловой энергии на возмещение теплопотерь за счет теплопередачи через наружные ограждающие конструкции и нагрев вентиляционного и инфильтрационного воздуха при работе вытяжной вентиляции для жилых зданий.,ГОСТ,ГОСТ 31168-2014 Здания жилые. Метод определения удельного потребления тепловой энергии на отопление_Текст.pdf,ГОСТ 31168-2014 Здания жилые. Метод определения удельного потребления тепловой энергии на отопление,"['метод определения', 'тепловая энергия', 'теплопотери', 'жилые здания', 'вентиляция']","['удельное потребление тепловой энергии', 'отопление', 'жилые здания', 'теплопотери', 'вентиляция']",русский,428,31168-2014,5,90.1,2.6,,ГОСТ 31168-2014 Здания жилые. Метод определения удельного потребления тепловой энергии на отопление_Текст.pdf,Действующий,20
Технические условия для стальных дверных блоков,Стальные дверные блоки,2017-07-01,2025-08-26T03:03:25.776290+00:00,"Межгосударственный стандарт, устанавливающий технические условия на стальные дверные блоки. Соответствует европейским стандартам EN 14351-1:2006+А1:2010, EN 1191:2012 и EN 1192:1999 по техническим требованиям и методам испытаний. Введен в действие в Российской Федерации с 1 июля 2017 года.",ГОСТ,ГОСТ 31173-2016_Блоки дверные стальные.pdf,ГОСТ 31173—2016 Блоки дверные стальные. Технические условия,"['технические условия на дверные блоки', 'испытания дверей', 'энергетическая эффективность зданий', 'классификация прочности дверей']","['стальные дверные блоки', 'технические условия', 'энергетическая эффективность', 'методы испытаний', 'межгосударственный стандарт', 'соответствие европейским стандартам']",Русский,221,31173—2016,5,95.3,4.9,Введен впервые,ГОСТ 31173-2016_Блоки дверные стальные.pdf,Действующий,44
Ячеистые бетоны автоклавного твердения,Строительство,2008-05-21,2025-08-26T03:03:28.796130+00:00,"Межгосударственный стандарт, устанавливающий технические условия для ячеистых бетонов автоклавного твердения, соотносящийся с европейскими стандартами EN 1745:2002 и EN 771-4:2003. Введён в действие в Российской Федерации с 1 января 2009 года.",ГОСТ,ГОСТ 31359-2007_Бетоны ячеистые автоклавного твердения.pdf,ГОСТ 31359-2007 Бетоны ячеистые автоклавного твердения. Технические условия,"['технические условия', 'теплотехнические показатели', 'методы испытаний', 'контроль качества']","['ячеистые бетоны', 'автоклавное твердение', 'строительство', 'теплопроводность', 'морозостойкость']",русский,241,31359-2007,5,94.9,74.0,Взамен ГОСТ 25485-89,ГОСТ 31359-2007_Бетоны ячеистые автоклавного твердения.pdf,Действующий,23
Резервуары вертикальные цилиндрические стальные для нефти и нефтепродуктов,Строительство,2017-03-01,2025-08-26T03:03:32.085167+00:00,"Стандарт устанавливает общие технические условия для вертикальных цилиндрических стальных резервуаров, предназначенных для хранения нефти и нефтепродуктов. Документ разработан и принят межгосударственным советом по стандартизации, метрологии и сертификации, введен в действие в Российской Федерации с 1 марта 2017 года.",ГОСТ,ГОСТ 31385-2016_Резервуары вертикальные цилиндрические стальные для нефти и нефтепродуктов.pdf,ГОСТ 31385—2016 Резервуары вертикальные цилиндрические стальные для нефти и нефтепродуктов. Общие технические условия,"['технические условия', 'резервуары для нефти', 'стандартизация', 'метрология']","['резервуары вертикальные', 'цилиндрические стальные', 'нефть', 'нефтепродукты', 'технические условия', 'межгосударственный стандарт']",русский,204,31385—2016,5,95.7,1.8,Взамен ГОСТ 31385—2008,ГОСТ 31385-2016_Резервуары вертикальные цилиндрические стальные для нефти и нефтепродуктов.pdf,Действующий,98
Трубы и муфты хризотилцементные,Строительство,2011-01-01,2025-08-26T03:03:34.634188+00:00,"Стандарт устанавливает технические условия на хризотилцементные трубы и муфты, включая классификацию, основные параметры, размеры и технические требования.",ГОСТ,ГОСТ 31416-2009_Трубы и муфты хризотилцементные.pdf,ГОСТ 31416-2009 Трубы и муфты хризотилцементные. Технические условия,"['область применения', 'нормативные ссылки', 'термины и определения', 'общие положения', 'классификация', 'технические требования']","['хризотилцементные трубы', 'муфты', 'технические условия', 'классификация', 'параметры', 'размеры']",Русский,210,31416-2009,5,89.0,6.5,,ГОСТ 31416-2009_Трубы и муфты хризотилцементные.pdf,Действующий,23
"Кабельные изделия, предназначенные для прокладки в зданиях и сооружениях",Пожарная безопасность,2019-09,2025-08-26T03:03:37.981390+00:00,"Этот межгосударственный стандарт устанавливает требования пожарной безопасности к кабельным изделиям, предназначенным для прокладки в зданиях и сооружениях. Документ определяет классификацию кабелей, требования пожарной безопасности и области их применения. Стандарт не распространяется на кабели для прокладки в земле и воде, а также на маслонаполненные кабели, обмоточные и неизолированные провода.",ГОСТ,ГОСТ 31565-2012 Кабельные изделия. Требования пожарной безопасности (Переиздание).pdf,ГОСТ 31565-2012 Кабельные изделия. Требования пожарной безопасности,"['требования пожарной безопасности', 'классификация кабельных изделий', 'области применения кабелей']","['кабельные изделия', 'пожарная безопасность', 'классификация кабелей', 'требования пожарной безопасности', 'межгосударственный стандарт']",русский,312,31565-2012,5,75.0,3.7,Переиздание,ГОСТ 31565-2012 Кабельные изделия. Требования пожарной безопасности (Переиздание).pdf,Действующий,9
,Теплоизоляционные материалы и изделия,2022-11-09,2025-08-26T03:03:40.698104+00:00,"Межгосударственный стандарт, устанавливающий термины и определения в области теплоизоляционных материалов и изделий, основан на международном стандарте ISO 9229:2020, с модификациями для соответствия межгосударственной системе стандартизации.",ГОСТ,ГОСТ 31913-2022_Материалы и изделия теплоизоляционные.pdf,ГОСТ 31913-2022 (ISO 9229:2020) Материалы и изделия теплоизоляционные,"['терминология теплоизоляции', 'межгосударственная стандартизация', 'модификация международного стандарта']","['теплоизоляция', 'термины и определения', 'материалы теплоизоляционные', 'стандарт']",русский,250,31913-2022,5,66.7,0.0,Модифицированный (MOD),ГОСТ 31913-2022_Материалы и изделия теплоизоляционные.pdf,Действующий,34
Правила обследования и мониторинга технического состояния зданий и сооружений,Здания и сооружения,2024-05-01,2025-08-26T03:03:44.050769+00:00,"Настоящий межгосударственный стандарт устанавливает правила обследования и мониторинга технического состояния зданий и сооружений. Стандарт принят Межгосударственным советом по стандартизации 29 февраля 2024 года и введен в действие в Российской Федерации с 1 мая 2024 года, взамен ГОСТ 31937-2011.",ГОСТ,ГОСТ 31937-2024_Здания и сооружения Правила обследования и мониторинга технического состояния.pdf,ГОСТ 31937-2024 Здания и сооружения. Правила обследования и мониторинга технического состояния,"['правила обследования', 'мониторинг технического состояния', 'здания и сооружения']","['здания', 'сооружения', 'техническое состояние', 'обследование', 'мониторинг', 'стандарт']",Русский,195,31937-2024,5,96.2,1.3,Введен впервые,ГОСТ 31937-2024_Здания и сооружения Правила обследования и мониторинга технического состояния.pdf,Действующий,69
"Силовые кабели с пластмассовой изоляцией для номинального напряжения 0,66; 1 и 3 кВ",Электротехническое оборудование,2013-01-01,2025-08-26T03:03:47.687467+00:00,"Стандарт устанавливает общие технические условия для силовых кабелей с пластмассовой изоляцией, предназначенных для номинального напряжения 0,66; 1 и 3 кВ с учетом международного стандарта IEC 60502-1:2004. Документ включает требования, подготовленные в соответствии с межгосударственной системой стандартизации и имеет патентные прецеденты.",ГОСТ,"ГОСТ 31996-2012_Кабели силовые с пластмассовой изоляцией на номинальное напряжение 0,66; 1 и 3 кв.pdf","ГОСТ 31996-2012 Кабели силовые с пластмассовой изоляцией на номинальное напряжение 0,66; 1 и 3 кВ. Общие технические условия","['технические условия', 'кабели силовые', 'электроустановки', 'изоляция']","['кабели силовые', 'пластмассовая изоляция', 'номинальное напряжение', 'технические условия', 'межгосударственный стандарт']",Русский,166,31996-2012,5,94.1,15.6,Введен впервые,"ГОСТ 31996-2012_Кабели силовые с пластмассовой изоляцией на номинальное напряжение 0,66; 1 и 3 кв.pdf",Действующий,39
Трубы напорные из термопластов и соединительные детали для систем водоснабжения и отопления,Системы водоснабжения,2014-12-30,2025-08-26T03:03:51.362859+00:00,"Стандарт устанавливает общие технические условия на напорные трубы из термопластов и соединительные детали к ним, предназначенные для использования в системах водоснабжения и отопления. Регламентирует основные параметры, размеры, технические требования, требования безопасности, правила приемки и методы контроля.",ГОСТ,ГОСТ 32415-2013_Трубы напорные из термопластов и соединительные детали к ним для систем водоснабжения и отопления.pdf,ГОСТ 32415-2013 Трубы напорные из термопластов и соединительные детали к ним для систем водоснабжения и отопления. Общие технические условия,"['Параметры и размеры', 'Технические требования', 'Требования безопасности', 'Приемка', 'Методы контроля']","['Трубы напорные', 'Термопласты', 'Соединительные детали', 'Системы водоснабжения', 'Отопление', 'Технические условия']",русский,138,32415-2013,5,94.9,37.0,Введен впервые,ГОСТ 32415-2013_Трубы напорные из термопластов и соединительные детали к ним для систем водоснабжения и отопления.pdf,Действующий,83
,Крепежные изделия,2014-04-07,2025-08-26T03:03:55.028228+00:00,Межгосударственный стандарт ГОСТ 32484.1-2013 устанавливает общие требования к высокопрочным болтокомплектам для предварительного натяжения конструкций. Стандарт является модифицированной версией европейского стандарта EN 14399-1:2005 и введен в действие в Российской Федерации с 1 июля 2015 года.,ГОСТ,ГОСТ 32484.1-2013_Болтокомплекты высокопрочные для предварительного натяжения конструкционные.pdf,Гост 32484.1-2013 Болтокомплекты высокопрочные для предварительного натяжения конструкционные. Общие требования,"['Технические требования', 'Межгосударственная стандартизация', 'Механические соединительные детали']","['болтокомплекты', 'высокопрочные', 'предварительное натяжение', 'конструкционные', 'стандарт', 'ГОСТ 32484.1-2013', 'EN 14399-1:2005']",русский,412,32484.1-2013,5,86.7,0.0,Введен впервые,ГОСТ 32484.1-2013_Болтокомплекты высокопрочные для предварительного натяжения конструкционные.pdf,Действующий,36
,Крепежные изделия,2014-07-01,2025-08-26T03:03:58.265905+00:00,"Настоящий стандарт устанавливает требования к высокопрочным болтокомплектам для предварительного натяжения конструкций, включая методы испытания на предварительное натяжение. Стандарт модифицирован по отношению к европейскому EN 14399-2:2005 с техническими отклонениями для применения в странах СНГ.",ГОСТ,ГОСТ 32484.2-2014_Болтокомплекты высокопрочные для предварительного натяжения конструкционные Испытание на предварительное натяжение.pdf,Гост 32484.2—2014 Болтокомплекты высокопрочные для предварительного натяжения конструкционные. Испытание на предварительное натяжение,"['тесты на предварительное натяжение', 'технические отклонения', 'межгосударственная стандартизация']","['болтокомплекты', 'высокопрочные', 'предварительное натяжение', 'конструкционные', 'испытание']",русский,491,32484.2—2014,5,80.0,0.0,Модифицированный (MOD),ГОСТ 32484.2-2014_Болтокомплекты высокопрочные для предварительного натяжения конструкционные Испытание на предварительное натяжение.pdf,Действующий,17
"Болтокомплекты для предварительного натяжения конструкционные, системы HV",Крепежные изделия,2014-04-07,2025-08-26T03:04:03.372256+00:00,"Межгосударственный стандарт, модифицированный по отношению к европейскому EN 14399-4:2005, регулирующий болтокомплекты высокопрочные для предварительного натяжения конструкционные системы HV, включающие комплекты шестигранных болтов и гаек. Стандарт введён в действие в России с 1 июля 2015 года и разработан с учётом технических отклонений от европейского стандарта.",ГОСТ,ГОСТ 32484.4-2014_Болтокомплекты высокопрочные для предварительного натяжения конструкционные Система HV комплекты болтов и гаек.pdf,Гост 32484.4-2014 Болтокомплекты высокопрочные для предварительного натяжения конструкционные. Система HV — комплекты шестигранных болтов и гаек,"['конструкция болтов', 'размеры болтов', 'технические отклонения', 'межгосударственный стандарт', 'европейский стандарт EN 14399-4:2005']","['болтокомплекты', 'высокопрочные болты', 'предварительное натяжение', 'конструкционные болты', 'система HV', 'шестигранные болты', 'гайки']",русский,319,32484.4,5,74.0,0.0,Введен впервые,ГОСТ 32484.4-2014_Болтокомплекты высокопрочные для предварительного натяжения конструкционные Система HV комплекты болтов и гаек.pdf,Действующий,33
"Болтокомплекты высокопрочные для предварительного натяжения конструкционные, плоские шайбы",Крепежные изделия,2014-04-07,2025-08-26T03:04:08.334117+00:00,"Межгосударственный стандарт ГОСТ 32484.5-2013 является модифицированной версией европейского стандарта EN 14399-5:2005, который регламентирует высокопрочные болтокомплекты для предварительного натяжения конструкций, в частности плоские шайбы. Стандарт введен в действие в России с 1 июля 2015 года и содержит технические отклонения по сравнению с европейским стандартом.",ГОСТ,ГОСТ 32484.5-2013_Болтокомплекты высокопрочные для предварительного натяжения конструкционные Плоские шайбы.pdf,"Гост 32484.5—2013 Болтокомплекты высокопрочные для предварительного натяжения конструкционные. Плоские шайбы (en 14399-5:2005, mod)","['технические требования к плоским шайбам', 'размеры шайб', 'нормативные ссылки']","['болтокомплекты высокопрочные', 'предварительное натяжение', 'конструкционные', 'плоские шайбы', 'межгосударственный стандарт']",русский,318,32484.5—2013,5,80.0,0.0,Модифицированный (MOD),ГОСТ 32484.5-2013_Болтокомплекты высокопрочные для предварительного натяжения конструкционные Плоские шайбы.pdf,Действующий,13
проектно сметные работы,Крепежные изделия,2014-04-07,2025-08-26T03:04:12.370808+00:00,"Стандарт устанавливает требования к высокопрочным болтокомплектам для предварительного натяжения конструкций, в частности к плоским шайбам с фаской. Стандарт является модификацией европейского стандарта EN 14399-6:2005 с внесенными техническими отклонениями.",ГОСТ,ГОСТ 32484.6-2014_Болтокомплекты высокопрочные для предварительного натяжения конструкционные Плоские шайбы с фаской.pdf,ГОСТ 32484.6-2014 Болтокомплекты высокопрочные для предварительного натяжения конструкционные. Плоские шайбы с фаской,"['технические требования', 'модификация EN 14399-6:2005', 'введение в действие', 'межгосударственная стандартизация']","['болтокомплекты', 'высокопрочные', 'предварительное натяжение', 'плоские шайбы', 'фаска']",русский,285,32484.6-2014,5,76.7,0.0,Введен впервые,ГОСТ 32484.6-2014_Болтокомплекты высокопрочные для предварительного натяжения конструкционные Плоские шайбы с фаской.pdf,Действующий,14
Энергетическая эффективность искусственного освещения помещений,Здания и сооружения,2023-11-01,2025-08-26T03:04:16.288461+00:00,ГОСТ 32498-2020 устанавливает методы определения показателей энергетической эффективности искусственного освещения помещений в зданиях и сооружениях. Стандарт разработан с учетом европейских нормативов EN 15193:2007 и EN 15193-1:2017 и введен в действие на территории Российской Федерации с 1 ноября 2023 года.,ГОСТ,ГОСТ 32498-2020 Здания и сооружения. Методы определения показателей энергетической эффективности искусственного освещения помещений.pdf,ГОСТ 32498-2020 Здания и сооружения. Методы определения показателей энергетической эффективности искусственного освещения помещений,"['определение энергетической эффективности', 'искусственное освещение', 'нормативные требования', 'европейские стандарты']","['энергетическая эффективность', 'искусственное освещение', 'здания', 'сооружения', 'методы определения']",русский,114,32498-2020,5,95.0,0.7,Взамен ГОСТ 32498-2013,ГОСТ 32498-2020 Здания и сооружения. Методы определения показателей энергетической эффективности искусственного освещения помещений.pdf,Действующий,26
"Средства доступа, ограждения и защиты",Краны грузоподъемные,2021-11-10,2025-08-26T03:04:19.956707+00:00,"Межгосударственный стандарт, разработанный для регламентации систем средств доступа, ограждений и ограничителей для кранов грузоподъемных. Основан на международном стандарте ISO 11660-1:2008 и введён в действие в качестве национального стандарта России с 1 июля 2022 года.",ГОСТ,"ГОСТ 32576.1-2021_Краны грузоподъемные Средства доступа, ограждения и защиты.pdf","Гост 32576.1—2021 Краны грузоподъемные Средства доступа, ограждения и защиты Часть 1","['системы средств доступа', 'классификация систем', 'требование к устройству средств доступа']","['краны грузоподъемные', 'средства доступа', 'ограждения', 'ограничители', 'межгосударственный стандарт', 'сертификация труб']",русский,180,32576.1—2021,5,97.1,0.0,Взамен ГОСТ 32576.1—2015,"ГОСТ 32576.1-2021_Краны грузоподъемные Средства доступа, ограждения и защиты.pdf",Действующий,24
"Средства доступа, ограждения и защиты стреловых самоходных кранов",Краны грузоподъемные,2022-07-01,2025-08-26T03:04:24.077963+00:00,"Стандарт устанавливает специальные требования к средствам доступа, ограждения и защиты стреловых самоходных кранов с целью обеспечения безопасности эксплуатации. Документ разработан с учетом международного стандарта ISO 11660-2:2015 и введен в действие в Российской Федерации с 1 июля 2022 года.",ГОСТ,"ГОСТ 32576.2-2021_Краны грузоподъемные Средства доступа, ограждения и защиты Краны стреловые самоходные.pdf","ГОСТ 32576.2—2021 Краны грузоподъемные Средства доступа, ограждения и защиты Часть 2 Краны стреловые самоходные","['требования безопасности', 'конструкция кранов', 'техническое обслуживание']","['краны грузоподъемные', 'средства доступа', 'ограждения', 'защита', 'стреловые самоходные краны', 'безопасность эксплуатации']",русский,130,32576.2—2021,5,85.7,0.0,Взамен ГОСТ 32576.2—2013,"ГОСТ 32576.2-2021_Краны грузоподъемные Средства доступа, ограждения и защиты Краны стреловые самоходные.pdf",Действующий,8
"Средства доступа, ограждения и защиты башенных кранов для обеспечения безопасности в процессе эксплуатации, технического обслуживания и контроля технического состояния",Краны грузоподъемные,2021-12-06,2025-08-26T03:04:29.454581+00:00,"Стандарт устанавливает специальные требования к средствам доступа, ограждения и защиты, применяемым в конструкции башенных кранов. Он разработан с учетом международного стандарта ISO 11660-3:2008 и предназначен для обеспечения безопасности при эксплуатации грузоподъемных кранов.",ГОСТ,"ГОСТ 32576.3-2021_Краны грузоподъемные Средства доступа, ограждения и защиты Краны башенные.pdf","ГОСТ 32576.3—2021 Краны грузоподъемные. Средства доступа, ограждения и защиты. Часть 3. Краны башенные","['требования к средствам доступа', 'ограждения и защиты башенных кранов', 'безопасность эксплуатации грузоподъемных кранов', 'соответствие Техническому регламенту Таможенного союза']","['краны грузоподъемные', 'средства доступа', 'ограждения', 'защита', 'башенные краны', 'безопасность', 'техническое обслуживание']",русский,253,32576.3—2021,5,92.1,0.0,Взамен ГОСТ 32576.3—2013,"ГОСТ 32576.3-2021_Краны грузоподъемные Средства доступа, ограждения и защиты Краны башенные.pdf",Действующий,8
"Средства доступа, ограждения и защиты стреловых кранов для обеспечения безопасности в процессе эксплуатации, технического обслуживания, контроля технического состояния и монтажа",Краны грузоподъемные,2022-07-01,2025-08-26T03:04:33.851086+00:00,"Стандарт устанавливает специальные требования к средствам доступа, ограждения и защиты стреловых кранов по классификации ГОСТ 33709.1. Применение положений стандарта может использоваться для подтверждения и оценки соответствия грузоподъемных кранов требованиям Технического регламента Таможенного союза ТР ТС 010/2011.",ГОСТ,"ГОСТ 32576.4-2021_Краны грузоподъемные Средства доступа, ограждения и защиты Краны стреловые.pdf","ГОСТ 32576.4—2021 Краны грузоподъемные. Средства доступа, ограждения и защиты. Часть 4. Краны стреловые","['требования к средствам доступа', 'ограждения и защиты стреловых кранов', 'безопасность эксплуатации крана', 'техническое обслуживание и контроль', 'национальный и международный стандарт ISO 11660-4:2012']","['краны грузоподъемные', 'средства доступа', 'ограждения', 'средства защиты', 'стреловые краны', 'безопасность', 'эксплуатация', 'техническое обслуживание', 'контроль технического состояния', 'монтаж']",Русский,258,32576.4—2021,5,89.3,0.0,Взамен ГОСТ 32576.4—2014,"ГОСТ 32576.4-2021_Краны грузоподъемные Средства доступа, ограждения и защиты Краны стреловые.pdf",Действующий,8
Мостовые и козловые (полукозловые) краны,Подъемно-транспортное оборудование,2022-07-01,2025-08-26T03:04:37.902565+00:00,"Стандарт устанавливает специальные требования к средствам доступа, ограждения и защиты, применяемым в конструкции мостовых и козловых кранов. Применение положений данного стандарта может использоваться для подтверждения и оценки соответствия грузоподъемных кранов требованиям технического регламента Таможенного союза ТР ТС 010/2011 «О безопасности машин и оборудования».",ГОСТ,"ГОСТ 32576.5-2021_Краны грузоподъемные Средства доступа, ограждения и защиты Краны мостовые и козловые.pdf","ГОСТ 32576.5—2021 Краны грузоподъемные. Средства доступа, ограждения и защиты. Часть 5. Краны мостовые и козловые","['требования к средствам доступа', 'ограждения и защиты мостовых и козловых кранов', 'подтверждение соответствия грузоподъемных кранов']","['краны грузоподъемные', 'средства доступа', 'ограждения', 'защита', 'мостовые краны', 'козловые краны', 'технический регламент ТР ТС 010/2011']",Русский,232,32576.5—2021,5,95.6,3.2,,"ГОСТ 32576.5-2021_Краны грузоподъемные Средства доступа, ограждения и защиты Краны мостовые и козловые.pdf",Действующий,12
Трехслойные панели с металлическими облицовками и сердечником из минеральной ваты,Строительные материалы и изделия,2021-08-20,2025-08-26T03:04:41.379915+00:00,"Стандарт устанавливает технические условия для производства трехслойных панелей с металлическими облицовками и сердечником из минеральной ваты, включая требования к классификации, параметрам, верификации, контролю и приемке продукции.",ГОСТ,ГОСТ 32603-2021_Панели трехслойные с металлическими облицовками и сердечником из минеральной ваты.pdf,ГОСТ 32603—2021 Панели трехслойные с металлическими облицовками и сердечником из минеральной ваты. Технические условия,"['классификация панелей', 'технические требования', 'правила и методы верификации', 'контроль и приемка продукции']","['трехслойные панели', 'металлические облицовки', 'сердечник из минеральной ваты', 'технические условия', 'контроль качества']",русский,180,32603—2021,5,95.5,2.6,,ГОСТ 32603-2021_Панели трехслойные с металлическими облицовками и сердечником из минеральной ваты.pdf,Действующий,58
"Неоцинкованные и оцинкованные стальные сварные трубы с резьбой и без резьбы для водопроводов, газопроводов и систем отопления",Системы водоснабжения,2007-01-01,2025-08-26T03:04:45.020440+00:00,"Стандарт регламентирует технические условия и сортамент стальных водогазопроводных труб, определяет размеры, массы, допускаемые отклонения, требования к резьбе и другие параметры для обеспечения качества труб, применяемых в водопроводах, газопроводах и системах отопления.",ГОСТ,ГОСТ 3262-75_Трубы стальные водогазопроводные.pdf,Гост 3262-75 Трубы Стальные Водогазопроводные Технические Условия,"['сортамент труб', 'предельные отклонения размеров и массы', 'требования к резьбе', 'длина и кривизна труб', 'область применения']","['трубы стальные', 'водогазопроводные', 'технические условия', 'резьба', 'сварные трубы', 'водопровод', 'газопровод', 'системы отопления']",русский,198,3262-75,5,94.2,28.2,"Изм. № 1, 2, 3, 4, 5",ГОСТ 3262-75_Трубы стальные водогазопроводные.pdf,Действующий,8
Требования к проведению промежуточной приемки выполненных работ,Дороги автомобильные общего пользования,2019-09,2025-08-26T03:04:47.771417+00:00,"Стандарт устанавливает требования к проведению промежуточной приемки выполненных работ на автомобильных дорогах общего пользования. Документ регламентирует порядок проведения, оформление результатов и контроль за промежуточной приемкой.",ГОСТ,ГОСТ 32756-2014_Дороги автомобильные общего пользования Требования к проведению промежуточной приемки выполненных работ.pdf,ГОСТ 32756-2014 Дороги автомобильные общего пользования Требования к проведению промежуточной приемки выполненных работ,"['Область применения', 'Термины и определения', 'Общие положения', 'Порядок проведения промежуточной приемки', 'Оформление результатов', 'Контроль проведения промежуточной приемки']","['Дороги автомобильные общего пользования', 'Промежуточная приемка', 'Выполненные работы', 'Требования к приемке']",русский,96,32756-2014,5,96.6,2.7,Переиздание 2019,ГОСТ 32756-2014_Дороги автомобильные общего пользования Требования к проведению промежуточной приемки выполненных работ.pdf,Действующий,19
"Дороги автомобильные общего пользования, опоры стационарного электрического освещения",Отопление,2019-09,2025-08-26T03:04:51.420463+00:00,"Стандарт устанавливает технические требования к опорам стационарного электрического освещения на дорогах общего пользования. Включает классификацию, термины, и нормативные ссылки, обеспечивая контроль качества строительства и эксплуатационные параметры освещения на автомобильных дорогах.",ГОСТ,ГОСТ 32947-2014_Дороги автомобильные общего пользования Опоры стационарного Электрического освещения.pdf,ГОСТ 32947-2014 Дороги автомобильные общего пользования Опоры стационарного электрического освещения Технические требования,"['классификация опор', 'технические требования', 'нормативные ссылки', 'термины и определения']","['опоры электрического освещения', 'автомобильные дороги', 'технические требования', 'контроль качества', 'металлические опоры', 'железобетонные опоры']",русский,172,32947-2014,5,95.8,0.0,Переиздание 2019,ГОСТ 32947-2014_Дороги автомобильные общего пользования Опоры стационарного Электрического освещения.pdf,Действующий,26
Контроль и мониторинг качества электрической энергии в системах электроснабжения общего назначения,Электрическая энергия,2015-01-01,2025-08-26T03:04:54.223182+00:00,Стандарт ГОСТ 33073-2014 устанавливает требования и методы контроля и мониторинга качества электрической энергии в системах электроснабжения общего назначения с учетом электромагнитной совместимости технических средств.,ГОСТ,ГОСТ 33073-2014.pdf_Контроль и мониторинг качества электрической энергии в системах электроснабжения общего назначения.pdf,ГОСТ 33073-2014 Электрическая энергия. Совместимость технических средств электромагнитная. Контроль и мониторинг качества электрической энергии в системах электроснабжения общего назначения,"['электромагнитная совместимость', 'качество электрической энергии', 'системы электроснабжения', 'контроль и мониторинг']","['электрическая энергия', 'совместимость технических средств', 'электромагнитная совместимость', 'контроль качества', 'мониторинг качества', 'электроснабжение']",Русский,238,33073-2014,5,94.8,1.1,Введен впервые,ГОСТ 33073-2014.pdf_Контроль и мониторинг качества электрической энергии в системах электроснабжения общего назначения.pdf,Действующий,45
Керамзитобетонные блоки для устройства стен и внутренних перегородок зданий и сооружений различного назначения,Строительство,2019-11-01,2025-08-26T03:04:57.296364+00:00,"Стандарт устанавливает технические условия на стеновые керамзитобетонные блоки, предназначенные для возведения ограждающих конструкций и внутренних перегородок зданий и сооружений разнообразного назначения. Включает требования к материалам, методам контроля и нормам качества.",ГОСТ,ГОСТ 33126-2014_Блоки керамзитобетонные стеновые.pdf,ГОСТ 33126-2014 Блоки керамзитобетонные стеновые. Технические условия,"['технические условия', 'материалы и изделия строительные', 'методы контроля качества', 'керамзитобетон']","['керамзитобетонные блоки', 'стеновые блоки', 'технические условия', 'строительство', 'ограждающие конструкции', 'перегородки']",Русский,159,33126-2014,5,96.2,1.4,Переиздание 2019,ГОСТ 33126-2014_Блоки керамзитобетонные стеновые.pdf,Действующий,12
,Дороги автомобильные,2019-08,2025-08-26T03:05:00.485395+00:00,"Настоящий межгосударственный стандарт устанавливает метод определения растяжимости вязких нефтяных битумов, используемых для автомобильных дорог общего пользования. Стандарт разработан и введен в действие с 2015 года, с последними поправками 2017-2018 годов и переиздан в 2019 году.",ГОСТ,ГОСТ 33138-2014_Дороги автомобильные общего пользования Битумы нефтяные дорожные вязкие Метод определения растяжимости.pdf,Гост 33138-2014 Дороги автомобильные общего пользования. Битумы нефтяные дорожные вязкие. Метод определения растяжимости,"['метод испытаний', 'требования к средствам измерений', 'термины и определения', 'нормативные ссылки', 'требования безопасности и охраны окружающей среды']","['битумы нефтяные дорожные вязкие', 'метод определения растяжимости', 'дороги автомобильные общего пользования']",Русский,226,33138-2014,5,90.4,0.0,Издание с поправками,ГОСТ 33138-2014_Дороги автомобильные общего пользования Битумы нефтяные дорожные вязкие Метод определения растяжимости.pdf,Действующий,10
"Автоматизированные системы, используемые в различных сферах деятельности (управление, исследования, проектирование и т.п.)",Информационные технологии,2022-03,2025-08-26T03:05:04.055756+00:00,"Стандарт устанавливает требования к видам, наименованию, комплектности и обозначению документов, разрабатываемых на стадиях создания автоматизированных систем. Применяется с 01.01.2022 взамен ГОСТ 34.201-89. Содержит поправку из ИУС N 3 2022 г.",ГОСТ,ГОСТ 34.201-2020 Информационные технологии (ИТ). Комплекс стандартов на автоматизированные системы.pdf,"ГОСТ 34.201-2020 Информационные технологии. Комплекс стандартов на автоматизированные системы. Виды, комплектность и обозначение документов при создании автоматизированных систем (Издание с Поправкой)","['виды документов', 'комплектность документов', 'обозначение документов', 'создание автоматизированных систем']","['автоматизированные системы', 'информационные технологии', 'стандарты', 'документация', 'создание автоматизированных систем']",русский,317,34.201-2020,5,90.2,0.0,с Поправкой (ИУС N 3 2022 г.),ГОСТ 34.201-2020 Информационные технологии (ИТ). Комплекс стандартов на автоматизированные системы.pdf,Действующий,9
Прокат арматурный для железобетонных конструкций,Железобетонные конструкции,2019-02,2025-08-26T03:05:07.511897+00:00,"Межгосударственный стандарт, устанавливающий технические условия на арматурный прокат для железобетонных конструкций. Введен в действие в Российской Федерации с 1 января 2018 года. Разработан на основе применения ГОСТ Р 52544—2006 и заменяет ГОСТ 5781—82 и ГОСТ 10884—94.",ГОСТ,ГОСТ 34028-2016_Прокат арматурный для железобетонных конструкций.pdf,ГОСТ 34028-2016 Прокат арматурный для железобетонных конструкций. Технические условия,"['Классификация', 'Термины и определения', 'Нормативные ссылки']","['Прокат арматурный', 'Железобетонные конструкции', 'Технические условия']",Русский,193,34028-2016,5,96.4,10.7,Переиздание. Февраль 2019 г.,ГОСТ 34028-2016_Прокат арматурный для железобетонных конструкций.pdf,Действующий,46
"Устройство систем отопления, горячего и холодного водоснабжения, их монтаж, испытания и пуск в эксплуатацию в жилых и общественных зданиях",Отопление,2018-02-01,2025-08-26T03:05:11.193691+00:00,"Стандарт устанавливает правила выполнения работ по устройству систем отопления, горячего и холодного водоснабжения, их монтажу, испытаниям и пуску в эксплуатацию в законченных строительством жилых и общественных зданиях.",ГОСТ,"ГОСТ 34059-2017 Инженерные сети зданий и сооружений внутренние. Устройство систем отопления, горячего и холодного водоснабжения.pdf","Гост 34059-2017 Инженерные сети зданий и сооружений внутренние. Устройство систем отопления, горячего и холодного водоснабжения. Общие технические требования","['технические требования', 'устройство инженерных систем', 'внутренние инженерные сети']","['системы отопления', 'горячее водоснабжение', 'холодное водоснабжение', 'монтаж', 'испытания', 'пуск в эксплуатацию']",русский,278,34059-2017,5,89.2,0.0,Введен впервые,"ГОСТ 34059-2017 Инженерные сети зданий и сооружений внутренние. Устройство систем отопления, горячего и холодного водоснабжения.pdf",Действующий,35
"Лифты, применяемые для выполнения работ по спасению людей, обнаружению и тушению пожара",Пожарная безопасность,2020-04-01,2025-08-26T03:05:14.846916+00:00,"Межгосударственный стандарт, устанавливающий общие и специальные требования безопасности к устройству и установке пассажирских лифтов, предназначенных для пожарных (лифты для пожарных). Документ включает модификации европейского стандарта EN 81-72:2015 и введён в действие в России с 1 марта 2019 года. Поправка к стандарту опубликована в 2020 году.",ГОСТ,ГОСТ 34305-2017 (EN 81-722015) Лифты пассажирские. Лифты для пожарных (с Поправкой).pdf,ГОСТ 34305-2017 (EN 81-72:2015) Лифты пассажирские. Лифты для пожарных (с Поправкой),"['требования безопасности', 'устройство и установка лифтов', 'специальные лифты для пожарных']","['лифты', 'пассажирские лифты', 'лифты для пожарных', 'требования безопасности', 'спасение людей', 'пожарная безопасность']",русский,197,34305-2017,5,94.0,27.9,Поправка 2020,ГОСТ 34305-2017 (EN 81-722015) Лифты пассажирские. Лифты для пожарных (с Поправкой).pdf,Действующий,12
"Системы, связанные с безопасностью зданий и сооружений",Безопасность функциональная,2022-01-01,2025-08-26T03:05:18.005997+00:00,"Межгосударственный стандарт, устанавливающий требования к функциональной безопасности систем, связанных с безопасностью зданий и сооружений. Введен в действие с 1 января 2022 года, заменяет ГОСТ Р 53195.3-2015. Включает требования системной функциональной безопасности согласно международным стандартам IEC и ISO/IEC.",ГОСТ,"ГОСТ 34332.3-2021 Безопасность функциональная систем, связанных с безопасностью зданий и сооружений. Требования к системам.pdf","ГОСТ 34332.3-2021 Безопасность функциональная систем, связанных с безопасностью зданий и сооружений. Часть 3. Требования к системам","['требования к системам функциональной безопасности', 'введение в действие стандарта', 'международные стандарты безопасности']","['функциональная безопасность', 'системы безопасности', 'здания и сооружения', 'требования к системам', 'межгосударственный стандарт']",Русский,171,34332.3-2021,5,93.7,45.9,Введен впервые,"ГОСТ 34332.3-2021 Безопасность функциональная систем, связанных с безопасностью зданий и сооружений. Требования к системам.pdf",Действующий,85
"Системы, связанные с безопасностью зданий и сооружений",Безопасность,2022-01-01,2025-08-26T03:05:21.311945+00:00,"Межгосударственный стандарт, устанавливающий требования к программному обеспечению функциональной безопасности систем, связанных с безопасностью зданий и сооружений. Введен в действие с 1 января 2022 года, заменяет ГОСТ Р 53195.4-2010. Стандарт подготовлен с учетом международных документов IEC 61508 и ISO/IEC Guide 51.",ГОСТ,"ГОСТ 34332.4-2021 Безопасность функциональная систем, связанных с безопасностью зданий и сооружений. Требования к программному обеспечению.pdf","ГОСТ 34332.4-2021 Безопасность функциональная систем, связанных с безопасностью зданий и сооружений. Часть 4. Требования к программному обеспечению","['функциональная безопасность', 'программное обеспечение', 'системы безопасности', 'межгосударственная стандартизация']","['безопасность функциональная', 'системы безопасности зданий', 'требования к программному обеспечению', 'межгосударственный стандарт', 'ГОСТ 34332.4-2021']",Русский,139,34332.4-2021,5,95.4,60.4,с Поправкой,"ГОСТ 34332.4-2021 Безопасность функциональная систем, связанных с безопасностью зданий и сооружений. Требования к программному обеспечению.pdf",Действующий,98
"Безопасность функциональная систем, связанных с безопасностью зданий и сооружений",Безопасность,2022-01-01,2025-08-26T03:05:24.862522+00:00,"Межгосударственный стандарт, устанавливающий меры по снижению риска и методы оценки для функциональной безопасности систем, связанных с безопасностью зданий и сооружений. Введен в действие с 1 января 2022 года, заменяя ГОСТ Р 53195.5-2010. В стандарте учитываются международные требования и нормы IEC 61508.",ГОСТ,"ГОСТ 34332.5-2021 Безопасность функциональная систем. Меры по снижению риска, методы оценки (изм. с 01.08.2023).pdf","ГОСТ 34332.5-2021 Безопасность функциональная систем, связанных с безопасностью зданий и сооружений. Часть 5. Меры по снижению риска, методы оценки","['функциональная безопасность', 'меры по снижению риска', 'оценка риска', 'системы безопасности зданий']","['функциональная безопасность', 'системы безопасности зданий', 'меры по снижению риска', 'методы оценки', 'межгосударственный стандарт']",Русский,596,34332.5-2021,5,87.2,1.3,с Поправками,"ГОСТ 34332.5-2021 Безопасность функциональная систем. Меры по снижению риска, методы оценки (изм. с 01.08.2023).pdf",Действующий,145
Системы эвакуационные фотолюминесцентные,Пожарная безопасность,2022-05-01,2025-08-26T03:05:28.187616+00:00,"Стандарт устанавливает общие технические условия для фотолюминесцентных эвакуационных систем, предназначенных для управления безопасной эвакуацией из зданий и сооружений. Документ разработан с учетом международного стандарта ISO 16069:2004 и применяется с 1 мая 2022 года взамен ГОСТ Р 12.2.143-2009.",ГОСТ,ГОСТ 34428-2018 Системы эвакуационные фотолюминесцентные. Общие технические условия (с Поправкой) (изм. на 13.03.2024).pdf,ГОСТ 34428-2018 Системы эвакуационные фотолюминесцентные. Общие технические условия,"['фотолюминесцентные эвакуационные системы', 'пожарная безопасность', 'технические требования']","['фотолюминесцентные системы', 'эвакуационные системы', 'пожарная безопасность', 'ISO 16069:2004', 'технические условия']",Русский,282,34428-2018,5,96.8,75.1,Поправка ИУС № 3-2024,ГОСТ 34428-2018 Системы эвакуационные фотолюминесцентные. Общие технические условия (с Поправкой) (изм. на 13.03.2024).pdf,Действующий,56
"Системы передачи извещений о пожаре, применяемые на территории Евразийского экономического союза",Пожарная безопасность,2023-07-01,2025-08-26T03:05:31.981076+00:00,"Стандарт устанавливает общие технические требования и методы испытаний систем передачи извещений о пожаре и их компонентов. Применяется при разработке, производстве и модернизации продукции на территории Евразийского экономического союза.",ГОСТ,ГОСТ 34701-2020 Системы передачи извещений о пожаре. Общие технические требования. Методы испытаний (изм. на 01.08.23).pdf,ГОСТ 34701-2020 Системы передачи извещений о пожаре. Общие технические требования. Методы испытаний,"['Технические требования систем передачи извещений о пожаре', 'Методы испытаний', 'Область применения', 'Нормативные ссылки']","['Пожарная безопасность', 'Системы передачи извещений о пожаре', 'Технические требования', 'Методы испытаний']",Русский,261,34701-2020,5,97.7,4.9,Поправка ИУС N 8-2023,ГОСТ 34701-2020 Системы передачи извещений о пожаре. Общие технические требования. Методы испытаний (изм. на 01.08.23).pdf,Действующий,22
"Силикатные кирпич, камни, блоки и плиты перегородочные, изготовляемые способом прессования увлажненной смеси из кремнеземистых материалов и извести с применением пигментов и легких заполнителей с последующим твердением в автоклаве. Применяются для кладки и облицовки стен жилых, общественных и производственных зданий и сооружений.",Строительные материалы,2015-10-01,2025-08-26T03:05:36.052804+00:00,"Межгосударственный стандарт, определяющий общие технические условия для силикатных кирпича, камней, блоков и плит перегородочных, изготовляемых прессованием смеси кремнеземистых материалов и извести с последующим автоклавным твердением. Стандарт устанавливает требования к изделиям, их применению и методы контроля характеристик.",ГОСТ,"ГОСТ 379-2015_Кирпич, камни, блоки и плиты перегородочные силикатные.pdf","ГОСТ 379-2015 Кирпич, камни, блоки и плиты перегородочные силикатные. Общие технические условия","['технические условия', 'материалы', 'методы испытаний', 'строительство']","['силикатные изделия', 'кирпич', 'камни', 'блоки', 'плиты перегородочные', 'прессование', 'гидротермальная обработка', 'автоклав', 'строительные материалы']",Русский,128,379-2015,5,89.0,12.6,Введен впервые,"ГОСТ 379-2015_Кирпич, камни, блоки и плиты перегородочные силикатные.pdf",Действующий,36
"Станционные и линейные сооружения установок проводной связи, радиорелейные станции, радиотрансляционные узлы проводного вещания, установки избирательной железнодорожной связи и антенны систем коллективного приема телевидения",Электротехника,1980-01-01,2025-08-26T03:05:40.316479+00:00,"Стандарт устанавливает нормы сопротивления заземляющих устройств для стационарных установок проводной связи, радиорелейных станций, радиотрансляционных узлов проводного вещания и антенн систем коллективного приема телевидения, а также требования к оборудованию защитных заземляющих устройств для обеспечения нормальной работы и безопасности персонала.",ГОСТ,ГОСТ 464-79_Заземления для стационарных установок нормы сопротивления.pdf,"Гост 464-79 Заземления для стационарных установок проводной связи, радиорелейных станций, радиотрансляционных узлов проводного вещания и антенн систем коллективного приема телевидения. Нормы сопротивления","['нормы сопротивления', 'заземляющие устройства', 'защитное и рабочее заземление', 'оборудование предприятий связи', 'требования безопасности']","['заземления', 'сопротивление', 'проводная связь', 'радиорелейные станции', 'радиотрансляционные узлы', 'антенны', 'системы коллективного приема телевидения', 'защитное заземление', 'рабоче-защитное заземляющее устройство']",Русский,285,464-79,5,90.8,29.4,Изм. № 2,ГОСТ 464-79_Заземления для стационарных установок нормы сопротивления.pdf,Действующий,14
Методы лабораторного определения физических характеристик грунтов,Строительство,2019-02,2025-08-26T03:05:42.965372+00:00,"Межгосударственный стандарт ГОСТ 5180-2015 устанавливает методы лабораторного определения физических характеристик грунтов. Стандарт охватывает процедуры определения влажности, пластичности и других физических свойств грунтов, а также содержание мерзлых грунтов.",ГОСТ,ГОСТ 5180-2015_Грунты Методы лабораторного определения физических характеристик.pdf,ГОСТ 5180-2015 Грунты Методы лабораторного определения физических характеристик,"['лабораторные методы', 'физические характеристики грунтов', 'влажность', 'пределы пластичности', 'метод балансирного конуса']","['грунты', 'методы лабораторного определения', 'физические характеристики', 'влажность грунта', 'предел пластичности', 'мерзлый грунт']",русский,202,5180-2015,5,96.8,0.0,Переиздание 2019,ГОСТ 5180-2015_Грунты Методы лабораторного определения физических характеристик.pdf,Действующий,23
"Сварные соединения из сталей и сплавов на железоникелевой и никелевой основах, выполняемые ручной дуговой сваркой",Сварка,2010-11,2025-08-26T03:05:46.788538+00:00,"Стандарт устанавливает основные типы, конструктивные элементы и размеры сварных соединений из сталей и сплавов на железоникелевой и никелевой основах, выполняемых ручной дуговой сваркой. Стандарт не распространяется на сварные соединения стальных трубопроводов по ГОСТ 16037-80.",ГОСТ,"ГОСТ 5264-80_Ручная дуговая сварка. Соединения сварные Основные типы, конструктивные элементы и размеры.pdf","ГОСТ 5264-80 Ручная дуговая сварка. Соединения сварные. Основные типы, конструктивные элементы и размеры","['типы сварных соединений', 'конструктивные элементы', 'размеры сварных соединений', 'стали и сплавы', 'ручная дуговая сварка']","['ручная дуговая сварка', 'сварные соединения', 'конструктивные элементы', 'сварные швы', 'стали', 'сплавы']",русский,255,5264-80,5,16.2,0.0,"Изменение № 1, утвержденное в январе 1989 г., Поправка 2009","ГОСТ 5264-80_Ручная дуговая сварка. Соединения сварные Основные типы, конструктивные элементы и размеры.pdf",Действующий,35
"Главным образом кладка и облицовка несущих и самонесущих стен и других элементов зданий и сооружений, а также кладка фундаментов, наружной части дымовых труб, промышленных и бытовых печей.",Строительство,2008-03-01,2025-08-26T03:05:54.505597+00:00,"Настоящий межгосударственный стандарт определяет технические требования, правила приемки и методы испытаний к кирпичу и камню керамическим, регулирует их применение в строительстве для кладки и облицовки стен и конструкций. Стандарт соответствует европейскому стандарту EN 771-1:2003 в части требований к плотности и теплотехническим свойствам.",ГОСТ,ГОСТ 530-2007_Кирпич и камень керамические.pdf,ГОСТ 530-2007 Кирпич и камень керамические. Общие технические условия,"['технические условия', 'требования к изделиям', 'методы испытаний', 'применение в строительстве']","['керамические кирпичи', 'керамические камни', 'технические условия', 'строительство', 'кладка', 'стены', 'испытания']",Русский,127,530-2007,5,94.1,0.0,Введен впервые,ГОСТ 530-2007_Кирпич и камень керамические.pdf,Действующий,40
Методы полевых испытаний грунтов сваями,Строительство,2020-06-23,2025-08-26T03:05:58.057284+00:00,"Межгосударственный стандарт ГОСТ 5686-2020 устанавливает методы полевых испытаний грунтов с использованием свай. Документ определяет требования, оборудование и процедуры для проведения испытаний грунтов динамической нагрузкой на сваи с целью оценки их характеристик.",ГОСТ,ГОСТ 5686-2020_Грунты Методы полевых испытаний сваями.pdf,ГОСТ 5686-2020 Грунты Методы полевых испытаний сваями,"['методы испытаний грунтов', 'испытания свай', 'строительные технологии']","['грунты', 'методы полевых испытаний', 'сваи', 'динамическая нагрузка', 'испытания грунтов']",русский,268,5686-2020,5,93.0,34.0,,ГОСТ 5686-2020_Грунты Методы полевых испытаний сваями.pdf,Действующий,51
Армирование железобетонных конструкций,Арматурная сталь,2006-01-01,2025-08-26T03:06:01.842876+00:00,"Стандарт устанавливает технические условия на горячекатаную круглую сталь гладкого и периодического профиля, предназначенную для армирования обычных и предварительно напряженных железобетонных конструкций. Включает классификацию по механическим свойствам, профили, массовые характеристики и нормы химического состава.",ГОСТ,ГОСТ 5781-82_Сталь горячекатаная для армирования железобетонных конструкций.pdf,ГОСТ 5781-82 Сталь Горячекатаная Для Армирования Железобетонных Конструкций Технические Условия,"['классификация арматурной стали', 'профили и размеры', 'механические свойства', 'массовые характеристики', 'нормы химического состава']","['горячекатаная сталь', 'арматура', 'железобетонные конструкции', 'технические условия', 'профили', 'механические свойства']",русский,199,5781-82,5,95.0,95.7,Изм. № 5,ГОСТ 5781-82_Сталь горячекатаная для армирования железобетонных конструкций.pdf,Действующий,12
Проволока из низкоуглеродистой стали холоднотянутая периодического профиля класса Вр-1 для армирования железобетонных конструкций,Железобетонные конструкции,1983-01-01,2025-08-26T03:06:05.901793+00:00,"Стандарт распространяется на холоднотянутую проволоку из низкоуглеродистой стали периодического профиля класса Вр-1, используемую для армирования железобетонных конструкций. В документе изложены основные параметры, размеры, технические требования, правила приемки и методы контроля проволоки.",ГОСТ,ГОСТ 6727-80_Проволока из низкоуглеродистой стали холоднотянутая для армирования железобетонных конструкций.pdf,ГОСТ 6727-80 Проволока из низкоуглеродистой стали холоднотянутая для армирования железобетонных конструкций. Технические условия,"['параметры проволоки', 'технические требования', 'механические свойства', 'правила приемки']","['проволока', 'низкоуглеродистая сталь', 'холоднотянутая', 'армирование', 'железобетонные конструкции', 'технические условия', 'механические свойства', 'приемка']",русский,228,6727-80,5,92.3,0.0,"Изм. № 1, 2, 3",ГОСТ 6727-80_Проволока из низкоуглеродистой стали холоднотянутая для армирования железобетонных конструкций.pdf,Действующий,7
Смеси бетонные,Строительство,2018-06,2025-08-26T03:06:10.195979+00:00,"Настоящий стандарт устанавливает технические условия для бетонных смесей, включая общие требования, эксплуатационные характеристики, производство и критерии соответствия. Стандарт основан на европейском стандарте EN 206-1:2000 и введен в действие в Российской Федерации с 1 января 2012 года.",ГОСТ,ГОСТ 7473-2010_Смеси бетонные.pdf,ГОСТ 7473—2010 Смеси бетонные. Технические условия,"['технические условия', 'эксплуатационные характеристики', 'производство', 'критерии соответствия']","['бетонные смеси', 'технические условия', 'строительство', 'EN 206-1:2000']",Русский,240,7473—2010,5,90.2,0.0,Переиздание июнь 2018,ГОСТ 7473-2010_Смеси бетонные.pdf,Действующий,24
"Пиломатериалы хвойных пород, предназначенные для использования в народном хозяйстве и экспорта, кроме резонансных и авиационных пиломатериалов",Материалы древесные,2013-12-01,2025-08-26T03:06:15.231362+00:00,"Стандарт устанавливает технические требования к пиломатериалам хвойных пород, используемым в народном хозяйстве и экспорте. Включает параметры, размеры, сортность и качество древесины, категории влажности и специальные требования для различных видов пиломатериалов.",ГОСТ,ГОСТ 8486-86_Пиломатериалы хвойных пород.pdf,ГОСТ 8486-86 Пиломатериалы хвойных пород. Технические условия,"['Технические требования', 'Параметры и размеры пиломатериалов', 'Качество древесины и сортность', 'Влажность и обработка', 'Область применения пиломатериалов']","['пиломатериалы', 'хвойные породы', 'технические условия', 'сортность пиломатериалов', 'качество древесины', 'влажность пиломатериалов', 'Антисептирование']",русский,178,8486-86,5,94.5,25.6,Изм. № 3,ГОСТ 8486-86_Пиломатериалы хвойных пород.pdf,Действующий,9
"Соединения из сталей, а также сплавов на железоникелевой и никелевой основах, выполняемых сваркой под флюсом",Сварка,2007-01-01,2025-08-26T03:06:21.319860+00:00,"Стандарт распространяется на сварные соединения из сталей и соответствующих сплавов, выполненные сваркой под флюсом. Устанавливает основные типы, конструктивные элементы и размеры сварных соединений. Не распространяется на стальные трубопроводы по ГОСТ 16037.",ГОСТ,"ГОСТ 8713-79_Сварка под флюсом Соединения сварные Основные типы, конструктивные элементы и размеры.pdf","ГОСТ 8713-79 Сварка под флюсом. Соединения сварные. Основные типы, конструктивные элементы и размеры","['типы сварных соединений', 'обозначения способов сварки под флюсом', 'конструктивные элементы сварных соединений']","['сварка под флюсом', 'соединения сварные', 'типы соединений', 'конструктивные элементы', 'размеры', 'стали', 'сплавы', 'автоматическая сварка', 'механизированная сварка']",русский,181,8713-79,5,27.7,56.2,"Изменения № 1, 2, 3 (январь 2007)","ГОСТ 8713-79_Сварка под флюсом Соединения сварные Основные типы, конструктивные элементы и размеры.pdf",Действующий,41
Песок для строительных работ,Строительные материалы,2019-02,2025-08-26T03:06:24.463755+00:00,"Данный стандарт устанавливает технические условия для песка, используемого в строительных работах. Включает требования к качеству песка, нормы приемки и методы контроля.",ГОСТ,ГОСТ 8736-2014_Песок для строительных работ.pdf,ГОСТ 8736-2014 Песок для строительных работ. Технические условия,"['технические требования', 'нормативные ссылки', 'термины и определения', 'правила приемки']","['песок', 'строительные работы', 'технические условия', 'качество', 'приемка']",Русский,250,8736-2014,5,82.7,0.0,Поправка (ИУС 10-2015),ГОСТ 8736-2014_Песок для строительных работ.pdf,Действующий,20
Автомобильные дороги и аэродромы,Строительство,2014-11-01,2025-08-26T03:06:29.703831+00:00,"Стандарт устанавливает технические условия на смеси асфальтобетонные и полимерасфальтобетонные, а также на асфальтобетон и полимерасфальтобетон, предназначенные для строительства и ремонта автомобильных дорог и аэродромов.",ГОСТ,ГОСТ 9128-2013_Смеси асфальтобетонные для Автомобильных дорог и Аэродромов.pdf,"ГОСТ 9128—2013 Смеси асфальтобетонные, полимерасфальтобетонные, асфальтобетон, полимерасфальтобетон для автомобильных дорог и аэродромов. Технические условия","['технические требования', 'приемка', 'методы контроля', 'транспортирование', 'хранение', 'гарантии изготовителя']","['асфальтобетонные смеси', 'полимерасфальтобон', 'автомобильные дороги', 'аэродромы', 'технические условия']",Русский,206,9128—2013,5,85.4,24.0,Взамен ГОСТ 9128—2009,ГОСТ 9128-2013_Смеси асфальтобетонные для Автомобильных дорог и Аэродромов.pdf,Действующий,55
Габариты железнодорожного подвижного состава и приближения строений,Железнодорожный транспорт,2024-05-01,2025-08-26T03:06:32.654516+00:00,"Межгосударственный стандарт, устанавливающий размеры габаритов железнодорожного подвижного состава и необходимые приближения строений для обеспечения безопасного движения поездов.",ГОСТ,ГОСТ 9238-2022_Габариты железнодорожного подвижного состава и приближения строений.pdf,ГОСТ 9238—2022 Габариты железнодорожного подвижного состава и приближения строений,"['габариты подвижного состава', 'приближения строений', 'безопасность движения']","['габариты', 'железнодорожный подвижной состав', 'приближения строений', 'железнодорожный транспорт']",русский,470,9238—2022,5,79.9,3.0,с Поправкой (ИУС № 2 2024 г),ГОСТ 9238-2022_Габариты железнодорожного подвижного состава и приближения строений.pdf,Действующий,214
Классификация по качеству круглых лесоматериалов хвойных пород,Лесоматериалы,2016-09-30,2025-08-26T03:06:39.293983+00:00,"Стандарт устанавливает технические условия на круглые лесоматериалы хвойных пород, включая классификацию по качеству круглых лесоматериалов таких пород, как ель, пихта, сосна, лиственница и дугласия. Документ разработан с учётом европейских стандартов EN 1927-1:2008, EN 1927-2:2008, EN 1927-3:2008 и введён в действие в России с 1 мая 2017 года.",ГОСТ,ГОСТ 9463-2016_Лесоматериалы круглые хвойных пород.pdf,ГОСТ 9463-2016 Лесоматериалы круглые хвойных пород. Технические условия,"['классификация лесоматериалов', 'технические условия', 'стандарты качества']","['лесоматериалы', 'круглые лесоматериалы', 'хвойные породы', 'технические условия', 'классификация по качеству']",Русский,153,9463-2016,5,91.9,0.0,Введен впервые,ГОСТ 9463-2016_Лесоматериалы круглые хвойных пород.pdf,Действующий,11
Ручная дуговая сварка конструкционных и теплоустойчивых сталей,Сварка,2008-05-01,2025-08-26T03:06:42.714550+00:00,"Стандарт распространяется на металлические покрытые электроды различных типов для ручной дуговой сварки углеродистых, низколегированных и легированных конструкционных и теплоустойчивых сталей с указанием механических свойств и химического состава наплавленного металла.",ГОСТ,ГОСТ 9467-75_Электроды покрытые металлические для ручной дуговой сварки конструкционных и теплоустойчивых сталей Типы.pdf,ГОСТ 9467-75 Электроды покрытые металлические для ручной дуговой сварки конструкционных и теплоустойчивых сталей. Типы,"['типы электродов', 'сварка конструкционных сталей', 'сварка теплоустойчивых сталей', 'механические свойства металлов', 'химический состав наплавленного металла']","['электроды покрытые металлические', 'ручная дуговая сварка', 'конструкционные стали', 'теплоустойчивые стали', 'механические свойства', 'химический состав']",Русский,2370,9467-75,5,12.5,0.0,Изм. 1,ГОСТ 9467-75_Электроды покрытые металлические для ручной дуговой сварки конструкционных и теплоустойчивых сталей Типы.pdf,Действующий,7
Железобетонные перемычки для зданий с кирпичными стенами,Строительство,2017-03-01,2025-08-26T03:06:46.802664+00:00,"Стандарт устанавливает технические условия для железобетонных перемычек, предназначенных для зданий с кирпичными стенами, включая типы, размеры, технические требования, методы контроля и испытаний, а также правила приемки, маркировки, транспортирования и хранения.",ГОСТ,ГОСТ 948-2016_Перемычки железобетонные для здании с кирпичными стенами.pdf,ГОСТ 948—2016 Перемычки Железобетонные Для Зданий С Кирпичными Стенами Технические Условия,"['типы и размеры перемычек', 'технические требования', 'приемка и комплектность', 'методы контроля и испытаний', 'маркировка и транспортирование']","['перемычки железобетонные', 'здания с кирпичными стенами', 'технические условия', 'контроль и испытания', 'маркировка', 'транспортирование', 'хранение']",русский,265,948—2016,5,80.6,1.9,Введен впервые,ГОСТ 948-2016_Перемычки железобетонные для здании с кирпичными стенами.pdf,Действующий,26
плиты перекрытий железобетонные многопустотные для зданий и сооружений,Отопление,2017-06-01,2025-08-26T03:06:50.144285+00:00,"Стандарт устанавливает технические условия на железобетонные многопустотные плиты перекрытий для зданий и сооружений, включая требования к приемке, методы контроля, транспортирование и хранение.",ГОСТ,ГОСТ 9561-2016_Плиты перекрытий железобетонные многопустотные для зданий и сооружений.pdf,ГОСТ 9561—2016 Плиты перекрытий железобетонные многопустотные для зданий и сооружений. Технические условия,"['технические требования', 'приемка плит', 'методы контроля', 'транспортирование', 'хранение']","['железобетонные плиты', 'многопустотные плиты', 'перекрытия', 'технические условия']",русский,246,9561—2016,5,91.6,0.0,,ГОСТ 9561-2016_Плиты перекрытий железобетонные многопустотные для зданий и сооружений.pdf,Действующий,23
"Теплоизоляционные плиты из минеральной ваты на синтетическом связующем, предназначенные для тепло- и звукоизоляции ограждающих строительных конструкций жилых, общественных и производственных зданий и сооружений, а также для тепловой изоляции промышленного оборудования с температурой от -60 °C до +400 °C.",Экспертиза строительства,2013-07-01,2025-08-26T03:06:55.927388+00:00,"Настоящий стандарт распространяется на теплоизоляционные плиты из минеральной ваты на синтетическом связующем с гидрофобизирующими добавками или без них, облицованные или необлицованные, предназначенные для тепло- и звукоизоляции ограждающих конструкций зданий и тепловой изоляции промышленного оборудования.",ГОСТ,ГОСТ 9573-2012_Плиты из минеральной ваты на синтетическом связующем теплоизоляционные.pdf,ГОСТ 9573-2012 Плиты из минеральной ваты на синтетическом связующем Теплоизоляционные. Технические условия,"['Технические условия', 'Теплоизоляционные плиты', 'Минеральная вата', 'Синтетическое связующее', 'Область применения', 'Нормативные ссылки']","['Плиты из минеральной ваты', 'Синтетическое связующее', 'Теплоизоляционные материалы', 'Теплоизоляция', 'Звукоизоляция', 'Строительные конструкции', 'Промышленное оборудование']",Русский,174,9573-2012,5,93.9,1.6,,ГОСТ 9573-2012_Плиты из минеральной ваты на синтетическом связующем теплоизоляционные.pdf,Действующий,12
Установление объектов стандартизации и общих положений при разработке и применении стандартов организаций в Российской Федерации,Стандартизация,2018-08,2025-08-26T03:06:59.949947+00:00,"Данный стандарт устанавливает объекты стандартизации и общие положения при разработке и применении стандартов организаций в Российской Федерации. Предназначен для применения организациями коммерческого, общественного, научного характера, а также саморегулируемыми организациями и техническими комитетами по стандартизации.",ГОСТ Р,ГОСТ Р 1.4-2004 Стандартизация в Российской Федерации. Стандарты организаций. Общие положения (изм. на 01.07.2005).pdf,ГОСТ Р 1.4-2004 Стандартизация в Российской Федерации. Стандарты организаций. Общие положения,"['объекты стандартизации', 'разработка стандартов', 'применение стандартов']","['стандартизация', 'стандарты организаций', 'техническое регулирование', 'ФГУП ВНИИстандарт', 'Федеральное агентство по техническому регулированию и метрологии']",Русский,209,1.4-2004,5,90.2,0.0,Переиздание 08.2018,ГОСТ Р 1.4-2004 Стандартизация в Российской Федерации. Стандарты организаций. Общие положения (изм. на 01.07.2005).pdf,Действующий,7
Изделия машиностроения всех отраслей промышленности,Конструкторская документация,2024-03-01,2025-08-26T03:07:03.390039+00:00,"Настоящий стандарт устанавливает основные требования к чертежам деталей, сборочным чертежам, монтажным чертежам и габаритным чертежам на стадии разработки рабочей конструкторской документации. Стандарт применяется в машиностроении всех отраслей промышленности.",ГОСТ Р,ГОСТ Р 2.109-2023 Единая система конструкторской документации (ЕСКД). Основные требования к чертежам.pdf,ГОСТ Р 2.109-2023 Единая система конструкторской документации. Основные требования к чертежам,"['требования к чертежам', 'детали', 'сборочные чертежи', 'монтажные чертежи', 'габаритные чертежи', 'рабочая конструкторская документация']","['Единая система конструкторской документации', 'Основные требования к чертежам', 'машиностроение', 'конструкторская документация']",Русский,244,2.109-2023,5,96.7,79.0,Введен впервые,ГОСТ Р 2.109-2023 Единая система конструкторской документации (ЕСКД). Основные требования к чертежам.pdf,Действующий,38
правила внесения изменений в конструкторские и технологические документы машиностроения всех отраслей промышленности,Единая система конструкторской документации,2024-03-01,2025-08-26T03:07:07.225041+00:00,"Стандарт устанавливает правила внесения изменений в конструкторские и технологические документы машиностроения, выполненные в бумажной или электронной форме. Документ применяется в машиностроительной промышленности и вводится с 1 марта 2024 года, заменяя ГОСТ 2.503-2013.",ГОСТ Р,ГОСТ Р 2.503-2023 Единая система конструкторской документации (ЕСКД). Правила внесения изменений.pdf,ГОСТ Р 2.503-2023 Единая система конструкторской документации. Правила внесения изменений,"['нормативные ссылки', 'правила внесения изменений', 'конструкторские документы', 'технологические документы']","['Единая система конструкторской документации', 'внесение изменений', 'конструкторская документация', 'технологическая документация', 'машиностроение']",русский,234,2.503-2023,5,89.1,77.9,Введен впервые,ГОСТ Р 2.503-2023 Единая система конструкторской документации (ЕСКД). Правила внесения изменений.pdf,Действующий,34
"Единая система конструкторской документации, эксплуатационные документы",Документация проектная,2021-04-01,2025-08-26T03:07:11.327373+00:00,"Стандарт устанавливает виды, комплектность и общие требования к выполнению эксплуатационных документов. Применяется в рамках единой системы конструкторской документации для стандартизации эксплуатационных документов.",ГОСТ Р,ГОСТ Р 2.601-2019 Единая система конструкторской документации (ЕСКД). Эксплуатационные документы (Переиздание).pdf,ГОСТ Р 2.601-2019 Единая система конструкторской документации. Эксплуатационные документы (Переиздание),"['виды документов', 'комплектность документов', 'требования к эксплуатации']","['Единая система конструкторской документации', 'эксплуатационные документы', 'стандартизация', 'комплектность', 'требования']",Русский,271,2.601-2019,5,93.5,81.8,Переиздание,ГОСТ Р 2.601-2019 Единая система конструкторской документации (ЕСКД). Эксплуатационные документы (Переиздание).pdf,Действующий,38
Эксплуатационные документы изделий машиностроения и приборостроения,Конструкторская документация,2020-02-01,2025-08-26T03:07:15.981966+00:00,"Стандарт устанавливает общие правила выполнения эксплуатационных документов изделий машиностроения и приборостроения, таких как руководство по эксплуатации, инструкция по монтажу, пуску, регулированию и обкатке изделия, формуляр, паспорт, этикетка и другие.",ГОСТ Р,ГОСТ Р 2.610-2019 Правила выполнения эксплуатационных документов.pdf,ГОСТ Р 2.610-2019 Единая система конструкторской документации. Правила выполнения эксплуатационных документов,"['правила выполнения документации', 'эксплуатационные документы', 'машиностроение', 'приборостроение']","['Единая система конструкторской документации', 'эксплуатационные документы', 'машиностроение', 'приборостроение', 'руководство по эксплуатации', 'инструкция по монтажу']",русский,306,2.610-2019,5,94.5,79.0,Введен впервые,ГОСТ Р 2.610-2019 Правила выполнения эксплуатационных документов.pdf,Действующий,56
Система проектной документации для строительства,Архитектура,2022-09-01,2025-08-26T03:07:19.559709+00:00,"Данный стандарт устанавливает назначение, область распространения, классификацию и правила обозначения национальных стандартов комплекса стандартов Системы проектной документации для строительства (СПДС), а также порядок их внедрения. Включает нормативные ссылки и основные термины.",ГОСТ Р,ГОСТ Р 21.001-2021 Система проектной документации для строительства. Общие положения.pdf,ГОСТ Р 21.001-2021 Система проектной документации для строительства. Общие положения,"['назначение стандартов', 'классификация стандартов', 'обозначение национальных стандартов', 'нормативные ссылки', 'термины и определения']","['Система проектной документации', 'Строительство', 'Стандартизация', 'Общие положения', 'СПДС']",Русский,177,21.001-2021,5,93.8,0.0,,ГОСТ Р 21.001-2021 Система проектной документации для строительства. Общие положения.pdf,Действующий,5
Проектная и рабочая документация для строительства объектов различного назначения,Проектная документация,2023-12-13,2025-08-26T03:07:22.806476+00:00,"Стандарт устанавливает основные требования к проектной и рабочей документации для строительства объектов различного назначения, включая строительство, реконструкцию, капитальный ремонт и техническое перевооружение объектов капитального строительства. Стандарт применяется с 01.01.2021 взамен ГОСТ Р 21.1101-2013 и включает поправки, опубликованные по состоянию на 13.12.2023.",ГОСТ Р,ГОСТ Р 21.101-2020 Основные требования к проектной и рабочей документации (с Поправкой).pdf,ГОСТ Р 21.101-2020 Система проектной документации для строительства. Основные требования к проектной и рабочей документации,"['требования к документации', 'строительные объекты', 'инженерные изыскания']","['проектная документация', 'рабочая документация', 'строительство', 'реконструкция', 'капитальный ремонт', 'техническое перевооружение']",Русский,230,21.101-2020,5,93.6,59.9,с Поправкой,ГОСТ Р 21.101-2020 Основные требования к проектной и рабочей документации (с Поправкой).pdf,Действующий,73
"Проектная документация для строительства и реконструкции объектов капитального строительства производственного и непроизводственного назначения. Системы водяного, воздушного, электрического и газового отопления зданий; системы естественной и механической вентиляции; кондиционирование воздуха; внутриплощадочные, внутриквартальные и внутренние тепловые сети.","Отопление, Вентиляция, Кондиционирование, Тепловые сети",2023-09-01,2025-08-26T03:07:30.001131+00:00,"Стандарт устанавливает единые правила выполнения и оформления проектной документации подраздела отопления, вентиляции, кондиционирования воздуха и тепловых сетей в рамках проектной документации для капитального строительства. Он применяется для строительства, реконструкции объектов и капитального ремонта, а также для проектной документации в цифровом формате с использованием технологий информационного моделирования.",ГОСТ Р,"ГОСТ Р 21.621-2023 СПДС. Правила выполнения проектной документации систем отопления, вентиляции, кондиционирования и тепловых сетей.pdf","Система проектной документации для строительства. Правила выполнения проектной документации систем отопления, вентиляции, кондиционирования и тепловых сетей","['правила выполнения проектной документации', 'отопление', 'вентиляция', 'кондиционирование воздуха', 'тепловые сети', 'инженерное оборудование', 'сети и системы инженерно-технического обеспечения']","['проектная документация', 'отопление', 'вентиляция', 'кондиционирование', 'тепловые сети', 'строительство', 'реконструкция', 'капитальный ремонт', 'информационное моделирование']",Русский,300,21.621-2023,5,76.8,91.3,Введен впервые,"ГОСТ Р 21.621-2023 СПДС. Правила выполнения проектной документации систем отопления, вентиляции, кондиционирования и тепловых сетей.pdf",Действующий,25
Проектирование объектов проводной связи,Связь,2021-01-01,2025-08-26T03:07:33.024350+00:00,Стандарт устанавливает состав и правила оформления рабочей документации проводных средств связи для объектов строительства различного назначения. Применяется при проектировании объектов проводной связи.,ГОСТ Р,ГОСТ Р 21.703-2020 Система проектной документации для строительства (СПДС). Правила выполнения рабочей документации проводных средств связи.pdf,ГОСТ Р 21.703-2020 Система проектной документации для строительства. Правила выполнения рабочей документации проводных средств связи,"['состав и оформление документации', 'термины и определения в области проводной связи', 'нормативные ссылки на стандарты']","['проводные средства связи', 'рабочая документация', 'система проектной документации для строительства', 'проектирование']",Русский,229,21.703-2020,5,92.9,5.4,Взамен ГОСТ Р 21.1703-2000,ГОСТ Р 21.703-2020 Система проектной документации для строительства (СПДС). Правила выполнения рабочей документации проводных средств связи.pdf,Действующий,39
,Безопасность в чрезвычайных ситуациях,2020-09-11,2025-08-26T03:07:35.515694+00:00,"Стандарт устанавливает термины и определения понятий в области безопасности в техногенных чрезвычайных ситуациях. Документ обязателен к применению во всех видах документации и литературы по безопасности в чрезвычайных ситуациях, входящих в сферу стандартизации и использования результатов этих работ.",ГОСТ Р,ГОСТ Р 22.0.05-2020_Безопасность в чрезвычайных ситуациях Техногенные чрезвычайные ситуации Термины и определения.pdf,ГОСТ Р 22.0.05—2020 Безопасность в чрезвычайных ситуациях. Техногенные чрезвычайные ситуации,"['термины и определения в области безопасности', 'техногенные чрезвычайные ситуации', 'правила применения стандарта']","['безопасность в чрезвычайных ситуациях', 'техногенные чрезвычайные ситуации', 'термины и определения', 'стандартизация']",Русский,313,22.0.05—2020,5,75.0,0.0,Введен впервые,ГОСТ Р 22.0.05-2020_Безопасность в чрезвычайных ситуациях Техногенные чрезвычайные ситуации Термины и определения.pdf,Действующий,12
Электроустановки низковольтные зданий,Электроустановки низковольтные,2012-07,2025-08-26T03:07:39.008718+00:00,"Стандарт устанавливает основные положения, оценку общих характеристик и определения для низковольтных электроустановок. Является модифицированной версией международного стандарта IEC 60364-1:2005 с дополнительными требованиями для учета нужд национальной экономики Российской Федерации.",ГОСТ Р,"ГОСТ Р 50571.1-2009_Электроустановки низковольтные Основные положения, оценка общих характеристик, Термины и определения.pdf","ГОСТ Р 50571.1-2009 Электроустановки низковольтные. Основные положения, оценка общих характеристик, определения","['низковольтные электроустановки', 'стандартизация', 'безопасность', 'оценка характеристик']","['низковольтные электроустановки', 'основные положения', 'оценка характеристик', 'определения', 'ГОСТ Р']",русский,310,50571.1-2009,5,94.9,5.5,Переиздание 2012,"ГОСТ Р 50571.1-2009_Электроустановки низковольтные Основные положения, оценка общих характеристик, Термины и определения.pdf",Действующий,42
"Автоматические установки (системы) водяного пожаротушения, предназначенные для локализации или тушения и ликвидации пожара и одновременно выполняющие функции автоматической пожарной сигнализации",Пожарная безопасность,1995-01-01,2025-08-26T03:07:45.173158+00:00,"Стандарт устанавливает общие технические требования и методы испытаний автоматических установок водяного пожаротушения. Он охватывает классификацию, комплектность, маркировку, упаковку, а также условия транспортирования и хранения таких установок.",ГОСТ Р,ГОСТ Р 50680-94_Установки водяного пожаротушения автоматические Общие технические требования. Методы испытаний.pdf,ГОСТ Р 50680—94 Установки водяного пожаротушения автоматические Общие технические требования Методы испытаний,"['общие технические требования', 'методы испытаний', 'классификация', 'комплектность', 'маркировка', 'упаковка', 'транспортирование', 'хранение']","['автоматические установки водяного пожаротушения', 'технические требования', 'методы испытаний', 'пожарная безопасность', 'автоматическая пожарная сигнализация']",русский,206,50680—94,5,93.0,0.0,Введен впервые,ГОСТ Р 50680-94_Установки водяного пожаротушения автоматические Общие технические требования. Методы испытаний.pdf,Действующий,20
Автоматические и ручные системы тревожной сигнализации для обеспечения безопасности людей и имущества,Пожарная безопасность,2012-07-01,2025-08-26T03:07:49.340715+00:00,"Стандарт устанавливает общие требования к проектированию, монтажу, наладке, испытаниям, эксплуатации и техническому обслуживанию систем тревожной сигнализации (систем охранной, охранно-пожарной сигнализации). Не распространяется на удаленные центры, объекты с особыми нормами, подвижные объекты, спецназначение и ядерно-опасные объекты.",ГОСТ Р,ГОСТ Р 50776-95 (МЭК 60839-1-41989) Системы тревожной сигнализации. Часть 1. Общие требования.pdf,"ГОСТ Р 50776-95 (МЭК 60839-1-4:1989) Системы тревожной сигнализации. Часть 1. Общие требования. Раздел 4. Руководство по проектированию, монтажу и техническому обслуживанию (с Изменениями N 1, 2)","['Проектирование систем', 'Монтаж систем', 'Техническое обслуживание', 'Эксплуатация систем']","['Системы тревожной сигнализации', 'Проектирование', 'Монтаж', 'Техническое обслуживание', 'Эксплуатация']",Русский,378,50776-95,5,92.2,0.0,"Изменения N 1, 2",ГОСТ Р 50776-95 (МЭК 60839-1-41989) Системы тревожной сигнализации. Часть 1. Общие требования.pdf,Действующий,24
"Автоматические установки (системы) пенного пожаротушения, предназначенные для локализации или тушения пожара и выполнения функций автоматической пожарной сигнализации",Пожарная безопасность,1996-01-01,2025-08-26T03:07:52.954764+00:00,"Стандарт устанавливает общие технические требования и методы испытаний для автоматических установок пенного пожаротушения, предназначенных для локализации или тушения пожара с функцией автоматической пожарной сигнализации. В документе приведена классификация установок, нормативные ссылки, определения и требования к испытаниям.",ГОСТ Р,ГОСТ Р 50800-98_Установки пенного пожаротушения автоматические Методы испытаний.pdf,ГОСТ Р 50800-98 Установки пенного пожаротушения автоматические. Общие технические требования. Методы испытаний,"['область применения', 'нормативные ссылки', 'определения', 'классификация', 'общие технические требования', 'методы испытаний']","['автоматические установки пенного пожаротушения', 'пожарная безопасность', 'технические требования', 'методы испытаний', 'автоматическая пожарная сигнализация']",Русский,216,50800-98,5,90.5,0.0,Введен впервые,ГОСТ Р 50800-98_Установки пенного пожаротушения автоматические Методы испытаний.pdf,Действующий,20
"Централизованные и модульные автоматические установки объемного газового пожаротушения; также используется при проектировании, монтаже, испытании и эксплуатации установок локального газового пожаротушения",Пожарная безопасность,1997-07-01,2025-08-26T03:07:56.828020+00:00,"Стандарт устанавливает общие технические требования и методы испытаний для автоматических установок газового пожаротушения. Он распространяется на централизованные и модульные установки, а также может применяться для локальных установок. Стандарт включает требования безопасности, охраны окружающей среды, комплектности, маркировки, упаковки и методы испытаний.",ГОСТ Р,ГОСТ Р 50969-96_ Установки газового пожаротушения автоматические. Методы испытаний.pdf,ГОСТ Р 50969-96 Установки газового пожаротушения автоматические. Общие технические требования. Методы испытаний,"['технические требования', 'методы проведения испытаний', 'требования безопасности', 'охрана окружающей среды', 'маркировка и упаковка', 'транспортирование и хранение']","['установки газового пожаротушения', 'автоматические установки', 'технические требования', 'методы испытаний', 'пожарная безопасность']",Русский,246,50969-96,5,90.1,0.0,Введен впервые,ГОСТ Р 50969-96_ Установки газового пожаротушения автоматические. Методы испытаний.pdf,Действующий,38
Узлы управления автоматических водяных и пенных спринклерных и дренчерных установок пожаротушения и их комплектующее оборудование,Пожарная безопасность,2003-07-01,2025-08-26T03:08:00.477438+00:00,Стандарт устанавливает общие технические требования и методы испытаний узлов управления и их комплектующего оборудования для автоматических водяных и пенных установок пожаротушения.,ГОСТ Р,ГОСТ Р 51052-2002_Установки водяного и пенного пожаротушения автоматические Узлы управления. Методы испытаний.pdf,Гост Р 51052-2002 Установки водяного и пенного пожаротушения автоматические Узлы управления Общие технические требования. Методы испытаний,"['общие технические требования', 'методы испытаний', 'классификация узлов управления', 'комплектующее оборудование', 'требования безопасности', 'правила приемки', 'транспортирование и хранение']","['пожаротушение', 'автоматические установки', 'узлы управления', 'методы испытаний', 'пожарная безопасность']",русский,106,51052-2002,5,98.8,0.0,,ГОСТ Р 51052-2002_Установки водяного и пенного пожаротушения автоматические Узлы управления. Методы испытаний.pdf,Действующий,45
установки порошкового пожаротушения автоматические,Пожарная безопасность,1998-07-01,2025-08-26T03:08:05.091877+00:00,"Стандарт устанавливает типы и основные параметры стационарных автоматических установок порошкового пожаротушения, предназначенных для подачи огнетушащего порошка в защищаемый объект для тушения или локализации пожара. Включает нормативные ссылки, определения, номенклатуру основных показателей и требования к применяемости параметров установок.",ГОСТ Р,ГОСТ Р 51091-97_Установки порошкового пожаротушения автоматические Типы и основные параметры .pdf,Гост Р 51091-97 Установки Порошкового Пожаротушения Автоматические Типы И Основные Параметры,"['типы установок', 'основные параметры', 'нормативные ссылки', 'область применения', 'определения']","['установки порошкового пожаротушения', 'автоматические установки', 'огнетушащий порошок', 'пожарная безопасность', 'тип', 'параметры']",русский,78,51091-97,5,94.6,4.1,Введен впервые,ГОСТ Р 51091-97_Установки порошкового пожаротушения автоматические Типы и основные параметры .pdf,Действующий,15
"Дозаторы эжекторного типа, предназначенные для дозирования пенообразователя в поток воды и устанавливаемые на обводной линии водяного насоса в дренчерных установках пенного пожаротушения",Пожарная безопасность,1999-01-01,2025-08-26T03:08:10.146033+00:00,"Стандарт устанавливает общие технические требования и методы испытаний для автоматических установок пенного пожаротушения, в частности для дозаторов эжекторного типа, применяемых для дозирования пенообразователя в поток воды. В документе содержатся требования безопасности, комплектность, правила приемки, маркировка и упаковка продукции.",ГОСТ Р,ГОСТ Р 51114-97_Установки пенного пожаротушения автоматические. Дозаторы. Методы испытаний.pdf,ГОСТ Р 51114-97 Установки пенного пожаротушения автоматические. Дозаторы. Общие технические требования. Методы испытаний,"['дозирование пенообразователя', 'требования безопасности', 'методы испытаний', 'маркировка и упаковка', 'правила приемки']","['установки пенного пожаротушения', 'автоматические дозаторы', 'общие технические требования', 'методы испытаний', 'пенообразователь', 'безопасность']",Русский,120,51114-97,5,96.4,0.0,,ГОСТ Р 51114-97_Установки пенного пожаротушения автоматические. Дозаторы. Методы испытаний.pdf,Действующий,15
"установки водяного и пенного пожаротушения автоматические, трубопроводные разъемные муфты для соединения труб диаметрами условного прохода от 25 до 200 мм",Пожарная безопасность,2002-07-01,2025-08-26T03:08:17.045197+00:00,"Стандарт распространяется на трубопроводные разъемные муфты для соединения труб установок водяного и пенного пожаротушения автоматических. В документе приведены общие технические требования к муфтам и методы их испытаний, включая параметры герметичности, механической прочности и устойчивости к вибрации.",ГОСТ Р,ГОСТ Р 51737-2001_ Установки водяного и пенного пожаротушения автоматические Муфты трубопроводные разъемные Методы испытаний.pdf,ГОСТ Р 51737-2001 Установки водяного и пенного пожаротушения автоматические Муфты трубопроводные разъемные Общие технические требования. Методы испытаний,"['технические требования муфт', 'испытания муфт', 'соединение труб', 'пожарная безопасность', 'автоматические системы пожаротушения']","['муфты трубопроводные разъемные', 'установки пожаротушения', 'водяное пожаротушение', 'пенное пожаротушение', 'технические требования', 'методы испытаний', 'герметичность', 'нагрузка', 'вибрация']",русский,96,51737-2001,5,98.9,0.0,Введен впервые,ГОСТ Р 51737-2001_ Установки водяного и пенного пожаротушения автоматические Муфты трубопроводные разъемные Методы испытаний.pdf,Действующий,8
"Правила безопасности по устройству и установке пассажирских лифтов, в том числе специальные применения для лифтов для пожарных",Пожарная безопасность,2012-11,2025-08-26T03:08:22.066477+00:00,"Стандарт устанавливает правила безопасности для конструкции и установки пассажирских лифтов, включая специальные применения для лифтов для пожарных. Модифицирован по отношению к европейскому стандарту EN 81-72:2003, реализует требования технического регламента о безопасности лифтов. Включает дополнительные положения для нужд национальной экономики РФ.",ГОСТ Р,ГОСТ Р 52382-2010_Лифты пассажирские Лифты для пожарных.pdf,ГОСТ Р 52382-2010 Лифты пассажирские. Лифты для пожарных,"['конструкция лифтов', 'установка лифтов', 'требования безопасности', 'лифты для пожарных']","['лифты пассажирские', 'лифты для пожарных', 'правила безопасности', 'технический регламент', 'EN 81-72:2003', 'пожарная безопасность']",русский,151,52382-2010,5,93.3,17.4,Переиздание. Ноябрь 2011 г.,ГОСТ Р 52382-2010_Лифты пассажирские Лифты для пожарных.pdf,Действующий,16
Болты высокопрочные для металлических конструкций,Крепежные изделия,2006-12-27,2025-08-26T03:08:27.703886+00:00,"Стандарт устанавливает технические условия на болты высокопрочные с шестигранной головкой с увеличенным размером под ключ для металлических конструкций, модифицированный по отношению к международному стандарту ISO 7411:1984 с техническими отклонениями.",ГОСТ Р,ГОСТ Р 52644-2006_Болты высокопрочные с шестигранной головкой с увеличенным размером под ключ для металлических конструкций.pdf,Гост Р 52644—2006 Болты высокопрочные с шестигранной головкой с увеличенным размером под ключ для металлических конструкций,"['конструкция болтов', 'технические требования', 'обеспечение затяжки']","['болты высокопрочные', 'шестигранная головка', 'металлические конструкции', 'технические условия', 'ISO 7411:1984']",Русский,403,52644—2006,5,82.5,9.4,Введен впервые,ГОСТ Р 52644-2006_Болты высокопрочные с шестигранной головкой с увеличенным размером под ключ для металлических конструкций.pdf,Действующий,29
Здания и сооружения,Безопасность функциональная,2010-01-01,2025-08-26T03:08:30.845759+00:00,"Настоящий стандарт устанавливает общие положения по функциональной безопасности систем, связанных с безопасностью зданий и сооружений. Документ регулирует требования и методы обеспечения безопасности строительных объектов и их инженерных систем для снижения рисков и поддержания приемлемого уровня безопасности в период эксплуатации.",ГОСТ Р,ГОСТ Р 53195.1-2008 Безопасность функциональная связанных с безопасностью зданий и сооружений систем. Основные положения.pdf,ГОСТ Р 53195.1-2008 Безопасность функциональная связанных с безопасностью зданий и сооружений систем. Часть 1. Основные положения,"['технические системы строительных объектов', 'меры снижения риска', 'технические средства безопасности']","['функциональная безопасность', 'здания', 'сооружения', 'системы безопасности', 'инженерные системы', 'риски', 'эксплуатация']",русский,315,53195.1-2008,5,90.5,10.0,Введен впервые,ГОСТ Р 53195.1-2008 Безопасность функциональная связанных с безопасностью зданий и сооружений систем. Основные положения.pdf,Действующий,33
связанных с безопасностью зданий и сооружений систем,Безопасность функциональная,2010-01-01,2025-08-26T03:08:34.445389+00:00,"Стандарт регулирует функциональную безопасность систем, связанных с безопасностью зданий и сооружений, устанавливает общие требования к таким системам. Стандарт учитывает международные нормы безопасности и предназначен для применения в строительном производстве для обеспечения приемлемого уровня риска в эксплуатации объектов.",ГОСТ Р,ГОСТ Р 53195.2-2008 Безопасность функциональная связанных с безопасностью зданий и сооружений систем. Общие требования.pdf,ГОСТ Р 53195.2-2008 Безопасность функциональная связанных с безопасностью зданий и сооружений систем. Часть 2. Общие требования,"['функциональная безопасность', 'требования к системам безопасности зданий', 'международные стандарты IEC 61508', 'снижение риска', 'строительство']","['функциональная безопасность', 'системы безопасности', 'здания и сооружения', 'технические средства снижения риска', 'эксплуатация объектов']",русский,292,53195.2-2008,5,95.3,3.4,Введен впервые,ГОСТ Р 53195.2-2008 Безопасность функциональная связанных с безопасностью зданий и сооружений систем. Общие требования.pdf,Действующий,38
"Функциональная безопасность систем, связанных с безопасностью зданий и сооружений",Безопасность,2016-01-01,2025-08-26T03:08:37.894728+00:00,"Стандарт устанавливает требования к функциональной безопасности систем, связанных с безопасностью зданий и сооружений. Включает нормы требований к системам, документации, и управлению функциональной безопасностью, основываясь на международных стандартах IEC 61508-2:2010, IEC 61508-4:2010 и ISO/IEC Guide 51:2014.",ГОСТ Р,ГОСТ Р 53195.3-2015_Безопасность функциональная связанных с безопасностью зданий и сооружений систем Требования к системам.pdf,ГОСТ Р 53195.3-2015 Безопасность функциональная связанных с безопасностью зданий и сооружений систем. Часть 3. Требования к системам,"['требования к системам', 'функциональная безопасность', 'документация', 'управление безопасностью']","['функциональная безопасность', 'системы безопасности', 'здания', 'сооружения', 'требования к системам']",русский,202,53195.3-2015,5,96.5,46.7,Введен впервые,ГОСТ Р 53195.3-2015_Безопасность функциональная связанных с безопасностью зданий и сооружений систем Требования к системам.pdf,Действующий,69
Связанные с безопасностью зданий и сооружений системы,Безопасность функциональная,2018-10,2025-08-26T03:08:41.209898+00:00,"Стандарт устанавливает требования к программному обеспечению систем, связанных с безопасностью зданий и сооружений. В стандарте учтены международные стандарты IEC 61508-3:2010, IEC 61508-4:2010 и ISO/IEC Guide 51:1999. Документ введен впервые и переиздан в октябре 2018 года.",ГОСТ Р,ГОСТ Р 53195.4-2010_Безопасность функциональная связанных с безопасностью зданий и сооружений систем Требования к программному обеспечению.pdf,ГОСТ Р 53195.4-2010 Безопасность функциональная связанных с безопасностью зданий и сооружений систем Часть 4 Требования к программному обеспечению,"['требования к программному обеспечению', 'функциональная безопасность', 'нормативные ссылки', 'термины и определения']","['функциональная безопасность', 'программное обеспечение', 'системы безопасности', 'здания', 'сооружения', 'ГОСТ Р 53195.4-2010']",Русский,119,53195.4-2010,5,97.3,0.0,Переиздание 2018,ГОСТ Р 53195.4-2010_Безопасность функциональная связанных с безопасностью зданий и сооружений систем Требования к программному обеспечению.pdf,Действующий,41
,Пожарная безопасность,2011-01-01,2025-08-26T03:08:44.450544+00:00,"Стандарт устанавливает меры по снижению риска и методы оценки функциональной безопасности систем, связанных с безопасностью зданий и сооружений. Включает нормативные положения международных стандартов МЭК 61508-4:2010, МЭК 61508-7:2010 и руководство ИСО/МЭК 51:1999.",ГОСТ Р,"ГОСТ Р 53195.5-2010_Безопасность функциональная связанных с безопасностью зданий и сооружений систем Меры по снижению риска, методы оценки.pdf","ГОСТ Р 53195.5-2010 Безопасность функциональная связанных с безопасностью зданий и сооружений систем. Часть 5. Меры по снижению риска, методы оценки","['функциональная безопасность', 'методы оценки риска', 'механизмы снижения риска']","['функциональная безопасность', 'системы безопасности', 'здания и сооружения', 'методы оценки', 'снижение риска']",русский,692,53195.5-2010,5,89.9,7.1,Введен впервые,"ГОСТ Р 53195.5-2010_Безопасность функциональная связанных с безопасностью зданий и сооружений систем Меры по снижению риска, методы оценки.pdf",Действующий,86
"Структурированные кабельные системы (СКС), обслуживающие типы коммерческих зданий и поддерживающие работу разнообразных приложений",Информационные технологии,2010-01-01,2025-08-26T03:08:48.904772+00:00,"Стандарт устанавливает общие требования проектирования основных элементов структурированной кабельной системы на основе витой пары проводников и волоконно-оптических компонентов. Распространяется на СКС, способные обслуживать различные типы коммерческих зданий, поддерживая работу приложений для передачи речи, данных, текстов, изображений и видео.",ГОСТ Р,ГОСТ Р 53246-2008 ИТ. Системы кабельные структурированные. Проектирование основных узлов системы. Общие требования.pdf,ГОСТ Р 53246-2008 Информационные технологии. Системы кабельные структурированные. Проектирование основных узлов системы. Общие требования,"['структурированная кабельная система', 'проектирование основных узлов', 'технические требования']","['структурированные кабельные системы', 'проектирование', 'вита пара', 'волоконно-оптические компоненты']",русский,594,53246-2008,5,89.8,1.8,Введен впервые,ГОСТ Р 53246-2008 ИТ. Системы кабельные структурированные. Проектирование основных узлов системы. Общие требования.pdf,Действующий,88
"Металлические пожарные маршевые и вертикальные лестницы, площадки и ограждения к ним, устанавливаемые стационарно снаружи жилых, промышленных, общественных зданий и сооружений",Пожарная безопасность,2019-10,2025-08-26T03:08:52.590692+00:00,"Стандарт устанавливает типы, основные параметры и размеры, общие технические требования, методы испытаний, правила и порядок оценки качества наружных пожарных лестниц и ограждений кровли, применяемых для эвакуации и обеспечения безопасности при пожаротушении.",ГОСТ Р,ГОСТ Р 53254-2009 Техника пожарная. Лестницы пожарные наружные стационарные. Ограждения кровли.pdf,ГОСТ Р 53254-2009 Техника Пожарная. Лестницы Пожарные Наружные Стационарные. Ограждения Кровли. Общие Технические Требования. Методы Испытаний (Переиздание),"['типология лестниц', 'параметры и размеры', 'технические требования', 'методы испытаний', 'оценка качества']","['пожарные лестницы', 'наружные лестницы', 'ограждения кровли', 'технические требования', 'методы испытаний']",русский,89,53254-2009,5,98.6,2.4,Переиздание,ГОСТ Р 53254-2009 Техника пожарная. Лестницы пожарные наружные стационарные. Ограждения кровли.pdf,Действующий,15
"Газовые огнетушащие вещества, применяемые в автоматических установках пожаротушения",Пожарная безопасность,2009-05-01,2025-08-26T03:08:55.618639+00:00,"Стандарт устанавливает методы испытаний газовых огнетушащих веществ, предназначенных для применения в автоматических установках пожаротушения для ликвидации горения. Включает методы определения минимальной огнетушащей концентрации.",ГОСТ Р,ГОСТ Р 53280.3-2009_Установки пожаротушения автоматические. Огнетушащие вещества. Часть 3. Газовые огнетушащие вещества.pdf,ГОСТ Р 53280.3—2009 Установки Пожаротушения Автоматические. Огнетушащие Вещества. Часть 3. Газовые Огнетушащие Вещества. Методы Испытаний,"['газовые огнетушащие вещества', 'методы испытаний', 'минимальная огнетушащая концентрация']","['автоматические установки пожаротушения', 'огнетушащие вещества', 'газовые огнетушащие вещества', 'методы испытаний', 'минимальная огнетушащая концентрация']",русский,329,53280.3—2009,5,90.2,0.0,Введен впервые,ГОСТ Р 53280.3-2009_Установки пожаротушения автоматические. Огнетушащие вещества. Часть 3. Газовые огнетушащие вещества.pdf,Действующий,12
"Огнетушащие порошки общего назначения, предназначенные для тушения пожаров классов А, В, С, Е",Пожарная безопасность,2009-05-01,2025-08-26T03:08:59.001838+00:00,"Стандарт устанавливает общие технические требования и методы испытаний для автоматических установок пожаротушения с огнетушащими порошками общего назначения, предназначенными для тушения пожаров классов А, В, С, Е.",ГОСТ Р,ГОСТ Р 53280.4-2009_Установки пожаротушения автоматические. Огнетушащие вещества. Часть 4. Порошки огнетушащие общего назначения.pdf,ГОСТ Р 53280.4—2009 Установки пожаротушения автоматические. Огнетушащие вещества. Часть 4. Порошки огнетушащие общего назначения. Общие технические требования и методы испытаний,"['огнетушащие порошки', 'тушение пожаров', 'технические требования', 'испытания']","['установки пожаротушения', 'автоматические', 'огнетушащие вещества', 'порошки', 'технические требования', 'методы испытаний', 'пожарная безопасность']",Русский,246,53280.4—2009,5,94.8,2.3,Введен впервые,ГОСТ Р 53280.4-2009_Установки пожаротушения автоматические. Огнетушащие вещества. Часть 4. Порошки огнетушащие общего назначения.pdf,Действующий,16
"огнетушащие порошки специального назначения для автоматических и других средств тушения металлов, их соединений, горючих и легковоспламеняющихся жидкостей",Пожарная безопасность,2009-05-01,2025-08-26T03:09:03.524831+00:00,"Стандарт устанавливает классификацию, общие технические требования и методы испытаний порошков огнетушащих специального назначения, предназначенных для применения в автоматических установках пожаротушения и других средствах для тушения металлов, их соединений, горючих и легковоспламеняющихся жидкостей.",ГОСТ Р,ГОСТ Р 53280.5-2009_Установки пожаротушения автоматические. Огнетушащие вещества. Часть 5. Порошки огнетушащие специального назначения.pdf,"ГОСТ Р 53280.5—2009 Установки пожаротушения автоматические. Огнетушащие вещества. Часть 5. Порошки огнетушащие специального назначения. Классификация, общие технические требования и методы испытаний","['установки пожаротушения', 'огнетушащие вещества', 'классификация', 'технические требования', 'методы испытаний']","['порошки огнетушащие специального назначения', 'автоматические установки пожаротушения', 'огнетушащие вещества', 'классификация', 'технические требования', 'методы испытаний']",русский,329,53280.5—2009,5,93.0,11.4,Введен впервые,ГОСТ Р 53280.5-2009_Установки пожаротушения автоматические. Огнетушащие вещества. Часть 5. Порошки огнетушащие специального назначения.pdf,Действующий,14
"Модули и батареи газового пожаротушения, применяемые в автоматических установках для хранения и выпуска огнетушащего вещества",Пожарная безопасность,2010-01-01,2025-08-26T03:09:07.721126+00:00,"Стандарт устанавливает общие технические требования и методы испытаний для модулей и батарей автоматических установок газового пожаротушения, используемых для хранения и выпуска огнетушащего вещества. Не распространяется на модули и батареи для противопожарной защиты транспортных средств.",ГОСТ Р,ГОСТ Р 53281-2009_Установки газового пожаротушения автоматические Модули и батареи.pdf,ГОСТ Р 53281-2009 Установки газового пожаротушения автоматические. Модули и батареи. Общие технические требования. Методы испытаний,"['область применения', 'нормативные ссылки', 'термины и определения', 'общие технические требования', 'требования безопасности', 'правила проведения испытаний', 'методы испытаний']","['автоматические установки газового пожаротушения', 'модули и батареи', 'технические требования', 'методы испытаний', 'огнетушащее вещество']",русский,181,53281-2009,5,94.9,0.0,Введен впервые,ГОСТ Р 53281-2009_Установки газового пожаротушения автоматические Модули и батареи.pdf,Действующий,16
"Изотермические пожарные резервуары, применяемые в автоматических установках газового пожаротушения для хранения и подачи двуокиси углерода, азота или аргона в сжиженном состоянии",Пожарная безопасность,2019-07,2025-08-26T03:09:12.294170+00:00,"Стандарт устанавливает общие технические требования и методы испытаний для изотермических пожарных резервуаров, используемых в автоматических установках газового пожаротушения для хранения и подачи сжиженных газов: двуокиси углерода, азота и аргона. Введен впервые в 2010 году и переиздан в июле 2019 года.",ГОСТ Р,ГОСТ Р 53282-2009_Установки газового пожаротушения автоматические Резервуары изотермические пожарные.pdf,ГОСТ Р 53282-2009 Установки газового пожаротушения автоматические. Резервуары изотермические пожарные. Общие технические требования. Методы испытаний,"['технические требования к резервуарам', 'методы испытаний', 'безопасность', 'испытания']","['установки газового пожаротушения', 'резервуары изотермические пожарные', 'технические требования', 'методы испытаний', 'двуокись углерода', 'азот', 'аргон']",Русский,206,53282-2009,5,96.7,0.0,Переиздание 2019,ГОСТ Р 53282-2009_Установки газового пожаротушения автоматические Резервуары изотермические пожарные.pdf,Действующий,15
Распределительные устройства для пропуска газового огнетушащего вещества из автоматической установки газового пожаротушения по направлениям подачи в один из нескольких защищаемых объектов,Пожарная безопасность,2009-02-18,2025-08-26T03:09:15.814846+00:00,"Стандарт устанавливает основные параметры распределительных устройств автоматических установок газового пожаротушения, общие технические требования к устройствам и методы их испытаний. Стандарт не распространяется на устройства для противопожарной защиты транспортных средств и используется при разработке новых и модернизации существующих устройств.",ГОСТ Р,ГОСТ Р 53283-2009_Установки газового пожаротушения автоматические Устройства распределительные.pdf,Гост Р 53283-2009 Установки Газового Пожаротушения Автоматические Устройства Распределительные Общие Технические Требования. Методы Испытаний,"['пожаротушение', 'технические требования', 'испытания']","['автоматические установки газового пожаротушения', 'распределительные устройства', 'технические требования', 'методы испытаний', 'газовое огнетушащее вещество']",русский,172,53283-2009,5,92.9,3.6,Введен впервые,ГОСТ Р 53283-2009_Установки газового пожаротушения автоматические Устройства распределительные.pdf,Действующий,16
Автоматические установки порошкового пожаротушения. Модули,Пожарная безопасность,2009-02-18,2025-08-26T03:09:19.643952+00:00,"Стандарт устанавливает общие технические требования и методы испытаний для автоматических установок порошкового пожаротушения, их модулей. Документ направлен на обеспечение безопасности и эффективности при использовании таких установок.",ГОСТ Р,ГОСТ Р 53286-2009_Техника пожарная Установки порошкового пожаротушения автоматические.модули .pdf,ГОСТ Р 53286—2009 Техника пожарная Установки порошкового пожаротушения автоматические. Модули. Общие технические требования. Методы испытаний,"['нормативные ссылки', 'термины и определения', 'классификация', 'технические требования', 'требования безопасности', 'приемка', 'методы испытаний', 'маркировка', 'упаковка', 'транспортирование и хранение']","['пожарная безопасность', 'установки порошкового пожаротушения', 'автоматические установки', 'модули', 'технические требования', 'методы испытаний']",русский,134,53286—2009,5,97.0,0.0,Введен впервые,ГОСТ Р 53286-2009_Техника пожарная Установки порошкового пожаротушения автоматические.модули .pdf,Действующий,24
"Установки водяного и пенного пожаротушения автоматические, модульные установки пожаротушения тонкораспыленной водой автоматические",Пожарная безопасность,2019-11,2025-08-26T03:09:24.257827+00:00,"Стандарт устанавливает общие технические требования и методы испытаний для автоматических установок водяного и пенного пожаротушения, в том числе модульных установок пожаротушения тонкораспыленной водой.",ГОСТ Р,ГОСТ Р 53288-2009_Установки водяного и пенного пожаротушения автоматические Модульные тонкораспыленной водой автоматические.pdf,Гост Р 53288-2009 Установки водяного и пенного пожаротушения автоматические. Модульные установки пожаротушения тонкораспыленной водой автоматические. Общие технические требования. Методы испытаний,"['технические требования', 'методы испытаний', 'безопасность']","['установки водяного пожаротушения', 'пенные пожаротушение', 'автоматические установки', 'модульные установки пожаротушения', 'тонкораспыленная вода', 'технические требования', 'методы испытаний']",Русский,143,53288-2009,5,94.0,3.0,Переиздание,ГОСТ Р 53288-2009_Установки водяного и пенного пожаротушения автоматические Модульные тонкораспыленной водой автоматические.pdf,Действующий,19
"Методы огневых испытаний водяных спринклерных оросителей для подвесных потолков (скрытых, потайных и углубленных)",Пожарная безопасность,2010-01-01,2025-08-26T03:09:27.706240+00:00,"Стандарт устанавливает методы огневых испытаний автоматических водяных спринклерных оросителей для подвесных потолков, включая скрытые, потайные и углубленные типы. Определяет области применения, условия и проведение испытаний, обработку результатов, а также требования безопасности.",ГОСТ Р,ГОСТ Р 53289-2009_Установки водяного пожаротушения автоматические Оросители спринклерные для подвесных потолков Огневые испытания.pdf,ГОСТ Р 53289-2009 Установки водяного пожаротушения автоматические Оросители спринклерные для подвесных потолков Огневые испытания,"['методы испытаний', 'пожарная безопасность', 'спринклерные системы', 'огнестойкость']","['водяное пожаротушение', 'спринклерные оросители', 'подвесные потолки', 'огневые испытания', 'автоматические установки']",русский,144,53289-2009,5,91.7,0.0,Введен впервые,ГОСТ Р 53289-2009_Установки водяного пожаротушения автоматические Оросители спринклерные для подвесных потолков Огневые испытания.pdf,Действующий,11
Огнезащитные составы и вещества для древесины и материалов на ее основе,Пожарная безопасность,2019-10-01,2025-08-26T03:09:31.516523+00:00,"Стандарт устанавливает общие требования к огнезащитным составам и веществам для древесины и материалов на ее основе, а также методы их испытаний. Предназначен для определения огнезащитных свойств, разработки технической документации, сертификации и контроля качества огнезащитных составов.",ГОСТ Р,ГОСТ Р 53292-2009 Огнезащитные составы и вещества для древесины и материалов на ее основе. Общие требования. Методы испытаний.pdf,ГОСТ Р 53292-2009 Огнезащитные составы и вещества для древесины и материалов на ее основе. Общие требования. Методы испытаний,"['огнезащитная эффективность', 'антипирены', 'обработка древесины', 'испытательные методы']","['огнезащитные составы', 'огнезащитные вещества', 'древесина', 'испытания', 'сертификация']",Русский,338,53292-2009,5,96.6,5.3,Переиздание,ГОСТ Р 53292-2009 Огнезащитные составы и вещества для древесины и материалов на ее основе. Общие требования. Методы испытаний.pdf,Действующий,18
"Пожарная безопасность веществ, материалов и средств огнезащиты, применение термического анализа для идентификации и испытаний на пожарную опасность",Пожарная безопасность,2019-10,2025-08-26T03:09:34.944829+00:00,"Стандарт устанавливает порядок и методы проведения термического анализа веществ, материалов и средств огнезащиты для определения их пожарной опасности, оценки огнезащитных свойств и проведения инспекционного контроля продукции. Применяется в строительстве, энергетике, текстильной промышленности и других областях, включает нормативные ссылки на другие стандарты.",ГОСТ Р,ГОСТ Р 53293-2009 Пожарная опасность веществ и материалов. Идентификация методом термического анализа.pdf,"ГОСТ Р 53293-2009 Пожарная опасность веществ и материалов. Материалы, вещества и средства огнезащиты. Идентификация методами термического анализа","['термический анализ', 'пожарная опасность', 'огнезащитные средства', 'стандартизация', 'испытания']","['пожарная опасность', 'вещества', 'материалы', 'огнезащита', 'термический анализ', 'идентификация']",Русский,282,53293-2009,5,95.4,5.1,Переиздание,ГОСТ Р 53293-2009 Пожарная опасность веществ и материалов. Идентификация методом термического анализа.pdf,Действующий,22
Средства огнезащиты для стальных конструкций,Пожарная безопасность,2014-11-01,2025-08-26T03:09:37.817035+00:00,Настоящий стандарт устанавливает общие требования к средствам огнезащиты для стальных конструкций и метод определения их огнезащитной эффективности. Документ применяется в области пожарной безопасности и используется при разработке нормативно-технической документации и сертификации средств огнезащиты.,ГОСТ Р,ГОСТ Р 53295-2009 Средства огнезащиты для стальных конструкций. Общие требования. Метод определения огнезащитной эффективности.pdf,ГОСТ Р 53295-2009 Средства огнезащиты для стальных конструкций. Общие требования. Метод определения огнезащитной эффективности (с Изменением N 1),"['требования к средствам огнезащиты', 'метод определения огнезащитной эффективности', 'пожарная безопасность']","['средства огнезащиты', 'стальные конструкции', 'огнезащитная эффективность', 'пожарная безопасность', 'нормативные стандарты']",Русский,173,53295-2009,5,97.7,8.3,Изменение 1,ГОСТ Р 53295-2009 Средства огнезащиты для стальных конструкций. Общие требования. Метод определения огнезащитной эффективности.pdf,Действующий,18
"Установка лифтов, предназначенных для перевозки пожарных подразделений, в зданиях и сооружениях",Пожарная безопасность,2019-09,2025-08-26T03:09:41.119888+00:00,"Стандарт устанавливает требования пожарной безопасности к пассажирским лифтам, имеющим режим работы для перевозки пожарных подразделений. Описывает обязательные требования к оборудованию лифтов в зданиях и сооружениях на территории Российской Федерации.",ГОСТ Р,ГОСТ Р 53296-2009 Установка лифтов для пожарных в зданиях и сооружениях. Требования пожарной безопасности.pdf,ГОСТ Р 53296-2009 Установка лифтов для пожарных в зданиях и сооружениях. Требования пожарной безопасности,"['требования пожарной безопасности', 'установка лифтов', 'пассажирские лифты', 'пожарные лифты', 'оборудование зданий и сооружений']","['лифт', 'пожарная безопасность', 'пожарные лифты', 'оборудование зданий', 'пожарные подразделения', 'требования']",Русский,229,53296-2009,5,89.2,0.0,Переиздание,ГОСТ Р 53296-2009 Установка лифтов для пожарных в зданиях и сооружениях. Требования пожарной безопасности.pdf,Действующий,11
Методы приемо-сдаточных и периодических испытаний систем противодымной вентиляции зданий и сооружений различного назначения,Пожарная безопасность,2024-10-07,2025-08-26T03:09:45.616753+00:00,"Стандарт устанавливает методы приемо-сдаточных и периодических испытаний систем противодымной вентиляции зданий и сооружений различного назначения для определения технического состояния и возможности ввода в эксплуатацию или продолжения эксплуатации таких систем. Документ включает изменения и поправки, действующие на 07.10.2024.",ГОСТ Р,ГОСТ Р 53300-2009 Противодымная защита зданий и сооружений.pdf,"ГОСТ Р 53300-2009 Противодымная защита зданий и сооружений. Методы приемосдаточных и периодических испытаний (с Изменением N 1, с Поправкой)","['Методы испытаний', 'Системы противодымной вентиляции', 'Техническое состояние', 'Ввод в эксплуатацию', 'Эксплуатация']","['противодымная защита', 'противодымная вентиляция', 'приемо-сдаточные испытания', 'периодические испытания', 'системы вентиляции']",русский,154,53300-2009,5,97.7,3.4,"Изменение N 1, Поправка",ГОСТ Р 53300-2009 Противодымная защита зданий и сооружений.pdf,Действующий,12
"Испытание на огнестойкость вентиляторов, предназначенных для применения в системах вытяжной противодымной вентиляции, общеобменной, местной вытяжной вентиляции и кондиционирования",Пожарная безопасность,2014-09-01,2025-08-26T03:09:49.851954+00:00,"Стандарт устанавливает метод испытания на огнестойкость вентиляторов, используемых в системах противодымной защиты зданий и сооружений, а также в системах общеобменной и местной вытяжной вентиляции и кондиционирования при пожарах в зданиях различного назначения.",ГОСТ Р,ГОСТ Р 53302-2009 Оборудование противодымной защиты зданий и сооружений. Вентиляторы. Методы испытаний на огнестойкость.pdf,ГОСТ Р 53302-2009 Оборудование противодымной защиты зданий и сооружений. Вентиляторы. Метод испытаний на огнестойкость,"['методы испытаний', 'вентиляторы', 'огнестойкость', 'противодымная вентиляция']","['оборудование противодымной защиты', 'вентиляторы', 'метод испытаний', 'огнестойкость', 'противодымная вентиляция']",Русский,222,53302-2009,5,97.3,0.0,Изменение N 1,ГОСТ Р 53302-2009 Оборудование противодымной защиты зданий и сооружений. Вентиляторы. Методы испытаний на огнестойкость.pdf,Действующий,10
"Проходки кабельные, вводы герметичные и проходы шинопроводов",Пожарная безопасность,2010-01-01,2025-08-26T03:09:53.444174+00:00,"Стандарт устанавливает требования пожарной безопасности и методы испытаний на огнестойкость для кабельных проходок, герметичных вводов и проходов шинопроводов. Применяется с 1 мая 2009 года и является национальным стандартом Российской Федерации, разработанным ВНИИПО МЧС России.",ГОСТ Р,"ГОСТ Р 53310-2009 Проходки кабельные, вводы герметичные и проходы шинопроводов. Требования пожарной безопасности. Методы испытаний.pdf","ГОСТ Р 53310-2009 Проходки кабельные, вводы герметичные и проходы шинопроводов. Требования пожарной безопасности. Методы испытаний на огнестойкость","['требования пожарной безопасности', 'испытания на огнестойкость', 'кабельные проходки', 'герметичные вводы', 'проходы шинопроводов']","['пожарная безопасность', 'кабельные проходки', 'вводы герметичные', 'проходы шинопроводов', 'методы испытаний', 'огнестойкость']",русский,192,53310-2009,5,96.6,5.0,Введен впервые,"ГОСТ Р 53310-2009 Проходки кабельные, вводы герметичные и проходы шинопроводов. Требования пожарной безопасности. Методы испытаний.pdf",Действующий,9
"Технические средства пожарной автоматики, предназначенные для работы в составе систем пожарной автоматики",Пожарная безопасность,2020-06-01,2025-08-26T03:09:59.781710+00:00,"Стандарт устанавливает общие технические требования и методы испытаний для технических средств пожарной автоматики. Он учитывает международные и европейские стандарты, определяет условия применения таких средств и требования к технической документации.",ГОСТ Р,ГОСТ Р 53325-2012 Техника пожарная. Технические средства пожарной автоматики. Общие технические требования и методы испытаний.pdf,ГОСТ Р 53325-2012 Техника пожарная. Технические средства пожарной автоматики. Общие технические требования и методы испытаний,"['техническая характеристика средств пожарной автоматики', 'условия применения', 'техническая документация', 'электромагнитная совместимость', 'стойкость к внешним воздействиям']","['пожарная автоматика', 'технические средства', 'технические требования', 'методы испытаний', 'пожарная безопасность']",Русский,142,53325-2012,5,95.7,6.1,"Изменения N 1, 2, 3",ГОСТ Р 53325-2012 Техника пожарная. Технические средства пожарной автоматики. Общие технические требования и методы испытаний.pdf,Действующий,175
"Паропроницаемые саморасширяющиеся самоклеящиеся уплотнительные ленты для устройства наружного водоизоляционного паропроницаемого слоя монтажных швов узлов примыкания светопрозрачных конструкций к стенам зданий, швов наружной изоляции стыков стеновых панелей, уплотнения соединений стеновых деревянных брусьев и стыков других строительных элементов и конструкций",Строительные материалы,2009-10-01,2025-08-26T03:10:07.101284+00:00,"Стандарт распространяется на паропроницаемые саморасширяющиеся самоклеящиеся уплотнительные ленты из вспененного эластичного материала (пористый полиуретановый эластомер), пропитанные специальными составами, предназначенные для обеспечения водо-, тепло- и звукоизоляции при эксплуатации от -50 °C до +80 °C. Уплотнительные ленты применяются в строительстве для создания водоизоляционного паропроницаемого слоя монтажных швов и уплотнений различных строительных узлов.",ГОСТ Р,ГОСТ Р 53338-2009 Ленты паропроницаемыесаморасширяющиеся самоклеящиеся строительного назначения. Техническиеусловия.pdf,ГОСТ Р 53338-2009 Ленты паропроницаемые саморасширяющиеся самоклеящиеся строительного назначения. Технические условия,"['материалы уплотнительные', 'монтажные швы', 'водоизоляция', 'теплоизоляция', 'звукоизоляция']","['паропроницаемые ленты', 'саморасширяющиеся уплотнительные ленты', 'самоклеящиеся ленты', 'строительные материалы', 'водоизоляция', 'теплоизоляция', 'звукоизоляция']",русский,270,53338-2009,5,90.6,0.0,Введен впервые,ГОСТ Р 53338-2009 Ленты паропроницаемыесаморасширяющиеся самоклеящиеся строительного назначения. Техническиеусловия.pdf,Действующий,28
"Бассейны, подготовка воды",Системы водоснабжения,2023-09-01,2025-08-26T03:10:11.731747+00:00,"Стандарт устанавливает общие требования к подготовке воды в бассейнах с целью обеспечения санитарно-эпидемиологической безопасности, комфорта и современного уровня технологий водоподготовки. Нормативный документ разработан для совершенствования нормативной базы бассейнов в Российской Федерации и учитывает международные стандарты.",ГОСТ Р,ГОСТ Р 53491.1-2009 Бассейны. Подготовка воды. Часть 1. Общие требования.pdf,ГОСТ Р 53491.1-2009 Бассейны. Подготовка воды. Часть 1. Общие требования,"['водоподготовка бассейнов', 'технологии очистки воды', 'проектирование систем водоподготовки', 'эксплуатация бассейнов']","['бассейны', 'подготовка воды', 'требования', 'водоподготовка', 'санитарно-эпидемиологическая безопасность']",русский,214,53491.1-2009,5,96.1,78.0,Заменен в части с 01.09.2023 на ГОСТ Р 70688-2023,ГОСТ Р 53491.1-2009 Бассейны. Подготовка воды. Часть 1. Общие требования.pdf,Действующий,71
"Общественные бассейны с пресной водой всех видов и размеров, как открытые, так и крытые, включая бассейны в аквапарках, спортивных, спортивно-оздоровительных и физкультурно-оздоровительных комплексах.",Бассейны,2019-07,2025-08-26T03:10:17.502045+00:00,"Настоящий стандарт устанавливает требования безопасности для организации и осуществления процессов подготовки воды в бассейнах с циркуляционной или проточной системой водообмена. Стандарт охватывает методы очистки и обеззараживания воды, режимы их проведения, а также требования к системам, установкам, оборудованию, материалам и реагентам для обеспечения надлежащего качества воды при проектировании, строительстве, реконструкции и эксплуатации бассейнов.",ГОСТ Р,ГОСТ Р 53491.2-2012 Бассейны. Подготовка воды. Часть 2. Требования безопасности.pdf,ГОСТ Р 53491.2-2012 Бассейны. Подготовка воды. Часть 2. Требования безопасности,"['безопасность бассейнов', 'водоподготовка', 'строительство бассейнов', 'эксплуатация бассейнов']","['бассейны', 'подготовка воды', 'требования безопасности', 'водоподготовка', 'очистка воды', 'обеззараживание воды']",Русский,174,53491.2-2012,5,95.9,2.5,Переиздание 2019,ГОСТ Р 53491.2-2012 Бассейны. Подготовка воды. Часть 2. Требования безопасности.pdf,Действующий,48
Комплексные и интегрированные системы безопасности объектов,Системы безопасности,2010-09-01,2025-08-26T03:10:22.453752+00:00,"Стандарт устанавливает общие технические требования к комплексным и интегрированным системам безопасности объектов с учетом их назначения и значимости при защите от техногенных, антропогенных и природно-климатических угроз. Документ регламентирует условия интеграции технических средств в сложные системы безопасности и их совместное использование с дежурно-диспетчерскими службами и системами мониторинга.",ГОСТ Р,ГОСТ Р 53704-2009 Системы безопасности комплексные и интегрированные. Общие технические требования.pdf,ГОСТ Р 53704-2009 Системы безопасности комплексные и интегрированные. Общие технические требования,"['технические требования к системам безопасности', 'интеграция систем безопасности', 'защита объектов от угроз', 'мониторинг состояния территорий']","['системы безопасности', 'комплексные системы', 'интегрированные системы', 'технические требования', 'интеграция', 'защита объектов']",Русский,350,53704-2009,5,91.6,5.0,"Поправка, опубликованная в ИУС N 2, 2013",ГОСТ Р 53704-2009 Системы безопасности комплексные и интегрированные. Общие технические требования.pdf,Действующий,38
"Измерение температуры точки росы по воде в газах горючих природных, поступающих с промысловых установок подготовки, подземных хранилищ газа и газоперерабатывающих заводов в магистральные газопроводы, транспортируемых по ним и поставляемых потребителям, а также применяемых в качестве топлива для двигателей внутреннего сгорания",Газы горючие природные,2011-01-01,2025-08-26T03:10:27.789736+00:00,Настоящий стандарт устанавливает требования к выполнению измерений температуры точки росы по воде в газах горючих природных. Он охватывает визуальные и автоматические методы конденсации и сорбции для определения температуры точки росы в природных горючих газах.,ГОСТ Р,ГОСТ Р 53763-2009 Газы горючие природные. Определение температуры точки росы по воде.pdf,Газы горючие природные. Определение температуры точки росы по воде,"['измерение температуры точки росы по воде', 'газы горючие природные', 'взрывозащищенное электрооборудование', 'технические условия на газы']","['температура точки росы', 'газы горючие природные', 'измерения', 'методы конденсации', 'методы сорбции']",Русский,273,53763-2009,5,62.4,4.8,Введен впервые,ГОСТ Р 53763-2009 Газы горючие природные. Определение температуры точки росы по воде.pdf,Действующий,94
"Техническое обслуживание и текущий ремонт средств автоматизации и систем управления, обеспечивающих безопасность зданий и сооружений, включая автоматическое пожаротушение, пожарную сигнализацию, противодымную вентиляцию, охранные системы и др.",Средства автоматизации и системы управления,2019-06,2025-08-26T03:10:31.444035+00:00,"Стандарт устанавливает требования к организации и проведению технического обслуживания и текущего ремонта средств автоматизации и систем управления, обеспечивающих безопасность зданий и сооружений, с целью обеспечения их устойчивой работы и соблюдения требований технического регламента.",ГОСТ Р,ГОСТ Р 54101-2010 Средства автоматизации и системы управления. Средства и системы обеспечения безопасности.pdf,ГОСТ Р 54101-2010 Средства автоматизации и системы управления. Средства и системы обеспечения безопасности. Техническое обслуживание и текущий ремонт,"['техническое обслуживание', 'текущий ремонт', 'безопасность зданий и сооружений', 'системы автоматизации и управления']","['техническое обслуживание', 'текущий ремонт', 'средства автоматизации', 'системы управления', 'обеспечение безопасности', 'пожарная сигнализация', 'противодымная вентиляция', 'охранная сигнализация']",русский,401,54101-2010,5,85.8,4.5,Переиздание,ГОСТ Р 54101-2010 Средства автоматизации и системы управления. Средства и системы обеспечения безопасности.pdf,Действующий,28
"Преграждающие управляемые устройства, входящие в состав систем контроля и управления доступом, а также автономные устройства для ограничения прохода людей",Системы контроля и управления доступом,2019-06,2025-08-26T03:10:35.208707+00:00,"Стандарт устанавливает общие технические требования и методы испытаний для преграждающих управляемых устройств, предназначенных для ограничения прохода людей. Применим к устройствам с электромеханическими, электромагнитными, гидравлическими и пневматическими исполнительными устройствами.",ГОСТ Р,ГОСТ Р 54831-2011 Системы контроля и управления доступом. Устройства преграждающие управляемые.pdf,ГОСТ Р 54831-2011 Системы контроля и управления доступом. Устройства преграждающие управляемые. Общие технические требования. Методы испытаний,"['технические требования', 'методы испытаний', 'устройства преграждающие управляемые']","['системы контроля и управления доступом', 'устройства преграждающие управляемые', 'технические требования', 'методы испытаний', 'электромеханические устройства', 'электромагнитные устройства', 'гидравлические устройства', 'пневматические устройства']",русский,202,54831-2011,5,94.6,6.7,Переиздание,ГОСТ Р 54831-2011 Системы контроля и управления доступом. Устройства преграждающие управляемые.pdf,Действующий,21
Контроль сварных соединений методом ультразвуковых исследований,Неразрушающий контроль,2019-04-01,2025-08-26T03:10:38.004508+00:00,"Стандарт устанавливает методы ультразвукового неразрушающего контроля сварных соединений. Определены способы контроля, схемы прозвучивания и сканирования, а также требования к средствам контроля.",ГОСТ Р,ГОСТ Р 55724-2013_Контроль неразрушающий. Соединения сварные Методы ультразвуковые.pdf,ГОСТ Р 55724-2013 Контроль неразрушающий. Соединения сварные. Методы ультразвуковые,"['методы ультразвукового контроля', 'контроль сварных соединений', 'требования к средствам контроля']","['неразрушающий контроль', 'сварные соединения', 'ультразвуковые методы', 'ГОСТ Р 55724-2013']",русский,194,55724-2013,5,94.5,5.5,Переиздание 2019,ГОСТ Р 55724-2013_Контроль неразрушающий. Соединения сварные Методы ультразвуковые.pdf,Действующий,31
Отбор проб на станциях водоподготовки и в трубопроводных распределительных системах,Вода питьевая,2016-11-01,2025-08-26T03:10:41.743894+00:00,Стандарт устанавливает методики отбора проб питьевой воды на станциях водоподготовки и в трубопроводных распределительных системах. Документ является модифицированной версией международного стандарта ISO 5667-5:2006 с учетом потребностей национальной экономики Российской Федерации.,ГОСТ Р,ГОСТ Р 56237-2014 Вода питьевая. Отбор проб на станциях водоподготовки и в трубопроводных распределительных системах.pdf,ГОСТ Р 56237-2014 Вода питьевая. Отбор проб на станциях водоподготовки и в трубопроводных распределительных системах,"['методики отбора проб', 'водоподготовка', 'контроль качества питьевой воды']","['вода питьевая', 'отбор проб', 'водоподготовка', 'трубопроводные распределительные системы', 'качество воды']",русский,233,56237-2014,5,85.3,0.0,Переиздание Ноябрь 2016,ГОСТ Р 56237-2014 Вода питьевая. Отбор проб на станциях водоподготовки и в трубопроводных распределительных системах.pdf,Действующий,26
"гидроизоляционные полиэтиленовые рулонные геомембраны, гладкие и текстурированные, изготовленные из полиэтилена высокой плотности и из линейного полиэтилена низкой плотности толщиной от 0,75 до 3 мм, применяемые в промышленном, гражданском, гидротехническом, гидромелиоративном, транспортном и ландшафтном строительстве",Гидроизоляция,2016-01-01,2025-08-26T03:10:45.746117+00:00,"Стандарт устанавливает технические требования и методы испытаний для гидроизоляционных полиэтиленовых рулонных геомембран из полиэтилена высокой и низкой плотности. Применяется в различных отраслях строительства, включая промышленное, гражданское и ландшафтное.",ГОСТ Р,ГОСТ Р 56586-2015 Геомембраны гидроизоляционные полиэтиленовые рулонные. Техническиеусловия.pdf,ГОСТ Р 56586-2015 Геомембраны гидроизоляционные полиэтиленовые рулонные. Технические условия,"['материалы', 'технические требования', 'испытательные методы', 'строительство']","['геомембраны', 'полиэтилен', 'гидроизоляция', 'технические условия', 'испытания']",русский,185,56586-2015,5,93.8,0.0,Введен впервые,ГОСТ Р 56586-2015 Геомембраны гидроизоляционные полиэтиленовые рулонные. Техническиеусловия.pdf,Действующий,23
"Минеральные добавки для тяжелых, мелкозернистых, легких, ячеистых и напрягающих бетонов, а также для строительных растворов и сухих смесей",Бетоны и строительные растворы,2016-04-01,2025-08-26T03:10:49.139030+00:00,"Стандарт устанавливает классификацию минеральных добавок для различных видов бетонов, общие технические требования и правила приемки. Документ распространяется на минеральные добавки для бетонов по нескольким ГОСТам и не распространяется на минеральные добавки для специальных бетонов. Стандарт учитывает основные положения соответствующих европейских стандартов.",ГОСТ Р,ГОСТ Р 56592-2015 Добавки минеральные для бетонов и строительных растворов. Общие технические условия.pdf,ГОСТ Р 56592-2015 Добавки Минеральные Для Бетонов И Строительных Растворов Общие Технические Условия,"['классификация минеральных добавок', 'технические требования', 'правила приемки', 'применение в бетонах']","['минеральные добавки', 'бетоны', 'строительные растворы', 'технические условия', 'классификация']",русский,180,56592-2015,5,93.6,0.0,,ГОСТ Р 56592-2015 Добавки минеральные для бетонов и строительных растворов. Общие технические условия.pdf,Действующий,17
Системы фасадные теплоизоляционные композиционные с наружными штукатурными слоями,Архитектура,2023-12-07,2025-08-26T03:10:54.708067+00:00,"Стандарт устанавливает общие технические условия для фасадных теплоизоляционных композиционных систем с наружными штукатурными слоями. Включает нормативные ссылки, термины и определения, технические требования к системам и системным материалам, а также порядок подтверждения соответствия.",ГОСТ Р,ГОСТ Р 56707-2023_Системы фасадные теплоизоляционные композиционные с наружными штукатурными слоями.pdf,ГОСТ Р 56707—2023 Системы фасадные теплоизоляционные композиционные с наружными штукатурными слоями. Общие технические условия,"['область применения', 'нормативные ссылки', 'термины и определения', 'технические требования', 'подтверждение соответствия']","['фасадные системы', 'теплоизоляция', 'композиционные системы', 'наружные штукатурные слои', 'технические условия']",Русский,287,56707—2023,5,89.7,0.0,Взамен ГОСТ Р 56707—2015,ГОСТ Р 56707-2023_Системы фасадные теплоизоляционные композиционные с наружными штукатурными слоями.pdf,Действующий,16
"Панели многослойные из поликарбоната плоские, светопропускающие, неокрашенные и окрашенные, с защитой от ультрафиолетового облучения и без защиты, изготовляемые способом экструзии. Применяются в гражданском и промышленном строительстве для светопрозрачных конструкций зданий и сооружений.",Строительство,2016-05-01,2025-08-26T03:10:58.894343+00:00,"Национальный стандарт Российской Федерации, устанавливающий технические условия для многослойных поликарбонатных панелей, предназначенных для применения в гражданском и промышленном строительстве. Документ учитывает европейские и немецкие стандарты (DIN EN 16240:2014, EN 16153:2013) и определяет требования к панелям, изготовляемым способом экструзии, с защитой от УФ-облучения и без неё.",ГОСТ Р,ГОСТ Р 56712-2015 Панели многослойные из поликарбоната.pdf,ГОСТ Р 56712-2015 Панели многослойные из поликарбоната Технические условия,"['технические условия', 'требования к поликарбонатным панелям', 'производство поликарбонатных панелей', 'применение в строительстве']","['панели многослойные', 'поликарбонат', 'технические условия', 'светопропускающие панели', 'экструзия', 'защита от ультрафиолетового облучения']",русский,154,56712-2015,5,90.9,0.0,Введен впервые,ГОСТ Р 56712-2015 Панели многослойные из поликарбоната.pdf,Действующий,56
Наилучшие доступные технологии в водопользовании,Водопользование,2019-01-01,2025-08-26T03:11:02.070713+00:00,"Стандарт определяет термины и определения в области наилучших доступных технологий, применяемых в водопользовании. Формирует основу законодательной базы для внедрения лучших экологически безопасных практик в сфере водопользования в соответствии с федеральным законодательством и международными конвенциями.",ГОСТ Р,ГОСТ Р 56828.35-2018 Наилучшие доступные технологии. Водопользование. Термины и определения..pdf,ГОСТ Р 56828.35-2018 Наилучшие доступные технологии Водопользование. Термины и определения,"['законодательство по НДТ', 'водопользование', 'международные экологические конвенции']","['наилучшие доступные технологии', 'водопользование', 'термины', 'определения', 'экологическая безопасность']",русский,837,56828.35-2018,5,57.4,0.0,Введен впервые,ГОСТ Р 56828.35-2018 Наилучшие доступные технологии. Водопользование. Термины и определения..pdf,Действующий,40
Устройства для снижения сейсмического воздействия в сооружениях,Пожарная безопасность,2017-07-01,2025-08-26T03:11:05.277879+00:00,"Настоящий стандарт устанавливает требования к проектированию устройств, предназначенных для снижения сейсмического воздействия на сооружения. Он регулирует функциональные требования, общие правила проектирования, а также требования к материалам, испытаниям, производству, оценке соответствия, монтажу и техническому обслуживанию таких устройств.",ГОСТ Р,ГОСТ Р 57364-2016- EN 151292010 Устройства антисейсмические. Правила проектирования.pdf,ГОСТ Р 57364-2016 Устройства антисейсмические. Правила проектирования,"['проектирование', 'сейсмическая защита', 'материалы', 'испытания', 'производство']","['антисейсмические устройства', 'правила проектирования', 'сейсмическое воздействие', 'оценка соответствия', 'монтаж', 'техническое обслуживание']",русский,354,57364-2016,5,78.6,0.0,Введен впервые,ГОСТ Р 57364-2016- EN 151292010 Устройства антисейсмические. Правила проектирования.pdf,Действующий,259
Методы испытаний на прочность и деформативность несущих деревянных конструкций,Конструкции деревянные,2018-02-01,2025-08-26T03:11:08.252702+00:00,"Настоящий стандарт регламентирует методы кратковременных испытаний на прочность и деформативность деревянных несущих конструкций, применяемые при контроле типовых и новых проектных решений, а также для проверки правильности расчетных предпосылок и качества изготовления.",ГОСТ Р,ГОСТ Р 57790-2017 Конструкции деревянные несущие. Методы испытаний на прочность и деформативность.pdf,ГОСТ Р 57790-2017 Конструкции деревянные несущие Метод испытаний на прочность и деформативность,"['испытания прочности', 'контроль качества', 'статические нагрузки']","['конструкции деревянные', 'прочность', 'деформативность', 'методы испытаний', 'статические нагрузки']",русский,241,57790-2017,5,94.3,0.0,Введен впервые,ГОСТ Р 57790-2017 Конструкции деревянные несущие. Методы испытаний на прочность и деформативность.pdf,Действующий,22
"Технические системы безопасности. Задание на проектирование для вновь создаваемых, реконструируемых и капитально ремонтируемых систем",Производственные услуги,2019-07,2025-08-26T03:11:11.811177+00:00,"Стандарт устанавливает состав, содержание, оформление и порядок разработки, согласования и утверждения задания на проектирование технических систем безопасности. Применяется для вновь создаваемых систем, а также при реконструкции и капитальном ремонте. Не распространяется на военные и атомные объекты, но может использоваться для соответствующей документации.",ГОСТ Р,ГОСТ Р 57839-2017 (действ. с 01.06.2018) Производственные услуги. Системы безопасности технические. Задание на проектирование..pdf,ГОСТ Р 57839-2017 Производственные услуги. Системы безопасности технические. Задание на проектирование. Общие требования,"['технические системы безопасности', 'проектирование', 'согласование', 'утверждение', 'реконструкция', 'капитальный ремонт']","['технические системы безопасности', 'задание на проектирование', 'производственные услуги', 'реконструкция', 'капитальный ремонт', 'системы безопасности']",Русский,137,57839-2017,5,96.0,51.0,Переиздание. Июль 2019 г.,ГОСТ Р 57839-2017 (действ. с 01.06.2018) Производственные услуги. Системы безопасности технические. Задание на проектирование..pdf,Действующий,24
"Задание на проектирование технических систем безопасности для вновь создаваемых систем, реконструкции и капитального ремонта",Производственные услуги,2019-07-01,2025-08-26T03:11:15.082680+00:00,"Стандарт устанавливает состав, содержание, оформление и порядок разработки, согласования и утверждения задания на проектирование технических систем безопасности. Применяется для новых систем, а также для реконструкции и капитального ремонта существующих, исключая системы специальных военных объектов и объектов атомной отрасли.",ГОСТ Р,ГОСТ Р 57839-2017 Производственные услуги. Системы безопасности технические. Задание.pdf,ГОСТ Р 57839-2017 Производственные услуги. Системы безопасности технические. Задание на проектирование. Общие требования,"['система безопасности', 'проектирование', 'разработка технических заданий', 'нормирование']","['производственные услуги', 'системы безопасности', 'технические системы', 'задание на проектирование', 'технические регламенты', 'реконструкция', 'капитальный ремонт']",русский,132,57839-2017,5,92.5,50.5,Переиздание. Июль 2019 г.,ГОСТ Р 57839-2017 Производственные услуги. Системы безопасности технические. Задание.pdf,Действующий,24
Проверка работоспособности систем и установок противопожарной защиты зданий и сооружений,Пожарная безопасность,2020-09-01,2025-08-26T03:11:19.258888+00:00,"Стандарт устанавливает требования к организации проведения проверки работоспособности систем и установок противопожарной защиты зданий и сооружений, включая автоматические установки пожаротушения. Целью стандарта является обеспечение надежности систем противопожарной защиты в зданиях и сооружениях в соответствии с требованиями Федеральных законов и постановлений Правительства РФ.",ГОСТ Р,ГОСТ Р 57974-2017 Производственные услуги. Организация проведения проверки работоспособности систем.pdf,ГОСТ Р 57974-2017 Производственные услуги. Организация проведения проверки работоспособности систем и установок противопожарной защиты зданий и сооружений. Общие требования,"['организация проверок', 'противопожарная защита', 'надежность систем', 'требования безопасности']","['производственные услуги', 'проверка работоспособности', 'системы противопожарной защиты', 'установки противопожарной защиты', 'автоматические установки пожаротушения']",Русский,404,57974-2017,5,92.1,9.1,Изменение N 1,ГОСТ Р 57974-2017 Производственные услуги. Организация проведения проверки работоспособности систем.pdf,Действующий,7
"Резервуары, возводимые на строительной площадке, для хранения охлажденных сжиженных газов с рабочей температурой от 0 °C до -165 °C",Проектирование и производство,2022-01-01,2025-08-26T03:11:26.154546+00:00,Стандарт устанавливает требования к проектированию и производству на месте вертикальных цилиндрических стальных емкостей с плоским дном для хранения охлажденных сжиженных газов при рабочих температурах от 0 °C до -165 °C. Документ является идентичным европейскому стандарту EN 14620-1:2006 и определяет общие положения к этим емкостям.,ГОСТ Р,ГОСТ Р 58027-2017-EN 14620-12006 Проектирование вертикальных цилиндрических стальных емкостей с плоским дном. Общие положения.pdf,ГОСТ Р 58027-2017 Проектирование и производство на месте вертикальных цилиндрических стальных емкостей с плоским дном для хранения охлажденных сжиженных газов с рабочей температурой от 0 °C до -165 °C. Часть 1. Общие положения,"['проектирование', 'производство', 'стальные емкости', 'охлажденные сжиженные газы', 'рабочие температуры']","['вертикальные цилиндрические стальные емкости', 'охлажденные сжиженные газы', 'рабочая температура', 'плоское дно', 'проектирование', 'производство', 'резервуары']",русский,167,58027-2017,5,87.5,1.2,Введен впервые,ГОСТ Р 58027-2017-EN 14620-12006 Проектирование вертикальных цилиндрических стальных емкостей с плоским дном. Общие положения.pdf,Действующий,55
Проектирование и возведение бетонных конструкций резервуаров для хранения сжиженных газов. Распространяется на проектирование и возведение стальных вертикальных цилиндрических резервуаров с плоским днищем для хранения сжиженных газов с рабочей температурой от 0 °C до -165 °C.,Строительство,2022-01-01,2025-08-26T03:11:31.425038+00:00,"Настоящий стандарт устанавливает общие требования к проектированию и возведению бетонных конструкций резервуаров для хранения сжиженных газов. Он идентичен европейскому стандарту EN 14620-3:2006 и предназначен для стальных вертикальных цилиндрических резервуаров с плоским дном, работающих при температурах от 0 °C до -165 °C.",ГОСТ Р,ГОСТ Р 58028-2017-EN 14620-32006 Проектирование вертикальных цилиндрических стальных емкостей с плоским дном. Компоненты бетона.pdf,Проектирование и производство на месте вертикальных цилиндрических стальных емкостей с плоским дном для хранения охлажденных сжиженных газов с рабочей температурой от 0 °C до -165 °C. Часть 3. Компоненты бетона,"['проектирование', 'производство', 'бетонные конструкции', 'сжиженные газы']","['вертикальные цилиндрические стальные емкости', 'хранение сжиженных газов', 'бетонные компоненты', 'плоское дно', 'охлажденные сжиженные газы']",Русский,186,58028-2017,5,90.9,0.0,Введен впервые,ГОСТ Р 58028-2017-EN 14620-32006 Проектирование вертикальных цилиндрических стальных емкостей с плоским дном. Компоненты бетона.pdf,Действующий,27
Вертикальные цилиндрические стальные резервуары с плоским дном для хранения сжиженных газов с рабочей температурой от 0 до минус 165 °C,Отопление,2022-01-01,2025-08-26T03:11:35.543766+00:00,"Стандарт распространяется на проектирование и производство вертикальных цилиндрических стальных емкостей с плоским дном для хранения охлажденных сжиженных газов с рабочей температурой от 0 °C до -165 °C. В части 4 рассматриваются изоляционные компоненты, устанавливаются основные требования к материалам, проектированию и монтажу изоляции.",ГОСТ Р,ГОСТ Р 58029-2017-EN 14620-42006 Проектирование вертикальных цилиндрических стальных емкостей с плоским дном. Изоляционные компоненты.pdf,Национальный стандарт Российской Федерации Проектирование И Производство На Месте Вертикальных Цилиндрических Стальных Емкостей С Плоским Дном Для Хранения Охлажденных Сжиженных Газов С Рабочей Температурой От 0 °C До -165 °C Часть 4 Изоляционные Компоненты,"['Материалы', 'Проектирование', 'Монтаж изоляции']","['Проектирование', 'Производство', 'Вертикальные цилиндрические стальные емкости', 'Охлажденные сжиженные газы', 'Изоляционные компоненты']",Русский,185,58029-2017,5,90.0,7.5,Введен впервые,ГОСТ Р 58029-2017-EN 14620-42006 Проектирование вертикальных цилиндрических стальных емкостей с плоским дном. Изоляционные компоненты.pdf,Действующий,42
"Испытание, высушивание, очистка и охлаждение вертикальных цилиндрических стальных емкостей для хранения охлажденных сжиженных газов",Пожарная безопасность,2022-01-01,2025-08-26T03:11:40.292668+00:00,"Национальный стандарт Российской Федерации, идентичный европейскому стандарту EN 14620-5:2006, регламентирующий испытание, высушивание, очистку и охлаждение вертикальных цилиндрических стальных емкостей с плоским дном для хранения охлажденных сжиженных газов с рабочей температурой от 0 °C до -165 °C.",ГОСТ Р,ГОСТ Р 58030-2017-EN 14620-52006 Проектирование вертикальных цилиндрических стальных емкостей с плоским дном. Испытание.pdf,"Проектирование и производство на месте вертикальных цилиндрических стальных емкостей с плоским дном для хранения охлажденных сжиженных газов с рабочей температурой от 0 °C до -165 °C. Часть 5. Испытание, высушивание, очистка и охлаждение","['проектирование и производство', 'испытания и оценка', 'технические требования', 'охлаждение и очистка']","['вертикальные цилиндрические стальные емкости', 'охлажденные сжиженные газы', 'испытание', 'высушивание', 'очистка', 'охлаждение', 'ГОСТ Р 58030-2017', 'EN 14620-5:2006']",Русский,158,58030-2017,5,90.6,0.0,Перенос даты введения с 2017 на 2022 г.,ГОСТ Р 58030-2017-EN 14620-52006 Проектирование вертикальных цилиндрических стальных емкостей с плоским дном. Испытание.pdf,Действующий,16
Вертикальные цилиндрические стальные емкости для хранения охлажденных сжиженных газов,Металлоконструкции,2022-01-01,2025-08-26T03:11:45.964496+00:00,Стандарт определяет требования к проектированию и производству на месте вертикальных цилиндрических стальных емкостей с плоским дном для хранения охлажденных сжиженных газов с рабочей температурой от 0 °C до -165 °C. Стандарт идентичен европейскому стандарту EN 14620-2:2006 и устанавливает правила применения и технические нормы.,ГОСТ Р,ГОСТ Р 58032-2017-EN 14620-22006 Проектирование вертикальных цилиндрических стальных емкостей с плоским дном. Металлоконструкции.pdf,ГОСТ Р 58032-2017/EN 14620-2:2006 Проектирование и производство на месте вертикальных цилиндрических стальных емкостей с плоским дном для хранения охлажденных сжиженных газов с рабочей температурой от 0 °C до -165 °C. Часть 2. Металлоконструкции,"['проектирование', 'производство', 'вертикальные емкости', 'металлические конструкции', 'охлажденные сжиженные газы']","['вертикальные цилиндрические стальные емкости', 'плоское дно', 'охлажденные сжиженные газы', 'рабочая температура от 0 °C до -165 °C', 'металлоконструкции', 'проектирование', 'производство']",русский,294,58032-2017/EN 14620-2:2006,5,83.3,40.6,Введен впервые,ГОСТ Р 58032-2017-EN 14620-22006 Проектирование вертикальных цилиндрических стальных емкостей с плоским дном. Металлоконструкции.pdf,Действующий,82
"Требования к горячекатаным шпунтовым сваям из нелегированной стали с учетом их химического состава, механических свойств и условий поставки.",Строительство,2022-01-01,2025-08-26T03:11:50.774602+00:00,"Настоящий стандарт устанавливает технические условия для горячекатаных шпунтовых свай из нелегированных сталей. Он основан на идентичном европейском стандарте EN 10248-1:1995 и содержит требования к химическому составу, механическим свойствам и условиям поставки изделий. Стандарт введен в действие Приказом Федерального агентства по техническому регулированию и метрологии от 19 декабря 2017 года и редакция с переносом даты введения на 1 января 2022 года.",ГОСТ Р,ГОСТ Р 58034-2017-EN 10248-11995 Сваи шпунтовые горячекатаные из нелегированных сталей. Часть 1. Технические условия.pdf,Гост Р 58034-2017 Сваи шпунтовые горячекатаные из нелегированных сталей. Часть 1. Технические условия,"['технические условия', 'горячекатаные стали', 'стандартизация', 'строительные материалы']","['шпунтовые сваи', 'горячекатаные', 'нелегированные стали', 'технические условия', 'EN 10248-1:1995']",русский,110,58034-2017,5,91.4,88.1,Введен впервые,ГОСТ Р 58034-2017-EN 10248-11995 Сваи шпунтовые горячекатаные из нелегированных сталей. Часть 1. Технические условия.pdf,Действующий,23
Предварительно напряженные конструкции,Строительство,2025-03-01,2025-08-26T03:11:54.093844+00:00,"Стандарт устанавливает технические условия для канатов, защищенных в оболочке, предназначенных для использования в предварительно напряженных конструкциях. Документ регламентирует классификацию, технические требования, методы контроля, приемку, транспортирование и хранение таких канатов.",ГОСТ Р,ГОСТ Р 58386-2019 Канаты защищенные в оболочке для предварительно напряженных конструкций. Технические условия.pdf,ГОСТ Р 58386—2024 Канаты защищенные в оболочке для предварительно напряженных конструкций. Технические условия,"['область применения', 'нормативные ссылки', 'термины и определения', 'классификация', 'технические требования', 'правила приемки', 'методы контроля', 'транспортирование и хранение']","['канаты', 'защищенные в оболочке', 'предварительно напряженные конструкции', 'технические условия', 'методы контроля', 'транспортирование', 'хранение']",Русский,221,58386—2024,5,92.9,7.3,,ГОСТ Р 58386-2019 Канаты защищенные в оболочке для предварительно напряженных конструкций. Технические условия.pdf,Действующий,24
Анкеры клеевые для крепления в бетон,Строительство,2025-03-01,2025-08-26T03:11:57.288287+00:00,"Настоящий стандарт устанавливает методы испытаний клеевых анкеров для крепления в бетон, в том числе требования к механическим характеристикам, проведению испытаний, обработке и оформлению результатов.",ГОСТ Р,ГОСТ Р 58387-2019 Анкеры клеевые для крепления в бетон. Методы испытаний.pdf,ГОСТ Р 58387—2024 Анкеры клеевые для крепления в бетон. Методы испытаний,"['методы испытаний', 'механические характеристики', 'установочные размеры', 'оборудование для испытаний', 'правила проведения испытаний', 'обработка результатов', 'оформление результатов']","['анкеры клеевые', 'крепление в бетон', 'методы испытаний', 'механические характеристики', 'испытания']",русский,179,58387—2024,5,95.8,1.8,Введен впервые,ГОСТ Р 58387-2019 Анкеры клеевые для крепления в бетон. Методы испытаний.pdf,Действующий,54
"Гибкие бетонные плиты, предназначенные для сооружения гибких бетонных покрытий для укрепления берегов искусственных и естественных водотоков и водоемов, укрепления откосов дорожных насыпей и конусов мостов, укрепления откосов защитных и регуляционных сооружений, защиты подводных переходов трубопроводов, защиты дна акваторий портов, дополнительной защиты кабельных трасс, сооружения временных противопаводковых укреплений, защиты гребней плотин и дамб, сооружения каналов, канав и стоков, защиты дна отстойников и прочих видов искусственных сооружений.",Строительство,2022-11-22,2025-08-26T03:12:02.741764+00:00,"Настоящий национальный стандарт устанавливает технические условия для гибких бетонных плит, включающих бетонные блоки, соединенные гибкими связями, и регулирует их применение для различных инженерных укреплений и защитных сооружений в строительстве. Документ впервые введен в действие приказом Росстандарта в 2019 году и содержит изменения, утвержденные в 2022 году.",ГОСТ Р,ГОСТ Р 58411-2019 Плиты бетонные гибкие. Технические условия.pdf,ГОСТ Р 58411-2019 Плиты бетонные гибкие. Технические условия,"['технические условия', 'строительство', 'бетонные плиты', 'укрепление территорий']","['гибкие бетонные плиты', 'технические условия', 'укрепление берегов', 'дорожные насыпи', 'конусы мостов', 'защитные сооружения']",русский,166,58411-2019,5,87.1,0.0,Изм.1,ГОСТ Р 58411-2019 Плиты бетонные гибкие. Технические условия.pdf,Действующий,29
"Изделия из стеклофибробетона для декоративных и облицовочных элементов фасадов зданий и сооружений, в том числе в составе навесных вентилируемых фасадных конструкций (систем), при новом строительстве, реконструкции и капитальном ремонте",Архитектура,2019-12-12,2025-08-26T03:12:08.134500+00:00,"Стандарт устанавливает классификацию изделий из стеклофибробетона, технические требования к сырьевым компонентам, стеклофибробетону, готовым изделиям и методы контроля качества. Распространяется на изделия для декоративных и облицовочных элементов фасадов зданий и сооружений.",ГОСТ Р,ГОСТ Р 58757-2019 Изделия из стеклофибробетона для устройствадекоративных и облицовочных элементовфасадов зданий.Технические условия.pdf,Изделия из стеклофибробетона для устройства декоративных и облицовочных элементов фасадов зданий. Технические условия,"['классификация изделий', 'технические требования', 'методы контроля качества']","['стеклофибробетон', 'декоративные элементы', 'облицовочные элементы', 'фасады зданий', 'технические условия', 'качество продукции']",русский,211,58757-2019,5,94.9,0.0,Введен впервые,ГОСТ Р 58757-2019 Изделия из стеклофибробетона для устройствадекоративных и облицовочных элементовфасадов зданий.Технические условия.pdf,Действующий,28
"Мобильные (инвентарные, некапитальные) здания и сооружения различного вида и назначения",Здания и сооружения,2025-03-01,2025-08-26T03:12:13.922013+00:00,"Стандарт устанавливает классификацию, термины и определения для мобильных (инвентарных) зданий и сооружений. Он определяет систему понятий для производства, монтажа и эксплуатации таких зданий, обязательных для применения в технической документации и справочной литературе.",ГОСТ Р,ГОСТ Р 58759-2019 Здания и сооружения мобильные (инвентарные). Классификация. Термины и определения.pdf,ГОСТ Р 58759-2024 Здания и сооружения мобильные (инвентарные). Классификация. Термины и определения,"['классификация зданий', 'терминология зданий', 'мобильные здания']","['мобильные здания', 'инвентарные здания', 'классификация', 'термины', 'определения']",русский,341,58759-2024,5,72.1,0.0,,ГОСТ Р 58759-2019 Здания и сооружения мобильные (инвентарные). Классификация. Термины и определения.pdf,Действующий,16
"Заземляющие устройства, системы уравнивания потенциалов, заземлители, заземляющие проводники в электроустановках",Электроустановки,2021-01-01,2025-08-26T03:12:19.181700+00:00,"Настоящий стандарт устанавливает технические требования к заземляющим устройствам, системам уравнивания потенциалов, заземлителям и заземляющим проводникам, используемым в электроустановках. Документ определяет классификацию, типы, конструктивные особенности и технические характеристики данных устройств.",ГОСТ Р,ГОСТ Р 58882-2020_Заземляющие устройства. Системы уравнивания потенциалов. Заземлители. Заземляющие проводники.pdf,ГОСТ Р 58882-2020 Заземляющие устройства. Системы уравнивания потенциалов. Заземлители. Заземляющие проводники. Технические требования,"['классификация заземляющих устройств', 'технические характеристики', 'требования к конструкции', 'назначение заземляющих устройств']","['заземляющие устройства', 'системы уравнивания потенциалов', 'заземлители', 'заземляющие проводники', 'технические требования', 'электроустановки']",Русский,303,58882-2020,5,95.0,17.8,Введен впервые,ГОСТ Р 58882-2020_Заземляющие устройства. Системы уравнивания потенциалов. Заземлители. Заземляющие проводники.pdf,Действующий,45
"Настоящий стандарт распространяется на любые типы вод и устанавливает общие требования к отбору, транспортированию и подготовке к хранению проб воды, предназначенных для определения показателей ее состава и свойств.",Вода,2022-06-01,2025-08-26T03:12:24.311620+00:00,"Стандарт устанавливает общие требования к отбору, транспортированию и подготовке к хранению проб воды различных типов для определения показателей ее состава и свойств. Применяется с 1 июня 2022 года, заменяя ГОСТ 31861-2012. Включает нормативные ссылки на международные и национальные стандарты по качеству воды и методикам отбора проб.",ГОСТ Р,ГОСТ Р 59024-2020 Вода. Общие требования к отбору проб.pdf,ГОСТ Р 59024-2020 Вода. Общие требования к отбору проб,"['требования к отбору проб воды', 'нормативные ссылки', 'применение стандарта']","['Вода', 'отбор проб', 'качество воды', 'транспортирование проб', 'подготовка проб', 'состав воды', 'свойства воды']",Русский,247,59024-2020,5,97.7,1.0,Введен впервые,ГОСТ Р 59024-2020 Вода. Общие требования к отбору проб.pdf,Действующий,35
"Природные мерзлые глинистые, песчаные крупнообломочные грунты, в том числе засоленные и биогенные, с крупнообломочными включениями, грунты нарушенного сложения",Грунты,2021-09-01,2025-08-26T03:12:28.664655+00:00,"Стандарт устанавливает метод трехосного сжатия мерзлых грунтов при лабораторных исследованиях для строительства. Предназначен для природных мерзлых глинистых, песчаных крупнообломочных грунтов, включая засоленные и биогенные, а также грунты нарушенного сложения.",ГОСТ Р,ГОСТ Р 59597-2021 Грунты. Метод трехосного сжатия мерзлых грунтов.pdf,Гост Р 59597-2021 Грунты Метод Трехосного Сжатия Мерзлых Грунтов,"['лабораторные методы', 'исследование мерзлых грунтов', 'строительные материалы']","['метод трехосного сжатия', 'мерзлые грунты', 'лабораторные испытания', 'грунты', 'строительство']",русский,275,59597-2021,5,98.5,0.0,Введен впервые,ГОСТ Р 59597-2021 Грунты. Метод трехосного сжатия мерзлых грунтов.pdf,Действующий,17
"Руководства по проектированию, монтажу, техническому обслуживанию и ремонту автоматических установок пожаротушения",Пожарная безопасность,2021-09-15,2025-08-26T03:12:32.934417+00:00,"Стандарт устанавливает основные требования к проектированию, монтажу, эксплуатации, техническому обслуживанию, ремонту и методам испытаний на работоспособность автоматических установок пожаротушения. Применяется к новым установкам и к тем, на которых проведены капитальный ремонт, реконструкция или техническое перевооружение.",ГОСТ Р,ГОСТ Р 59636-2021 Установки пожаротушения автоматические. Методы испытаний на работоспособность.pdf,"ГОСТ Р 59636-2021 Установки пожаротушения автоматические. Руководство по проектированию, монтажу, техническому обслуживанию и ремонту. Методы испытаний на работоспособность","['проектирование', 'монтаж', 'техническое обслуживание', 'ремонт', 'испытания на работоспособность']","['автоматические установки пожаротушения', 'проектирование', 'монтаж', 'техническое обслуживание', 'ремонт', 'методы испытаний', 'работоспособность']",русский,215,59636-2021,5,98.4,16.3,Введен впервые,ГОСТ Р 59636-2021 Установки пожаротушения автоматические. Методы испытаний на работоспособность.pdf,Действующий,35
"Методы контроля качества огнезащитных работ при монтаже (нанесении), техническом обслуживании и ремонте огнезащитных средств на зданиях, сооружениях и различных конструкциях",Пожарная безопасность,2024-08-02,2025-08-26T03:12:37.851943+00:00,"Стандарт устанавливает общие правила монтажа и нанесения средств огнезащиты, методы контроля качества огнезащитных работ и порядок их применения при монтаже, техническом обслуживании и ремонте. Распространяется на деревянные, стальные, железобетонные конструкции, инженерное оборудование, кабельные линии и текстильные материалы.",ГОСТ Р,ГОСТ Р 59637-2021 Средства противопожарной защиты. Методы контроля качества огнезащитных работ.pdf,"ГОСТ Р 59637-2021 Средства противопожарной защиты зданий и сооружений. Средства огнезащиты. Методы контроля качества огнезащитных работ при монтаже (нанесении), техническом обслуживании и ремонте (с Изменением № 1)","['монтаж средств огнезащиты', 'контроль качества огнезащитных работ', 'техническое обслуживание огнезащитных материалов', 'ремонт огнезащитных покрытий']","['средства противопожарной защиты', 'огнезащита', 'методы контроля качества', 'монтаж', 'техническое обслуживание', 'ремонт']",русский,250,59637-2021,5,94.8,3.6,Изменение № 1,ГОСТ Р 59637-2021 Средства противопожарной защиты. Методы контроля качества огнезащитных работ.pdf,Действующий,24
"Системы пожарной сигнализации, проектируемые, монтируемые, реконструируемые, модернизируемые и функционирующие на объектах на территории Российской Федерации",Пожарная безопасность,2021-09-15,2025-08-26T03:12:42.817780+00:00,"Стандарт устанавливает требования к проектированию, монтажу, приемке и вводе в эксплуатацию, эксплуатации, техническому обслуживанию и ремонту систем пожарной сигнализации, а также методы испытаний этих систем на работоспособность. Применяется для систем пожарной сигнализации, функционирующих на объектах на территории России, и направлен на обеспечение выполнения требований федеральных законов и нормативных правовых актов в области пожарной безопасности.",ГОСТ Р,ГОСТ Р 59638-2021 Системы пожарной сигнализации. Методы испытаний на работоспособность (изм. на 24.10.2024).pdf,"ГОСТ Р 59638-2021 Системы пожарной сигнализации. Руководство по проектированию, монтажу, техническому обслуживанию и ремонту. Методы испытаний на работоспособность","['проектирование систем пожарной сигнализации', 'монтаж систем пожарной сигнализации', 'техническое обслуживание систем пожарной сигнализации', 'ремонт систем пожарной сигнализации', 'методы испытаний на работоспособность']","['системы пожарной сигнализации', 'проектирование', 'монтаж', 'техническое обслуживание', 'ремонт', 'испытания на работоспособность', 'пожарная безопасность']",Русский,253,59638-2021,5,97.8,6.0,Введен впервые,ГОСТ Р 59638-2021 Системы пожарной сигнализации. Методы испытаний на работоспособность (изм. на 24.10.2024).pdf,Действующий,24
"Системы оповещения и управления эвакуацией людей при пожаре, проектируемые, монтируемые и эксплуатируемые на объектах защиты на территории Российской Федерации",Пожарная безопасность,2021-08-24,2025-08-26T03:12:50.516235+00:00,"Стандарт устанавливает требования к проектированию, монтажу, эксплуатации, техническому обслуживанию, ремонту и методам испытаний на работоспособность систем оповещения и управления эвакуацией людей при пожаре (СОУЭ). Документ направлен на обеспечение соблюдения федеральных законов и нормативных актов в области пожарной безопасности.",ГОСТ Р,ГОСТ Р 59639-2021 Системы оповещения и управления эвакуацией людей при пожаре.pdf,"ГОСТ Р 59639-2021 Системы оповещения и управления эвакуацией людей при пожаре. Руководство по проектированию, монтажу, техническому обслуживанию и ремонту. Методы испытаний на работоспособность","['требования к системам оповещения и управления эвакуацией', 'проектирование систем', 'монтаж систем', 'техническое обслуживание', 'ремонт систем', 'методы испытаний на работоспособность']","['Система оповещения и управления эвакуацией', 'СОУЭ', 'пожарная безопасность', 'проектирование', 'монтаж', 'техническое обслуживание', 'ремонт', 'испытания']",Русский,234,59639-2021,5,96.7,2.1,Введен впервые,ГОСТ Р 59639-2021 Системы оповещения и управления эвакуацией людей при пожаре.pdf,Действующий,23
"Проектирование, монтаж, техническое обслуживание и ремонт противопожарных занавесов, методы испытания на работоспособность",Пожарная безопасность,2024-09-01,2025-08-26T03:12:55.904971+00:00,"Настоящий стандарт устанавливает технические требования к проектированию, монтажу, техническому обслуживанию и ремонту противопожарных занавесов, а также методы испытаний на их работоспособность. Стандарт направлен на обеспечение требований нормативных правовых актов, регулирующих противопожарную защиту.",ГОСТ Р,ГОСТ Р 59640-2021 Средства противопожарной защиты. Противопожарные занавесы. (с изм.1) (изм. от 02.08.2024).pdf,"ГОСТ Р 59640-2021 Средства противопожарной защиты зданий и сооружений. Противопожарные занавесы. Руководство по проектированию, монтажу, техническому обслуживанию и ремонту. Методы испытаний на работоспособность (с Изменением № 1)","['технические требования', 'пожарная безопасность', 'противопожарная защита', 'испытания']","['противопожарные занавесы', 'проектирование', 'монтаж', 'техническое обслуживание', 'ремонт', 'методы испытаний', 'работоспособность']",русский,303,59640-2021,5,95.9,11.9,Изменение № 1,ГОСТ Р 59640-2021 Средства противопожарной защиты. Противопожарные занавесы. (с изм.1) (изм. от 02.08.2024).pdf,Действующий,33
"Средства противопожарной защиты зданий и сооружений, элементы заполнения проемов в противопожарных преградах, включая двери, ворота, люки, шторы, роллеты, экраны и окна",Пожарная безопасность,2024-08-02,2025-08-26T03:13:00.637244+00:00,"Стандарт устанавливает общие требования к монтажу, техническому обслуживанию, оценке состояния и ремонту элементов заполнения проемов в противопожарных преградах зданий и сооружений. Включает методы контроля и охватывает различные конструкции заполнения проемов, такие как двери, ворота, люки, шторы, роллеты, экраны и окна.",ГОСТ Р,ГОСТ Р 59642-2021 Средства противопожарной защиты. Заполнение проемов в противопожарных преградах.pdf,"ГОСТ Р 59642-2021 Средства противопожарной защиты зданий и сооружений. Заполнение проемов в противопожарных преградах. Общие требования к монтажу, техническому обслуживанию и ремонту. Методы контроля","['монтаж', 'техническое обслуживание', 'ремонт', 'методы контроля', 'элементы заполнения проемов', 'противопожарные преграды']","['пожарная безопасность', 'заполнение проемов', 'противопожарные преграды', 'монтаж', 'техническое обслуживание', 'ремонт', 'методы контроля']",Русский,203,59642-2021,5,95.3,5.0,Изменение № 1,ГОСТ Р 59642-2021 Средства противопожарной защиты. Заполнение проемов в противопожарных преградах.pdf,Действующий,18
Внутреннее противопожарное водоснабжение,Пожарная безопасность,2021-08-24,2025-08-26T03:13:04.448940+00:00,"Настоящий стандарт является руководством по проектированию, монтажу, техническому обслуживанию и ремонту внутренних систем противопожарного водоснабжения, а также методам испытаний на их работоспособность. Стандарт утверждён и введён в действие в 2021 году Федеральным агентством по техническому регулированию и метрологии.",ГОСТ Р,ГОСТ Р 59643-2021 Внутреннее противопожарное водоснабжение. Методы испытаний на работоспособность.pdf,"ГОСТ Р 59643 Внутреннее противопожарное водоснабжение. Руководство по проектированию, монтажу, техническому обслуживанию и ремонту. Методы испытаний на работоспособность","['проектирование систем водоснабжения', 'монтаж систем водоснабжения', 'техническое обслуживание', 'испытывания на работоспособность']","['внутреннее противопожарное водоснабжение', 'проектирование', 'монтаж', 'техническое обслуживание', 'ремонт', 'методы испытаний', 'работоспособность']",Русский,175,59643-2021,5,95.4,0.0,Введен впервые,ГОСТ Р 59643-2021 Внутреннее противопожарное водоснабжение. Методы испытаний на работоспособность.pdf,Действующий,34
"Настоящий стандарт распространяется на грунты, закрепленные растворами на основе цемента и силиката натрия, используемые при строительстве, реконструкции и ремонте объектов капитального строительства, а также для работ по инженерной защите территорий от природных и техногенных процессов.",Строительство,2022-09-01,2025-08-26T03:13:09.203577+00:00,"Национальный стандарт Российской Федерации, устанавливающий технические требования на химически закрепленные грунты, используемые в строительстве. Стандарт разработан в целях обеспечения соблюдения требований технического регламента о безопасности зданий и сооружений.",ГОСТ Р,ГОСТ Р 59706-2022 Грунты химически закрепленные. Технические условия.pdf,ГОСТ Р 59706-2022 Грунты химически закрепленные. Технические условия,"['технические требования', 'испытания', 'классификация грунтов', 'материалы для закрепления грунтов']","['грунты химически закрепленные', 'технические условия', 'строительство', 'цементные растворы', 'силикат натрия', 'инженерная защита территорий']",Русский,216,59706-2022,5,91.3,0.0,,ГОСТ Р 59706-2022 Грунты химически закрепленные. Технические условия.pdf,Действующий,23
"Конструкции стоечно-ригельные из профилей алюминиевых сплавов с заполнением, предназначенные для устройства вертикальных или наклонных фасадов жилых, общественных и производственных зданий различного уровня ответственности",Архитектура,2021-11-30,2025-08-26T03:13:14.354704+00:00,"Настоящий стандарт устанавливает общие технические условия для стоечно-ригельных фасадных конструкций из алюминиевых сплавов, применяемых для вертикальных или наклонных фасадов зданий различных типов.",ГОСТ Р,ГОСТ Р 59913-2021 Конструкции стоечно-ригельные фасадные из алюминиевых сплавов.Общие технические условия.pdf,Конструкции стоечно-ригельные фасадные из алюминиевых сплавов. Общие технические условия,"['технические условия стоечно-ригельных фасадных конструкций', 'алюминиевые сплавы', 'применение в строительстве фасадов']","['алюминиевые сплавы', 'фасадные конструкции', 'стоечно-ригельные конструкции', 'технические условия', 'фасады зданий']",Русский,196,59913-2021,5,92.2,1.4,,ГОСТ Р 59913-2021 Конструкции стоечно-ригельные фасадные из алюминиевых сплавов.Общие технические условия.pdf,Действующий,19
"Проектирование систем вентиляции и кондиционирования воздуха новых, реконструируемых и капитально ремонтируемых общественных зданий и сооружений, в том числе при изменении их функционального назначения, а также на помещения общественного назначения, встраиваемые в жилые здания и в другие объекты, соответствующие санитарно-эпидемиологическим требованиям к общественным зданиям",Вентиляция,2022-02-01,2025-08-26T03:13:19.256337+00:00,"Настоящий стандарт устанавливает технические требования к проектированию систем вентиляции и кондиционирования воздуха общественных зданий для обеспечения нормативных параметров микроклимата для находящихся в них людей в любые сезоны года. Стандарт охватывает проектирование, требования к параметрам воздушной среды помещений, организации воздухообмена и процесс работы от проектирования до ввода систем в эксплуатацию.",ГОСТ Р,ГОСТ Р 59972-2021 Системы вентиляции и кондиционирования воздуха общественных зданий.pdf,ГОСТ Р 59972-2021 Системы вентиляции и кондиционирования воздуха общественных зданий. Технические требования,"['требования к проектированию', 'параметры воздушной среды', 'организация воздухообмена', 'эксплуатация вентиляционных систем']","['вентиляция', 'кондиционирование', 'общественные здания', 'технические требования', 'микроклимат', 'воздушная среда', 'проектирование']",русский,634,59972-2021,5,92.8,1.0,Введен впервые,ГОСТ Р 59972-2021 Системы вентиляции и кондиционирования воздуха общественных зданий.pdf,Действующий,50
"Покрытия напольные эластичные, окрашенный и декоративный линолеум",Строительные материалы и изделия,2022-03-25,2025-08-26T03:13:22.643860+00:00,Стандарт устанавливает технические требования к окрашенному и декоративному линолеуму как виду эластичных напольных покрытий. Документ является модифицированным вариантом международного стандарта ISO 24011:2009 с адаптацией под национальные условия и требованиям.,ГОСТ Р,ГОСТ Р 70047-2022_Покрытия напольные эластичные. Окрашенный и декоративный линолеум.pdf,ГОСТ Р 70047—2022 Покрытия напольные эластичные. Окрашенный и декоративный линолеум. Технические требования,"['классификация', 'маркировка', 'этикетирование', 'упаковка', 'нормативные ссылки', 'термины и определения']","['линолеум', 'напольные покрытия', 'эластичные покрытия', 'технические требования']",русский,249,70047—2022,5,80.0,0.0,Введен впервые,ГОСТ Р 70047-2022_Покрытия напольные эластичные. Окрашенный и декоративный линолеум.pdf,Действующий,16
Формирование и ведение исполнительной документации в электронном виде,Строительство,2022-05-19,2025-08-26T03:13:26.635378+00:00,"Стандарт устанавливает требования к функционированию информационной системы, обеспечивающей процессы формирования и ведения исполнительной документации в электронном виде, а также регламентирует процессы формирования журналов учёта выполнения работ, актов и другой исполнительной документации, контроль процессов и передачу документации эксплуатирующей организации.",ГОСТ Р,ГОСТ Р 70108-2022 Документация исполнительная. Формирование и ведение в электронном виде (изм. на 19.05.2022).pdf,Гост Р 70108-2022 Документация исполнительная Формирование и ведение в электронном виде,"['формирование исполнительной документации', 'ведение исполнительной документации', 'журналы учёта', 'контроль формирования документации', 'передача исполнительной документации в электронном виде']","['исполнительная документация', 'электронное ведение', 'информационная система', 'строительство', 'формирование документации', 'вести журналы', 'контроль процессов']",русский,265,70108-2022,5,93.5,0.0,Введен впервые,ГОСТ Р 70108-2022 Документация исполнительная. Формирование и ведение в электронном виде (изм. на 19.05.2022).pdf,Действующий,44
Рекомендации по выбору и указанию в конструкторской документации шероховатости поверхности изделий из металлов и твердых сплавов,Обработка поверхности,2023-01-01,2025-08-26T03:13:30.982296+00:00,"Настоящий стандарт устанавливает рекомендации по выбору и указанию шероховатости поверхности изделий из металлов и твердых сплавов в конструкторской документации. Определяет зависимость шероховатости от вида обработки, функционального назначения, допусков формы и расположения, размера и квалитета. Не распространяется на дефекты поверхности, связанные с материалом или повреждениями, а также на поверхности с регулярным микрорельефом и изделия, покрываемые другими стандартами.",ГОСТ Р,ГОСТ Р 70117-2022_Шероховатость поверхности Рекомендации по выбору.pdf,ГОСТ Р 70117—2022 Шероховатость поверхности Рекомендации по выбору,"['шероховатость поверхности', 'выбор параметров', 'технические требования', 'обработка изделий']","['шероховатость поверхности', 'рекомендации по выбору', 'конструкторская документация', 'металлы', 'твердые сплавы', 'допуски формы', 'функциональное назначение']",Русский,1224,70117—2022,5,53.1,0.0,Введен впервые,ГОСТ Р 70117-2022_Шероховатость поверхности Рекомендации по выбору.pdf,Действующий,20
"Балансировочные ручные клапаны и автоматические регуляторы перепада давления, автоматические комбинированные клапаны, в том числе автоматические регуляторы (ограничители) расхода и автоматические регуляторы перепада давления с функцией ограничения расхода, термостатические, применяющиеся во внутренних инженерных системах водяного отопления зданий и сооружений, внутренних инженерных системах тепло-, холодоснабжения, в том числе системах с гликолевыми смесями, а также системах горячего водоснабжения зданий и сооружений.",Отопление,2023-08-01,2025-08-26T03:13:35.944301+00:00,"Настоящий стандарт устанавливает общие технические условия для балансировочных клапанов, используемых в системах отопления, внутренних системах тепло- и холодоснабжения, а также в системах горячего водоснабжения зданий и сооружений. В стандарте определены термины, области применения и основные технические требования к клапанам для обеспечения гидравлической увязки и регулирования расхода теплоносителя.",ГОСТ Р,ГОСТ Р 70338-2022 Клапаны балансировочные для систем отопления.pdf,"ГОСТ Р 70338-2022 Клапаны балансировочные для систем отопления, внутренних систем тепло-, холодоснабжения и горячего водоснабжения. Общие технические условия","['терминология', 'технические условия', 'область применения', 'нормативные ссылки']","['балансировочные клапаны', 'ручные клапаны', 'автоматические регуляторы перепада давления', 'теплоснабжение', 'холодоснабжение', 'горячее водоснабжение']",русский,231,70338-2022,5,94.1,0.0,Введен впервые,ГОСТ Р 70338-2022 Клапаны балансировочные для систем отопления.pdf,Действующий,33
"Трубопроводы из пластмасс для водоснабжения, дренажа и напорной канализации",Системы водоснабжения,2023-01-26,2025-08-26T03:13:40.406196+00:00,"Данный стандарт устанавливает требования к трубопроводам из полиэтилена (ПЭ) для систем водоснабжения, дренажа и напорной канализации. Он является модифицированной версией международного стандарта ISO 4427-2:2019 с учетом национальных особенностей и требований экономики России.",ГОСТ Р,"ГОСТ Р 70628.2-2023_Трубопроводы из пластмасс для водоснабжения, дренажа и напорной канализации Полиэтилен (ПЭ) Трубы.pdf","ГОСТ Р 70628.2— 2023 (ИСО 4427-2:2019) Трубопроводы из пластмасс для водоснабжения, дренажа и напорной канализации по полиэтилен (ПЭ). Часть 2. Трубы","['трубы из полиэтилена', 'системы водоснабжения', 'дренаж', 'канализация']","['трубопроводы', 'пластмассы', 'водоснабжение', 'дренаж', 'напорная канализация', 'полиэтилен']",Русский,427,70628.2— 2023,5,85.3,15.2,Введен впервые,"ГОСТ Р 70628.2-2023_Трубопроводы из пластмасс для водоснабжения, дренажа и напорной канализации Полиэтилен (ПЭ) Трубы.pdf",Действующий,38
бассейны для плавания,Системы водоснабжения,2023-09-01,2025-08-26T03:13:43.952819+00:00,"Стандарт устанавливает общие требования к системам водоподготовки в бассейнах для плавания. Он применяется к организациям и индивидуальным предпринимателям, владеющим или управляющим бассейнами для плавания, и содержит требования для процедуры добровольной сертификации соответствия.",ГОСТ Р,ГОСТ Р 70688-2023 Бассейны для плавания. Подготовка воды. Общие требования.pdf,ГОСТ Р 70688-2023 Бассейны Для Плавания. Подготовка Воды. Общие Требования,"['водообмен', 'технология водоподготовки', 'водоподготовка бассейна']","['водоподготовка', 'системы водоподготовки', 'бассейны для плавания', 'очистка воды', 'дезинфекция воды']",русский,182,70688-2023,5,96.6,1.4,Введен впервые,ГОСТ Р 70688-2023 Бассейны для плавания. Подготовка воды. Общие требования.pdf,Действующий,9
"устройство систем вентиляции и кондиционирования, предназначенные для обеспечения параметров микроклимата в серверных помещениях","Вентиляция, Кондиционирование",2024-01-01,2025-08-26T03:13:48.192946+00:00,"Стандарт распространяется на устройство систем вентиляции и кондиционирования серверных помещений, устанавливая правила и контроль выполнения работ. Исключаются системы жидкостного охлаждения и системы свободного охлаждения серверных помещений. Документ разработан с учётом положений СТО НОСТРОЙ 2.15.177-2015 и конкретизирует отдельные положения.",ГОСТ Р,ГОСТ Р 70735-2023 Инженерные сети зданий и сооружений внутренние. Устройство систем вентиляции и кондиционирования серверных помещений.pdf,ГОСТ Р 70735-2023 Инженерные сети зданий и сооружений внутренние. Устройство систем вентиляции и кондиционирования серверных помещений. Правила и контроль выполнения работ,"['требования к устройству систем вентиляции и кондиционирования', 'контроль выполнения работ']","['вентиляция', 'кондиционирование', 'серверные помещения', 'микроклимат', 'контроль выполнения работ']",русский,232,70735-2023,5,97.6,18.0,Введен впервые,ГОСТ Р 70735-2023 Инженерные сети зданий и сооружений внутренние. Устройство систем вентиляции и кондиционирования серверных помещений.pdf,Действующий,30
"Материалы вяжущие нефтяные битумные, правила выбора марок",Дороги автомобильные,2024-02-01,2025-08-26T03:13:52.041617+00:00,"Стандарт устанавливает правила выбора марок нефтяных битумных вяжущих материалов, предназначенных для автомобильных дорог общего пользования. Включает определение температурных условий эксплуатации и транспортных нагрузок для правильного применения материалов.",ГОСТ Р,ГОСТ Р 71009-2023_Дороги автомобильные общего пользования Материалы вяжущие нефтяные битумные Правила выбора марок.pdf,ГОСТ Р 71009-2023 Дороги автомобильные общего пользования. Материалы вяжущие нефтяные битумные. Правила выбора марок,"['Температурные условия эксплуатации', 'Транспортные нагрузки', 'Правила применения битумных материалов']","['Дороги автомобильные', 'Материалы вяжущие', 'Нефтяные битумные', 'Выбор марок']",русский,32,71009-2023,5,99.5,73.6,Введен впервые,ГОСТ Р 71009-2023_Дороги автомобильные общего пользования Материалы вяжущие нефтяные битумные Правила выбора марок.pdf,Действующий,46
Оценка соответствия лифтов и устройств безопасности лифтов при внесении изменений в конструкцию и сведения о продукции,Лифты,2025-01-01,2025-08-26T03:13:55.881657+00:00,"Стандарт устанавливает правила оценки (подтверждения) соответствия лифтов и устройств безопасности лифтов при внесении изменений в их конструкцию и (или) сведения о продукции, указанные в действующем сертификате соответствия. Документ распространяется на лифты и устройства безопасности лифтов серийного производства и связан с методами испытаний, необходимых для оценки соответствия требованиям технического регламента.",ГОСТ Р,ГОСТ Р 71556-2024 Лифты. Правила оценки соответствия при внесении изменений в конструкцию.pdf,ГОСТ Р 71556-2024 Лифты Правила оценки соответствия при внесении изменений в конструкцию,"['оценка соответствия', 'сертификация продукции', 'испытания лифтов', 'технический регламент']","['лифты', 'правила оценки соответствия', 'изменения конструкции', 'сертификат соответствия', 'технический регламент']",русский,304,71556-2024,5,92.1,0.0,Введен впервые,ГОСТ Р 71556-2024 Лифты. Правила оценки соответствия при внесении изменений в конструкцию.pdf,Действующий,5
Мостостроение,Строительство,2025-02-04,2025-08-26T03:13:59.324237+00:00,"Стандарт устанавливает общие технические условия на ванты для мостостроения, включая классификацию, технические требования, методы контроля, правила приемки, транспортирование и хранение. Содержит методики испытаний на усталость и герметичность.",ГОСТ Р,ГОСТ Р 71612-2024 Ванты для мостостроения. Общие технические условия.pdf,ГОСТ Р 71612-2025 Ванты для мостостроения. Общие технические условия,"['классификация вант', 'конструкция', 'технические требования', 'правила приемки', 'методы контроля', 'транспортирование', 'хранение', 'гарантии изготовителя', 'методики испытаний']","['ванты', 'мостостроение', 'технические условия', 'испытывания на усталость', 'герметичность', 'контроль качества']",русский,230,71612-2025,5,96.2,6.5,Введен впервые,ГОСТ Р 71612-2024 Ванты для мостостроения. Общие технические условия.pdf,Действующий,24
Модульные здания и их конструкции различного функционального назначения,Строительство,2024-11-01,2025-08-26T03:14:02.349899+00:00,"Стандарт устанавливает термины и определения, а также классификацию модульных зданий и их конструкций в области строительства. В документе приведены систематизированные термины, отражающие систему понятий в области модульного строительства.",ГОСТ Р,ГОСТ Р 71617-2024 Модульные здания и конструкции. Классификация.pdf,ГОСТ Р 71617-2024 Модульные здания и конструкции. Термины и определения. Классификация,"['термины и определения', 'модульные здания', 'классификация', 'строительство']","['модульные здания', 'конструкции', 'термины', 'определения', 'классификация', 'строительство']",Русский,122,71617-2024,5,89.3,0.0,Введен впервые,ГОСТ Р 71617-2024 Модульные здания и конструкции. Классификация.pdf,Действующий,24
"Обеспечение антитеррористической защищенности объектов капитального строительства на всех этапах их жизненного цикла, включая строительство, реконструкцию, капитальный ремонт и эксплуатацию, а также для различных объектов производственного и непроизводственного назначения различной ведомственной принадлежности.",Антитеррористическая защищенность,2025-03-01,2025-08-26T03:14:08.831729+00:00,"Настоящий стандарт устанавливает меры и решения по обеспечению антитеррористической защищенности объектов. Он направлен на реализацию нормативных правовых требований к антитеррористической безопасности объектов капитального строительства и различных других объектов на всех этапах их жизненного цикла, включая строительство, реконструкцию, ремонт и эксплуатацию. Стандарт предназначен для применения юридическими и физическими лицами, проектными организациями и государственными органами.",ГОСТ Р,ГОСТ Р 71917-2024 Антитеррористическая защищенность. Мероприятия (изм. на 25.12.2024).pdf,ГОСТ Р 71917-2024 Антитеррористическая защищенность. Мероприятия и решения по обеспечению антитеррористической защищенности объектов. Общие положения,"['антитеррористическая безопасность', 'жизненный цикл объектов', 'нормативные требования', 'проектирование и эксплуатация']","['антитеррористическая защищенность', 'мероприятия и решения', 'объекты капитального строительства', 'безопасность', 'проектная документация', 'государственные органы']",Русский,422,71917-2024,5,92.2,3.7,,ГОСТ Р 71917-2024 Антитеррористическая защищенность. Мероприятия (изм. на 25.12.2024).pdf,Действующий,28
Панели монолитные из поликарбоната,Строительство,2025-05-01,2025-08-26T03:14:12.879958+00:00,"Настоящий стандарт устанавливает технические условия для монолитных панелей из поликарбоната, включая классификацию, технические требования, безопасность, методы испытаний, упаковку, маркировку, транспортирование, хранение, монтаж и эксплуатацию.",ГОСТ Р,ГОСТ Р 72007-2025 Панели монолитные из поликарбоната.Технические условия.pdf,ГОСТ Р 72007—2025 Панели монолитные из поликарбоната. Технические условия,"['классификация', 'технические требования', 'правила приемки', 'методы испытаний', 'упаковка и маркировка', 'монтаж и эксплуатация']","['панели монолитные', 'поликарбонат', 'технические условия', 'безопасность', 'испытания', 'маркировка']",Русский,122,72007—2025,5,95.7,0.9,Введен впервые,ГОСТ Р 72007-2025 Панели монолитные из поликарбоната.Технические условия.pdf,Действующий,16
Механические анкеры для крепления в бетоне,Строительство,2025-07-01,2025-08-26T03:14:17.233949+00:00,"Стандарт устанавливает общие технические условия для механических анкеров, используемых для крепления в бетоне. Описываются классификация, технические требования, методы испытаний, маркировка, упаковка и требования по безопасности.",ГОСТ Р,ГОСТ Р 72018-2025 Анкеры механические для крепления в бетоне. Общие технические условия.pdf,ГОСТ Р 72018—2025 Анкеры механические для крепления в бетоне. Общие технические условия,"['классификация анкеров', 'технические требования', 'методы контроля и испытаний', 'приемка и маркировка', 'охрана окружающей среды и безопасность']","['анкеры механические', 'крепление в бетоне', 'технические условия', 'испытания', 'маркировка']",русский,128,72018—2025,5,95.9,0.0,Введен впервые,ГОСТ Р 72018-2025 Анкеры механические для крепления в бетоне. Общие технические условия.pdf,Действующий,16
,Право гражданское,2023-07-24,2025-08-26T03:35:01.543556+00:00,"Данный документ представляет собой первую часть Гражданского кодекса Российской Федерации с учётом изменений на 24 июля 2023 года. Он регулирует основные положения гражданского права, включая права и обязанности граждан и юридических лиц.",Кодекс,Гражданский кодекс РФ Часть 1 - Статьи 1 - 453 - с изм. на 24.07.23.pdf,Гражданский Кодекс Российской Федерации Часть Первая (с изменениями на 24 июля 2023 года),"['основы гражданского права', 'права и обязанности', 'регулирование гражданских отношений']","['Гражданский кодекс', 'Федеральный закон', 'изменения', 'гражданское право']",русский,1242,-,5,79.4,0.0,,Гражданский кодекс РФ Часть 1 - Статьи 1 - 453 - с изм. на 24.07.23.pdf,Действующий,267
,Гражданское право,2023-07-24,2025-08-26T03:35:04.488432+00:00,"Часть вторая Гражданского Кодекса Российской Федерации с изменениями на 24 июля 2023 года. Документ включает в себя свод правовых норм, регулирующих гражданские правоотношения, с внесенными актами Федеральных законов, изменяющими положения кодекса.",Кодекс,Гражданский кодекс РФ Часть 2 - Статьи 454 - 1109 - с изм. на 24.07.23.pdf,Гражданский Кодекс Российской Федерации. Часть Вторая,"['регулирование гражданских правоотношений', 'правовые нормы', 'изменения законодательства']","['Гражданский кодекс', 'изменения', 'Федеральный закон', 'гражданское право']",русский,859,-,5,92.6,0.0,,Гражданский кодекс РФ Часть 2 - Статьи 454 - 1109 - с изм. на 24.07.23.pdf,Действующий,217
Регулирование гражданско-правовых отношений в Российской Федерации,Гражданское право,2023-08-04,2025-08-26T03:35:07.774381+00:00,"Часть третья Гражданского кодекса Российской Федерации с изменениями на 24 июля 2023 года, действующая с 4 августа 2023 года. Документ содержит федеральные законы, внесшие изменения в кодекс, регулирующие различные аспекты гражданского права.",Кодекс,Гражданский кодекс РФ Часть 3 - Статьи 1110 - 1224 - с изм. на 24.07.23.pdf,Гражданский кодекс Российской Федерации Часть третья,"['регулирование гражданско-правовых отношений', 'внесение изменений в законодательство']","['Гражданский кодекс', 'гражданское право', 'федеральные законы', 'изменения', 'регулирование']",Русский,1064,-,5,83.8,42.9,с изменениями на 24 июля 2023 года,Гражданский кодекс РФ Часть 3 - Статьи 1110 - 1224 - с изм. на 24.07.23.pdf,Действующий,56
"Регулирование гражданских правоотношений, включая положения о патентах на изобретения и иных имущественных правах",Гражданское право,2023-06-13,2025-08-26T03:35:11.839268+00:00,"Данный кодекс регулирует гражданское право в Российской Федерации, включая изменения и дополнения, вступившие в силу на 13 июня 2023 года. Содержит положения о патентах на изобретения и их продлении, а также включает все изменения, начиная с принятия в 2006 году и до последней редакции 2023 года.",Кодекс,Гражданский кодекс РФ Часть 4 - Статьи 1225 - 1551 - с изм. на 13.06.23.pdf,Гражданский кодекс Российской Федерации Часть четвертая,"['Патенты', 'Гражданское право', 'Законодательство РФ']","['Гражданский кодекс', 'патенты на изобретения', 'гражданское право', 'Федеральный закон', 'изменения']",русский,1339,-,5,79.9,31.6,Изменения на 13 июня 2023 года,Гражданский кодекс РФ Часть 4 - Статьи 1225 - 1551 - с изм. на 13.06.23.pdf,Действующий,183
"Регулирование жилищных отношений, обеспечение прав граждан на жилище, защита жилищных прав, управление жилым фондом",Жилищное законодательство,2021-12-30,2025-08-26T03:35:16.515633+00:00,"Данный Федеральный закон регулирует основные положения жилищного законодательства в Российской Федерации, устанавливая права граждан на жилище, условия для осуществления этих прав, защиту жилищных прав и управление жилым фондом. Включает многочисленные редакции и изменения, актуализированные на 30 декабря 2021 года.",Кодекс,Жилищный кодекс Российской Федерации.pdf,Жилищный кодекс Российской Федерации,"['основные положения', 'жилищные отношения', 'права граждан', 'защита жилищных прав', 'управление жилым фондом']","['Жилищный кодекс', 'жилищное законодательство', 'права на жилище', 'жилищные права', 'жилой фонд', 'защита жилищных прав']",русский,1487,-,5,54.2,0.0,,Жилищный кодекс Российской Федерации.pdf,Действующий,373
Применение положений свода правил СП 7.13130.2013,Пожарная безопасность,2024-10-28,2025-08-26T03:35:20.439180+00:00,"Документ подготовлен Министерством Российской Федерации по делам гражданской обороны, чрезвычайным ситуациям и ликвидации последствий стихийных бедствий и содержит разъяснения и пояснения по применению отдельных требований пожарной безопасности свода правил СП 7.13130.2013 Отопление, вентиляция и кондиционирование.",Инструкции,Письмо МЧС №43-6858-19 от 28.10.2024 По вопросу применения отдельных положений свода правил СП 7.13130.2013.pdf,"Информационное письмо МЧС России от 28 октября 2024 года № 43-6858-19 по вопросу применения отдельных положений свода правил СП 7.13130.2013 Отопление, вентиляция и кондиционирование. Требования пожарной безопасности","['применение пожарных требований', 'огнестойкость', 'системы вентиляции', 'эвакуационные пути']","['СП 7.13130.2013', 'пожарная безопасность', 'противопожарные клапаны', 'незадымляемые лестничные клетки', 'тамбур-шлюз', 'Технический регламент', 'ГОСТ 34442-2018']",русский,3957,43-6858-19,3,0.0,0.0,,Письмо МЧС №43-6858-19 от 28.10.2024 По вопросу применения отдельных положений свода правил СП 7.13130.2013.pdf,Действующий,3
Проектирование оснований зданий и сооружений,Основания зданий,1986-01-01,2025-08-26T03:35:25.354158+00:00,"Данное Пособие содержит рекомендации и детализирует основные положения СНиП 2.02.01-83 по проектированию и расчету оснований зданий и сооружений, учитывая особенности проектирования в особых условиях, таких как сейсмические районы и подрабатываемые территории. Материал предназначен для инженерно-технических работников проектных, изыскательских и строительных организаций.",Пособие,Пособие 2.02.01-83_ По проектированию оснований зданий и сооружений.pdf,Пособие по проектированию оснований зданий и сооружений (к СНиП 2.02.01-83),"['расчет оснований по деформациям', 'расчет несущей способности', 'глубина заложения фундаментов', 'методы определения характеристик грунтов', 'проектирование оснований зданий и сооружений']","['основания зданий', 'проектирование', 'расчет оснований', 'сейсмические районы', 'подрабатываемые территории', 'грунты', 'подземные воды']",Русский,602,2.02.01-83,5,83.0,32.1,Введен впервые,Пособие 2.02.01-83_ По проектированию оснований зданий и сооружений.pdf,Действующий,414
"Медицинские организации государственной системы здравоохранения города Москвы, оказывающие первичную медико-санитарную помощь",Здравоохранение,2022-08-08,2025-08-26T03:35:30.049989+00:00,"Данный приказ утверждает Отраслевой стандарт технического оснащения медицинских организаций города Москвы, оказывающих первичную медико-санитарную помощь, в части обеспечения использования сервисов Единой медицинской информационно-аналитической системы города Москвы (ЕМИАС). Документ содержит требования по оснащению амбулаторных и стационарных подразделений для внедрения и использования сервисов ЕМИАС.",Приказ Минстроя,ПП Москвы 1034-64-16-722-16 от 08.08.2022 Отраслевой стандарт оснащения медицинских организаций Москвы обеспечения сервисов ЕМИАС.pdf,"Приказ об утверждении Отраслевого стандарта оснащения медицинских организаций государственной системы здравоохранения города Москвы, оказывающих первичную медико-санитарную помощь, в части обеспечения использования сервисов ЕМИАС","['техническое оснащение медицинских организаций', 'применение сервисов ЕМИАС', 'стандартизация медицинского оборудования', 'первичная медико-санитарная помощь']","['Отраслевой стандарт', 'оснащение', 'медицинские организации', 'здравоохранение', 'первичная медико-санитарная помощь', 'ЕМИАС', 'техническое оснащение']",Русский,430,1034/64-16-722/16,5,84.7,0.0,Изменения на 8 августа 2022 года,ПП Москвы 1034-64-16-722-16 от 08.08.2022 Отраслевой стандарт оснащения медицинских организаций Москвы обеспечения сервисов ЕМИАС.pdf,Действующий,16
Стандартизация технического оснащения государственных образовательных организаций города Москвы для обеспечения доступа к сервисам Московской электронной школы,Образование,2024-02-28,2025-08-26T03:35:35.064571+00:00,"Приказ вносит изменения в ранее изданный приказ об утверждении отраслевого стандарта оснащения образовательных организаций города Москвы техническими средствами, программным обеспечением и оборудованием для обеспечения доступа к образовательным сервисам Московской электронной школы. Документ содержит изменения, дополнения и рекомендации по оснащению помещений образовательных организаций.",Приказ Правительства Москвы,ПП Москвы 1086-24-64-16-641-24 jn 07.11.2024 Приказ ДОНМ и ДИТ Изменения в Отраслевой стандарт МЭШ.pdf,Приказ Департамента образования и науки города Москвы и Департамента информационных технологий города Москвы от 28 февраля 2024 г. №177/64-16-77/24,"['стандарты оснащения', 'образовательные организации', 'техническое обеспечение', 'информационные технологии', 'регулирование']","['приказ', 'Департамент образования Москвы', 'Департамент информационных технологий Москвы', 'стандартизация', 'техническое оснащение', 'образовательные организации', 'Московская электронная школа', 'обновление приказа', 'образовательное оборудование', 'технические средства']",русский,2153,177/64-16-77/24,5,27.3,57.1,в редакции приказа от 28 февраля 2024 г.,ПП Москвы 1086-24-64-16-641-24 jn 07.11.2024 Приказ ДОНМ и ДИТ Изменения в Отраслевой стандарт МЭШ.pdf,Действующий,11
"город Москвы, нормативы градостроительного проектирования в области образования",Градостроительство,2024-12-24,2025-08-26T03:35:38.799986+00:00,"Документ утверждает нормативы градостроительного проектирования города Москвы в области образования. Содержит изменения и дополнения, внесенные постановлениями Правительства Москвы. Включает нормы для проектирования образовательных учреждений города Москвы и регулирует порядок применения данных нормативов.",Постановление Правительства Москвы,ПП Москвы 2151-П от 21.12.2021 Об утверждении нормативов градостроительного проектирования города Москвы в области образования.pdf,Постановление Правительства Москвы от 21 декабря 2021 года N 2151-ПП Об утверждении нормативов градостроительного проектирования города Москвы в области образования (с изменениями на 24 декабря 2024 года),"['утверждение нормативов', 'изменения и дополнения', 'градостроительное проектирование', 'образовательные учреждения']","['нормативы градостроительного проектирования', 'образование', 'Москва', 'проектирование', 'городские нормы']",Русский,214,2151-ПП,5,96.2,6.1,с изменениями на 24 декабря 2024 года,ПП Москвы 2151-П от 21.12.2021 Об утверждении нормативов градостроительного проектирования города Москвы в области образования.pdf,Действующий,15
Здания и сооружения,Системы электросвязи,2023-01-24,2025-08-26T03:35:46.663401+00:00,"Документ устанавливает основные положения проектирования систем электросвязи зданий и сооружений. Включает требования к кабельной продукции, монтажу и контролю качества систем электросвязи с фокусом на измерение электрических параметров и приемочных испытаний.",Свод правил,ПП Москвы 399 от 15.03.2023 ПП ИД Слаботочные системы Электроизмерения Нормативные требования.pdf,СП 134.13330.2022 Системы электросвязи зданий и сооружений. Основные положения проектирования,"['требования к кабельной продукции', 'монтаж и контроль прокладки кабелей', 'приемо-сдаточные испытания кабельных систем', 'исполнительная документация', 'контроль качества кабелей']","['системы электросвязи', 'кабельная продукция', 'монтаж кабелей', 'испытания кабелей', 'измерение сопротивления изоляции', 'приемо-сдаточные испытания', 'исполнительная документация']",Русский,144,399,3,91.7,0.0,Введен впервые,ПП Москвы 399 от 15.03.2023 ПП ИД Слаботочные системы Электроизмерения Нормативные требования.pdf,Действующий,3
"Ведение и использование исполнительной документации при строительстве, реконструкции и капитальном ремонте объектов капитального строительства, а также при сохранении объектов культурного наследия за счет бюджета города Москвы",Строительство,2023-03-15,2025-08-26T03:35:51.356266+00:00,"Документ устанавливает особенности ведения и использования исполнительной документации при строительстве, реконструкции, капитальном ремонте объектов капитального строительства, включая работы по сохранению объектов культурного наследия, финансируемых из бюджета города Москвы.",Постановление Правительства Москвы,ПП Москвы 399-ПП от 15.03.2023 Об особенностях ведения и использования ИД при строительстве объектов за счет госбюджета.pdf,"Постановление Правительства Москвы от 15 марта 2023 года N 399-ПП Об особенностях ведения и использования исполнительной документации при строительстве, реконструкции, капитальном ремонте объектов капитального строительства, проведении работ по сохранению объектов культурного наследия за счет средств бюджета города Москвы","['требования к исполнительной документации', 'строительство', 'реконструкция', 'капитальный ремонт', 'сохранение культурного наследия', 'финансирование из бюджета']","['исполнительная документация', 'строительство', 'реконструкция', 'капитальный ремонт', 'объекты капитального строительства', 'сохранение объектов культурного наследия', 'бюджет города Москвы']",Русский,75,399-ПП,5,98.5,0.0,,ПП Москвы 399-ПП от 15.03.2023 Об особенностях ведения и использования ИД при строительстве объектов за счет госбюджета.pdf,Действующий,39
Органы исполнительной власти города Москвы и подведомственные им государственные учреждения,Информационные технологии,2013-07-25,2025-08-26T03:35:57.231593+00:00,Распоряжение утверждает Методические рекомендации по построению локальных вычислительных сетей и структурированных кабельных систем для органов исполнительной власти города Москвы и подведомственных им государственных учреждений. Цель документа – обеспечение доступа к автоматизированным информационным системам и ресурсам города Москвы с применением единых требований и стандартов.,Распоряжение,ПП Москвы 64-16-283-13 Методическими рекомендациями по построению ЛВС и СКС в целях обеспечения доступа к АИС и ресурсам города Москвы.pdf,Распоряжение Департамента информационных технологий города Москвы от 25 июля 2013 года N 64-16-283/13 Об утверждении Методических рекомендаций по построению локальных вычислительных сетей и структурированных кабельных систем органов исполнительной власти города Москвы и подведомственных им государственных учреждений в целях обеспечения доступа к автоматизированным информационным системами и ресурсам города Москвы,"['локальные вычислительные сети', 'структурированные кабельные системы', 'автоматизированные информационные системы', 'информационные технологии', 'стандартизация']","['локальные вычислительные сети', 'структурированные кабельные системы', 'методические рекомендации', 'органы исполнительной власти Москвы', 'государственные учреждения', 'доступ к информационным системам']",русский,426,64-16-283/13,5,86.7,0.0,,ПП Москвы 64-16-283-13 Методическими рекомендациями по построению ЛВС и СКС в целях обеспечения доступа к АИС и ресурсам города Москвы.pdf,Действующий,33
Создание информационно-коммуникационной инфраструктуры в медицинских организациях государственной системы здравоохранения города Москвы при проведении строительных работ на объектах Департамента здравоохранения города Москвы,Информационные технологии,2017-10-30,2025-08-26T03:36:01.934279+00:00,Документ утверждает регламент взаимодействия между Департаментом здравоохранения города Москвы и Департаментом информационных технологий города Москвы по созданию информационно-коммуникационной инфраструктуры в медицинских организациях при проведении строительных работ. Регламент направлен на обеспечение внедрения и использования автоматизированной информационной системы города Москвы Единой медицинской информационно-аналитической системы города Москвы (ЕМИАС).,Распоряжение,"ПП Москвы 64-16-606-17-1358-Р от 30.10.2017 Технические требования ИКИ ЕМИАС ДЗМ, ДИТ.pdf",Распоряжение от 30 октября 2017 года N 64-16-606/17/1358-Р Об утверждении Регламента взаимодействия по созданию информационно-коммуникационной инфраструктуры в рамках проведения строительных работ на объектах Департамента здравоохранения города Москвы,"['создание инфраструктуры', 'внедрение автоматизированных систем', 'медицинские организации', 'строительство и ремонт']","['регламент взаимодействия', 'информационно-коммуникационная инфраструктура', 'строительные работы', 'Департамент здравоохранения города Москвы', 'Департамент информационных технологий города Москвы', 'ЕМИАС']",русский,437,64-16-606/17/1358-Р,5,86.3,0.0,,"ПП Москвы 64-16-606-17-1358-Р от 30.10.2017 Технические требования ИКИ ЕМИАС ДЗМ, ДИТ.pdf",Действующий,20
Приемка объектов инженерного и коммунального назначения в собственность города Москвы,Инженерные сети и сооружения,2018-07-24,2025-08-26T03:36:12.850702+00:00,"Данный документ регламентирует порядок приемки объектов инженерного и коммунального назначения в собственность города Москвы, устанавливая условия и процедуры передачи прав собственности на вновь построенные, реконструируемые и действующие инженерные сети и сооружения. Документ включает изменения и дополнения, внесённые до 24 июля 2018 года.",Постановление Правительства Москвы,ПП Москвы 660 от 22.08.2000 О порядке приемки объектов инженерного и коммунального назначения в собственность города Москвы.pdf,Постановление Правительства Москвы от 22 августа 2000 года N 660 О порядке приемки объектов инженерного и коммунального назначения в собственность города Москвы с изменениями на 24 июля 2018 года,"['передача собственности', 'инвестиционные договоры', 'временная эксплуатация', 'регистрация собственности']","['приемка объектов', 'инженерные сети', 'коммунальное назначение', 'собственность города Москвы', 'инвестиционные контракты', 'реконструкция']",русский,535,660,5,95.9,0.0,с изменениями на 24 июля 2018 года,ПП Москвы 660 от 22.08.2000 О порядке приемки объектов инженерного и коммунального назначения в собственность города Москвы.pdf,Действующий,14
"Объекты и территории Министерства просвещения Российской Федерации и другие организации, осуществляющие образовательную деятельность в сфере общего и среднего профессионального образования",Пожарная безопасность,2022-03-05,2025-08-26T03:36:19.048837+00:00,"Постановление устанавливает обязательные организационные, инженерно-технические, правовые и иные требования для обеспечения антитеррористической защищенности объектов и территорий Министерства просвещения Российской Федерации и подведомственных образовательных организаций. Документ содержит форму паспорта безопасности для указанных объектов и территорий. Включены изменения, внесённые 5 марта 2022 года.",Постановление Правительства РФ,ПП РФ 1006 Об утверждении требований к антитеррористической защищенности объектов (территорий) Министерства просвещения РФ.pdf,"Постановление Правительства Российской Федерации от 2 августа 2019 года N 1006 Об утверждении требований к антитеррористической защищенности объектов (территорий) Министерства просвещения Российской Федерации и объектов (территорий), относящихся к сфере деятельности Министерства просвещения Российской Федерации, и формы паспорта безопасности этих объектов (территорий) (с изменениями на 5 марта 2022 года)","['антитеррористическая защищенность объектов', 'организационные и технические меры защиты', 'образовательные учреждения', 'правовое регулирование']","['антитеррористическая защищенность', 'требования', 'объекты Министерства просвещения', 'территории', 'паспорт безопасности', 'организационные мероприятия', 'инженерно-технические мероприятия', 'образовательные организации']",русский,3763,1006,5,0.0,0.0,с изменениями на 5 марта 2022 года,ПП РФ 1006 Об утверждении требований к антитеррористической защищенности объектов (территорий) Министерства просвещения РФ.pdf,Действующий,19
Антитеррористическая защищенность объектов (территорий) Министерства просвещения Российской Федерации и подведомственных организаций,Пожарная безопасность,2022-03-05,2025-08-26T03:36:24.279275+00:00,"Документ утверждает обязательные требования и мероприятия по обеспечению антитеррористической защищенности объектов и территорий Министерства просвещения Российской Федерации и организаций, относящихся к его сфере деятельности. Включает форму паспорта безопасности этих объектов и территорий. Содержит положения об организации, инженерно-технических и правовых мерах защиты.",Постановление Правительства РФ,ПП РФ 1006 от 02.08.2019 Об утверждении требований к антитеррористической защищенности объектов (территорий) Минпросвещения РФ.pdf,"Постановление Правительства Российской Федерации от 2 августа 2019 года N 1006 Об утверждении требований к антитеррористической защищенности объектов (территорий) Министерства просвещения Российской Федерации и объектов (территорий), относящихся к сфере деятельности Министерства просвещения Российской Федерации, и формы паспорта безопасности этих объектов (территорий) (с изменениями на 5 марта 2022 года)",,,русский,3763,1006,5,0.0,0.0,с изменениями на 5 марта 2022 года,ПП РФ 1006 от 02.08.2019 Об утверждении требований к антитеррористической защищенности объектов (территорий) Минпросвещения РФ.pdf,Действующий,19
Подключение объектов капитального строительства к сетям электросвязи,Сети электросвязи,2024-05-16,2025-08-26T03:36:28.811298+00:00,"Документ регулирует правила подключения (технологического присоединения) объектов капитального строительства к сетям электросвязи. В нем определены порядок, основные понятия и условия подключения, а также ответственность сторон. Правила применяются к проектируемым, строящимся, реконструируемым и построенным объектам капитального строительства.",Постановление Правительства РФ,ПП РФ 1196 от 01.07.2022 Правила подключения объектов капитального строительства к сетям электросвязи (изм. на 16.05.2024).pdf,Постановление Правительства Российской Федерации от 1 июля 2022 года N 1196 Об утверждении Правил подключения (технологического присоединения) объектов капитального строительства к сетям электросвязи (с изменениями на 16 мая 2024 года),"['технологическое присоединение', 'строительство', 'реконструкция', 'операторы связи', 'договор о подключении']","['подключение', 'технологическое присоединение', 'объекты капитального строительства', 'сети электросвязи', 'правила']",Русский,3963,1196,5,8.3,0.0,с изменениями на 16 мая 2024 года,ПП РФ 1196 от 01.07.2022 Правила подключения объектов капитального строительства к сетям электросвязи (изм. на 16.05.2024).pdf,Действующий,11
Объекты и территории Федеральной службы по надзору в сфере образования и науки и подведомственных ей организаций,Пожарная безопасность,2019-09-24,2025-08-26T03:36:35.354735+00:00,"Постановление утверждает требования к антитеррористической защищенности объектов и территорий, находящихся в ведении Федеральной службы по надзору в сфере образования и науки и подведомственных ей организаций, а также форму паспорта безопасности этих объектов. Документ устанавливает организационные, инженерно-технические и иные мероприятия по обеспечению безопасности, порядок категорирования объектов в зависимости от степени угрозы терроризма, а также распределение ответственности за обеспечение антитеррористической защищенности.",Постановление Правительства РФ,ПП РФ 1243 от 24.09.2019 Об утверждении требований к антитеррористической защищенности объектов образования и науки.pdf,"Постановление Правительства Российской Федерации от 24 сентября 2019 года N 1243 Об утверждении требований к антитеррористической защищенности объектов (территорий) Федеральной службы по надзору в сфере образования и науки и подведомственных ей организаций, а также формы паспорта безопасности этих объектов (территорий)","['антитеррористическая защищенность', 'организационные мероприятия', 'инженерно-технические меры', 'категорирование объектов', 'ответственность']","['антитеррористическая защищенность', 'объекты', 'территории', 'Федеральная служба по надзору в сфере образования и науки', 'паспорта безопасности', 'категорирование объектов']",Русский,3502,1243,5,0.0,0.0,,ПП РФ 1243 от 24.09.2019 Об утверждении требований к антитеррористической защищенности объектов образования и науки.pdf,Действующий,14
Объекты (территории) Министерства науки и высшего образования Российской Федерации и подведомственных ему организаций,Антитеррористическая защищенность,2023-04-04,2025-08-26T03:36:40.921341+00:00,"Постановление утверждает требования к антитеррористической защищенности объектов (территорий) Министерства науки и высшего образования Российской Федерации и подведомственных ему организаций, форму паспорта безопасности этих объектов, а также признает утратившими силу некоторые прежние акты Правительства РФ. В документе отражены изменения, внесённые по состоянию на 4 апреля 2023 года.",Постановление Правительства РФ,ПП РФ 1421 от 07.11.2019 Об утверждении требований к антитеррористической защищенности объектов (территорий) Минобр РФ.pdf,"Постановление Правительства Российской Федерации от 7 ноября 2019 года N 1421 об утверждении требований к антитеррористической защищенности объектов (территорий) Министерства науки и высшего образования Российской Федерации и подведомственных ему организаций, объектов (территорий), относящихся к сфере деятельности Министерства науки и высшего образования Российской Федерации, формы паспорта безопасности этих объектов (территорий) и признании утратившими силу некоторых актов Правительства Российской Федерации с изменениями на 4 апреля 2023 года","['требования к антитеррористической защищенности', 'форма паспорта безопасности', 'категорирование объектов']","['антитеррористическая защищенность', 'Министерство науки и высшего образования Российской Федерации', 'паспорта безопасности', 'объекты (территории)', 'категорирование объектов']",русский,3841,1421,5,4.2,0.0,Изм. на 4 апреля 2023 года,ПП РФ 1421 от 07.11.2019 Об утверждении требований к антитеррористической защищенности объектов (территорий) Минобр РФ.pdf,Действующий,23
Организация и проведение государственной экспертизы проектной документации и результатов инженерных изысканий,Экспертиза проектной документации,2022-09-01,2025-08-26T03:36:45.425379+00:00,"Документ регламентирует порядок организации и проведения государственной экспертизы проектной документации и результатов инженерных изысканий. Включает положения об этапах экспертизы, требованиях к документации и проведению проверок. Редакция документа действует с 1 сентября 2022 года с учетом многочисленных изменений, внесенных с 2007 года.",Постановление Правительства РФ,ПП РФ 145 от 05.03.2007 О порядке организации и проведения гос экспертизы проектной документации и результатов инженерных изысканий.pdf,"Постановление Правительства Российской Федерации от 5 марта 2007 года N 145 О порядке организации и проведения государственной экспертизы проектной документации и результатов инженерных изысканий (редакция, действующая с 1 сентября 2022 года)","['государственная экспертиза', 'проектная документация', 'инженерные изыскания', 'регламентация экспертизы']","['государственная экспертиза', 'проектная документация', 'инженерные изыскания', 'организация экспертизы', 'проведение экспертизы']",русский,4440,145,5,9.3,89.6,с изменениями на 28 июля 2022 года,ПП РФ 145 от 05.03.2007 О порядке организации и проведения гос экспертизы проектной документации и результатов инженерных изысканий.pdf,Действующий,49
"Требования к оснащению объектов защиты автоматическими установками пожаротушения, системой пожарной сигнализации, системой оповещения и управления эвакуацией людей при пожаре",Пожарная безопасность,2021-09-01,2025-08-26T03:36:51.034783+00:00,"Документ устанавливает требования к оснащению объектов защиты автоматическими установками пожаротушения, системой пожарной сигнализации, системой оповещения и управления эвакуацией людей при пожаре. Применяется к зданиям, сооружениям, помещениям и оборудованию, введенным в эксплуатацию или проектной документации, направленной на экспертизу до вступления в силу Федерального закона ""Технический регламент о требованиях пожарной безопасности"". Определены критерии оснащения различных типов объектов защиты, а также условия применения требований при капитальном ремонте, реконструкции и изменении функционального назначения.",Постановление Правительства РФ,ПП РФ 1464 от 01.09.2021 Об утверждении требований к оснащению объектов защиты установками пожаротушения.pdf,"Постановление Правительства Российской Федерации от 1 сентября 2021 года N 1464 Об утверждении требований к оснащению объектов защиты автоматическими установками пожаротушения, системой пожарной сигнализации, системой оповещения и управления эвакуацией людей при пожаре","['требования к оснащению', 'объекты защиты', 'пожаротушение', 'пожарная сигнализация', 'эвакуация при пожаре']","['автоматические установки пожаротушения', 'система пожарной сигнализации', 'система оповещения', 'управление эвакуацией', 'пожарная безопасность', 'объекты защиты']",русский,194,1464,5,84.0,19.1,,ПП РФ 1464 от 01.09.2021 Об утверждении требований к оснащению объектов защиты установками пожаротушения.pdf,Действующий,21
"Устанавливают требования пожарной безопасности для поведения людей и организации производства и содержания территорий, зданий, сооружений, помещений организаций и других объектов защиты для обеспечения пожарной безопасности",Пожарная безопасность,2023-03-01,2025-08-26T03:36:57.962446+00:00,"Данный документ утверждает Правила противопожарного режима в Российской Федерации, определяющие требования и порядок обеспечения пожарной безопасности, организацию поведения людей и содержание объектов защиты. Документ содержит изменения, действующие с 24 октября 2022 года, и применяется с 1 марта 2023 года.",Постановление Правительства РФ,ПП РФ 1479 Правила противопожарного режима в РФ (изм. на 24.10.2022).pdf,Правила противопожарного режима в Российской Федерации (с изменениями на 24 октября 2022 года),"['требования пожарной безопасности', 'поведение людей при пожаре', 'организация и содержание объектов защиты', 'порядок вызова пожарной охраны', 'меры по эвакуации и тушению пожара']","['противопожарный режим', 'пожарная безопасность', 'организация производства', 'содержание территорий', 'эвакуация', 'тушение пожара']",Русский,3550,1479,5,16.0,66.7,с изменениями на 24 октября 2022 года,ПП РФ 1479 Правила противопожарного режима в РФ (изм. на 24.10.2022).pdf,Действующий,84
"Лицензирование образовательной деятельности, включая особенности для инновационного центра «Сколково», инновационных научно-технологических центров, международного медицинского кластера и федеральной территории «Сириус».",Образование,2022-03-01,2025-08-26T03:37:02.924547+00:00,"Документ устанавливает порядок лицензирования образовательной деятельности в Российской Федерации, регламентирует деятельность образовательных организаций и предпринимателей, а также особенности лицензирования на специальных территориях и в проектах. Включает изменения, вступающие в силу с 1 марта 2022 года.",Постановление Правительства РФ,ПП РФ 1490 от 18.09.2020 О лицензировании образовательной деятельности (с 01.01.2021 по 31.08.2026).pdf,Постановление Правительства Российской Федерации от 18 сентября 2020 года N 1490 О лицензировании образовательной деятельности (с изменениями на 30 ноября 2021 года),"['Порядок лицензирования', 'Требования к образовательной деятельности', 'Особенности для специальных территорий и проектов']","['лицензирование', 'образовательная деятельность', 'образовательные организации', 'Федеральная служба по надзору в сфере образования', 'инновационный центр Сколково', 'международный медицинский кластер', 'федеральная территория Сирис']",Русский,4070,1490,5,21.1,89.2,с изменениями на 30 ноября 2021 года,ПП РФ 1490 от 18.09.2020 О лицензировании образовательной деятельности (с 01.01.2021 по 31.08.2026).pdf,Действующий,17
Антитеррористическая защищенность объектов (территорий) в сфере культуры,Пожарная безопасность,2025-05-08,2025-08-26T03:37:06.671508+00:00,"Данный документ утверждает требования к антитеррористической защищенности объектов (территорий) в сфере культуры, включая комплекс мер по инженерно-технической укрепленности, категорированию объектов, контролю за выполнением требований и разработке паспорта безопасности. Документ содержит изменения, внесённые по состоянию на 8 мая 2025 года.",Постановление Правительства РФ,ПП РФ 176 от 11.02.2017 (изм. на 08.05.2025).pdf,Постановление Правительства Российской Федерации от 11 февраля 2017 года N 176 Об утверждении требований к антитеррористической защищенности объектов (территорий) в сфере культуры и формы паспорта безопасности этих объектов (территорий) с изменениями на 8 мая 2025 года,"['антитеррористическая защищенность', 'требования', 'паспорт безопасности', 'объекты культуры']","['антитеррористическая защищенность', 'объекты культуры', 'паспорт безопасности', 'требования безопасности', 'территории']",русский,2874,176,5,5.0,0.0,,ПП РФ 176 от 11.02.2017 (изм. на 08.05.2025).pdf,Действующий,19
Объекты спорта,Пожарная безопасность,2022-03-05,2025-08-26T03:37:10.861393+00:00,"Данное постановление утверждает требования к антитеррористической защищенности объектов спорта и форму паспорта безопасности объектов спорта. Устанавливаются обязательные мероприятия по обеспечению безопасности спортивных объектов, включая организационные, инженерно-технические и правовые меры, а также порядок проведения категорирования и оформления паспорта безопасности. Также документ содержит информацию об изменениях, внесённых до 5 марта 2022 года.",Постановление Правительства РФ,ПП РФ 202 от 06.03.2015 Об утверждении требований к антитеррористической защищенности объектов спорта.pdf,Постановление Правительства Российской Федерации от 6 марта 2015 года N 202 Об утверждении требований к антитеррористической защищенности объектов спорта и формы паспорта безопасности объектов спорта,"['антитеррористическая защита', 'требования безопасности', 'объекты спорта', 'порядок категорирования', 'паспорт безопасности объектов спорта']","['антитеррористическая защищенность', 'объекты спорта', 'паспорт безопасности', 'категорирование', 'безопасность', 'спортивные объекты']",русский,2568,202,5,6.2,0.0,с изменениями на 5 марта 2022 года,ПП РФ 202 от 06.03.2015 Об утверждении требований к антитеррористической защищенности объектов спорта.pdf,Действующий,15
подключение объектов капитального строительства к централизованным системам горячего и холодного водоснабжения и водоотведения,Системы водоснабжения,2024-06-27,2025-08-26T03:37:16.311640+00:00,"Постановление утверждает правила подключения объектов капитального строительства к централизованным системам горячего и холодного водоснабжения и водоотведения, вносит изменения в акты Правительства РФ и признает утратившими силу отдельные акты. Документ действует с 1 марта 2022 года сроком 6 лет и содержит методические указания по расчету подключенной мощности.",Постановление Правительства РФ,"ПП РФ 2130 от 30.11.2021 Правила подключения ОКС к централизованым системам ГВС, ХВС и водоотведению.pdf","Постановление Правительства Российской Федерации от 30 ноября 2021 года N 2130 Об утверждении Правил подключения (технологического присоединения) объектов капитального строительства к централизованным системам горячего водоснабжения, холодного водоснабжения и (или) водоотведения, о внесении изменений в отдельные акты Правительства Российской Федерации и признании утратившими силу отдельных актов Правительства Российской Федерации и положений отдельных актов Правительства Российской Федерации (с изменениями на 27 июня 2024 года)","['правила подключения', 'технологическое присоединение', 'централизованные системы водоснабжения', 'водоотведение', 'акты Правительства']","['подключение', 'технологическое присоединение', 'централизованные системы горячего водоснабжения', 'холодное водоснабжение', 'водоотведение', 'акты Правительства Российской Федерации']",русский,2870,2130,5,20.9,37.5,с изменениями на 27 июня 2024 года,"ПП РФ 2130 от 30.11.2021 Правила подключения ОКС к централизованым системам ГВС, ХВС и водоотведению.pdf",Действующий,72
"места массового пребывания людей и объекты (территории), подлежащие обязательной охране войсками национальной гвардии Российской Федерации",Пожарная безопасность,2023-10-24,2025-08-26T03:37:20.955333+00:00,"Данное постановление утверждает требования к антитеррористической защищенности мест массового пребывания людей и объектов (территорий), которые подлежат обязательной охране войсками национальной гвардии Российской Федерации, а также формы паспортов безопасности таких мест и объектов. Документ содержит нормы и правила по организации и обеспечению антитеррористической безопасности в указанных местах.",Постановление Правительства РФ,ПП РФ 272 от 25.03.2015 Об утверждении требований к антитеррористической защищенности мест массового пребывания людей.pdf,"Постановление Правительства Российской Федерации от 25 марта 2015 года N 272 Об утверждении требований к антитеррористической защищенности мест массового пребывания людей и объектов (территорий), подлежащих обязательной охране войсками национальной гвардии Российской Федерации, и форм паспортов безопасности таких мест и объектов (территорий) (с изменениями на 24 октября 2023 года)","['антитеррористическая защищенность', 'охрана объектов', 'паспорта безопасности', 'места массового пребывания людей']","['антитеррористическая защищенность', 'места массового пребывания людей', 'объекты (территории)', 'охрана войсками национальной гвардии', 'паспорт безопасности', 'требования']",Русский,3333,272,5,10.0,64.3,,ПП РФ 272 от 25.03.2015 Об утверждении требований к антитеррористической защищенности мест массового пребывания людей.pdf,Действующий,47
Обеспечение антитеррористической защищенности объектов (территорий),Пожарная безопасность,2022-03-05,2025-08-26T03:37:24.596885+00:00,"Данное постановление вносит изменения в акты Правительства Российской Федерации, регулирующие обеспечение антитеррористической защищенности объектов и территорий. В документе уточняются требования к категорированию объектов и мерам по их защите от террористических актов, а также правила актуализации паспортов безопасности.",Постановление Правительства РФ,ПП РФ 289 от 05.03.2022 О внесении изменений в акты Правительства РФ в сфере обеспечения антитеррористической защищенности объектов.pdf,Постановление Правительства Российской Федерации от 5 марта 2022 года N 289 О внесении изменений в некоторые акты Правительства Российской Федерации в сфере обеспечения антитеррористической защищенности объектов (территорий),"['обеспечение антитеррористической защищенности', 'требования к безопасности', 'категорирование объектов и территорий', 'изменения в нормативных актах']","['антитеррористическая защищенность', 'террористические акты', 'категорирование объектов', 'паспорта безопасности']",Русский,3213,289,5,0.0,0.0,,ПП РФ 289 от 05.03.2022 О внесении изменений в акты Правительства РФ в сфере обеспечения антитеррористической защищенности объектов.pdf,Действующий,12
,Разрешительная деятельность,2025-06-12,2025-08-26T03:37:27.857195+00:00,"Данное постановление регулирует особенности разрешительной деятельности в Российской Федерации. В документ внесено множество изменений, последние из которых датированы 12 июня 2025 года. Постановление устанавливает порядок и условия осуществления разрешительной деятельности и распространяется на правоотношения, возникшие с 24 февраля 2022 года.",Постановление Правительства РФ,ПП РФ 353 от 12.03.2022 Об особенностях разрешительной деятельности в Российской.pdf,Постановление Правительства Российской Федерации от 12 марта 2022 года N 353 Об особенностях разрешительной деятельности в Российской Федерации (с изменениями на 12 июня 2025 года),,,Русский,3346,353,5,33.6,30.4,с изменениями на 12 июня 2025 года,ПП РФ 353 от 12.03.2022 Об особенностях разрешительной деятельности в Российской.pdf,Действующий,98
Подготовка документации по планировке территории,Инженерные изыскания,2017-03-31,2025-08-26T03:37:32.798613+00:00,"Данное постановление утверждает правила выполнения инженерных изысканий, необходимых для подготовки документации по планировке территории, а также перечень видов таких изысканий и вносит изменения в предыдущее постановление Правительства Российской Федерации от 2006 года.",Постановление Правительства РФ,"ПП РФ 402 Об утверждении Правил выполнения инженерных изысканий, необходимых для подготовки документации по планировке территории.pdf .pdf","Постановление Правительства Российской Федерации от 31 марта 2017 г. № 402 Об утверждении Правил выполнения инженерных изысканий, необходимых для подготовки документации по планировке территории, перечня видов инженерных изысканий, необходимых для подготовки документации по планировке территории, и о внесении изменений в постановление Правительства Российской Федерации от 19 января 2006 г. № 20","['правила выполнения инженерных изысканий', 'подготовка документации по планировке территории', 'изменения в предыдущие постановления']","['инженерные изыскания', 'подготовка документации', 'планировка территории', 'правила', 'перечень видов изысканий']",русский,1292,402,5,33.3,0.0,,"ПП РФ 402 Об утверждении Правил выполнения инженерных изысканий, необходимых для подготовки документации по планировке территории.pdf .pdf",Действующий,9
Правила противопожарного режима в Российской Федерации,Пожарная безопасность,2024-03-01,2025-08-26T03:37:36.432295+00:00,"Постановление Правительства Российской Федерации от 30 марта 2023 года N 510 вносит изменение в пункт 32 Правил противопожарного режима, регулируя установку устройств защиты от дугового пробоя в электроустановках зданий общежитий, образовательных, медицинских и других специализированных учреждений. Документ вступает в силу с 1 марта 2024 года.",Постановление Правительства РФ,ПП РФ 510 О внесении изменения в пункт 32 Правил противопожарного режима в Российской Федерации (дейст. с 01.01.2024).pdf,Постановление Правительства Российской Федерации от 30 марта 2023 года N 510 О внесении изменения в пункт 32 Правил противопожарного режима в Российской Федерации,"['правила противопожарного режима', 'устройства защиты', 'безопасность электроустановок']","['противопожарный режим', 'устройства защиты от дугового пробоя', 'электроустановки', 'реконструкция', 'капитальный ремонт']",Русский,2015,510,1,0.0,0.0,внесение изменения,ПП РФ 510 О внесении изменения в пункт 32 Правил противопожарного режима в Российской Федерации (дейст. с 01.01.2024).pdf,Действующий,1
Безопасность зданий и сооружений на всех этапах их жизненного цикла,Пожарная безопасность,2024-05-30,2025-08-26T03:37:41.066097+00:00,"Постановление Правительства РФ устанавливает требования к содержанию результатов применения способов обоснования соответствия архитектурных, функционально-технологических, конструктивных, инженерно-технических и иных решений и мероприятий по обеспечению безопасности зданий и сооружений, а также регламентирует порядок их подготовки и утверждения.",Постановление Правительства РФ,ПП РФ 708 от 30.05.2024 Об утверждении требований к содержанию и порядку утверждения результатов обоснования требованиям безопасности.PDF,"Постановление Правительства Российской Федерации от 30 мая 2024 года № 708 Об утверждении требований к содержанию результатов применения предусмотренных частью 6 статьи 15 Федерального закона ""Технический регламент о безопасности зданий и сооружений"" способов обоснования соответствия архитектурных, функционально-технологических, конструктивных, инженерно-технических и иных решений и мероприятий по обеспечению безопасности зданий, сооружений, процессов, осуществляемых на всех этапах их жизненного цикла, требованиям, установленным указанным Федеральным законом, порядку их подготовки и утверждения","['требования к содержанию результатов применения', 'обоснование соответствия', 'архитектурные решения', 'функционально-технологические решения', 'конструктивные решения', 'жизненный цикл зданий и сооружений']","['технический регламент', 'безопасность зданий и сооружений', 'способы обоснования', 'архитектурные решения', 'функционально-технологические решения', 'конструктивные решения', 'инженерно-технические решения']",Русский,4000,708,5,11.1,0.0,,ПП РФ 708 от 30.05.2024 Об утверждении требований к содержанию и порядку утверждения результатов обоснования требованиям безопасности.PDF,Действующий,8
"Правила организации коммерческого учета воды, сточных вод в коммунальной сфере",Системы водоснабжения,2020-05-22,2025-08-26T03:37:45.596127+00:00,"Документ утверждает правила организации коммерческого учета воды и сточных вод с использованием приборов учета, соответствующих законодательству Российской Федерации, распространяется на отношения, возникающие при предоставлении коммунальных услуг в сфере водоснабжения и водоотведения. Включены изменения и дополнения до 22 мая 2020 года.",Постановление Правительства РФ,"ПП РФ 776 от 04.09.2013 Об утверждении Правил организации коммерческого учета воды, сточных вод.pdf","Постановление Правительства Российской Федерации от 4 сентября 2013 года N 776 Об утверждении Правил организации коммерческого учета воды, сточных вод (с изменениями на 22 мая 2020 года)","['порядок коммерческого учета воды', 'порядок коммерческого учета сточных вод', 'требования к приборам учета', 'договоры водоснабжения и водоотведения']","['коммерческий учет воды', 'коммерческий учет сточных вод', 'приборы учета', 'законодательство РФ', 'водоснабжение', 'водоотведение', 'коммунальные услуги']",русский,4196,776,5,0.0,0.0,с изменениями на 22 мая 2020 года,"ПП РФ 776 от 04.09.2013 Об утверждении Правил организации коммерческого учета воды, сточных вод.pdf",Действующий,14
"Антитеррористическая защищенность объектов (территорий) Министерства здравоохранения Российской Федерации и объектов (территорий), относящихся к сфере деятельности Министерства здравоохранения Российской Федерации",Пожарная безопасность,2022-03-05,2025-08-26T03:37:50.168300+00:00,"Документ устанавливает требования к антитеррористической защищенности объектов и территорий Министерства здравоохранения Российской Федерации и связанных с ним структур, а также утверждает форму паспорта безопасности этих объектов с учетом изменений на 5 марта 2022 года.",Постановление Правительства РФ,ПП РФ 8 от 13.01.2017 Об утверждении требований к антитеррористической защищенности объектов здравоохранения.pdf,"Постановление Правительства Российской Федерации от 13 января 2017 года N 8 Об утверждении требований к антитеррористической защищенности объектов (территорий) Министерства здравоохранения Российской Федерации и объектов (территорий), относящихся к сфере деятельности Министерства здравоохранения Российской Федерации, и формы паспорта безопасности этих объектов (территорий) (с изменениями на 5 марта 2022 года)","['антитеррористическая защищенность', 'паспорта безопасности', 'объекты и территории министерства здравоохранения']","['антитеррористическая защищенность', 'Министерство здравоохранения', 'объекты', 'территории', 'паспорт безопасности']",Русский,3853,8,5,0.0,0.0,,ПП РФ 8 от 13.01.2017 Об утверждении требований к антитеррористической защищенности объектов здравоохранения.pdf,Действующий,15
Организация теплоснабжения в Российской Федерации,Теплоснабжение,2021-11-25,2025-08-26T03:37:54.168181+00:00,"Постановление Правительства Российской Федерации устанавливает правила организации теплоснабжения в РФ и вносит изменения в некоторые акты Правительства. Документ содержит нормы, регулирующие отношения в сфере теплоснабжения, а также определяет порядок разработки методических указаний по оценке надежности систем теплоснабжения.",Постановление Правительства РФ,ПП РФ 808 от 08.08.2012 Об организации теплоснабжения в Российской Федерации.pdf,Постановление Правительства РФ от 8 августа 2012 года N 808 Об организации теплоснабжения в Российской Федерации и о внесении изменений в некоторые акты Правительства Российской Федерации с изменениями на 25 ноября 2021 года,"['организация теплоснабжения', 'правила теплоснабжения', 'методические указания', 'надежность систем теплоснабжения']","['теплоснабжение', 'Правительство Российской Федерации', 'правила организации', '+изменения', 'акты Правительства']",русский,4205,808,5,11.3,68.8,с изменениями на 25 ноября 2021 года,ПП РФ 808 от 08.08.2012 Об организации теплоснабжения в Российской Федерации.pdf,Действующий,64
Требования к содержанию разделов проектной документации,Проектная документация,2021-04-09,2025-08-26T03:37:58.129293+00:00,Данное постановление регулирует состав разделов проектной документации и предъявляет требования к их содержанию. В документе также указаны компетенции различных федеральных органов исполнительной власти по разъяснению и уточнению требований к проектной документации.,Постановление Правительства РФ,ПП РФ 87 О составе разделов проектной документации.pdf,Постановление Правительства РФ от 16.02.2008 N 87 (ред. от 09.04.2021) О составе разделов проектной документации и требованиях к их содержанию,"['проектная документация', 'градостроительный кодекс', 'регулирование', 'федеральное законодательство']","['состав разделов проектной документации', 'требования к содержанию', 'федеральные органы исполнительной власти', 'градостроительный кодекс']",русский,3059,87,5,4.0,0.0,ред. от 09.04.2021,ПП РФ 87 О составе разделов проектной документации.pdf,Действующий,49
Оповещение населения города Москвы о чрезвычайных ситуациях,Пожарная безопасность,2015-12-01,2025-08-26T03:38:06.475621+00:00,"Документ регламентирует порядок подключения и отключения локальных и объектовых систем оповещения к региональной автоматизированной системе централизованного оповещения населения города Москвы при чрезвычайных ситуациях. Определены термины, обязанности и этапы процедуры подключения. Не регулирует договорные отношения между собственниками объектов и организациями, осуществляющими создание и обслуживание систем оповещения.",Приказ ГОЧС,Приказ ГОЧСиПБ 27-08-15_22 от 17.01.2022 Регламент подключения ОСО к РСО г. Москвы.pdf,Регламент подключения (отключения) локальных и объектовых систем оповещения к региональной автоматизированной системе централизованного оповещения населения города Москвы о чрезвычайных ситуациях,"['порядок подключения', 'отключение систем оповещения', 'технические условия сопряжения', 'ответственность собственников', 'регулирование процедур']","['локальные системы оповещения', 'объектовые системы оповещения', 'региональная автоматизированная система', 'централизованное оповещение', 'чрезвычайные ситуации', 'город Москва']",русский,1778,27-08-15/22,5,0.0,0.0,,Приказ ГОЧСиПБ 27-08-15_22 от 17.01.2022 Регламент подключения ОСО к РСО г. Москвы.pdf,Действующий,11
Системы оповещения населения и пожарные сигнализации города Москвы,Пожарная безопасность,2022-08-01,2025-08-26T03:38:11.728462+00:00,Документ утверждает Единый регламент выдачи технических условий к системам оповещения населения города Москвы и технических требований к системам пожарной сигнализации для передачи сигналов в программно-аппаратный комплекс системы мониторинга возгораний и угроз развития крупных пожаров.,Приказ ГОЧС,Приказ ГОЧСиПБ 27-08-435_22 от 01.08.2022 Утверждение регламента выдачи ТУ на ОСО с РСО и ТТ на Стрелец.pdf,"Приказ Департамента по делам гражданской обороны, чрезвычайным ситуациям и пожарной безопасности города Москвы об утверждении Единого регламента выдачи технических условий к системам оповещения населения города Москвы и технических требований к системам пожарной сигнализации для передачи сигналов в программно-аппаратный комплекс системы мониторинга, обработки и передачи данных о параметрах возгорания, угрозах и рисках развития крупных пожаров","['единый регламент', 'выдача технических условий', 'системы оповещения населения', 'пожарная сигнализация', 'мониторинг и передача данных о пожарах']","['пожарная безопасность', 'системы оповещения', 'пожарная сигнализация', 'мониторинг возгораний', 'технические условия']",Русский,1532,27-08-435/22,5,33.3,0.0,Введен впервые,Приказ ГОЧСиПБ 27-08-435_22 от 01.08.2022 Утверждение регламента выдачи ТУ на ОСО с РСО и ТТ на Стрелец.pdf,Действующий,24
,Не определено,2024-10-04,2025-08-26T03:38:14.176859+00:00,"Документ с регистрационным номером 27-08-543/24 зарегистрирован 04.10.2024 и связан с Департаментом ГОЧСиПБ. Содержит несколько страниц, созданных 04.10.2024.",Приказ ГОЧС,Приказ ГОЧСиПБ 27-08-543_24 от 04.10.2024 О внесении изменений в приказ Департамента ГОЧСиПБ №27-08-598_22 от 14.10.2022.pdf,Документ зарегистрирован № 27-08-543/24 от 04.10.2024 Иванова Ю.В. (Департамент ГОЧСиПБ),,,Русский,215,27-08-543/24,5,0.0,0.0,,Приказ ГОЧСиПБ 27-08-543_24 от 04.10.2024 О внесении изменений в приказ Департамента ГОЧСиПБ №27-08-598_22 от 14.10.2022.pdf,Не определено,8
,Не определено,2025-04-18,2025-08-26T03:38:19.310575+00:00,Документ зарегистрирован с номером 27-08-283/25 и датой регистрации 18.04.2025. Текст содержит сведения о регистрации документа и дате создания страниц.,Приказ ГОЧС,Приказ ГОЧСиПБ 27-08-583_25 от 18.04.2025 О внесении изменений в приказ Департамента ГОЧСиПБ №27-08-15_22 от 17.01.2022.pdf,Документ зарегистрирован,,,русский,220,27-08-283/25,5,0.0,0.0,,Приказ ГОЧСиПБ 27-08-583_25 от 18.04.2025 О внесении изменений в приказ Департамента ГОЧСиПБ №27-08-15_22 от 17.01.2022.pdf,Не определено,16
Выдача актов о подключении объектов к централизованной автоматизированной системе передачи извещений о пожаре в городе Москве,Пожарная безопасность,2022-09-20,2025-08-26T03:38:25.434513+00:00,"Документ утверждает регламент выдачи актов о подключении объектов оснащения к Централизованной автоматизированной системе передачи извещений о пожаре. В приказе регламентируются обязанности различных государственных учреждений по организации, ведению базы данных, сбору и анализу данных системы пожарной сигнализации, а также меры по предупреждению и ликвидации последствий пожаров.",Приказ Правительства Москвы,Приказ ГОЧСиПБ 27-08-598_22 от 14.10.2022 Регламент выдачи акта о подключения объекта оснащения к ЦАСПИ.pdf,Приказ 1.4/8 2022 Об утверждении Регламента выдачи ГБУ Система 112 Акта о подключении объекта оснащения к Централизованной автоматизированной системе передачи извещений о пожаре,"['организация пожарной безопасности', 'ведение базы данных систем передачи извещений о пожаре', 'анализ ложных срабатываний', 'профилактика пожаров']","['Регламент выдачи', 'ГБУ Система 112', 'Централизованная автоматизированная система передачи извещений о пожаре', 'пожарная сигнализация', 'подключение объекта']",русский,1615,27-08-598/22,5,4.8,0.0,,Приказ ГОЧСиПБ 27-08-598_22 от 14.10.2022 Регламент выдачи акта о подключения объекта оснащения к ЦАСПИ.pdf,Действующий,21
Правила регистрации документов по стандартизации в национальной системе стандартизации,Стандартизация,2016-05-27,2025-08-26T03:38:31.570166+00:00,"Документ утверждает Порядок регистрации федеральным органом исполнительной власти в сфере стандартизации различных видов документов: национальных стандартов, сводов правил, международных, региональных и иностранных стандартов в Федеральном информационном фонде стандартов.",Приказ Минпромторга,Приказ Минпромторга России 1716 от 27.05.2016 (действ. с 14.10.2016) Об утверждении Порядка регистрации иностранных стандартов.pdf,"Приказ Минпромторга России от 27 мая 2016 года N 1716 Об утверждении Порядка регистрации федеральным органом исполнительной власти в сфере стандартизации документов, разрабатываемых и применяемых в национальной системе стандартизации, сводов правил, международных стандартов, региональных стандартов и региональных сводов правил, стандартов иностранных государств и сводов правил иностранных государств","['регистрация документов', 'национальные стандарты', 'международные стандарты', 'региональные стандарты', 'стандарты иностранных государств']","['стандартизация', 'регистрация', 'федеральный орган исполнительной власти', 'порядок регистрации', 'национальная система стандартизации', 'федеральный информационный фонд стандартов', 'стандарты', 'своды правил']",русский,2995,1716,3,0.0,0.0,,Приказ Минпромторга России 1716 от 27.05.2016 (действ. с 14.10.2016) Об утверждении Порядка регистрации иностранных стандартов.pdf,Действующий,3
Проведение экспертизы проектов стандартов организаций и проектов технических условий,Стандартизация,2017-07-06,2025-08-26T03:38:35.606558+00:00,"Документ утверждает порядок проведения экспертизы проектов стандартов организаций и проектов технических условий, представляемых разработчиками в технические комитеты по стандартизации. Определяет правила и предмет экспертизы в соответствии с Федеральным законом от 29 июня 2015 г. N 162-ФЗ ""О стандартизации в Российской Федерации"".",Приказ Минпромторга,Приказ Минпромторга России 2171 от 06.07.2017 (действ. с 14.08.2017) Об утверждении Порядка проведения экспертизы проектов СТО.pdf,"Приказ Минпромторга России от 6 июля 2017 года N 2171 Об утверждении Порядка проведения экспертизы проектов стандартов организаций, а также проектов технических условий","['порядок проведения экспертизы', 'стандартизация', 'технические условия', 'федеральные законы']","['экспертиза проектов стандартов', 'технические условия', 'стандартизация', 'технические комитеты', 'разработчики']",русский,2168,2171,4,20.0,0.0,,Приказ Минпромторга России 2171 от 06.07.2017 (действ. с 14.08.2017) Об утверждении Порядка проведения экспертизы проектов СТО.pdf,Действующий,4
"Исполнительная документация при строительстве, реконструкции, капитальном ремонте объектов капитального строительства",Строительство,2023-05-16,2025-08-26T03:38:39.519440+00:00,"Документ утверждает состав и порядок ведения исполнительной документации при строительстве, реконструкции и капитальном ремонте объектов капитального строительства, отменяет предыдущий приказ и устанавливает сроки действия с 1 сентября 2023 года по 1 сентября 2029 года.",Приказ Минстроя,Приказ Минстроя 344пр от 16.05.2023 Об утверждении состава и порядка ведения исполнительной документации.pdf,"Приказ Министерства строительства и жилищно-коммунального хозяйства Российской Федерации Об утверждении состава и порядка ведения исполнительной документации при строительстве, реконструкции, капитальном ремонте объектов капитального строительства","['состав исполнительной документации', 'порядок ведения исполнительной документации', 'строительство', 'реконструкция', 'капитальный ремонт']","['исполнительная документация', 'строительство', 'реконструкция', 'капитальный ремонт', 'объекты капитального строительства']",Русский,2423,344/пр,5,31.0,0.0,,Приказ Минстроя 344пр от 16.05.2023 Об утверждении состава и порядка ведения исполнительной документации.pdf,Действующий,25
"Проектирование систем пожарной сигнализации, оповещения и управления эвакуацией людей при пожаре, противодымной защиты, пожаротушения, противопожарного водоснабжения объектов капитального строительства",Пожарная безопасность,2023-03-20,2025-08-26T03:38:44.326595+00:00,"Документ содержит профессиональный стандарт для специалистов по проектированию систем противопожарной защиты объектов капитального строительства. Включает описание трудовых функций, характеристики деятельности, а также утверждает требования к подготовке проектной документации для систем противопожарной защиты.",Приказ Минтруда,Приказ Минтруда 181н от 20.03.2023 Об утверждении профессионального стандарта Специалист в области проектирования систем ПЗ.pdf,Профессиональный стандарт Специалист в области проектирования систем противопожарной защиты объектов капитального строительства,"['проектирование систем противопожарной защиты', 'техническая документация', 'автоматика систем противопожарной защиты', 'координация проектирования', 'руководство проектным подразделением']","['профессиональный стандарт', 'противопожарная защита', 'проектирование', 'капитальное строительство', 'трудовые функции']",русский,1506,181н,5,61.4,0.0,Введен впервые,Приказ Минтруда 181н от 20.03.2023 Об утверждении профессионального стандарта Специалист в области проектирования систем ПЗ.pdf,Действующий,28
Эксплуатация объектов теплоснабжения и теплопотребляющих установок,Охрана труда,2020-12-17,2025-08-26T03:38:48.639354+00:00,"Документ устанавливает государственные нормативные требования по охране труда при эксплуатации объектов теплоснабжения, теплопотребляющих производственных и непроизводственных установок. Включает обязанности работодателя по обеспечению безопасности и обучению работников, а также перечень объектов, на которые распространяются правила.",Приказ Минтруда,Приказ Минтруда России 924н от 17.12.2020 Об утверждении Правил по охране труда объектов теплоснабжения и теплопотребляющих установок.pdf,Правила по охране труда при эксплуатации объектов теплоснабжения и теплопотребляющих установок,"['нормативные требования', 'безопасность труда', 'котельные', 'тепловые сети', 'теплообменные аппараты']","['охрана труда', 'теплоснабжение', 'теплопотребляющие установки', 'эксплуатация', 'обучение работников', 'техническая документация']",русский,484,924н,5,62.1,40.7,Введен впервые,Приказ Минтруда России 924н от 17.12.2020 Об утверждении Правил по охране труда объектов теплоснабжения и теплопотребляющих установок.pdf,Действующий,14
,Отопление,2003-03-24,2025-08-26T03:38:51.690360+00:00,"Документ устанавливает правила технической эксплуатации тепловых энергоустановок, определяет термины и понятия, применяемые в системе теплоснабжения, и регулирует порядок эксплуатации, технического обслуживания и ремонта тепловых энергоустановок.",Приказ Минэнерго,Приказ Минэнерго России 115 от 24.03.2003 Правила технической эксплуатации тепловых энергоустановок.pdf,Правила технической эксплуатации тепловых энергоустановок,"['определения', 'работа тепловых энергоустановок', 'техническое обслуживание', 'эксплуатация', 'теплоснабжение']","['тепловые энергоустановки', 'техническая эксплуатация', 'теплоснабжение', 'теплозащита', 'водоподогреватель', 'теплогенерация', 'эксплуатация']",русский,330,115,5,82.2,0.0,,Приказ Минэнерго России 115 от 24.03.2003 Правила технической эксплуатации тепловых энергоустановок.pdf,Действующий,137
"Обучение лиц, осуществляющих трудовую или служебную деятельность, по программам противопожарного инструктажа и дополнительным профессиональным программам в области пожарной безопасности",Пожарная безопасность,2024-12-16,2025-08-26T03:38:57.176690+00:00,"Приказ МЧС России определяет порядок, виды и сроки обучения работников по программам противопожарного инструктажа, включая требования к содержанию программ, порядок их утверждения и согласования, а также категории лиц, проходящих обучение по дополнительным профессиональным программам в области пожарной безопасности. Документ вводится в силу с 1 сентября 2025 года и действует до 1 сентября 2031 года.",Приказ МЧС,"Приказ МЧС 1120 от 16.12.2024 (действ. с 01.09.2025) Об определении Порядка, видов, сроков обучения лиц в области ПБ (изм. на 16.12.2024).pdf","Приказ МЧС России от 16 декабря 2024 года N 1120 Об определении порядка, видов, сроков обучения лиц, осуществляющих трудовую или служебную деятельность, по программам противопожарного инструктажа, требований к содержанию указанных программ, порядка их утверждения и согласования и категорий лиц, проходящих обучение по дополнительным профессиональным программам в области пожарной безопасности","['порядок обучения', 'виды инструктажей', 'сроки обучения', 'требования к программам', 'утверждение программ', 'категории обучающихся']","['противопожарный инструктаж', 'обучение', 'пожарная безопасность', 'программы обучения', 'дополнительные профессиональные программы', 'согласование программ']",Русский,2266,1120,5,60.0,66.7,,"Приказ МЧС 1120 от 16.12.2024 (действ. с 01.09.2025) Об определении Порядка, видов, сроков обучения лиц в области ПБ (изм. на 16.12.2024).pdf",Действующий,12
"Определение расчетных величин пожарного риска в зданиях, сооружениях и пожарных отсеках различных классов функциональной пожарной опасности",Пожарная безопасность,2023-09-01,2025-08-26T03:39:02.501627+00:00,"Документ утверждает методику определения расчетных величин пожарного риска в зданиях, сооружениях и пожарных отсеках различных классов функциональной пожарной опасности, устанавливает порядок оценки пожарного риска с учетом анализа пожарной опасности, частоты возникновения пожаров и последствий для людей.",Приказ МЧС,Приказ МЧС 1140 от 14.11.2022 Об утверждении методики определения расчетных величин пожарного риска.pdf,"Методика определения расчетных величин пожарного риска в зданиях, сооружениях и пожарных отсеках различных классов функциональной пожарной опасности","['определение пожарного риска', 'анализ пожарной опасности', 'частота возникновения пожаров', 'оценка последствий пожаров']","['пожарный риск', 'расчетная величина', 'здания', 'сооружения', 'пожарные отсеки', 'функциональная пожарная опасность', 'методика']",Русский,1819,382,5,32.3,0.0,Утверждено приказом МЧС России от 4 августа 2023 г.,Приказ МЧС 1140 от 14.11.2022 Об утверждении методики определения расчетных величин пожарного риска.pdf,Действующий,65
"Обучение работников, соискателей лицензии и лицензиатов, осуществляющих лицензируемые виды деятельности в области пожарной безопасности, а также физических лиц, осуществляющих проектирование средств обеспечения пожарной безопасности зданий и сооружений",Пожарная безопасность,2022-11-15,2025-08-26T03:39:07.738061+00:00,"Документ утверждает типовые дополнительные профессиональные программы для профессиональной переподготовки и повышения квалификации работников, связанных с монтажом, техническим обслуживанием, ремонтом и проектированием средств обеспечения пожарной безопасности в зданиях и сооружениях.",Приказ МЧС,Приказ МЧС 1156 от 15.11.2022 Об утверждении типовых дополнительных профессиональных программ в области ПБ.pdf,"Приказ МЧС России от 15 ноября 2022 года N 1156 Об утверждении типовых дополнительных профессиональных программ, применяемых при обучении работников соискателей лицензии или лицензиатов, осуществляющих лицензируемые виды деятельности в области пожарной безопасности, а также физических лиц, осуществляющих проектирование средств обеспечения пожарной безопасности зданий и сооружений","['дополнительное профессиональное образование', 'пожарная безопасность', 'обучение и аттестация', 'профессиональная переподготовка', 'повышение квалификации']","['типовые дополнительные профессиональные программы', 'пожарная безопасность', 'профессиональная переподготовка', 'повышение квалификации', 'лицензируемые виды деятельности', 'проектирование средств обеспечения пожарной безопасности']",русский,1716,1156,5,46.3,16.7,,Приказ МЧС 1156 от 15.11.2022 Об утверждении типовых дополнительных профессиональных программ в области ПБ.pdf,Действующий,38
"Проектирование систем передачи извещений о пожаре для оснащения зданий, включая пожарные отсеки",Пожарная безопасность,2022-11-24,2025-08-26T03:39:11.204427+00:00,"Документ устанавливает требования к проектированию систем передачи извещений о пожаре (СПИ), включая технические характеристики и условия реализации связи. Приказ направлен на обеспечение функциональности и надежности систем пожарного оповещения в зданиях.",Приказ МЧС,Приказ МЧС 1173 от 24.11.2022 Требования к проектированию систем передачи извещений о пожаре.pdf,Приказ МЧС России от 24 ноября 2022 года N 1173 Об утверждении требований к проектированию систем передачи извещений о пожаре,"['требования к проектированию', 'характеристики систем передачи', 'нормативные документы']","['проектирование', 'системы передачи извещений о пожаре', 'пожарная безопасность', 'МЧС России', 'технические требования']",русский,2060,1173,4,33.3,0.0,Введен впервые,Приказ МЧС 1173 от 24.11.2022 Требования к проектированию систем передачи извещений о пожаре.pdf,Действующий,4
"Дополнительные профессиональные программы повышения квалификации в области пожарной безопасности для руководителей организаций, ответственных лиц и специалистов по противопожарной профилактике",Пожарная безопасность,2021-09-05,2025-08-26T03:39:15.635970+00:00,"Документ утверждает типовые дополнительные профессиональные программы повышения квалификации и профессиональной переподготовки в области пожарной безопасности. Включает программы для руководителей организаций, ответственных лиц за пожарную безопасность, а также специалистов, проводящих противопожарный инструктаж.",Приказ МЧС,Приказ МЧС 596 от 05.09.2021 Об утверждении типовых дополнительных профессиональных программ в области пожарной безопасности.pdf,Приказ МЧС от 5 сентября 2021 года N 596 Об утверждении типовых дополнительных профессиональных программ в области пожарной безопасности,"['пожарная безопасность', 'образование', 'профессиональное обучение', 'повышение квалификации', 'противопожарный инструктаж']","['типовые программы', 'пожарная безопасность', 'повышение квалификации', 'профессиональная переподготовка', 'руководители организаций', 'ответственные лица', 'противопожарный инструктаж']",Русский,3002,596,5,21.8,38.5,,Приказ МЧС 596 от 05.09.2021 Об утверждении типовых дополнительных профессиональных программ в области пожарной безопасности.pdf,Действующий,72
Обучение работников организаций мерам противопожарной безопасности,Пожарная безопасность,2021-11-18,2025-08-26T03:39:21.262597+00:00,"Документ определяет порядок, виды и сроки обучения работников организаций по программам противопожарного инструктажа, требования к содержанию этих программ и категории лиц, проходящих дополнительное обучение по пожарной безопасности. Приказ устанавливает обязательные правила обучения и отменяет предыдущие нормативные акты в данной сфере.",Приказ МЧС,"Приказ МЧС 806 от 18.11.2021 (действ. до 01.09.2025) Об определении Порядка, видов, сроков обучения лиц в области ПБ (изм. на 16.12.2024).pdf","Приказ МЧС России от 18 ноября 2021 года N 806 Об определении Порядка, видов, сроков обучения лиц, осуществляющих трудовую или служебную деятельность в организациях, по программам противопожарного инструктажа, требований к содержанию указанных программ и категорий лиц, проходящих обучение по дополнительным профессиональным программам в области пожарной безопасности","['порядок обучения', 'требования к программам', 'категории обучающихся', 'сроки обучения', 'нормативное регулирование']","['противопожарный инструктаж', 'обучение мерам пожарной безопасности', 'программы обучения', 'дополнительные профессиональные программы', 'категории обучающихся']",Русский,601,806,5,82.9,36.6,Документ отменяется,"Приказ МЧС 806 от 18.11.2021 (действ. до 01.09.2025) Об определении Порядка, видов, сроков обучения лиц в области ПБ (изм. на 16.12.2024).pdf",Действующий,11
"Применение международных, региональных, межгосударственных стандартов и стандартов иностранных государств",Стандартизация,2021-06-21,2025-08-26T03:39:25.462728+00:00,"Документ устанавливает порядок и условия применения международных стандартов, региональных стандартов, межгосударственных стандартов, региональных сводов правил, а также стандартов и сводов правил иностранных государств при выполнении работ, оказании услуг, поставках товаров и других технических документациях, в соответствии с законодательством РФ.",Приказ Росстандарта,Приказ Росстандарта 1061 от 21.06.2021 (действ. с 17.07.2021) Об определении Порядка и условий применения международных стандартов.pdf,"Приказ об определении порядка и условий применения международных стандартов, региональных стандартов, межгосударственных стандартов и региональных сводов правил, а также стандартов иностранных государств и сводов правил иностранных государств","['Порядок применения стандартов', 'Условия применения стандартов', 'Регистрация стандартов']","['стандарты', 'международные стандарты', 'региональные стандарты', 'межгосударственные стандарты', 'своды правил', 'стандарты иностранных государств', 'применение стандартов']",Русский,1304,1061,3,25.0,0.0,Введен впервые,Приказ Росстандарта 1061 от 21.06.2021 (действ. с 17.07.2021) Об определении Порядка и условий применения международных стандартов.pdf,Действующий,3
"Перечень документов в области стандартизации, обеспечивающих соблюдение требований Технического регламента о требованиях пожарной безопасности",Пожарная безопасность,2024-04-04,2025-08-26T03:39:29.444959+00:00,"Приказ утверждает перечень документов в области стандартизации, применение которых на добровольной основе обеспечивает соблюдение требований Федерального закона N 123-ФЗ ""Технический регламент о требованиях пожарной безопасности"". Документ содержит изменения от 17 ноября 2023 года и 4 апреля 2024 года, а также отменяет предыдущий приказ N 1190 от 14 июля 2020 года.",Приказ Росстандарта,Приказ Росстандарта 318 от 13.02.2023 Об утверждении документов на добровольной основе обеспечивается соблюдение требований ФЗ-123.pdf,"Приказ Росстандарта от 13 февраля 2023 года N 318 Об утверждении перечня документов в области стандартизации, в результате применения которых на добровольной основе обеспечивается соблюдение требований Федерального закона от 22 июля 2008 г. N 123-ФЗ ""Технический регламент о требованиях пожарной безопасности"" с изменениями на 4 апреля 2024 года","['утверждение перечня документов', 'обеспечение соблюдения требований', 'изменения и дополнения']","['перечень документов', 'стандартизация', 'технический регламент', 'пожарная безопасность', 'добровольное соблюдение требований']",Русский,1629,318,5,43.5,82.0,с изменениями на 4 апреля 2024 года,Приказ Росстандарта 318 от 13.02.2023 Об утверждении документов на добровольной основе обеспечивается соблюдение требований ФЗ-123.pdf,Действующий,17
Регистрация стандартов организаций и технических условий в Федеральном информационном фонде стандартов,Стандартизация,2021-04-30,2025-08-26T03:39:33.052541+00:00,"Документ описывает порядок регистрации стандартов организаций, включая технические условия, в Федеральном информационном фонде стандартов. Установлены правила подачи заявок, проведения экспертизы, принятия решений о регистрации, а также сроки регистрации стандартов.",Приказ Росстандарта,Приказ Росстандарта 651 от 30.04.2021 (действ. с 13.07.2021) Об определении Порядка регистрации СТО в Фонде стандартов.pdf,"Приказ Росстандарта от 30 апреля 2021 года N 651 Об определении Порядка регистрации стандартов организаций, в том числе технических условий, в Федеральном информационном фонде стандартов","['регистрация стандартов организаций', 'экспертиза проектов стандартов', 'Федеральный информационный фонд стандартов']","['регистрация стандартов организаций', 'технические условия', 'Федеральный информационный фонд стандартов', 'экспертиза стандартов', 'порядок регистрации']",Русский,1343,651,3,40.0,66.7,,Приказ Росстандарта 651 от 30.04.2021 (действ. с 13.07.2021) Об определении Порядка регистрации СТО в Фонде стандартов.pdf,Действующий,3
Реализация объектов капитального строительства государственной системы здравоохранения города Москвы,"Строительство, Здравоохранение",2024-01-16,2025-08-26T03:39:37.462145+00:00,"Документ регулирует порядок взаимодействия между Департаментом здравоохранения города Москвы и Департаментом строительства города Москвы при реализации объектов капитального строительства системы здравоохранения города Москвы. Включает положения по формированию, утверждению и внесению изменений в документацию, приемке-передаче объектов, мониторингу и устранению недостатков.",Свод правил,Регламент взаимодействия Департамента строительства и Департамента здравоохранения от 28.12.2023.pdf,Регламент Общий порядок взаимодействия Департамента здравоохранения города Москвы и Департамента строительства города Москвы при реализации объектов капитального строительства государственной системы здравоохранения города Москвы,"['документация по приемке-передаче', 'мониторинг реализации объектов', 'земельно-правовые отношения', 'приемка объектов', 'устранение недостатков']","['регламент', 'взаимодействие департаментов', 'капитальное строительство', 'объекты здравоохранения', 'приемка-передача', 'мониторинг', 'гарантийные обязательства']",русский,174,ДС-11-1348/24,5,96.1,0.0,,Регламент взаимодействия Департамента строительства и Департамента здравоохранения от 28.12.2023.pdf,Действующий,49
"Противодымная вентиляция зданий различного назначения (жилые, общественные, производственные, складские, многофункциональные здания и комплексы, подземные и надземные автостоянки)",Пожарная безопасность,2013-01-30,2025-08-26T03:39:41.544843+00:00,"Настоящие методические рекомендации регламентируют порядок расчета основных параметров противодымной вентиляции зданий различного назначения. Разработка ориентирована на нормативные документы по пожарной безопасности и предназначена для сотрудников МЧС России, проектных организаций и предприятий, занимающихся противопожарной защитой зданий и сооружений.",Методические рекомендации,Рекомендации к СП.7.13130.2013 Расчетное определение основных параметров противодымной вентиляции зданий.pdf,Расчетное определение основных параметров противодымной вентиляции зданий. Методические рекомендации к СП 7.13130.2013,"['нормативные документы по пожарной безопасности', 'расчет основных параметров вентиляции', 'проектные решения', 'противодымная вентиляция']","['противодымная вентиляция', 'расчетные параметры', 'противопожарная защита', 'здания различного назначения', 'МЧС России']",русский,1048,7.13130.2013,5,79.0,16.7,Введен впервые,Рекомендации к СП.7.13130.2013 Расчетное определение основных параметров противодымной вентиляции зданий.pdf,Действующий,28
"Технический регламент Евразийского экономического союза ""О требованиях к средствам обеспечения пожарной безопасности и пожаротушения"" (ТР ЕАЭС 043/2017)",Пожарная безопасность,2021-11-29,2025-08-26T03:39:45.965304+00:00,"Решение Коллегии Евразийской экономической комиссии от 29 ноября 2021 года вносит изменения в предыдущие нормативные документы, устанавливающие перечень международных, региональных, межгосударственных и национальных стандартов для добровольного соблюдения требований технического регламента по пожарной безопасности и пожаротушению в рамках Евразийского экономического союза.",Решение ЕЭК,Решение ЕЭК 163 от 29.11.2021 О внесение изменений в решение коллегии ЕЭК №200 от 19.11.2019 года.pdf,Решение Коллегии Евразийской экономической комиссии от 29 ноября 2021 года N 163 О внесении изменений в Решение Коллегии Евразийской экономической комиссии от 19 ноября 2019 г. N 200,"['техническое регулирование', 'стандартизация', 'пожарная безопасность']","['Евразийская экономическая комиссия', 'технический регламент', 'пожарная безопасность', 'стандарты', 'ТР ЕАЭС 043/2017']",русский,2245,ЕЭК 163,5,6.0,33.3,,Решение ЕЭК 163 от 29.11.2021 О внесение изменений в решение коллегии ЕЭК №200 от 19.11.2019 года.pdf,Действующий,64
"Перечень продукции, подлежащей представлению документа об оценке соответствия требованиям технического регламента ЕАЭС 043/2017 при подаче таможенной декларации",Пожарная безопасность,2021-12-28,2025-08-26T03:39:51.557909+00:00,"Настоящее решение утверждает перечень продукции, в отношении которой при подаче таможенной декларации требуется представление документа об оценке соответствия с требованиями технического регламента Евразийского экономического союза по средствам обеспечения пожарной безопасности и пожаротушения (ТР ЕАЭС 043/2017). Включает изменения, внесённые решением Коллегии ЕЭК от 28 декабря 2021 года.",Решение ЕЭК,Решение ЕЭК 170 от 08.10.2019 О требованиях к средствам обеспечения пожарной безопасности и АУПТ ТР ЕАЭС 043_2017.pdf,"Решение Коллегии Евразийской экономической комиссии от 8 октября 2019 года N 170 Об утверждении перечня продукции, в отношении которой подача таможенной декларации сопровождается представлением документа об оценке соответствия требованиям технического регламента Евразийского экономического союза ""О требованиях к средствам обеспечения пожарной безопасности и пожаротушения"" (ТР ЕАЭС 043/2017) с изменениями на 28 декабря 2021 года","['технические регламенты ЕАЭС', 'товары и продукция', 'оценка соответствия', 'пожарная безопасность', 'таможенное регулирование']","['оценка соответствия', 'таможенная декларация', 'технический регламент', 'пожарная безопасность', 'пожаротушение', 'Евразийский экономический союз', 'ТР ЕАЭС 043/2017']",русский,1995,ЕЭК 170,5,0.0,0.0,с изменениями на 28 декабря 2021 года,Решение ЕЭК 170 от 08.10.2019 О требованиях к средствам обеспечения пожарной безопасности и АУПТ ТР ЕАЭС 043_2017.pdf,Действующий,17
Безопасность продукции для гражданской обороны и защиты от чрезвычайных ситуаций природного и техногенного характера в Евразийском экономическом союзе,Безопасность продукции,2022-02,2025-08-26T03:39:56.263522+00:00,"Документ устанавливает переходные положения технического регламента Евразийского экономического союза по безопасности продукции, предназначенной для гражданской обороны и защиты от чрезвычайных ситуаций природного и техногенного характера. В нем изложены правила оценки соответствия продукции, сроки действия документов об оценке, а также особенности производства, выпуска и обращения продукции на таможенной территории Союза.",Решение ЕЭК,Решение ЕЭК 18 от 01.02.2022 Переходные положенеия ТР ЕАЭС 050_2021.pdf,О переходных положениях технического регламента Евразийского экономического союза о безопасности продукции предназначенной для гражданской обороны и защиты от чрезвычайных ситуаций природного и техногенного характера (ТР ЕАЭС 050/2021),"['оценка соответствия продукции', 'переходные положения', 'маркировка продукции', 'производство и обращение продукции', 'сроки действия документов']","['технический регламент', 'безопасность продукции', 'гражданская оборона', 'чрезвычайные ситуации', 'оценка соответствия', 'маркировка', 'Евразийский экономический союз']",русский,1439,ЕЭК 18,3,33.3,0.0,Введен впервые,Решение ЕЭК 18 от 01.02.2022 Переходные положенеия ТР ЕАЭС 050_2021.pdf,Действующий,3
Средства обеспечения пожарной безопасности и пожаротушения в Евразийском экономическом союзе,Пожарная безопасность,2019-11-19,2025-08-26T03:40:01.957838+00:00,"Документ утверждает перечень международных, региональных и национальных стандартов, которые обеспечивают соблюдение требований технического регламента Евразийского экономического союза по средствам обеспечения пожарной безопасности и пожаротушения. Также включает стандарты с методами испытаний и измерений, необходимыми для применения и оценки соответствия объекта регулирования.",Решение ЕЭК,Решение ЕЭК 200 от 19.11.2019 О требованиях к средствам обеспечения пожарной безопасности и АУПТ ТР ЕАЭС 043_2017.pdf,"Решение Коллегии Евразийской экономической комиссии от 19 ноября 2019 года N 200 О перечне международных и региональных стандартов, а в случае их отсутствия - национальных стандартов, в результате применения которых на добровольной основе обеспечивается соблюдение требований технического регламента Евразийского экономического союза ""О требованиях к средствам обеспечения пожарной безопасности и пожаротушения"" (ТР ЕАЭС 043/2017), и перечне международных и региональных стандартов, а в случае их отсутствия - национальных стандартов, содержащих правила и методы исследований и измерений, необходимые для применения и исполнения требований технического регламента ЕАЭС ТР ЕАЭС 043/2017 и осуществления оценки соответствия объектов технического регулирования","['стандартизация', 'технический регламент', 'пожарная безопасность', 'оценка соответствия']","['технический регламент', 'требования пожарной безопасности', 'средства пожаротушения', 'международные стандарты', 'национальные стандарты', 'оценка соответствия']",русский,2994,ЕЭК 200,5,34.7,40.5,,Решение ЕЭК 200 от 19.11.2019 О требованиях к средствам обеспечения пожарной безопасности и АУПТ ТР ЕАЭС 043_2017.pdf,Действующий,58
"проектирование, монтаж и приемка в эксплуатацию охранно-защитных дератизационных систем (ОЗДС) на территории г. Москвы",Пожарная безопасность,2000-05-16,2025-08-26T03:40:06.755743+00:00,"Инструкция регулирует проектирование, монтаж и приемку в эксплуатацию охранно-защитных дератизационных систем (ОЗДС), направленных на защиту от грызунов различных объектов на территории города Москвы. Документ основан на принципе воздействия высоковольтными импульсами электрического тока, обеспечивая экологически безопасное и эффективное снижение численности грызунов без их уничтожения.",Инструкции,"РМ-2776 Инструкция по проектированию, монтажу и приемке в эксплуатацию охранно-защитных дератизационных систем (ОЗДС).pdf","РМ-2776 Инструкция по проектированию, монтажу и приемке в эксплуатацию охранно-защитных дератизационных систем (ОЗДС)","['конструкция и монтаж ОЗДС', 'экологическая безопасность', 'эпидемиологическая защита', 'принцип работы высоковольтных импульсов', 'нормативы Москомархитектуры']","['охранно-защитные дератизационные системы', 'ОЗДС', 'грызуны', 'защита от грызунов', 'проектирование', 'монтаж', 'приемка в эксплуатацию', 'Москва']",русский,392,РМ-2776,5,88.9,0.0,Введена впервые,"РМ-2776 Инструкция по проектированию, монтажу и приемке в эксплуатацию охранно-защитных дератизационных систем (ОЗДС).pdf",Действующий,14
"Перечень национальных стандартов, содержащих правила и методы исследований (испытаний) и измерений, необходимые для применения и исполнения Федерального закона Технический регламент о требованиях и пожарной безопасности и осуществления оценки соответствия",Пожарная безопасность,2022-04-26,2025-08-26T03:40:15.031524+00:00,"Данный документ представляет распоряжение Правительства РФ от 10 марта 2009 года N 304-р, утверждающее перечень национальных стандартов, которые содержат правила и методы исследований (испытаний) и измерений, включая правила отбора образцов. Документ обновлён с изменениями по состоянию на 26 апреля 2022 года и направлен на обеспечение исполнения Федерального закона о техническом регулировании и техническом регламенте о требованиях пожарной безопасности.",Распоряжение Правительства РФ,РП РФ 304-р от 10.03.2009 (изм. на 26.04.2022) Об утверждении Перечня национальных стандартов для применения и исполнения ФЗ-123.pdf,"Распоряжение Правительства Российской Федерации от 10 марта 2009 года N 304-р Об утверждении Перечня национальных стандартов, содержащих правила и методы исследований (испытаний) и измерений, в том числе правила отбора образцов, необходимые для применения и исполнения Федерального закона Технический регламент о требованиях и пожарной безопасности и осуществления оценки соответствия, с изменениями на 26 апреля 2022 года","['Регулирование стандартов', 'Испытания и исследования', 'Оценка соответствия']","['Технический регламент', 'Пожарная безопасность', 'Национальные стандарты', 'Методы испытаний', 'Правила отбора образцов']",Русский,3144,304-р,5,7.1,0.0,,РП РФ 304-р от 10.03.2009 (изм. на 26.04.2022) Об утверждении Перечня национальных стандартов для применения и исполнения ФЗ-123.pdf,Действующий,13
"Размещение, строительство и реконструкция кинотеатров и других кинофицированных общественных зданий",Кинотехнология,1994-06-22,2025-08-26T03:40:20.565178+00:00,"Документ определяет основные тенденции развития киносети, параметры кинопроекции и требования к кинотехнологическому оборудованию для обеспечения высокого технического качества демонстрирования кинофильмов. Рекомендует требования к проектированию, оборудованию и эксплуатации кинотеатров различных типов и вместимости.",Руководящий технический материал,РТМ 19-77-94 Развитие и техническое оснащение киносети.pdf,РТМ 19-77-94 Развитие и техническое оснащение киносети,"['Размещение и строительство кинотеатров', 'Требования к кинотехнологическому оборудованию', 'Показ широкоформатных и 16-мм фильмов', 'Техническое оснащение киносети']","['кинотеатры', 'киносеть', 'кинопроекция', 'кинооборудование', 'проектирование', 'реконструкция', 'широкоформатные фильмы', 'двухформатная аппаратура', 'кинозрелища']",Русский,281,19-77-94,5,92.1,12.8,Взамен РТМ 19-77-77,РТМ 19-77-94 Развитие и техническое оснащение киносети.pdf,Действующий,43
Обеспечение безопасности и безвредности факторов среды обитания для человека,Гигиена и санитария,2022-12-30,2025-08-26T03:40:25.738031+00:00,"Данное постановление утверждает санитарные правила и нормы СанПиН 1.2.3685-21, устанавливающие гигиенические нормативы и требования к обеспечению безопасности и безвредности для человека факторов среды обитания. Документ вводится в действие с 1 марта 2021 года и действителен до 1 марта 2027 года. Он отменяет ряд предыдущих постановлений и норм, связанных с гигиеническими нормативами.",Постановление Правительства РФ,СанПин 1.2.3685-21_Гигиенические нормативы и требования к обеспечению безопасности и (или) безвредности для человека факторов среды обитания.pdf,Постановление 28.01.2021 N 2 Санитарных правил норм СанПиН 1.2.3685-21 Гигиенические нормативы требований к обеспечению безопасности и безвредности для человека факторов среды обитания,"['санитарно-эпидемиологическое нормирование', 'гигиенические требования', 'факторы среды обитания', 'санитарное законодательство']","['санитарные правила', 'гигиенические нормативы', 'безопасность среды обитания', 'безвредность факторов среды', 'СанПиН']",русский,1108,1.2.3685-21,5,33.4,17.8,в ред. Постановления Главного государственного санитарного врача РФ от 30.12.2022 N 24,СанПин 1.2.3685-21_Гигиенические нормативы и требования к обеспечению безопасности и (или) безвредности для человека факторов среды обитания.pdf,Действующий,983
"Содержание территорий городских и сельских поселений, водные объекты, питьевая вода и водоснабжение, атмосферный воздух, почвы, жилые и производственные помещения, санитарно-противоэпидемические мероприятия",Санитарные нормы и правила,2021-01-28,2025-08-26T03:40:32.142122+00:00,"Документ утверждает санитарные правила и нормы СанПиН 2.1.3684-21, регулирующие санитарно-эпидемиологические требования к содержанию территорий городских и сельских поселений, к водным объектам, питьевой воде и водоснабжению, атмосферному воздуху, почвам, жилым и производственным помещениям, а также организации санитарно-противоэпидемических мероприятий.",Постановление Правительства РФ,"СанПиН 2.1.3684-21 Требования к содержанию территорий, к водным объектам, питьевой воде и питьевому водоснабжению.pdf","Постановление Главного государственного санитарного врача Российской Федерации от 28.01.2021 N 3 Об утверждении санитарных правил и норм СанПиН 2.1.3684-21 ""Санитарно-эпидемиологические требования к содержанию территорий городских и сельских поселений, к водным объектам, питьевой воде и питьевому водоснабжению, атмосферному воздуху, почвам, жилым помещениям, эксплуатации производственных, общественных помещений, организации и проведению санитарно-противоэпидемических (профилактических) мероприятий""","['санитарно-эпидемиологическая безопасность', 'общественное здоровье', 'водоснабжение', 'экология', 'градостроительство']","['санитарные правила', 'санитарно-эпидемиологические требования', 'территории городских и сельских поселений', 'водные объекты', 'питьевая вода', 'водоснабжение', 'атмосферный воздух', 'почвы', 'жилые помещения', 'производственные помещения', 'санитарно-противоэпидемические мероприятия']",русский,221,2.1.3684-21,5,34.6,13.6,Введен впервые,"СанПиН 2.1.3684-21 Требования к содержанию территорий, к водным объектам, питьевой воде и питьевому водоснабжению.pdf",Действующий,63
,Санитарная охрана почвы,2004-01-01,2025-08-26T03:40:36.400474+00:00,Документ устанавливает гигиенические требования к размещению и обезвреживанию отходов производства и потребления с целью санитарной охраны почв. Включает правила и нормативы проектирования водоснабжения и санитарно-эпидемиологический надзор.,СанПин,СанПиН 2.1.7.1322-03_Гигиенические требования к размещению и обезвреживанию отходов производства и потребления.pdf,СанПиН 2.1.7.1322—03 Гигиенические требования к размещению и обезвреживанию отходов производства и потребления. Санитарно-эпидемиологические правила и нормативы,"['гигиенические требования', 'размещение отходов', 'обезвреживание отходов', 'санитарно-эпидемиологические правила', 'проектирование водоснабжения']","['почва', 'очистка населенных мест', 'бытовые отходы', 'промышленные отходы', 'санитарная охрана почвы', 'гигиенические требования', 'обезвреживание отходов', 'СанПиН']",русский,310,2.1.7.1322—03,5,93.2,9.9,,СанПиН 2.1.7.1322-03_Гигиенические требования к размещению и обезвреживанию отходов производства и потребления.pdf,Действующий,16
,Пожарная безопасность,2003-04-10,2025-08-26T03:40:41.065209+00:00,"Документ устанавливает санитарно-эпидемиологические правила и нормативы, регулирующие проектирование, строительство, реконструкцию и эксплуатацию предприятий, а также планировку и застройку населённых мест с учётом санитарно-защитных зон и санитарной классификации предприятий и сооружений. Утверждены и введены в действие главным государственным санитарным врачом России 10 апреля 2003 года.",СанПин,"СанПиН 2.2.1_Санитарно-защитиые зоны и санитарная классификация предприятий, сооружений и иных объектов.pdf","СанПиН 2.2.1/2.1.1.1200-03 Санитарно-защитные зоны и санитарная классификация предприятий, сооружений и иных объектов. Санитарно-эпидемиологические правила и нормативы","['санитарно-эпидемиологическое нормирование', 'проектирование предприятий', 'строительство предприятий', 'реконструкция предприятий', 'санитарная классификация', 'санитарно-защитные зоны']","['санитарно-эпидемиологические правила', 'санитарно-защитные зоны', 'санитарная классификация', 'предприятия', 'сооружения', 'нормативы']",Русский,621,2.2.1/2.1.1.1200-03,5,63.3,18.8,Введены взамен СанПиН 2.2.1/2.1.1.1031—01,"СанПиН 2.2.1_Санитарно-защитиые зоны и санитарная классификация предприятий, сооружений и иных объектов.pdf",Действующий,53
Гигиенические требования к срокам годности и условиям хранения пищевых продуктов,Продовольственное сырье и пищевые продукты,2004-01-01,2025-08-26T03:40:48.739522+00:00,"Документ содержит санитарно-эпидемиологические правила и нормативы, устанавливающие гигиенические требования к срокам годности и условиям хранения пищевых продуктов, утверждённый Главным государственным санитарным врачом Российской Федерации в 2003 году и введённый в действие в 2003 году. Включает требования для обеспечения безопасности пищевых продуктов в России.",СанПин,СанПиН 2.3.2.1324-03_Гигиенические требования к срокам годности и условиям хранения пищевых продуктов.pdf,СанПиН 2.3.2.1324—03 Гигиенические требования к срокам годности и условиям хранения пищевых продуктов. Санитарно-эпидемиологические правила и нормативы,"['санитарное нормирование', 'гигиена пищевых продуктов', 'безопасность пищевых продуктов']","['гигиенические требования', 'сроки годности', 'условия хранения', 'пищевые продукты', 'санитарно-эпидемиологические правила', 'нормативы']",русский,349,2.3.2.1324—03,5,81.0,3.7,Введены взамен СанПиН 42—123—4117—86,СанПиН 2.3.2.1324-03_Гигиенические требования к срокам годности и условиям хранения пищевых продуктов.pdf,Действующий,21
Организация общественного питания населения,Санитарно-эпидемиологические требования,2020-10-27,2025-08-26T03:40:52.869623+00:00,"Постановление утверждает санитарно-эпидемиологические правила и нормы СанПиН 2.3/2.4.3590-20, которые регламентируют санитарно-эпидемиологические требования к организации общественного питания населения. Документ устанавливает срок действия правил до 1 января 2027 года и отменяет ряд предыдущих постановлений.",Постановление Правительства РФ,СанПиН 2.32.4.3590-20 Санитарно-эпидемиологические требования к организации общественного питания населения.pdf,Постановление Главного государственного санитарного врача Российской Федерации от 27 октября 2020 года N 32 Об утверждении санитарно-эпидемиологических правил и норм СанПиН 2.3/2.4.3590-20 Санитарно-эпидемиологические требования к организации общественного питания населения,"['санитарно-эпидемиологическое нормирование', 'санитарные правила', 'общественное питание']","['СанПиН 2.3/2.4.3590-20', 'санитарно-эпидемиологические правила', 'общественное питание', 'санитарно-эпидемиологические требования']",Русский,358,2.32.4.3590-20,5,95.3,9.1,,СанПиН 2.32.4.3590-20 Санитарно-эпидемиологические требования к организации общественного питания населения.pdf,Действующий,35
Профилактика инфекционных болезней,Пожарная безопасность,2021-01-28,2025-08-26T03:40:58.584949+00:00,"Данное постановление утверждает санитарные правила и нормы СанПиН 3.3686-21, содержащие санитарно-эпидемиологические требования по профилактике инфекционных болезней. В документе установлены сроки действия правил и норм, а также признание утратой силы прежних нормативных актов.",Постановление Правительства РФ,СанПиН 3.3686-21 Санитарно-эпидемиологические требования по профилактике инфекционных болезней.pdf,"Постановление Главного государственного санитарного врача Российской Федерации от 28 января 2021 года N 4 Об утверждении санитарных правил и норм СанПиН 3.3686-21 ""Санитарно-эпидемиологические требования по профилактике инфекционных болезней""","['санитарно-эпидемиологические нормы', 'профилактика инфекционных заболеваний', 'санитарный контроль']","['санитарные правила', 'СанПиН 3.3686-21', 'профилактика инфекционных болезней', 'санитарно-эпидемиологические требования']",русский,3720,3.3686-21,5,33.1,6.1,Введен впервые,СанПиН 3.3686-21 Санитарно-эпидемиологические требования по профилактике инфекционных болезней.pdf,Действующий,646
Производственные помещения,Физические факторы производственной среды,2001-01-01,2025-08-26T03:41:04.665664+00:00,"Документ содержит санитарные правила и нормы, устанавливающие гигиенические требования к микроклимату производственных помещений для обеспечения безопасных и благоприятных условий труда и предотвращения неблагоприятного влияния микроклимата на здоровье работников.",СанПин,СапПиН 2.2.4.548-96_Гигиенические требования к микроклимату производственных помещений.pdf,СанПиН 2.2.4.548-96 Гигиенические требования к микроклимату производственных помещений,"['гигиенические требования к микроклимату', 'контроль микроклимата', 'измерение микроклимата', 'нормативные показатели микроклимата']","['гигиенические требования', 'микроклимат', 'производственные помещения', 'санитарные правила', 'микроклимат рабочих мест']",русский,306,2.2.4.548-96,5,91.2,1.6,Введен впервые,СапПиН 2.2.4.548-96_Гигиенические требования к микроклимату производственных помещений.pdf,Действующий,20
"Требования пожарной безопасности к эвакуационным путям, эвакуационным и аварийным выходам из помещений, зданий и сооружений, а также к эвакуационным путям для наружных технологических установок при проектировании, изменении функционального назначения, реконструкции, капитальном ремонте и техническом перевооружении",Пожарная безопасность,2020-09-19,2025-08-26T03:41:09.435624+00:00,"Данный свод правил устанавливает требования пожарной безопасности к эвакуационным путям, эвакуационным и аварийным выходам из зданий и сооружений, а также к эвакуационным путям для наружных технологических установок. Документ применяется при проектировании, изменении функционального назначения и проведении работ по реконструкции и ремонту объектов.",Свод правил,СП 1.13130.2020_Системы противопожарной защиты Эвакуационные пути и выходы.pdf,Свод правил СП 1.13130.2020 Системы противопожарной защиты. Эвакуационные пути и выходы,"['требования пожарной безопасности', 'эвакуационные пути и выходы', 'строительные нормы и правила']","['пожарная безопасность', 'эвакуационные пути', 'эвакуационные выходы', 'аварийные выходы', 'строительные конструкции', 'противопожарная защита']",русский,300,1.13130.2020,5,93.3,0.0,Введен впервые,СП 1.13130.2020_Системы противопожарной защиты Эвакуационные пути и выходы.pdf,Действующий,49
Проектирование внутреннего противопожарного водопровода,Системы противопожарной защиты,2021-01-27,2025-08-26T03:41:13.137894+00:00,"Свод правил устанавливает требования и нормы к проектированию внутреннего противопожарного водопровода. Применяется к вновь проектируемому и реконструируемому водопроводу, с исключениями для специальных объектов и условий.",Свод правил,СП 10.13130.2020 Системы противопожарной защиты. Внутренний противопожарный водопровод. Нормы и правила проектирования.pdf,Сп 10.13130.2020 Системы противопожарной защиты. Внутренний противопожарный водопровод. Нормы и правила проектирования,"['требования к проектированию', 'нормы внутреннего противопожарного водопровода', 'область применения', 'исключения из применения']","['внутренний противопожарный водопровод', 'нормы проектирования', 'системы противопожарной защиты', 'проектирование']",русский,209,10.13130.2020,5,95.7,5.5,Введен впервые,СП 10.13130.2020 Системы противопожарной защиты. Внутренний противопожарный водопровод. Нормы и правила проектирования.pdf,Действующий,35
Туннели гидротехнические,Гидротехнические сооружения,2013-01-01,2025-08-26T03:41:17.816059+00:00,"Актуализированная редакция свода правил СНиП 2.06.09-84, утвержденная Министерством регионального развития Российской Федерации и введенная в действие с 1 января 2013 года. Документ регламентирует требования к проектированию, строительству и расчету гидротехнических туннелей, включая конструкционные материалы, нагрузки, дренаж и цементацию.",Свод правил,СП 102.13330.2012_Туннели гидротехнические.pdf,Свод правил СП 102.13330.2012 Туннели гидротехнические,"['трасса туннеля', 'конструкция туннелей', 'материалы конструкций', 'механическое оборудование', 'нагрузки и воздействия', 'расчет обделок']","['туннели', 'гидротехнические сооружения', 'строительство', 'проектирование', 'расчет обделок', 'дренаж']",русский,285,102.13330.2012,5,96.5,1.5,Актуализированная редакция СНиП 2.06.09-84,СП 102.13330.2012_Туннели гидротехнические.pdf,Действующий,52
"Проектирование систем, объектов и сооружений инженерной защиты от затопления и подтопления территорий населенных пунктов, промышленных, транспортных, энергетических, общественно-деловых и коммунально-бытовых объектов, месторождений полезных ископаемых и горных выработок, сельскохозяйственных и лесных угодий, природных ландшафтов.",Инженерная защита территории,2020-12-23,2025-08-26T03:41:23.286926+00:00,"Свод правил для проектирования инженерной защиты территорий от затопления и подтопления, разработан с учетом требований федеральных законов и технических регламентов безопасности зданий и сооружений. Документ включает актуализированную редакцию СНиП 2.06.15-85 с изменениями, утвержденными Министерством строительства Российской Федерации.",Свод правил,"СП 104.13330.2016_Инженерная защита территории от затопления и подтопления (изм 1, 2).pdf",Свод правил Инженерная защита территории от затопления и подтопления Актуализированная редакция СНиП 2.06.15-85,"['техническое регулирование', 'строительство', 'системы инженерной защиты', 'сейсмические районы']","['инженерная защита', 'затопление', 'подтопление', 'проектирование', 'территории']",Русский,418,104.13330.2016,5,94.3,1.0,Изменение N 1,"СП 104.13330.2016_Инженерная защита территории от затопления и подтопления (изм 1, 2).pdf",Действующий,51
Проектирование зданий и помещений для хранения и переработки сельскохозяйственной продукции,Архитектура,2016-08-18,2025-08-26T03:41:27.920152+00:00,"Данный свод правил устанавливает требования для проектирования зданий и помещений, предназначенных для хранения и переработки сельскохозяйственной продукции. Включает актуализированную редакцию СНиП 2.10.02-84 с учётом современных нормативных требований и международных стандартов.",Свод правил,СП 105.13330.2012 Здания и помещения для хранения и переработки сельскохозяйственной продукции.pdf,СП 105.13330.2012 Здания и помещения для хранения и переработки сельскохозяйственной продукции Актуализированная редакция СНиП 2.10.02-84,"['строительство зданий', 'хранение сельскохозяйственной продукции', 'переработка сельскохозяйственной продукции', 'технические регламенты', 'проектирование']","['свод правил', 'здания', 'помещения', 'хранение сельскохозяйственной продукции', 'переработка сельскохозяйственной продукции', 'проектирование', 'СНиП 2.10.02-84', 'техрегламент', 'безопасность зданий', 'противопожарная защита']",Русский,281,105.13330.2012,5,94.4,5.7,Изменение N 1,СП 105.13330.2012 Здания и помещения для хранения и переработки сельскохозяйственной продукции.pdf,Действующий,19
"Проектирование новых, реконструируемых животноводческих, птицеводческих и звероводческих зданий",Животноводство,2022-12-21,2025-08-26T03:41:32.428900+00:00,"Настоящий свод правил устанавливает требования для проектирования новых и реконструируемых животноводческих, птицеводческих и звероводческих зданий и помещений. Документ актуализирован и включает изменения, утвержденные приказами Минстроя России в 2016 и 2022 годах. Он разработан с учетом требований технических регламентов о безопасности зданий и пожарной безопасности.",Свод правил,"СП 106.13330.2012 Животноводческие, птицеводческие и звероводческие здания и помещения.pdf","Свод правил Животноводческие, птицеводческие и звероводческие здания и помещения","['проектирование', 'технический регламент', 'безопасность зданий', 'пожарная безопасность', 'изменения в своде правил']","['животноводческие здания', 'птицеводческие здания', 'звероводческие здания', 'проектирование зданий', 'технический регламент', 'безопасность зданий', 'пожарная безопасность']",русский,295,106.13330.2012,5,90.7,2.9,Изменения N 2,"СП 106.13330.2012 Животноводческие, птицеводческие и звероводческие здания и помещения.pdf",Действующий,33
"Проектирование новых и реконструкция теплиц и парников всех типов и назначений, включая круглогодичные, сезонные, овощные и рассадные теплицы и парники, предназначенные для овощей, рассады, селекционных и репродукционных теплиц, цветочных теплиц и других объектов закрытого грунта.",Архитектура,2024-05-02,2025-08-26T03:41:37.283493+00:00,"Настоящий свод правил устанавливает требования к проектированию теплиц и парников в соответствии с Федеральными законами о техническом регулировании и пожарной безопасности, учитывает международные и европейские нормативные документы и применяет единые методы оценки эксплуатационных характеристик. Документ предназначен для проектирования новых, а также реконструкции теплиц и парников различных типов и назначений.",Свод правил,"СП 107.13330.2012_Теплицы и парники (изм 1, 2, 3).pdf",Свод правил Теплицы и парники Актуализированная редакция СНиП 2.10.04-85 Greenhouses and hotbeds СП 107.13330.2012,"['проектирование теплиц', 'реконструкция теплиц', 'технические регламенты', 'эксплуатационные характеристики', 'пожарная безопасность']","['теплицы', 'парники', 'проектирование', 'реконструкция', 'закрытый грунт', 'технический регламент', 'безопасность зданий', 'пожарная безопасность']",Русский,346,107.13330.2012,5,92.5,0.0,"Изменения N 3, утв. Приказом Минстроя России от 02.05.2024 N 298/пр","СП 107.13330.2012_Теплицы и парники (изм 1, 2, 3).pdf",Действующий,40
"Предприятия, здания и сооружения по хранению и переработке зерна",Хранение и переработка зерна,2022-12-23,2025-08-26T03:41:41.350280+00:00,"Свод правил устанавливает требования к предприятиям, зданиям и сооружениям по хранению и переработке зерна. Документ включает требования технических регламентов по безопасности зданий и сооружений, противопожарной безопасности, а также учитывает международные и европейские стандарты. Содержит изменяющие документы, последний из которых утвержден в 2022 году.",Свод правил,"СП 108.13330.2012  Предприятия, здания и сооружения по хранению и переработке зерна.pdf","Свод правил Предприятия, здания и сооружения по хранению и переработке зерна Актуализированная редакция СНиП 2.10.05-85","['требования к зданиям', 'технические регламенты', 'противопожарные требования', 'обновления и изменения']","['хранение зерна', 'переработка зерна', 'технический регламент', 'безопасность зданий', 'противопожарная безопасность']",Русский,287,108.13330.2012,5,89.0,1.6,Изменения N 4,"СП 108.13330.2012  Предприятия, здания и сооружения по хранению и переработке зерна.pdf",Действующий,80
"Проектирование зданий холодильников (охлаждаемых складов) и помещений для охлаждения, замораживания и хранения пищевых продуктов",Холодильники,2020-11-23,2025-08-26T03:41:46.385093+00:00,"Данный свод правил является актуализированной редакцией СНиП 2.11.02-87 и распространяется на проектирование зданий холодильников и помещений для охлаждения, замораживания и хранения пищевых продуктов. Включает требования для камер, транспортных коридоров, грузовых платформ и других подсобных помещений. Исключает технологические цехи компрессорных отделений и другие хозяйственные помещения холодильного предприятия. Актуализация выполнена на основании Федерального закона о безопасности зданий и сооружений, с учетом изменений, утвержденных приказами Минстроя России.",Свод правил,"СП 109.13330.2012_Холодильники (изм 1, 2, 3).pdf",Свод правил Холодильники Актуализированная редакция СНиП 2.11.02-87,"['Проектирование зданий холодильников', 'Охлаждение и замораживание', 'Нормативные требования безопасности', 'Технический регламент о безопасности зданий и сооружений']","['Свод правил', 'Холодильники', 'СНиП 2.11.02-87', 'Проектирование', 'Охлаждение', 'Хранение пищевых продуктов', 'Минстрой России', 'Актуализация']",Русский,270,109.13330.2012,5,93.7,1.9,Изм. 3,"СП 109.13330.2012_Холодильники (изм 1, 2, 3).pdf",Действующий,59
"Проектирование зданий, сооружений, площадок и помещений для стоянки автомобилей, микроавтобусов, мототранспортных и велотранспортных средств, а также средств индивидуальной мобильности в городских и муниципальных округах, поселениях и населенных пунктах",Пожарная безопасность,2025-02-28,2025-08-26T03:41:51.385487+00:00,"Настоящий свод правил содержит требования к проектированию стоянок автомобилей и других транспортных средств с учетом требований технического регламента о безопасности зданий и сооружений, энергосбережении и пожарной безопасности. Документ является пересмотром и заменяет СП 113.13330.2016. Включает изменения № 1 и № 2, утвержденные и введённые в действие приказами Минстроя России.",Свод правил,"СП 113.13330.2023 Стоянки автомобилей (с изм. № 1,2) (изм. на 27.12.2024).pdf","СП 113.13330.2023 Стоянки автомобилей СНиП 21-02-99* (с Изменением № 1, 2)","['Требования к проектированию стоянок', 'Технические регламенты', 'Энергосбережение и эффективность', 'Пожарная безопасность', 'Законы и нормативные акты']","['Стоянки автомобилей', 'Проектирование', 'Безопасность зданий и сооружений', 'Энергосбережение', 'Пожарная безопасность', 'Изменения']",русский,331,113.13330.2023,5,94.0,24.5,"Изм.1, Изм.2","СП 113.13330.2023 Стоянки автомобилей (с изм. № 1,2) (изм. на 27.12.2024).pdf",Действующий,40
Проектирование общественных зданий и сооружений,Общественные здания и сооружения,2025-02-28,2025-08-26T03:41:55.391395+00:00,"СП 118.13330.2022 устанавливает требования и нормы к проектированию общественных зданий и сооружений. Включает изменения № 1-5, утвержденные Министерством строительства и жилищно-коммунального хозяйства Российской Федерации, с учетом требований федеральных законов о техническом регулировании, энергосбережении и пожарной безопасности.",Свод правил,СП 118.13330.2022 Общественные здания и сооружения (с изм. №1-5).pdf,СП 118.13330.2022 Общественные здания и сооружения СНиП 31-06-2009 (с Изменениями № 1-5),"['требования к проектированию', 'технический регламент', 'энергосбережение', 'пожарная безопасность']","['общественные здания', 'проектирование', 'строительство', 'технический регламент', 'энергосбережение', 'пожарная безопасность']",русский,234,118.13330.2022,5,95.3,11.9,Изм. 1-5,СП 118.13330.2022 Общественные здания и сооружения (с изм. №1-5).pdf,Действующий,51
"Проектирование, строительство новых железнодорожных линий, дополнительных главных путей, реконструкция и капитальный ремонт путей общего пользования колеи 1520 мм",Железные дороги,2019-12-24,2025-08-26T03:41:59.865154+00:00,"Настоящий свод правил распространяется на проектирование, строительство и реконструкцию железнодорожных линий и путей колеи 1520 мм, предназначенных для движения поездов с различными типами нагрузок и скоростей. Документ реализует требования Федерального закона о техническом регулировании безопасности зданий и сооружений и включает обновления, утвержденные в 2019 году.",Свод правил,СП 119.13330.2017_Железные дороги колеи 1520 мм (с изменением 1).pdf,Свод правил Железные дороги колеи 1520 мм. Сп 119.13330.2017,"['проектирование железных дорог', 'строительство железнодорожных путей', 'нагрузки на железнодорожные пути', 'технические требования к железнодорожным путям']","['железные дороги', 'колея 1520 мм', 'проектирование', 'строительство', 'реконструкция', 'технический регламент', 'нагрузка на рельсы', 'скорость движения поездов']",Русский,326,119.13330.2017,5,94.4,0.0,Изменение N 1,СП 119.13330.2017_Железные дороги колеи 1520 мм (с изменением 1).pdf,Действующий,69
"Методы определения классификационных признаков отнесения зданий, помещений и наружных установок производственного и складского назначения к категориям по взрывопожарной и пожарной опасности",Пожарная безопасность,2010-12-09,2025-08-26T03:42:04.559369+00:00,"Настоящий свод правил устанавливает методы классификации зданий, помещений и наружных установок по взрывопожарной и пожарной опасности для применения требований пожарной безопасности. Не распространяется на здания и наружные установки для производства и хранения взрывчатых веществ, проектируемые по специальным нормам.",Свод правил,"СП 12.13130.2009_Определение категорий помещений, зданий и наружных установок по взрывопожарной и пожарной опасности (с изменением 1).pdf","Свод правил Определение категорий помещений, зданий и наружных установок по взрывопожарной и пожарной опасности","['методы определения категорий', 'пожарная безопасность', 'взрывопожарная безопасность']","['классификация зданий', 'взрывопожарная опасность', 'пожарная опасность', 'пожарная безопасность', 'наружные установки']",Русский,318,12.13130.2009,5,91.7,1.2,Изм. 1,"СП 12.13130.2009_Определение категорий помещений, зданий и наружных установок по взрывопожарной и пожарной опасности (с изменением 1).pdf",Действующий,55
"Проектирование, строительство и приемка в эксплуатацию новых и реконструируемых линий, объектов и устройств метрополитена",Метрополитены,2019-12-24,2025-08-26T03:42:10.699509+00:00,"Актуализированная редакция СНиП 32-02-2003 для метрополитенов. Содержит требования по проектированию, строительству и приемке в эксплуатацию новых и реконструируемых линий, объектов и устройств метрополитена. Направлен на повышение безопасности пассажиров, эксплуатационной надежности и сохранности материальных ценностей.",Свод правил,"СП 120.13330.2012_Метрополитены (с изменениями 1, 2).pdf",Сп 120.13330.2012. Свод правил. Метрополитены. Актуализированная редакция СНиП 32-02-2003,"['Актуализация СНиП 32-02-2003', 'Проектирование метрополитенов', 'Строительство метрополитенов', 'Требования безопасности', 'Эксплуатация метрополитенов']","['Метрополитены', 'Свод правил', 'Актуализация', 'СНиП 32-02-2003', 'Проектирование', 'Строительство', 'Безопасность', 'Эксплуатационная надежность']",русский,343,120.13330.2012,5,93.8,8.4,"Изменение N 4, утв. Приказом Минстроя России от 24.12.2019 N 863/пр","СП 120.13330.2012_Метрополитены (с изменениями 1, 2).pdf",Действующий,358
Требования к проектированию и реконструкции сооружений аэродромов и вертодромов,Аэродромы,2024-10-16,2025-08-26T03:42:14.659935+00:00,"Настоящий свод правил устанавливает требования к проектированию и реконструкции сооружений аэродромов и вертодромов. Документ разработан с учетом федеральных законов по техническому регулированию, безопасности зданий и противопожарной защиты, а также международных и европейских норм.",Свод правил,"СП 121.13330.2019_Аэродромы (с изменениями 1, 2) (2).pdf",Свод правил 121.13330.2019 Аэродромы,"['требования к проектированию аэродромов', 'технические регламенты', 'безопасность зданий и сооружений', 'противопожарная защита']","['аэродромы', 'вертодромы', 'проектирование', 'реконструкция', 'техническое регулирование', 'пожарная безопасность']",русский,317,121.13330.2019,5,88.8,4.0,Изменения N 2,"СП 121.13330.2019_Аэродромы (с изменениями 1, 2) (2).pdf",Действующий,189
"Проектирование, строительство и приёмка в эксплуатацию новых и реконструкцию существующих железнодорожных и автодорожных тоннелей, включая городские транспортные тоннели и короткие тоннели типа путепроводов. Не распространяется на тоннели высокоскоростных железнодорожных линий и скоростных автомагистралей.",Тоннели,2020-12-30,2025-08-26T03:42:20.112116+00:00,"Свод правил определяет системотехнику принятия технических решений для обеспечения комплексной безопасности тоннельных переходов на путях сообщения, повышая надежность и эффективность тоннельных сооружений в соответствии с техническими регламентами безопасности зданий, сооружений, пожарной безопасности и безопасности транспортной инфраструктуры Таможенного союза.",Свод правил,СП 122.13330.2012_Тоннели железнодорожные и автодорожные (с изменением 1) (2).pdf,Свод правил Тоннели железнодорожные и автомобильные. Активлизированная редакция СНиП 32-04-97,"['технические решения безопасности', 'повышение надежности', 'требования пожарной безопасности', 'технические регламенты', 'системотехника']","['тоннели', 'железнодорожные тоннели', 'автодорожные тоннели', 'комплексная безопасность', 'проектирование', 'строительство', 'эксплуатация']",русский,301,122.13330.2012,5,94.4,0.0,"Изменения N 2, утв. Приказом Минстроя России от 30.12.2020 N 911/пр",СП 122.13330.2012_Тоннели железнодорожные и автодорожные (с изменением 1) (2).pdf,Действующий,202
"Проектирование подземных хранилищ газа, нефти и продуктов их переработки, сооружаемых в каменной соли и других горных породах",Строительство,2017-07-10,2025-08-26T03:42:24.349660+00:00,"Документ содержит указания по проектированию подземных хранилищ газа, нефти и продуктов их переработки. Является актуализированной редакцией СНиП 34-02-99 и утвержден Приказом Федерального агентства по строительству и жилищно-коммунальному хозяйству от 10 декабря 2012 г. с введением в действие с 1 июля 2013 г. Содержит изменения, утвержденные Приказом Минстроя России от 10.07.2017.",Свод правил,"СП 123.13330.2012_Подземные хранилища газа, нефти и продуктов их переработки (с изменением 1) (2).pdf","Свод правил Подземные хранилища газа, нефти и продуктов их переработки Актуализированная редакция СНиП 34-02-99","['проектирование', 'строительство', 'подземные сооружения']","['подземные хранилища', 'газ', 'нефть', 'продукты переработки', 'проектирование', 'каменная соль', 'горные породы']",русский,289,123.13330.2012,5,95.4,0.9,Изменение N 1,"СП 123.13330.2012_Подземные хранилища газа, нефти и продуктов их переработки (с изменением 1) (2).pdf",Действующий,46
"Тепловые сети и сооружения тепловых сетей во взаимосвязи со всеми элементами системы централизованного теплоснабжения. Проектирование тепловых сетей, транспортирующих горячую воду, водяной пар и конденсат водяного пара.",Отопление,2024-10-14,2025-08-26T03:42:30.189215+00:00,"Настоящий свод правил устанавливает требования по проектированию тепловых сетей и сооружений на тепловых сетях во взаимосвязи со всеми элементами системы централизованного теплоснабжения. Он распространяется на тепловые сети от выходных запорных задвижек источника теплоты до входных запорных органов индивидуальных тепловых пунктов зданий и сооружений, транспортирующих горячую воду, водяной пар и конденсат водяного пара. Включает актуализированную редакцию СНиП 41-02-2003 и учитывает требования федеральных законов о техническом регулировании и безопасности.",Свод правил,"СП 124.13330.2012 Тепловые сети (с Изменениями N 1, 2, 3) (2).pdf",Свод правил Тепловые сети Актуализированная редакция СНиП 41-02-2003,"['Тепловые сети', 'Проектирование тепловых сетей', 'Безопасность зданий']","['Тепловые сети', 'Проектирование', 'Централизованное теплоснабжение', 'Горячая вода', 'Водяной пар', 'Конденсат', 'Безопасность зданий и сооружений']",Русский,324,124.13330.2012,5,89.3,0.0,"Изменения N 4, утв. Приказом Минстроя России от 14.10.2024 N 698/пр","СП 124.13330.2012 Тепловые сети (с Изменениями N 1, 2, 3) (2).pdf",Действующий,131
"Проектирование и реконструкция участков магистральных нефтепродуктопроводов, прокладываемых на территории городов и других населенных пунктов",Трубопроводы нефтепродуктов,2023-03-13,2025-08-26T03:42:34.486347+00:00,"Данный свод правил регулирует проектирование и реконструкцию участков магистральных нефтепродуктопроводов, предназначенных для транспортирования дизельного топлива, автомобильных бензинов и топлива для реактивных двигателей, прокладываемых на территории городов и других населенных пунктов. Включает актуализированную редакцию СНиП 2.05.13-90 с изменениями, утверждёнными в 2016 и 2023 годах.",Свод правил,"СП 125.13330.2012 Нефтепродуктопроводы, прокладываемые на территории городов и других населенных пунктов.pdf","Свод правил СП 125.13330.2012 Нефтепродуктопроводы, прокладываемые на территории городов и других населенных пунктов","['транспортирование нефтепродуктов', 'строительство трубопроводов', 'технические нормы']","['нефтепродуктопроводы', 'проектирование', 'реконструкция', 'магистральные трубопроводы', 'города', 'населённые пункты']",русский,290,125.13330.2012,5,95.8,0.0,"Изменения N 2, утв. 13.03.2023","СП 125.13330.2012 Нефтепродуктопроводы, прокладываемые на территории городов и других населенных пунктов.pdf",Действующий,24
"Геодезические работы в строительстве, контроль точности геометрических параметров зданий и сооружений, мониторинг деформаций строительных конструкций, исполнительные и контрольные съемки при строительстве, реконструкции, эксплуатации и сносе объектов капитального строительства, сетей инженерно-технического обеспечения; строительство без разрешения на строительство; объекты индивидуального жилищного строительства",Строительство,2022-12-14,2025-08-26T03:42:41.046682+00:00,"Настоящий свод правил устанавливает требования к производству геодезических работ в строительстве, включая контроль точности геометрии зданий и сооружений, мониторинг деформаций, исполнительные и контрольные съемки. Документ подготовлен и утвержден Министерством строительства и жилищно-коммунального хозяйства РФ и содержит изменения, утвержденные в 2022 году.",Свод правил,"СП 126.13330.2017_Геодезические работы в строительстве. СНиП 3.01.03-84 (с изменениями 1, 2).pdf",Свод правил Геодезические работы в строительстве СНиП 3.01.03-84 СП 126.13330.2017,"['технический регламент о безопасности зданий и сооружений', 'контроль параметров строительных конструкций', 'мониторинг и съемка в строительстве']","['геодезические работы', 'строительство', 'контроль точности', 'мониторинг деформаций', 'исполнительные съемки', 'строительство без разрешения', 'индивидуальное жилищное строительство']",русский,257,126.13330.2017,5,88.1,74.0,Изменение N 1,"СП 126.13330.2017_Геодезические работы в строительстве. СНиП 3.01.03-84 (с изменениями 1, 2).pdf",Действующий,95
"Проектирование строительных алюминиевых конструкций зданий и сооружений, за исключением алюминиевых конструкций мостов и конструкций, подвергающихся многократному воздействию нагрузок, динамических нагрузок или воздействию температуры свыше 100 °C",Архитектура,2024-07-29,2025-08-26T03:42:45.832123+00:00,"Данный свод правил устанавливает требования к проектированию алюминиевых конструкций зданий и сооружений для повышения безопасности и гармонизации с европейскими и международными нормативными требованиями. Включает пересмотр предыдущей редакции СНиП 2.03.06-85 с внесенными изменениями, утвержденными приказом Минстроя России.",Свод правил,СП 128.13330.2016_Алюминиевые конструкции (с изменением 1).pdf,Свод Правил Алюминиевые Конструкции Актуализированная Редакция СНиП 2.03.06-85,"['технические требования', 'пересмотр нормативов', 'безопасность конструкций', 'строительное проектирование']","['алюминиевые конструкции', 'проектирование', 'строительные конструкции', 'безопасность', 'нормативные документы', 'СНиП 2.03.06-85']",русский,294,128.13330.2016,5,84.3,0.6,Изменение N 1,СП 128.13330.2016_Алюминиевые конструкции (с изменением 1).pdf,Действующий,142
Наружные сети и сооружения водоснабжения и канализации,Системы водоснабжения и систем канализации,2019-12-31,2025-08-26T03:42:50.369928+00:00,"Свод правил, устанавливающий требования к проектированию, строительству и эксплуатации наружных сетей и сооружений водоснабжения и канализации. Является актуализированной редакцией СНиП 3.05.04-85*. Документ утвержден Министерством строительства и жилищно-коммунального хозяйства Российской Федерации и введен в действие с 1 июля 2020 г.",Свод правил,СП 129.13330.2019_Наружные сети и сооружения водоснабжения и канализации (с изменением 1).pdf,СП 129.13330.2019 Наружные сети и сооружения водоснабжения и канализации. Актуализированная редакция СНиП 3.05.04-85*,"['технические регламенты', 'нормативные ссылки', 'требования к строительству и проектированию', 'актуализация СНиП']","['наружные сети водоснабжения', 'сооружения водоснабжения', 'канализация', 'актуализация СНиП', 'водоснабжение', 'системы водоснабжения', 'системы канализации']",Русский,362,129.13330.2019,5,84.9,1.0,Актуализированная редакция,СП 129.13330.2019_Наружные сети и сооружения водоснабжения и канализации (с изменением 1).pdf,Действующий,95
Атомные станции,Пожарная безопасность,2015-05-06,2025-08-26T03:42:54.189636+00:00,"Настоящий свод правил устанавливает требования по обеспечению пожарной безопасности атомных станций на различных этапах жизненного цикла с реакторами всех типов, за исключением транспортных, исследовательских и реакторных установок специального назначения. Документ включает требования, связанные с обеспечением водородной безопасности и применением оборудования с жидкометаллическими теплоносителями, основанные на расчетном анализе образования взрывоопасных концентраций газовых смесей и пожаров.",Свод правил,СП 13.13130.2009 Атомные станции. Требования пожарной безопасности.pdf,Свод правил Атомные станции Требования пожарной безопасности,"['требования пожарной безопасности', 'атомные станции', 'жизненный цикл реакторов', 'водородная безопасность', 'противопожарные системы']","['пожарная безопасность', 'атомные станции', 'ядерные реакторы', 'водородная безопасность', 'жидкометаллические теплоносители', 'взрывоопасные концентрации', 'пожары']",русский,340,13.13130.2009,5,92.0,0.0,Изменение N 1,СП 13.13130.2009 Атомные станции. Требования пожарной безопасности.pdf,Действующий,37
Производство сборных железобетонных конструкций и изделий,Производство сборных железобетонных конструкций и изделий,2018-12-19,2025-08-26T03:42:57.215504+00:00,"Документ утверждает свод правил для производства сборных железобетонных конструкций и изделий, заменяющий СНиП 3.09.01-85, с требованиями и нормами, необходимыми для организации и контроля производственного процесса.",Свод правил,"СП 130.13330.2018_Производство сборных железобетонных конструкций и издели (с изменением 1, 2).pdf",СП 130.13330.2018 Производство сборных железобетонных конструкций и изделий СНиП 3.09.01-85,"['производство сборных железобетонных конструкций', 'железобетонные изделия', 'технические нормы', 'строительные правила']","['свод правил', 'производство железобетонных конструкций', 'железобетонные изделия', 'строительство', 'нормы и правила']",Русский,281,130.13330.2018,5,92.9,0.8,Пересмотр СП 130.13330.2011,"СП 130.13330.2018_Производство сборных железобетонных конструкций и издели (с изменением 1, 2).pdf",Действующий,72
"Климатические параметры для проектирования зданий и сооружений, систем отопления, вентиляции, кондиционирования, водоснабжения, планировка и застройка территорий РФ",Строительство,2021-06-25,2025-08-26T03:43:01.335121+00:00,"Свод правил устанавливает климатические параметры, применяемые при проектировании зданий и сооружений, систем отопления, вентиляции, кондиционирования, водоснабжения, а также при планировке и застройке городских и сельских поселений на территории Российской Федерации. Документ разработан в соответствии с требованиями федеральных законов по техническому регулированию и энергосбережению, и введён в действие с 25 июня 2021 года.",Свод правил,"СП 131.13330.2020_Строительная климатология (с изменениями 1, 2).pdf",СП 131.13330.2020 Строительная климатология,"['климатические параметры', 'проектирование', 'энергосбережение', 'строительство']","['строительная климатология', 'климатические параметры', 'проектирование зданий', 'отопление', 'вентиляция', 'кондиционирование', 'водоснабжение', 'планировка территорий']",Русский,2023,131.13330.2020,5,44.2,4.1,Пересмотр СП 131.13330.2018,"СП 131.13330.2020_Строительная климатология (с изменениями 1, 2).pdf",Действующий,81
Проектирование зданий и сооружений с учетом антитеррористической защищенности,Противодействие терроризму,2011-09-20,2025-08-26T03:43:05.023170+00:00,"Свод правил устанавливает минимально необходимые требования к проектным решениям, направленным на обеспечение антитеррористической защищенности зданий и сооружений. Документ направлен на предотвращение несанкционированного доступа и обнаружение взрывных устройств, оружия, боеприпасов на различных объектах, включая социально-культурные и коммунально-бытовые здания.",Свод правил,СП 132.13330.2011 Обеспечение антитеррористической защищенности зданий и сооружений.pdf,СП 132.13330.2011 Обеспечение антитеррористической защищенности зданий и сооружений. Общие требования проектирования,"['техническое регулирование', 'проектная документация', 'безопасность зданий', 'противодействие терроризму']","['антитеррористическая защищенность', 'здания и сооружения', 'проектирование', 'безопасность', 'противодействие террористическим актам']",русский,420,132.13330.2011,5,93.5,0.0,Введен впервые,СП 132.13330.2011 Обеспечение антитеррористической защищенности зданий и сооружений.pdf,Действующий,6
"Проектирование сети проводного радиовещания и оповещения в зданиях и сооружениях, локальных систем оповещения на опасных объектах и систем оповещения населённых пунктов на территории Российской Федерации",Проектирование систем оповещения и радиовещания,2017-04-17,2025-08-26T03:43:09.599754+00:00,"Свод правил устанавливает требования к проектированию систем проводного радиовещания и оповещения в зданиях и сооружениях для обеспечения безопасности пользователей и соответствия техническим регламентам. Документ включает нормы проектирования локальных систем оповещения на опасных объектах и систем оповещения населённых пунктов, актуализирован изменением от 17 апреля 2017 года.",Свод правил,СП 133.13330.2012 Сети проводного радиовещания и оповещения в зданиях и сооружения (изм 3).pdf,Свод правил Сети проводного радиовещания и оповещения в зданиях и сооружениях. Нормы проектирования,"['нормы проектирования', 'системы радиовещания', 'системы оповещения', 'безопасность зданий и сооружений']","['проводное радиовещание', 'система оповещения', 'проектирование', 'безопасность зданий', 'технический регламент', 'локальные системы оповещения']",Русский,326,133.13330.2012,5,96.4,2.2,Изм.1,СП 133.13330.2012 Сети проводного радиовещания и оповещения в зданиях и сооружения (изм 3).pdf,Действующий,28
"Проектирование систем электросвязи инженерно-технического обеспечения в новостроящихся, реконструируемых и капитально ремонтируемых зданиях и сооружениях Российской Федерации",Системы электросвязи зданий и сооружений,2022-12-23,2025-08-26T03:43:14.185961+00:00,"Данный свод правил устанавливает минимально необходимые требования к проектированию систем электросвязи в зданиях и сооружениях. Он распространяется на проектирование новых, реконструируемых и капитально ремонтируемых объектов. Исключаются частные дома, некапитальные строения, высотные здания, транспортные сооружения и объекты с повышенным уровнем ответственности. Документ утвержден приказом Минстроя России от 23.12.2022 и введен в действие с 24.01.2023.",Свод правил,СП 134.13330.2022_Cистемы электросвязи зданий и сооружений. Основные положения проектирования (с изменением 1).pdf,СП 134.13330.2022 Свод правил Системы электросвязи зданий и сооружений Основные положения проектирования,"['проектирование систем электросвязи', 'минимальные требования', 'новые здания', 'реконструкция', 'капитальный ремонт', 'нормативные ссылки']","['свод правил', 'системы электросвязи', 'проектирование', 'к зданиям и сооружениям', 'Минстрой России', 'требования']",русский,244,134.13330.2022,5,94.5,0.0,Пересмотр СП 134.13330.2012,СП 134.13330.2022_Cистемы электросвязи зданий и сооружений. Основные положения проектирования (с изменением 1).pdf,Действующий,55
"Вертодромы, посадочные площадки для вертолетов на крышах зданий и сооружений",Пожарная безопасность,2012-11-13,2025-08-26T03:43:21.859508+00:00,"Данный свод правил устанавливает требования пожарной безопасности к вертодромам, размещаемым на крышах зданий и сооружений. Применяется при проектировании, строительстве, капитальном ремонте и реконструкции вертодромов, определяет нормы обеспечения дополнительным противопожарным и спасательным оборудованием.",Свод правил,СП 135.13130.2012 Вертодромы. Требования пожарной безопасности.pdf,Свод правил СП 135.13130.2012 Вертодромы. Требования пожарной безопасности,"['требования пожарной безопасности', 'нормы обеспечения', 'проектирование вертодромов', 'строительство вертодромов', 'капитальный ремонт вертодромов', 'реконструкция вертодромов']","['вертодромы', 'пожарная безопасность', 'посадочные площадки для вертолетов', 'проектирование', 'строительство', 'капитальный ремонт', 'реконструкция', 'противопожарное оборудование']",русский,206,135.13130.2012,5,93.0,8.5,Введен впервые,СП 135.13130.2012 Вертодромы. Требования пожарной безопасности.pdf,Действующий,23
Проектирование зданий и сооружений с учетом доступности для маломобильных групп населения,Архитектура,2022-12-27,2025-08-26T03:43:26.332435+00:00,"Свод правил устанавливает общие положения проектирования зданий и сооружений с учетом доступности для маломобильных групп населения. Документ разработан в соответствии с федеральными законами и техническими регламентами, включая требования безопасности зданий и социальной защиты инвалидов. Содержит обновления, утвержденные в 2016 и 2022 годах.",Свод правил,"СП 136.13330.2012_Общие положения проектирования с учетом доступности для маломобильных групп населения (с изменениями 1, 2).pdf",СП 136.13330.2012 Общие положения проектирования с учетом доступности для маломобильных групп населения,"['требования проектирования', 'инклюзивная архитектура', 'нормативное регулирование']","['доступность', 'проектирование', 'здания и сооружения', 'маломобильные группы населения', 'техническое регулирование', 'безопасность зданий']",Русский,264,136.13330.2012,5,97.1,0.0,"Изменения N 2, утв. Приказом Минстроя России от 27.12.2022 N 1137/пр","СП 136.13330.2012_Общие положения проектирования с учетом доступности для маломобильных групп населения (с изменениями 1, 2).pdf",Действующий,35
"Проектирование многоквартирных жилых зданий, домов жилищного фонда социального использования, общественных зданий временного пребывания, детских домов семейного типа, а также жилых помещений в составе других общественных зданий",Архитектура,2023-12-19,2025-08-26T03:43:31.110336+00:00,"Свод правил устанавливает требования и правила проектирования жилой среды с планировочными элементами, доступными для инвалидов. Документ ориентирован на создание доступной среды в многоквартирных жилых зданиях и других общественных зданиях, учитывая опыт российских и международных стандартов.",Свод правил,"СП 137.13330.2012 Жилая среда с планировочными элементами, доступными инвалидам. Правила проектирования.pdf","Свод правил Жилая среда с планировочными элементами, доступными инвалидам Правила проектирования","['доступная архитектура', 'проектировочные решения', 'инклюзивное строительство']","['жилая среда', 'доступность для инвалидов', 'проектирование', 'многоквартирные жилые здания', 'социальное жилье', 'общественные здания', 'нормативные документы']",русский,350,137.13330.2012,5,91.9,5.6,"Изменения N 2, утв. Приказом Минстроя России от 19.12.2023 N 949/пр","СП 137.13330.2012 Жилая среда с планировочными элементами, доступными инвалидам. Правила проектирования.pdf",Действующий,29
"Общественные здания и сооружения, доступные маломобильным группам населения",Архитектура,2016-11-07,2025-08-26T03:43:36.699807+00:00,"Свод правил по проектированию общественных зданий и сооружений, доступных маломобильным группам населения. Документ разработан в соответствии с техническими регламентами и устанавливает правила архитектурного проектирования для обеспечения доступности.",Свод правил,"СП 138.13330.2012_Общественные здания и сооружения, доступные маломобильным группам населения (с изменениями 1, 2, 3).pdf","СП 138.13330.2012 Свод правил Общественные здания и сооружения, доступные маломобильным группам населения Правила проектирования","['правила проектирования', 'доступность зданий', 'архитектурные стандарты']","['общественные здания', 'доступность', 'маломобильные группы населения', 'архитектурное проектирование', 'технические регламенты']",Русский,259,138.13330.2012,5,95.5,0.3,Изм.1,"СП 138.13330.2012_Общественные здания и сооружения, доступные маломобильным группам населения (с изменениями 1, 2, 3).pdf",Действующий,113
"Проектирование предприятий различных отраслей промышленности, предприятий малого и среднего бизнеса, административно-управленческих зданий, зданий проектных и научно-исследовательских институтов и других общественных зданий с отдельными рабочими местами для инвалидов",Архитектура,2023-12-28,2025-08-26T03:43:42.484414+00:00,"Данный свод правил регламентирует требования к проектированию зданий и помещений, оборудованных рабочими местами для инвалидов, в соответствии с законодательством Российской Федерации и принципами Конвенции ООН о правах инвалидов. Используется совместно с другими нормативными документами, охватывает проектирование предприятий различных отраслей и общественных зданий с рабочими местами для инвалидов.",Свод правил,"СП 139.13330.2012_Здания и помещения с местами труда для инвалидов. Правила проектирования (с изменениями 1, 2).pdf",Свод правил Здания и помещения с местами труда для инвалидов Правила проектирования,"['требования проектирования', 'безопасность зданий и сооружений', 'инклюзивная архитектура']","['свод правил', 'здания для инвалидов', 'рабочие места для инвалидов', 'проектирование', 'архитектура', 'техническое регулирование', 'конвенция о правах инвалидов']",Русский,452,139.13330.2012,5,89.8,3.8,Изменения N 2 от 28.12.2023,"СП 139.13330.2012_Здания и помещения с местами труда для инвалидов. Правила проектирования (с изменениями 1, 2).pdf",Действующий,29
Строительство в сейсмических районах,Строительство,2024-09-19,2025-08-26T03:43:48.689077+00:00,"Свод правил, утвержденный Минстроем России, посвящён строительству в сейсмических районах и содержит актуализированную редакцию СНиП II-7-81*. Документ регулирует технические требования и нормы для обеспечения сейсмостойкости зданий и сооружений. Включает изменения, утверждённые в 2022 и 2024 годах.",Свод правил,"СП 14.13330.2018_Строительство в сейсмических районах (с изменениями 2, 3, 4).pdf",Свод правил Строительство в сейсмических районах Актуализированная редакция СНиП II-7-81* Seismic building design code СП 14.13330.2018,"['строительство в сейсмических районах', 'технические нормы и правила', 'сейсмостойкость зданий', 'обеспечение безопасности']","['сейсмические районы', 'строительство', 'сейсмостойкость', 'техническое регулирование', 'СНиП II-7-81*', 'Минстрой России']",Русский,414,14.13330.2018,5,74.5,0.7,"Изменения N 4, утв. Приказом Минстроя России от 19.09.2024 N 632/пр","СП 14.13330.2018_Строительство в сейсмических районах (с изменениями 2, 3, 4).pdf",Действующий,208
Правила проектирования по формированию доступной городской среды для инвалидов и других маломобильных групп населения; применяется для реконструируемых территорий разного функционального назначения городов и для существующей застройки с соблюдением доступности зданий и сооружений,Городская среда,2023-12-28,2025-08-26T03:43:53.356283+00:00,"Документ содержит обязательные и рекомендательные нормы и правила по проектированию среды, адаптированной для инвалидов и других маломобильных групп населения. Разработан в развитие положений СП 42.13330 и СП 59.13330, в соответствии с Конвенцией ООН о правах инвалидов. Включает требования по доступности городской среды для маломобильных граждан, включая инвалидов с различными нарушениями.",Свод правил,СП 140.13330.2012 Городская среда. Правила проектирования для маломобильных групп населения (Пересмотр).pdf,Свод правил Городская среда. Правила проектирования для маломобильных групп населения,"['доступная городская среда', 'проектирование для инвалидов', 'инклюзивная архитектура', 'правила проектирования']","['маломобильные группы населения', 'городская среда', 'доступность зданий', 'проектирование', 'инвалиды', 'СП 140.13330.2012', 'Изменения 1 и 2']",Русский,475,140.13330.2012,5,81.2,6.2,"Изменения N 2, утв. Приказом Минстроя России от 28.12.2023 N 1004/пр",СП 140.13330.2012 Городская среда. Правила проектирования для маломобильных групп населения (Пересмотр).pdf,Действующий,79
"Устанавливает правила проектирования по формированию доступной городской среды для инвалидов и других маломобильных групп населения в городских населенных пунктах, включая проектирование нового строительства и реконструкцию территорий общего пользования",Городская среда,2024-12-26,2025-08-26T03:43:57.315039+00:00,"Документ устанавливает правила проектирования доступной городской среды для маломобильных групп населения с учетом требований федерального законодательства и технических регламентов, направленных на обеспечение безопасности и доступности городской среды.",Свод правил,СП 140.13330.2024_Городская среда. Правила проектирования для маломобильных групп населения.pdf,Свод правил Городская среда. Правила проектирования для маломобильных групп населения,"['правила проектирования', 'доступная среда', 'технические нормативы', 'федеральные законы', 'реконструкция территорий']","['доступность', 'городская среда', 'маломобильные группы населения', 'проектирование', 'инвалиды']",Русский,242,140.13330.2024,5,92.5,0.0,Пересмотр СП 140.13330.2012,СП 140.13330.2024_Городская среда. Правила проектирования для маломобильных групп населения.pdf,Действующий,12
Правила расчета и размещения учреждений социального обслуживания населения,Учреждения социального обслуживания населения,2015-12-30,2025-08-26T03:44:01.189855+00:00,"Документ устанавливает правила расчета вместимости и размещения учреждений социального обслуживания населения. Разрабатывается с учетом федеральных нормативов и международных соглашений, детализирует требования по проектированию в этой области.",Свод правил,СП 141.13330.2012 Учреждения социального обслуживания маломобильных групп населения. Правила расчета и размещения.pdf,СП 141.13330.2012 Свод Правил Учреждения Социального Обслуживания Населения Правила Расчета И Размещения,"['расчет вместимости', 'проектирование учреждений', 'обеспечение доступности', 'нормативное регулирование', 'технические требования']","['учреждения социального обслуживания', 'правила расчета', 'размещение', 'строительство', 'доступность', 'безопасность']",русский,462,141.13330.2012,5,85.0,2.7,"Изменения N 1, утверждены Приказом Минстроя России от 30.12.2015 N 969/пр",СП 141.13330.2012 Учреждения социального обслуживания маломобильных групп населения. Правила расчета и размещения.pdf,Действующий,47
"Проектирование зданий центров ресоциализации в системе органов социальной защиты. Требования распространяются на новые объекты, реконструкцию, модернизацию и обустройство помещений действующих центров ресоциализации.",Архитектура,2015-12-30,2025-08-26T03:44:06.645555+00:00,"Свод правил устанавливает требования к проектированию зданий центров ресоциализации для социальной помощи лицам, занимающимся бродяжничеством и нуждающимся в социальной помощи. Документ актуализирован с учётом современных нормативов и содержит правила для новых зданий, реконструкции и модернизации существующих объектов.",Свод правил,СП 142.13330.2012 Здания центров ресоциализации. Правила проектирования.pdf,Свод правил СП 142.13330.2012 Здания центров ресоциализации. Правила проектирования,"['требования к проектированию', 'социальная помощь', 'безопасность зданий', 'нормы и стандарты']","['свод правил', 'здания центров ресоциализации', 'проектирование', 'социальная защита', 'архитектура', 'нормативные требования']",Русский,162,142.13330.2012,5,91.8,0.0,Изменение N 1,СП 142.13330.2012 Здания центров ресоциализации. Правила проектирования.pdf,Действующий,28
"Проектирование функциональных групп помещений для досуговой и физкультурно-оздоровительной деятельности маломобильных групп населения, включая социально-оздоровительные центры, отделения временного и дневного пребывания, специальные жилые дома, пансионаты, дома-интернаты, учреждения для пожилых, специализированные дома-интернаты, объекты временного пребывания лиц без определенного места жительства",Архитектура,2015-12-30,2025-08-26T03:44:11.675891+00:00,Настоящий свод правил устанавливает требования к проектированию помещений для досуговой и физкультурно-оздоровительной деятельности маломобильных групп населения с учетом соответствующих федеральных законов и международных конвенций. Документ разработан для обеспечения доступности и безопасности таких помещений в жилой застройке и специализированных социальных учреждениях.,Свод правил,СП 143.13330.2012 Помещения для досуговой.pdf,Свод правил Помещения для досуговой и физкультурно-оздоровительной деятельности маломобильных групп населения. Правила проектирования,"['проектирование помещений', 'требования доступности', 'социальное обслуживание', 'строительное законодательство', 'безопасность зданий']","['маломобильные группы населения', 'проектирование помещений', 'досуговая деятельность', 'физкультурно-оздоровительная деятельность', 'социальные учреждения', 'доступность', 'безопасность']",Русский,318,143.13330.2012,5,88.3,0.0,Изменения N 1,СП 143.13330.2012 Помещения для досуговой.pdf,Действующий,32
"Проектирование новых, реконструируемых, капитально ремонтируемых зданий гериатрических центров и отделений",Архитектура,2023-12-28,2025-08-26T03:44:16.805205+00:00,"Данный свод правил устанавливает основные положения и требования к размещению, участку, функциональной организации и архитектурно-планировочным решениям гериатрических учреждений (отделений). Распространяется на проектирование новых, реконструируемых и капитально ремонтируемых зданий гериатрических центров и отделений. Документ учитывает отечественный и международный опыт создания доступной среды для групп населения старших возрастов.",Свод правил,СП 144.13330.2012 Центры и отделения гериатрического обслуживания. Правила проектирования.pdf,Свод правил Центры и отделения гериатрического обслуживания Правила проектирования,"['требования к размещению', 'функциональная организация', 'архитектурно-планировочные решения', 'проектирование гериатрических центров']","['гериатрическое обслуживание', 'проектирование', 'архитектурно-планировочные решения', 'гериатрические учреждения', 'доступность']",Русский,198,144.13330.2012,5,91.9,0.0,"Изменения N 2, утв. Приказом Минстроя России от 28.12.2023 N 1004/пр",СП 144.13330.2012 Центры и отделения гериатрического обслуживания. Правила проектирования.pdf,Действующий,52
"Проектирование новых и реконструируемых зданий стационарных учреждений медико-социального обслуживания: геронтологических центров, домов сестринского ухода и хосписов",Архитектура,2023-12-28,2025-08-26T03:44:22.660660+00:00,"Настоящий свод правил устанавливает основные положения и требования к размещению, участку, функциональной организации и архитектурно-планировочным решениям стационарных учреждений медико-социального обслуживания, таких как геронтологические центры, дома сестринского ухода и хосписы. Свод правил учитывает нормы безопасности зданий, права инвалидов и адаптацию среды для маломобильных групп населения. Последние изменения утверждены приказом Минстроя России от 28 декабря 2023 года.",Свод правил,"СП 146.13330.2012 Геронтологические центры, дома сестринского ухода, хосписы. Правила проектирования.pdf","СП 146.13330.2012 Геронтологические центры, дома сестринского ухода, хосписы. Правила проектирования","['правила проектирования', 'архитектура медицинских учреждений', 'нормы безопасности', 'адаптация среды для инвалидов', 'маломобильные группы']","['геронтологические центры', 'дома сестринского ухода', 'хосписы', 'проектирование', 'медико-социальное обслуживание', 'инвалиды', 'архитектурно-планировочные решения']",русский,291,146.13330.2012,5,93.1,0.0,"Изменения N 3, утв. Приказом Минстроя России от 28.12.2023 N 1004/пр","СП 146.13330.2012 Геронтологические центры, дома сестринского ухода, хосписы. Правила проектирования.pdf",Действующий,35
"Правила реконструкции зданий и сооружений для создания условий доступности маломобильным группам населения, а также комфортных условий пребывания и беспрепятственного пользования услугами для них в зданиях и учреждениях социального обслуживания",Здания,2013-07-01,2025-08-26T03:44:26.788677+00:00,"Данный свод правил устанавливает требования и правила реконструкции зданий и сооружений, предназначенных для учреждений социального обслуживания. Основное внимание уделено созданию условий доступности для маломобильных групп населения и обеспечению комфортных условий пребывания и пользования услугами. Документ разработан с учетом федеральных законов и международных конвенций, с целью повышения безопасности, функционального соответствия и энергоэффективности зданий.",Свод правил,СП 147.13330.2012 Здания для учреждений социального обслуживания. Правила реконструкции.pdf,Свод правил Здания для учреждений социального обслуживания Правила реконструкции,"['реконструкция зданий', 'доступность маломобильных групп населения', 'санитарные нормы и правила', 'повышение безопасности', 'социальные учреждения']","['реконструкция', 'здания социального обслуживания', 'доступность для МГН', 'безопасность зданий', 'энергоэффективность', 'социальное обслуживание']",Русский,273,147.13330.2012,5,83.9,0.0,Изм.1,СП 147.13330.2012 Здания для учреждений социального обслуживания. Правила реконструкции.pdf,Действующий,48
"Помещения постоянного или временного пребывания маломобильных групп населения в стационарных и полустационарных учреждениях медицинского, социального и медико-социального обслуживания",Проектирование помещений,2016-03-25,2025-08-26T03:44:32.304154+00:00,"Данный свод правил устанавливает правила проектирования помещений для маломобильных групп населения в учреждениях социального и медицинского обслуживания. Он распространяется на стационарные и полустационарные учреждения, связанные с уходом за немощными и хронически больными людьми. Включает изменения утвержденные в 2016 году.",Свод правил,СП 148.13330.2012 Помещения в учреждениях социального и медицинского обслуживания. Правила проектирования.pdf,СП 148.13330.2012 Помещения в учреждениях социального и медицинского обслуживания. Правила проектирования (с Изменением N 1),"['правила проектирования', 'помещения учреждений', 'социальное обслуживание', 'медицинское обслуживание']","['проектирование помещений', 'маломобильные группы населения', 'социальное обслуживание', 'медицинское обслуживание', 'СП 148.13330.2012', 'изменение N 1']",русский,289,148.13330.2012,5,97.6,5.0,Изменение N 1,СП 148.13330.2012 Помещения в учреждениях социального и медицинского обслуживания. Правила проектирования.pdf,Действующий,34
Проектирование зданий реабилитационных центров для детей и подростков с ограниченными возможностями здоровья и их отделений,Архитектура,2023-12-28,2025-08-26T03:44:37.194162+00:00,"Данный свод правил устанавливает требования и правила проектирования зданий реабилитационных центров для детей и подростков с ограниченными возможностями здоровья, обеспечивающих комплексную психологическую, медицинскую и педагогическую реабилитацию. Документ разработан с учетом федеральных законов и международных конвенций, а также включает положения по приспособлению существующих зданий.",Свод правил,СП 149.13330.2012 Реабилитационные центры для детей и подростков с ограниченными возможностями. Правила проектирования.pdf,Свод правил Реабилитационные центры для детей и подростков с ограниченными возможностями здоровья. Правила проектирования,"['устройство зданий реабилитационных центров', 'требования к проектированию', 'инклюзивность', 'комплексная реабилитация']","['реабилитационные центры', 'дети и подростки', 'ограниченные возможности здоровья', 'проектирование', 'архитектура', 'психологическая реабилитация', 'медицинская реабилитация', 'педагогическая реабилитация']",русский,277,149.13330.2012,5,93.4,0.0,"Изменения N 2, утв. Приказом Минстроя России от 28.12.2023 N 1004/пр",СП 149.13330.2012 Реабилитационные центры для детей и подростков с ограниченными возможностями. Правила проектирования.pdf,Действующий,49
"Проектирование каменных и армокаменных конструкций вновь возводимых и реконструируемых зданий и сооружений различного назначения, эксплуатируемых в климатических условиях России",Каменные и армокаменные конструкции,2020-12-30,2025-08-26T03:44:41.272206+00:00,"Настоящий свод правил регулирует проектирование каменных и армокаменных конструкций, включая требования к расчету и проектированию конструкций из различных видов кладки. Документ применяется к зданиям и сооружениям разного назначения, кроме объектов с динамическими нагрузками, инженерных сооружений и строений в особых геологических условиях.",Свод правил,СП 15.13330.2012_Каменные и армокаменные конструкции (с изменением 1) (2).pdf,СП 15.13330.2020 Каменные и армокаменные конструкции СНиП II-2281* Свод правил,"['проектирование', 'расчет конструкций', 'климатические условия', 'строительные материалы']","['каменные конструкции', 'армокаменные конструкции', 'проектирование', 'керамический кирпич', 'силикатный кирпич', 'бетонные блоки', 'природный камень']",Русский,299,15.13330.2020,5,90.6,0.0,Введен в действие с 2021-07-01,СП 15.13330.2012_Каменные и армокаменные конструкции (с изменением 1) (2).pdf,Действующий,108
"Размещение, проектирование, строительство и эксплуатация атомных электростанций (АЭС)",Инженерные изыскания,2013-07-01,2025-08-26T03:44:46.705363+00:00,"Данный свод правил устанавливает общие правила и технические требования к организации, порядку проведения, составу, объемам, методам и результатам комплексных инженерных изысканий для размещения, проектирования, строительства и эксплуатации атомных электростанций (АЭС). Документ учитывает требования технических регламентов и нормативных актов Российской Федерации, относящихся к особо опасным и технически сложным объектам.",Свод правил,"СП 151.13330.2012 Инженерные изыскания для размещения, проектирования и строительства АЭС (в двух частях).pdf","Свод правил Инженерные изыскания для размещения, проектирования и строительства АЭС. Часть I. Инженерные изыскания для разработки предпроектной документации (выбор пункта и выбор площадки размещения АЭС)","['организация инженерных изысканий', 'технические требования', 'размещение АЭС', 'проектирование АЭС', 'строительство АЭС']","['инженерные изыскания', 'атомные электростанции', 'предпроектная документация', 'строительство', 'проектирование', 'выбор площадки']",Русский,613,151.13330.2012,5,81.8,63.2,,"СП 151.13330.2012 Инженерные изыскания для размещения, проектирования и строительства АЭС (в двух частях).pdf",Действующий,489
Проектирование зданий федеральных судов: федеральных судов общей юрисдикции и федеральных арбитражных судов,Архитектура,2025-01-27,2025-08-26T03:44:51.415793+00:00,"Данный свод правил устанавливает требования к размещению и площади земельных участков, функциональным группам помещений, объемно-планировочным решениям, мероприятиям по обеспечению безопасности, инженерному оборудованию и внутренней среде при новом строительстве, приобретении, реконструкции и капитальном ремонте зданий для размещения федеральных судов общей юрисдикции и федеральных арбитражных судов. Не распространяется на проектирование зданий Верховного Суда РФ и Конституционного Суда РФ.",Свод правил,"СП 152.13330.2018 «Здания федеральных судов. Правила проектирования (с Изменениями 1, 2, 3, 4, 5).pdf",СП 152.13330.2018 Здания федеральных судов. Правила проектирования,"['размещение земельных участков', 'планировка помещений', 'безопасность зданий', 'инженерное оборудование', 'реконструкция и капитальный ремонт']","['здания федеральных судов', 'проектирование', 'федеральные суды общей юрисдикции', 'федеральные арбитражные суды', 'объемно-планировочные решения', 'безопасность', 'инженерное оборудование']",Русский,170,152.13330.2018,5,95.7,0.0,Изм. 5,"СП 152.13330.2018 «Здания федеральных судов. Правила проектирования (с Изменениями 1, 2, 3, 4, 5).pdf",Действующий,64
"требования пожарной безопасности при проектировании, строительстве, реконструкции и эксплуатации объектов инфраструктуры железнодорожного транспорта",Пожарная безопасность,2016-07-18,2025-08-26T03:44:55.380107+00:00,"Свод правил устанавливает требования пожарной безопасности для объектов инфраструктуры железнодорожного транспорта, включая проектирование, строительство, реконструкцию и эксплуатацию. Документ разработан для обеспечения соблюдения Федерального закона о требованиях пожарной безопасности и технических регламентов железнодорожного транспорта.",Свод правил,СП 153.13130.2013_Инфраструктура железнодорожного транспорта. Требования пожарной безопасности (с изменением 1.pdf,Свод Правил 153.13130.2013 Инфраструктура Железнодорожного Транспорта. Требования Пожарной Безопасности,"['требования пожарной безопасности', 'объекты железнодорожного транспорта', 'разработка и утверждение сводов правил']","['пожарная безопасность', 'инфраструктура железнодорожного транспорта', 'проектирование', 'строительство', 'реконструкция', 'эксплуатация']",русский,237,153.13130.2013,5,95.8,0.0,Изм. 1,СП 153.13130.2013_Инфраструктура железнодорожного транспорта. Требования пожарной безопасности (с изменением 1.pdf,Действующий,17
"Проектирование и строительство подземных помещений для стоянки легковых автомобилей, встроенных в здания другого функционального назначения",Пожарная безопасность,2013-02-25,2025-08-26T03:44:59.036456+00:00,"Данный свод правил устанавливает требования пожарной безопасности к встроенным подземным автостоянкам, применяемым при проектировании и строительстве новых и реконструируемых подземных помещений для стоянки легковых автомобилей. Содержит специфические требования к объемно-планировочным, конструктивным решениям и инженерному оборудованию этих объектов.",Свод правил,СП 154.13130.2013 Встроенные подземные автостоянки. Требования пожарной безопасности.pdf,Свод правил Встроенные подземные автостоянки Требования пожарной безопасности,"['требования пожарной безопасности', 'объемно-планировочные решения', 'конструктивные решения', 'инженерное оборудование']","['подземные автостоянки', 'пожарная безопасность', 'строительство', 'проектирование', 'легковые автомобили']",русский,234,154.13130.2013,5,91.7,0.0,Введен впервые,СП 154.13130.2013 Встроенные подземные автостоянки. Требования пожарной безопасности.pdf,Действующий,13
"Требования пожарной безопасности к складам нефти и нефтепродуктов, проектирование, строительство, реконструкция, техническое перевооружение и ликвидация складов нефти и нефтепродуктов",Пожарная безопасность,2023-12-29,2025-08-26T03:45:04.532576+00:00,"Документ устанавливает требования пожарной безопасности к складам нефти и нефтепродуктов. Применяется при разработке нормативных документов, проектировании, строительстве, реконструкции, техническом перевооружении и ликвидации данных складов в соответствии с Федеральным законом N 123-ФЗ. Не распространяется на склады негражданского назначения, склады сжиженных углеводородных газов и другие специфические объекты.",Свод правил,СП 155.13130.2014 Склады нефти и нефтепродуктов. Требования пожарной безопасности.pdf,Свод правил СП 155.13130.2014 Склады нефти и нефтепродуктов Требования пожарной безопасности,"['Требования пожарной безопасности', 'Проектирование складов', 'Строительство складов', 'Реконструкция складов', 'Техническое перевооружение складов']","['Склады нефти', 'Нефтепродукты', 'Пожарная безопасность', 'Технический регламент', 'Проектирование', 'Строительство', 'Реконструкция', 'Техническое перевооружение']",Русский,256,155.13130.2014,5,95.1,0.0,"Изменения N 2, утв. Приказом МЧС России от 29.12.2023 N 1384",СП 155.13130.2014 Склады нефти и нефтепродуктов. Требования пожарной безопасности.pdf,Действующий,73
"Автомобильные заправочные станции, требования пожарной безопасности",Пожарная безопасность,2024-06-21,2025-08-26T03:45:07.980706+00:00,"Данный свод правил устанавливает требования пожарной безопасности для автомобильных заправочных станций. Документ разработан в целях соблюдения требований Федерального закона 123-ФЗ ""Технический регламент о требованиях пожарной безопасности"" и введён впервые с 1 июля 2014 года с последующими изменениями по состоянию на 21 июня 2024 года.",Свод правил,"СП 156.13130.2014_Станции автомобильные заправочные. Требования пожарной безопасности (с изменениями 1, 2) (2).pdf",Свод правил СП 156.13130.2014 Станции автомобильные заправочные. Требования пожарной безопасности,"['требования пожарной безопасности', 'автомобильные заправочные станции', 'федеральный закон 123-ФЗ', 'технический регламент']","['станции автомобильные заправочные', 'требования пожарной безопасности', 'пожарная безопасность', 'автозаправочные станции']",Русский,318,156.13130.2014,5,93.6,0.9,Изм.2,"СП 156.13130.2014_Станции автомобильные заправочные. Требования пожарной безопасности (с изменениями 1, 2) (2).pdf",Действующий,110
Автомобильные заправочные станции,Пожарная безопасность,2014-07-01,2025-08-26T03:45:12.281581+00:00,"Данный свод правил устанавливает требования пожарной безопасности к автомобильным заправочным станциям. В документе приведена классификация АЗС, общие и дополнительные требования к станциям с жидким и газовым моторным топливом, а также описаны типы противопожарных преград и системы контроля герметичности резервуаров.",Свод правил,"СП 156.13130.2014_Станции автомобильные заправочные. Требования пожарной безопасности (с изменениями 1, 2).pdf",Свод правил СП 156.13130.2014 Станции автомобильные заправочные. Требования пожарной безопасности,"['классификация АЗС', 'общие требования', 'дополнительные требования к АЗС', 'противопожарные преграды', 'системы контроля герметичности']","['автомобильные заправочные станции', 'требования пожарной безопасности', 'АЗС', 'жидкое моторное топливо', 'газовое моторное топливо', 'противопожарные преграды', 'герметичность резервуаров']",русский,252,156.13130.2014,5,98.6,3.1,,"СП 156.13130.2014_Станции автомобильные заправочные. Требования пожарной безопасности (с изменениями 1, 2).pdf",Действующий,47
Нефтеперерабатывающие и нефтехимические комплексы,Технологическое проектирование,2014-08-01,2025-08-26T03:45:15.624621+00:00,"Данный свод правил устанавливает требования и рекомендации по технологическому проектированию нефтеперерабатывающих и нефтехимических комплексов с целью обеспечения безопасности зданий и сооружений, а также процессов проектирования в соответствии с федеральным законодательством.",Свод правил,СП 157.1328500.2014_Правила технологического проектирования нефтеперерабатывающих и нефтехимических комплексов.pdf,Свод правил СП 157.1328500.2014 Правила технологического проектирования нефтеперерабатывающих и нефтехимических комплексов,"['технологическая схема', 'выбор технологии', 'проектирование новых объектов', 'модернизация объектов']","['технологическое проектирование', 'нефтеперерабатывающие комплексы', 'нефтехимические комплексы', 'технические регламенты', 'безопасность зданий и сооружений']",русский,222,157.1328500.2014,5,97.5,0.0,Введен впервые,СП 157.1328500.2014_Правила технологического проектирования нефтеперерабатывающих и нефтехимических комплексов.pdf,Действующий,15
Медицинские организации,Проектирование зданий,2024-01-29,2025-08-26T03:45:18.926803+00:00,"Свод правил разработан на основе научных исследований в области проектирования зданий для медицинских организаций, учитывает европейские, межгосударственные и национальные нормативные документы и предназначен для проектировщиков.",Свод правил,СП 158.13330.2014 Здания и помещения медицинских организаций. Правила проектирования (с Изменениями N 1-4).pdf,Свод правил по проектированию зданий медицинских организаций,"['проектирование зданий', 'нормативы для медицинских зданий', 'изменения и обновления']","['проектирование', 'здания', 'медицинские организации', 'нормативные документы']",Русский,153,158.13330.2014,5,98.9,6.4,Изменение N 4,СП 158.13330.2014 Здания и помещения медицинских организаций. Правила проектирования (с Изменениями N 1-4).pdf,Действующий,111
"Проектирование и расчет стальных строительных конструкций зданий и сооружений различного назначения при температуре от -60 °C до 100 °C, кроме мостов, транспортных тоннелей и труб под насыпями",Стальные конструкции,2024-12-09,2025-08-26T03:45:23.209966+00:00,"Данный свод правил устанавливает требования к проектированию и расчету стальных конструкций зданий и сооружений, действуя как актуализированная редакция СНиП II-23-81*. Включает изменения, утвержденные Минстроем России в период с 2018 по 2024 годы, и предназначен для применения в различных строительных условиях с ограничениями по температуре эксплуатации.",Свод правил,СП 16.13330.2017 Стальные конструкции (изм 7) (2).pdf,Свод правил Стальные конструкции (актуализированная редакция СНиП II-23-81*),"['технические регламенты', 'проектирование стальных конструкций', 'строительные нормы и правила', 'изменения и актуализации']","['стальные конструкции', 'проектирование', 'расчет', 'строительные конструкции', 'температурные условия']",Русский,339,16.13330.2017,5,83.4,65.2,Изменения N 6,СП 16.13330.2017 Стальные конструкции (изм 7) (2).pdf,Действующий,290
"Проектирование и строительство новых, реконструируемых и капитально ремонтируемых многофункциональных зданий и комплексов",Архитектура,2023-12-28,2025-08-26T03:45:26.610230+00:00,"Настоящий свод правил устанавливает требования к проектированию многофункциональных зданий и комплексов с учетом действующих строительных норм и требований пожарной безопасности, а также энергетической эффективности. Документ разработан с учетом отечественного опыта и международных нормативных документов. Введен впервые 1 сентября 2014 года, с последними изменениями от 28 декабря 2023 года.",Свод правил,СП 160.1325800.2014 Здания и комплексы многофункциональные. Правила проектирования.pdf,Свод правил Здания и комплексы многофункциональные Правила проектирования,"['требования к проектированию', 'стройтельные нормы', 'пожарная безопасность', 'энергосбережение']","['многофункциональные здания', 'проектирование', 'строительство', 'пожарная безопасность', 'энергосбережение', 'строительные нормы']",Русский,288,160.1325800.2014,5,91.3,11.6,Изменения N 3,СП 160.1325800.2014 Здания и комплексы многофункциональные. Правила проектирования.pdf,Действующий,43
,Отопление,2014-09-01,2025-08-26T03:45:30.193232+00:00,Данный свод правил устанавливает требования к расчету и проектированию усиления или восстановления железобетонных конструкций зданий и сооружений различного назначения с использованием композитных материалов. Содержит методы и правила проектирования систем внешнего армирования композитными материалами.,Свод правил,СП 164.1325800.2014_Усиление железобетонных конструкций композитными материалами. Правила проектирования (с изменением 1).pdf,Свод правил Усиление железобетонных конструкций композитными материалами. Правила проектирования,"['расчет железобетонных конструкций', 'проектирование внешних систем армирования', 'испытания композиционных материалов']","['усиление железобетонных конструкций', 'композитные материалы', 'правила проектирования', 'внешнее армирование', 'технический регламент']",русский,243,164.1325800.2014,5,85.7,0.0,Изм.1,СП 164.1325800.2014_Усиление железобетонных конструкций композитными материалами. Правила проектирования (с изменением 1).pdf,Действующий,81
"Проектирование новых, реконструкция и капитальный ремонт кровель из различных материалов в зданиях различного назначения и во всех климатических зонах Российской Федерации",Архитектура,2025-01-10,2025-08-26T03:45:36.442316+00:00,"Настоящий свод правил распространяется на проектирование, реконструкцию и капитальный ремонт кровель из битумосодержащих и полимерных материалов, а также других кровельных материалов, применяемых в зданиях различного назначения и во всех климатических зонах Российской Федерации. Включает актуализированную редакцию СНиП II-26-76 с изменениями N 1-5.",Свод правил,"СП 17.13330.2017.pdf_Кровли (с изменениями 1, 2, 3, 4, 5).pdf",СП 17.13330.2017 Кровли. Актуализированная редакция СНиП II-26-76 (с Изменениями N 1-5),"['Кровельные материалы', 'Проектирование кровель', 'Реконструкция кровель', 'Ремонт кровель']","['кровли', 'проектирование', 'реконструкция', 'капитальный ремонт', 'битумосодержащие материалы', 'полимерные материалы', 'стройматериалы']",русский,279,17.13330.2017,5,90.5,1.3,Изменения N 1-5,"СП 17.13330.2017.pdf_Кровли (с изменениями 1, 2, 3, 4, 5).pdf",Действующий,66
"Проектирование новых, реконструкция и капитальный ремонт кровель из различных материалов применяемых в зданиях различного назначения во всех климатических зонах Российской Федерации.",Кровли,2022-05-31,2025-08-26T03:45:42.903701+00:00,"Настоящий свод правил распространяется на проектирование новых, реконструкцию и капитальный ремонт кровель из битумосодержащих и полимерных рулонных материалов, мастик, хризотилцементных материалов, металлических листов и других применяемых в зданиях различных типов во всех климатических зонах РФ. Документ является актуализированной редакцией СНиП II-26-76 с изменениями N 1, 2, 3 и введен в действие с 1 декабря 2017 года.",Свод правил,"СП 17.13330.2017_Кровли (с изменениями 1, 2, 3, 4, 5).pdf","СП 17.13330.2017 Кровли. Актуализированная редакция СНиП II-26-76 (с Изменениями N 1, 2, 3)","['материалы кровель', 'технические нормы', 'строительные регламенты']","['кровли', 'проектирование', 'реконструкция', 'капитальный ремонт', 'битумосодержащие материалы', 'полимерные рулонные материалы', 'металлические материалы', 'строительство']",русский,271,17.13330.2017,5,89.7,2.0,"Изменения N 1, 2, 3","СП 17.13330.2017_Кровли (с изменениями 1, 2, 3, 4, 5).pdf",Действующий,60
"Планировочная организация земельного участка производственных объектов, генеральные планы промышленных предприятий",Производственные объекты,2019-09-17,2025-08-26T03:45:49.864123+00:00,"Свод правил СП 18.13330.2019 регулирует планировочную организацию земельного участка производственных объектов, включая генеральные планы промышленных предприятий. Документ охватывает вопросы размещения зданий и сооружений, дорог, рельефа, инженерных коммуникаций, а также требования пожарной безопасности.",Свод правил,"СП 18.13330.2019_Производственные объекты. ПОЗУ (Генеральные планы промышленных предприятий) (с изменениями 1, 2, 3, 4).pdf",Свод правил СП 18.13330.2019 Производственные объекты Планировочная организация земельного участка (Генеральные планы промышленных предприятий),"['планировка', 'земельные участки', 'промышленные объекты', 'инженерные коммуникации', 'пожарная безопасность']","['планировочная организация', 'земельный участок', 'генеральные планы', 'промышленные предприятия', 'производственные объекты', 'размещение зданий', 'инженерные коммуникации', 'пожарная безопасность']",русский,115,18.13330.2019,5,98.5,0.0,Пересмотр СП 18.13330.2011,"СП 18.13330.2019_Производственные объекты. ПОЗУ (Генеральные планы промышленных предприятий) (с изменениями 1, 2, 3, 4).pdf",Действующий,39
"Разработка планировочной организации земельного участка новых, расширяемых и реконструируемых сельскохозяйственных предприятий, включая предприятия товарной аквакультуры (товарного рыбоводства), размещаемых на отдельных земельных участках, а также земельных участках, входящих в агропромышленные кластеры и производственные зоны сельских, городских поселений, городских и муниципальных округов.",Архитектура,2022-12-19,2025-08-26T03:45:54.437861+00:00,"Данный свод правил регламентирует разработку планировочной организации земельных участков сельскохозяйственных предприятий. Документ учитывает нормативные требования федеральных законов и технических регламентов в области градостроительства, безопасности зданий и пожарной безопасности. Включает изменения, утвержденные в 2022 году.",Свод правил,СП 19.13330.2019_Сельскохозяйственные предприятия. ПОЗУ (Генеральные планы сельскохозяйственных предприятий) (с изменением 1) (3).pdf,Свод правил Сельскохозяйственные предприятия. Планировочная организация земельного участка (СНиП II-97-76*) Генеральные планы сельскохозяйственных предприятий,"['планировка земельных участков', 'сельское хозяйство', 'градостроительный кодекс', 'технические регламенты']","['сельскохозяйственные предприятия', 'планировочная организация', 'земельный участок', 'генеральные планы']",Русский,307,19.13330.2019,5,86.0,18.7,Изм.1,СП 19.13330.2019_Сельскохозяйственные предприятия. ПОЗУ (Генеральные планы сельскохозяйственных предприятий) (с изменением 1) (3).pdf,Действующий,50
"Эксплуатация помещений, зданий, сооружений, оборудования и транспорта, а также условия деятельности хозяйствующих субъектов, осуществляющих продажу товаров, выполнение работ или оказание услуг",Санитарно-эпидемиологические требования,2020-12-24,2025-08-26T03:45:59.422107+00:00,"Данный документ утверждает санитарные правила СП 2.1.3678-20, которые устанавливают санитарно-эпидемиологические требования к эксплуатации помещений, зданий, сооружений, оборудования и транспорта, а также к условиям деятельности хозяйствующих субъектов, осуществляющих продажу товаров, выполнение работ или оказание услуг. Документ устанавливает срок действия правил с 01.01.2021 по 01.01.2027 и отменяет ранее действующие нормативы.",Постановление Правительства РФ,"СП 2.1.3678-20 Требования к эксплуатации помещений, зданий, сооружений, оборудования и транспорта.pdf","Постановление Главного государственного санитарного врача Российской Федерации от 24 декабря 2020 года N 44 Об утверждении санитарных правил СП 2.1.3678-20 Санитарно-эпидемиологические требования к эксплуатации помещений, зданий, сооружений, оборудования и транспорта, а также условиям деятельности хозяйствующих субъектов, осуществляющих продажу товаров, выполнение работ или оказание услуг","['санитарные нормы', 'эпидемиологический контроль', 'санитарно-гигиенические требования', 'регулирование деятельности субъектов']","['санитарные правила', 'санитарно-эпидемиологические требования', 'эксплуатация помещений', 'продажа товаров', 'выполнение работ', 'оказание услуг']",Русский,262,2.1.3678-20,5,95.4,0.0,,"СП 2.1.3678-20 Требования к эксплуатации помещений, зданий, сооружений, оборудования и транспорта.pdf",Действующий,58
"Устанавливает общие требования по обеспечению огнестойкости объектов защиты, в том числе зданий, сооружений и пожарных отсеков, применяется при проектировании, строительстве, капитальном ремонте и реконструкции объектов",Пожарная безопасность,2020-09-12,2025-08-26T03:46:04.422377+00:00,"Свод правил устанавливает общие требования по обеспечению огнестойкости объектов защиты, включая здания, сооружения и пожарные отсеки. Применяется при проектировании, строительстве, капитальном ремонте и реконструкции с учетом норм огнестойкости строительных конструкций и изменений класса функциональной пожарной опасности объектов.",Свод правил,СП 2.13130.2020 Системы противопожарной защиты. Обеспечение огнестойкости объектов защиты.pdf,СП 2.13130.2020 Системы противопожарной защиты. Обеспечение огнестойкости объектов защиты,"['требования огнестойкости', 'пожарная безопасность зданий', 'нормы проектирования и строительства']","['системы противопожарной защиты', 'огнестойкость', 'объекты защиты', 'проектирование', 'строительство', 'капитальный ремонт', 'реконструкция']",русский,375,2.13130.2020,5,90.1,7.1,Введен впервые,СП 2.13130.2020 Системы противопожарной защиты. Обеспечение огнестойкости объектов защиты.pdf,Действующий,33
условия труда,Охрана труда,2020-12-02,2025-08-26T03:46:10.638866+00:00,"Данное постановление утверждает санитарные правила СП 2.2.3670-20, которые устанавливают санитарно-эпидемиологические требования к условиям труда, направленные на обеспечение безопасных условий для работников. Правила обязательны для юридических лиц и индивидуальных предпринимателей, регулируют производственный контроль и санитарно-противоэпидемические мероприятия.",Постановление Правительства РФ,СП 2.2.3670-20 Санитарно-эпидемиологические требования к условиям труда.pdf,Постановление Главного государственного санитарного врача Российской Федерации от 2 декабря 2020 года N 40 Об утверждении санитарных правил СП 2.2.3670-20 Санитарно-эпидемиологические требования к условиям труда,"['санитарно-эпидемиологическое нормирование', 'гигиенические нормативы', 'безопасные условия труда']","['санитарные правила', 'санитарно-эпидемиологические требования', 'условия труда', 'производственный контроль', 'профилактические мероприятия']",русский,258,2.2.3670-20,5,85.4,0.0,Введен впервые,СП 2.2.3670-20 Санитарно-эпидемиологические требования к условиям труда.pdf,Действующий,40
"Организации воспитания и обучения, отдыха и оздоровления детей и молодежи",Санитарно-эпидемиологические требования и правила,2020-09-28,2025-08-26T03:46:17.149792+00:00,"Постановление утверждает санитарные правила СП 2.4.3648-20, которые содержат санитарно-эпидемиологические требования к организациям, занимающимся воспитанием, обучением, отдыхом и оздоровлением детей и молодежи. Документ вводится в действие с 01.01.2021 и действует до 01.01.2027, при этом отменяются ряд предыдущих постановлений.",Постановление,"СП 2.4.3648-20 Санитарно-эпидемиологические требования к организациям воспитания и обучения, отдыха и оздоровления детей и молодежи.pdf","Постановление Главного государственного санитарного врача Российской Федерации от 28 сентября 2020 года N 28 Об утверждении санитарных правил СП 2.4.3648-20 Санитарно-эпидемиологические требования к организациям воспитания и обучения, отдыха и оздоровления детей и молодежи","['санитарно-эпидемиологические нормы', 'детские организации', 'государственное регулирование', 'санитарный контроль']","['санитарные правила', 'санитарно-эпидемиологические требования', 'организации воспитания и обучения', 'отдых и оздоровление детей и молодежи', 'утверждение']",русский,411,2.4.3648-20,5,89.5,22.7,Введен впервые,"СП 2.4.3648-20 Санитарно-эпидемиологические требования к организациям воспитания и обучения, отдыха и оздоровления детей и молодежи.pdf",Действующий,43
Расчеты зданий и сооружений по предельным состояниям первой и второй групп,Нагрузки и воздействия,2024-09-05,2025-08-26T03:46:22.194845+00:00,"Данный свод правил устанавливает требования по назначению нагрузок, воздействий и их сочетаний при строительстве новых, расширении, реконструкции и перевооружении предприятий, зданий и сооружений. Документ пересматривает и актуализирует СНиП 2.01.07-85* и содержит общие технические требования для расчетов сооружений по предельным состояниям.",Свод правил,"СП 20.13330.2016 Нагрузки и воздействи_Нагрузки и воздействия. (С изменениями 1, 2, 3, 4, 5, 6).pdf",Свод правил Нагрузки и воздействия Актуализированная редакция СНиП 2.01.07-85*,"['назначение нагрузок', 'воздействия и сочетания', 'проектирование сооружений', 'технические требования', 'пересмотр СНиП']","['нагрузки', 'воздействия', 'строительство', 'предельные состояния', 'расчеты сооружений']",русский,306,20.13330.2016,5,86.0,1.4,Изменения N 6,"СП 20.13330.2016 Нагрузки и воздействи_Нагрузки и воздействия. (С изменениями 1, 2, 3, 4, 5, 6).pdf",Действующий,199
Проектирование зданий и сооружений на подрабатываемых территориях и просадочных грунтах,Архитектура,2017-07-10,2025-08-26T03:46:26.075451+00:00,"Настоящий свод правил устанавливает требования к проектированию зданий и сооружений на подрабатываемых территориях и просадочных грунтах. Документ актуализирует разделы по данным темам и включает изменения, утвержденные в 2017 году.",Свод правил,СП 21.13330.2012 Здания и сооружения на подрабатываемых территориях и просадочных грунтах.pdf,Свод правил Здания и сооружения на подрабатываемых территориях и просадочных грунтах Актуализированная редакция СНиП 2.01.09-91,"['Требования к проектированию', 'Актуализация нормативных документов', 'Изменения и дополнения к СНиП']","['подрабатываемые территории', 'просадочные грунты', 'проектирование зданий', 'строительство', 'СНиП 2.01.09-91']",русский,434,21.13330.2012,5,85.1,4.8,Изменение N 1,СП 21.13330.2012 Здания и сооружения на подрабатываемых территориях и просадочных грунтах.pdf,Действующий,115
"Проектирование оснований зданий и сооружений, в том числе подземных, возводимых в различных природных условиях для различных видов строительства",Основания зданий и сооружений,2023-12-07,2025-08-26T03:46:30.005776+00:00,"Данный свод правил содержит указания по проектированию оснований зданий и сооружений, включая подземные, для различных природных условий и видов строительства. Документ является актуализированной редакцией СНиП 2.02.01-83* и включает изменения, утвержденные Министерством строительства и жилищно-коммунального хозяйства Российской Федерации.",Свод правил,"СП 22.13330.2016_Основания зданий и сооружений (с изменениями 1, 2, 3, 4, 5).pdf",Свод правил Основания зданий и сооружений Актуализированная редакция СНиП 2.02.01-83*,"['проектирование оснований зданий', 'требования к основаниям', 'технические изменения и обновления']","['основания зданий', 'подземные сооружения', 'проектирование', 'строительство', 'свод правил', 'СНиП 2.02.01-83*']",Русский,390,22.13330.2016,5,83.4,4.3,"Изменения N 5, утверждены 07.12.2023","СП 22.13330.2016_Основания зданий и сооружений (с изменениями 1, 2, 3, 4, 5).pdf",Действующий,352
"Проектирование оснований морских и речных гидротехнических сооружений всех видов и классов, включая гравитационные, арочные и контрфорсные плотины, подпорные стенки, шлюзы, шельфовые и портовые сооружения, а также естественные склоны и искусственные откосы на участках расположения гидротехнических сооружений. Исключая подземные гидротехнические сооружения.",Гидротехнические сооружения,2019-07-18,2025-08-26T03:46:36.895669+00:00,"Данный свод правил регламентирует проектирование оснований гидротехнических сооружений различных типов на морских и речных объектах, учитывая требования федеральных законов и нормативных документов. Актуализированная редакция СНиП 2.02.02-85*, утверждена и введена в действие Министерством строительства и жилищно-коммунального хозяйства Российской Федерации.",Свод правил,СП 23.13330.2018_Основания гидротехнических сооружений (с изменением 1).pdf,Свод правил Основания гидротехнических сооружений Актуализированная редакция СНиП 2.02.02-85*,"['проектирование гидротехнических сооружений', 'нормативные требования', 'строительные материалы', 'лабораторные методы определения физико-механических характеристик', 'федеральное законодательство']","['гидротехнические сооружения', 'основания', 'проектирование', 'СНиП 2.02.02-85*', 'строительство', 'национальные стандарты']",Русский,469,23.13330.2018,5,84.7,2.6,"Изменение N 1, утв. Приказом Минстроя России от 18.07.2019 N 410/пр",СП 23.13330.2018_Основания гидротехнических сооружений (с изменением 1).pdf,Действующий,202
Проектирование фундаментов из разных типов свай в различных инженерно-геологических условиях и при любых видах строительства,Фундаменты,2019-01-24,2025-08-26T03:46:41.064111+00:00,"Настоящий свод правил устанавливает требования к проектированию фундаментов из разных типов свай в различных инженерно-геологических условиях и при любых видах строительства. Документ разработан и обновлен Институтом оснований и подземных сооружений им. Н.М. Герсеванова, с изменениями, утвержденными Приказами Минстроя России в 2016, 2018 и 2019 годах.",Свод правил,СП 24.13330.2011_Свайные фундаменты (с изменением 1).pdf,Свод правил Свайные фундаменты. Актуализированная редакция СНиП 2.02.03-85,"['требования к проектированию', 'свайные фундаменты', 'инженерно-геологические условия', 'строительство']","['свод правил', 'свайные фундаменты', 'проектирование фундаментов', 'инженерно-геологические условия', 'строительство', 'изменение']",Русский,673,24.13330.2011,5,78.4,1.4,Изменения N 3,СП 24.13330.2011_Свайные фундаменты (с изменением 1).pdf,Действующий,166
"Проектирование оснований и фундаментов зданий и сооружений, возводимых на территории распространения многолетнемерзлых грунтов",Основания и фундаменты,2021-07-01,2025-08-26T03:46:45.244366+00:00,"Данный свод правил содержит указания по проектированию оснований и фундаментов зданий и сооружений, в том числе подземных, возводимых на территории распространения многолетнемерзлых грунтов. Документ разработан для соблюдения требований технического регламента о безопасности зданий и сооружений.",Свод правил,СП 25.13330.2020 Основания и фундаменты на вечномерзлых грунтах (изм 1).pdf,Свод правил Основания и фундаменты на вечномерзлых грунтах СП 25.13330.2020,"['проектирование оснований', 'фундаменты', 'многолетнемерзлые грунты']","['основания', 'фундаменты', 'вечномерзлые грунты', 'проектирование', 'здания', 'сооружения']",русский,486,25.13330.2020,5,80.9,2.3,Изменение N 1,СП 25.13330.2020 Основания и фундаменты на вечномерзлых грунтах (изм 1).pdf,Действующий,208
"Проектирование фундаментов машин с динамическими нагрузками, включая машины с вращающимися частями, кузнечные молоты, формовочные машины для литейного производства, строительства и градостроительной политики",Фундаменты,2016-08-18,2025-08-26T03:46:50.109310+00:00,"Данный свод правил устанавливает нормы и требования по проектированию фундаментов машин, подвергающихся динамическим нагрузкам, включая различные типы машин с вращающимися частями и кривошипно-шатунными механизмами. Документ является актуализированной редакцией СНиП 2.02.05-87 с внесёнными изменениями, утверждёнными Приказом Минстроя России в 2016 году.",Свод правил,СП 26.13330.2012_Фундаменты машин с динамическими нагрузками (с изменением 1).pdf,Свод правил Фундаменты машин с динамическими нагрузками. Актуализированная редакция СНиП 2.02.05-87,"['Проектирование фундаментов', 'Динамические нагрузки машин', 'Нормативные требования']","['Свод правил', 'Фундаменты машин', 'Динамические нагрузки', 'Проектирование фундаментов', 'СНиП 2.02.05-87', 'СП 26.13330.2012', 'Изменение N 1', 'Министерство строительства России']",русский,458,26.13330.2012,5,85.8,6.4,Изменение N 1,СП 26.13330.2012_Фундаменты машин с динамическими нагрузками (с изменением 1).pdf,Действующий,109
Работа в условиях воздействия повышенных и высоких температур,Бетонные и железобетонные конструкции,2017-01-01,2025-08-26T03:46:53.884122+00:00,"Данный свод правил утверждает требования и нормы для бетонных и железобетонных конструкций, предназначенных для работы в условиях воздействия повышенных и высоких температур. Документ актуализирует СНиП 2.03.03-84 с учетом современных требований.",Свод правил,"СП 27.13330.2017_Бетонные и железобетонные конструкции, в условиях воздействия повышенных и высоких температур (с изменениями 1, 2).pdf","СП 27.13330.2017 Бетонные и железобетонные конструкции, предназначенные для работы в условиях воздействия повышенных и высоких температур","['конструкционные материалы', 'тепловое воздействие', 'строительные нормы', 'нормирование качества конструкций']","['бетонные конструкции', 'железобетонные конструкции', 'повышенные температуры', 'высокие температуры', 'строительные нормы и правила']",Русский,424,27.13330.2017,5,90.1,10.3,Актуализированная редакция СНиП 2.03.03-84,"СП 27.13330.2017_Бетонные и железобетонные конструкции, в условиях воздействия повышенных и высоких температур (с изменениями 1, 2).pdf",Действующий,106
Защита строительных конструкций от коррозии,Строительство,2024-05-08,2025-08-26T03:47:02.102271+00:00,"Данный свод правил содержит требования и рекомендации по защите строительных конструкций от коррозии. Включает обновленную редакцию СНиП 2.03.11-85 и отражает изменения, утвержденные Минстроем России с 2017 по 2024 год.",Свод правил,"СП 28.13330.2017_Защита строительных конструкций от коррозии. (с изменениями 1, 2, 3, 4).pdf",Свод правил Защита строительных конструкций от коррозии Аккуализированная редакция СНиП 2.03.11-85,"['технический регламент', 'защита от коррозии', 'строительные материалы и конструкции']","['коррозия', 'строительные конструкции', 'защита', 'СНиП 2.03.11-85', 'строительство']",русский,300,28.13330.2017,5,81.4,71.4,Изменения N 4,"СП 28.13330.2017_Защита строительных конструкций от коррозии. (с изменениями 1, 2, 3, 4).pdf",Действующий,234
"Проектирование полов производственных, складских, жилых, общественных, административных, спортивных и бытовых зданий",Архитектура,2017-11-15,2025-08-26T03:47:05.581203+00:00,"Документ содержит требования к проектированию полов различных типов зданий. Представляет собой актуализированную редакцию СНиП 2.03.13-88 и распространяется на производства, жилые, общественные, спортивные и другие здания. Интегрирует изменения, утверждённые Приказом Минстроя России от 15.11.2017 N 1549/пр.",Свод правил,"СП 29.13330.2011_Полы. Актуализированная редакция СНиП 2.03.13-88 (с изменениями 1, 2, 3).pdf",Свод правил Полы Актуализированная редакция СНиП 2.03.13-88,"['требования к полам', 'проектирование', 'строительные нормы']","['полы', 'проектирование полов', 'СНиП 2.03.13-88', 'строительство']",русский,251,29.13330.2011,5,88.3,4.3,Изменение N 1,"СП 29.13330.2011_Полы. Актуализированная редакция СНиП 2.03.13-88 (с изменениями 1, 2, 3).pdf",Действующий,118
"системы оповещения и управления эвакуацией людей при пожарах в зданиях, сооружениях и строениях",Пожарная безопасность,2009-05-01,2025-08-26T03:47:09.428010+00:00,"Настоящий свод правил устанавливает требования пожарной безопасности к системам оповещения и управления эвакуацией людей при пожарах в зданиях, сооружениях и строениях. Документ регламентирует требования к звуковому, речевому и световому оповещению, а также классификацию систем оповещения и управления эвакуацией.",Свод правил,СП 3.13130.2009_Системы противопожарной защиты. Система оповещения при пожаре. Требования пожарной безопасности.pdf,СП 3.13130.2009 Системы противопожарной защиты Система оповещения и управления эвакуацией людей при пожаре Требования пожарной безопасности,"['требования пожарной безопасности', 'системы оповещения', 'управление эвакуацией', 'классификация систем']","['противопожарная защита', 'система оповещения', 'управление эвакуацией', 'пожарная безопасность', 'звуковое оповещение', 'речевое оповещение', 'световое оповещение']",русский,243,3.13130.2009,5,91.2,0.0,Введен впервые,СП 3.13130.2009_Системы противопожарной защиты. Система оповещения при пожаре. Требования пожарной безопасности.pdf,Действующий,10
"Внутренний водопровод и канализация вновь строящихся и реконструируемых производственных, общественных высотой не более 50 м и жилых зданий высотой не более 75 м, включая многофункциональные здания и здания одного функционального назначения","Системы водоснабжения, Системы канализации",2024-01-19,2025-08-26T03:47:13.370380+00:00,"Свод правил устанавливает требования к внутреннему водопроводу и канализации зданий различных типов высотой до 75 м, включая производственные, общественные и жилые здания. Документ содержит основные положения и исключения по применению, а также включает изменения, утвержденные Минстроем России в 2022 и 2023 годах.",Свод правил,"СП 30.13330.2020 Внутренний водопровод и канализация зданий (с Изменениями N 1, 2, 3).pdf","СП 30.13330.2020 Внутренний водопровод и канализация зданий СНиП 2.04.01-85* (с Изменениями N 1, 2, 3)","['требования к внутреннему водопроводу', 'требования к канализации', 'строительные нормативы', 'жилищное строительство', 'производственные здания', 'общественные здания']","['внутренний водопровод', 'канализация зданий', 'строительство', 'Свод правил', 'Минстрой России', 'изменения']",Русский,331,30.13330.2020,5,92.9,67.5,Изм. 3,"СП 30.13330.2020 Внутренний водопровод и канализация зданий (с Изменениями N 1, 2, 3).pdf",Действующий,95
"Проектирование вновь строящихся и реконструируемых сооружений водоподготовки и систем наружного водоснабжения поселений и городских округов, производственных и сельскохозяйственных объектов",Системы водоснабжения,2022-01-28,2025-08-26T03:47:17.097592+00:00,"Свод правил устанавливает требования к проектированию наружных сетей и сооружений водоснабжения, регулирует установки водоподготовки для поселений, городских округов, производственных и сельскохозяйственных объектов, не охватывая теплоэнергетические объекты. Утвержден Минстроем России и введен в действие с 28 января 2022 года.",Свод правил,СП 31.13330.2021 Водоснабжение. Наружные сети и сооружения (с изменением 1).pdf,Свод правил Водоснабжение. Наружные сети и сооружения СП 31.13330.2021,"['требования к проектированию', 'внешние сети водоснабжения', 'водоподготовка', 'нормативные документы', 'требования безопасности']","['водоснабжение', 'наружные сети', 'сооружения', 'водоподготовка', 'проектирование', 'технический регламент', 'ГОСТ']",русский,259,31.13330.2021,5,93.5,48.5,Пересмотр СП 31.13330.2012,СП 31.13330.2021 Водоснабжение. Наружные сети и сооружения (с изменением 1).pdf,Действующий,214
"Требования к вновь строящимся и реконструируемым системам водоотведения населенных пунктов, наружным сетям и сооружениям постоянного назначения для бытовых, поверхностных (дождевых и талых) и близких к ним по составу производственных сточных вод",Системы канализации,2024-01-29,2025-08-26T03:47:21.910335+00:00,"Свод правил устанавливает требования к системам водоотведения населенных пунктов, наружным сетям и сооружениям для бытовых, дождевых, талых и производственных сточных вод. Документ обновлен с учетом изменений Министерства строительства и жилищно-коммунального хозяйства РФ к 29 января 2024 года.",Свод правил,"СП 32.13330.2018 Канализация. Наружные сети и сооружения (с Изменениями N 1, 2, 3).pdf",СП 32.13330.2018 Канализация. Наружные сети и сооружения,"['требования к системам водоотведения', 'строительные нормы и правила', 'нормативные ссылки']","['канализация', 'наружные сети', 'сооружения', 'водоотведение', 'системы водоотведения', 'строительство', 'регулирование']",русский,409,32.13330.2018,5,92.2,76.4,Изменения N 3,"СП 32.13330.2018 Канализация. Наружные сети и сооружения (с Изменениями N 1, 2, 3).pdf",Действующий,153
Расчет на прочность стальных трубопроводов,Строительство,2022-03-18,2025-08-26T03:47:25.597959+00:00,"Свод правил содержит требования для расчета на прочность стальных трубопроводов. Документ является актуализированной редакцией СНиП 2.04.12-86 с учетом изменений, утвержденных приказами Минстроя России в 2016 и 2022 годах. Включены ссылки на нормативные документы, необходимые для применения правил.",Свод правил,"СП 33.13330.2012_Расчет на прочность стальных трубопроводов (с изменениями 1, 2).pdf",СП 33.13330.2012 Расчет на Прочность Стальных Трубопроводов,"['Расчет на прочность', 'Строительство трубопроводов', 'Техническое регулирование']","['Стальные трубопроводы', 'Расчет на прочность', 'СНиП 2.04.12-86', 'Изменения N 1', 'Изменения N 2']",русский,254,33.13330.2012,5,91.9,1.9,"Изменения N 1, Изменения N 2","СП 33.13330.2012_Расчет на прочность стальных трубопроводов (с изменениями 1, 2).pdf",Действующий,36
"Нормы проектирования на вновь строящиеся, реконструируемые и капитально ремонтируемые автомобильные дороги общего пользования, расположенные вне границ населенных пунктов. Не распространяется на городские улицы и дороги, улицы и дороги сельских поселений, временные дороги, парковые дороги, дороги промышленных предприятий и автозимники.",Автомобильные дороги,2021-08-10,2025-08-26T03:47:32.914582+00:00,"Документ устанавливает нормы проектирования для автомобильных дорог общего пользования вне границ населенных пунктов. Включает требования с учетом федеральных законов и технических регламентов, направленных на безопасность и качество автомобильных дорог.",Свод правил,СП 34.13330.2021_Автомобильные дороги.pdf,Свод правил Автомобильные дороги СП 34.13330.2021,"['нормы проектирования', 'автомобильные дороги', 'безопасность', 'технический регламент']","['автомобильные дороги', 'проектирование', 'безопасность', 'технический регламент', 'строительство']",русский,286,34.13330.2021,5,92.1,0.2,Пересмотр,СП 34.13330.2021_Автомобильные дороги.pdf,Действующий,144
"Проектирование новых, реконструируемых и подлежащих капитальному ремонту мостовых сооружений и труб под насыпями",Мосты и трубы,2024-09-20,2025-08-26T03:47:37.135366+00:00,"Свод правил СП 35.13330.2011 устанавливает нормы по проектированию новых, реконструируемых и подлежащих капитальному ремонту мостовых сооружений и труб под насыпями. Документ направлен на повышение уровня безопасности людей и сохранности материальных ценностей, гармонизацию с европейскими и международными нормативными документами, а также применение единых методов определения и оценки эксплуатационных характеристик.",Свод правил,"СП 35.13330.2011_Мосты и трубы. Актуализированная редакция СНиП 2.05.03-84 (с изменениями 1, 2, 3, 4, 5).pdf",Свод правил СП 35.13330.2011 Мосты и трубы Актуализированная редакция СНиП 2.05.03-84*,"['проектирование мостовых сооружений', 'технические регламенты', 'безопасность зданий и сооружений', 'гармонизация нормативных требований']","['мосты', 'трубы', 'проектирование', 'безопасность', 'реконструкция', 'капитальный ремонт', 'нормы', 'эксплуатационные характеристики']",русский,414,35.13330.2011,5,84.6,0.3,Изм.5,"СП 35.13330.2011_Мосты и трубы. Актуализированная редакция СНиП 2.05.03-84 (с изменениями 1, 2, 3, 4, 5).pdf",Действующий,672
"Проектирование и эксплуатация магистральных трубопроводов и ответвлений, капитальный ремонт магистральных газопроводов номинальным диаметром до DN 1400 включительно, с избыточным давлением среды от 1,2 до 10 МПа включительно.",Трубопроводы,2022-05-31,2025-08-26T03:47:42.806577+00:00,"Данный свод правил устанавливает требования для проектирования новых и реконструируемых магистральных трубопроводов и ответвлений, а также капитального ремонта магистральных газопроводов. Включает нормативы по транспортированию нефти, нефтепродуктов, природного и искусственного газа, сжиженных углеводородных газов.",Свод правил,СП 36.13330.2012_Магистральные трубопроводы (2).pdf,Свод правил Магистральные трубопроводы Актуализированная редакция СНиП 2.05.06-85*,"['трубопроводы', 'транспортировка углеводородов', 'проектирование', 'эксплуатация', 'ремонт']","['магистральные трубопроводы', 'проектирование трубопроводов', 'капитальный ремонт', 'нефть', 'нефтепродукты', 'природный газ', 'сжиженные углеводородные газы']",русский,292,36.13330.2012,5,92.2,69.6,"Изменения N 4, утв. Приказом Минстроя России от 31.05.2022 N 434/пр",СП 36.13330.2012_Магистральные трубопроводы (2).pdf,Действующий,153
Магистральные трубопроводы,Трубопроводы,2013-07-01,2025-08-26T03:47:46.610056+00:00,"Данный свод правил устанавливает требования к проектированию, строительству и эксплуатации магистральных трубопроводов, включая энергетическую эффективность. Документ актуализирован и введен в действие с 1 июля 2013 года.",Свод правил,СП 36.13330.2012_Магистральные трубопроводы.pdf,Свод правил СП 36.13330.2012 Магистральные трубопроводы,"['требования к трассе трубопровода', 'классификация магистральных трубопроводов', 'термины и определения', 'нормативные ссылки']","['магистральные трубопроводы', 'энергетическая эффективность', 'проектирование', 'строительство', 'эксплуатация']",Русский,304,36.13330.2012,5,95.7,7.0,Актуализированная редакция,СП 36.13330.2012_Магистральные трубопроводы.pdf,Действующий,97
,Промышленный транспорт,2023-12-14,2025-08-26T03:47:50.704899+00:00,"Настоящий свод правил представляет собой актуализированную редакцию СНиП 2.05.07-91*, содержит правила по проектированию объектов промышленного транспорта и разработан в развитие требований СНиП 2.05.07-91*. В своде правил приведены основные правила и требования, предъявляемые при проектировании и реконструкции сооружений промышленного транспорта.",Свод правил,"СП 37.13330.2012_Промышленный транспорт (с изменениями 1, 2, 3, 4, 5, 6, 7).pdf",Свод правил Промышленный транспорт. Актуализированная редакция СНиП 2.05.07-91*,"['проектирование объектов промышленного транспорта', 'требования СНиП', 'реконструкция сооружений']","['Промышленный транспорт', 'СНиП 2.05.07-91', 'проектирование', 'реконструкция', 'строительство', 'нормативы']",Русский,322,37.13330.2012,5,85.2,3.8,"Изменение N 7, утв. Приказом Минстроя России от 14.12.2023 N 919/пр","СП 37.13330.2012_Промышленный транспорт (с изменениями 1, 2, 3, 4, 5, 6, 7).pdf",Действующий,385
"Проектирование, реконструкция и ремонт речных и морских гидротехнических сооружений",Гидротехника,2021-12-15,2025-08-26T03:47:54.036774+00:00,"Настоящий свод правил распространяется на проектирование, реконструкцию и ремонт речных и морских гидротехнических сооружений, устанавливая требования к расчетному обоснованию их надежности и безопасности. Включает требования по нагрузкам и воздействиям от волн, льда и судов.",Свод правил,"СП 38.13330.2018_Нагрузки и воздействия на гидротехнические сооружения (волновые, ледовые и от судов) (с изменением 1).pdf","Свод правил Нагрузки и воздействия на гидротехнические сооружения (волновые, ледовые и от судов)","['нагрузки на гидротехнические сооружения', 'влияние природных факторов', 'безопасность сооружений']","['гидротехнические сооружения', 'нагрузки', 'воздействия', 'волновые нагрузки', 'ледовые нагрузки', 'воздействия от судов', 'проектирование', 'реконструкция', 'безопасность']",Русский,253,38.13330.2018,5,84.9,3.7,Изменение N 1,"СП 38.13330.2018_Нагрузки и воздействия на гидротехнические сооружения (волновые, ледовые и от судов) (с изменением 1).pdf",Действующий,205
Возведение и эксплуатация плотин из грунтовых материалов,Строительство,2013-01-01,2025-08-26T03:47:57.982835+00:00,"Данный свод правил регламентирует требования к проектированию, возведению и эксплуатации плотин из грунтовых материалов. Включает общие положения, нормы расчета, требования к охране окружающей среды и методы контроля состояния сооружений.",Свод правил,"СП 39.13330.2012_Плотины из грунтовых материалов (с изменениями 1, 2, 3, 4).pdf",Свод правил СП 39.13330.2012 Плотины из грунтовых материалов,"['Общие положения', 'Земляные насыпные и намывные плотины', 'Каменно-земляные плотины', 'Требования к охране окружающей среды', 'Расчеты и контроль состояния сооружений']","['плотины', 'грунтовые материалы', 'строительство', 'охрана окружающей среды', 'расчет плотин', 'контроль сооружений']",русский,416,39.13330.2012,5,93.5,4.4,Актуализированная редакция,"СП 39.13330.2012_Плотины из грунтовых материалов (с изменениями 1, 2, 3, 4).pdf",Действующий,90
"Объекты защиты при проектировании, строительстве, изменении функционального назначения, реконструкции, капитальном ремонте и техническом перевооружении в части ограничения распространения пожара",Пожарная безопасность,2023-06-27,2025-08-26T03:48:03.074399+00:00,"Данный свод правил устанавливает требования к объемно-планировочным и конструктивным решениям для ограничения распространения пожара на объектах защиты. Он распространяется на проектирование, строительство и реконструкцию объектов, кроме зданий с особыми условиями и объектами специального назначения.",Свод правил,"СП 4.13130.2013_Системы противопожарной защиты. Ограничение распространения пожара (с изменениями 1, 2, 3, 4).pdf",СП 4.13130.2013 Системы противопожарной защиты Ограничение распространения пожара на объектах защиты Требования к объемно-планировочным и конструктивным решениям,"['требования пожарной безопасности', 'проектирование зданий', 'строительство', 'реконструкция', 'капитальный ремонт', 'техническое перевооружение']","['свод правил', 'системы противопожарной защиты', 'ограничение распространения пожара', 'объемно-планировочные решения', 'конструктивные решения', 'объекты защиты']",Русский,312,4.13130.2013,5,86.6,18.0,"Изменения N 4, утв. Приказом МЧС России от 27.06.2023 N 659","СП 4.13130.2013_Системы противопожарной защиты. Ограничение распространения пожара (с изменениями 1, 2, 3, 4).pdf",Действующий,227
"Проектирование строящихся и реконструируемых бетонных и железобетонных плотин, входящих в состав энергетических, воднотранспортных и мелиоративных гидроузлов, систем водоснабжения, водоочистки, переброски стока и борьбы с наводнениями, а также гидроузлов комплексного назначения. Особые требования при проектировании в сейсмических районах, в условиях распространения просадочных, набухающих и закарстованных грунтов, в северной строительно-климатической зоне и приравненных по природно-климатическим условиям районах.",Строительство,2019-12-02,2025-08-26T03:48:09.287974+00:00,"Данный свод правил представляет собой актуализированную редакцию СНиП 2.06.06-85 и предназначен для проектирования бетонных и железобетонных плотин. Документ учитывает требования Федерального закона о техническом регулировании и содержит изменения, утвержденные приказами Минстроя России в 2018 и 2019 годах.",Свод правил,СП 40.13330.2012_Плотины бетонные и железобетонные.pdf,СП 40.13330.2012 Плотины бетонные и железобетонные. Актуализированная редакция СНиП 2.06.06-85,"['проектирование', 'бетонные плотины', 'железобетонные плотины', 'строительство гидроузлов', 'нормативные документы']","['плотины бетонные', 'плотины железобетонные', 'СНиП 2.06.06-85', 'актуализация', 'Технический регламент о безопасности зданий и сооружений']",русский,409,40.13330.2012,5,85.6,0.0,Изменения N 2,СП 40.13330.2012_Плотины бетонные и железобетонные.pdf,Действующий,126
"Проектирование тепловых пунктов, предназначенных для присоединения к тепловым сетям систем отопления, вентиляции, кондиционирования воздуха, горячего водоснабжения и технологических теплоиспользующих установок промышленных и сельскохозяйственных предприятий, жилых и общественных зданий",Отопление,1996-07-01,2025-08-26T03:48:14.533238+00:00,"Свод правил содержит требования, рекомендации и справочные материалы по проектированию и строительству тепловых пунктов. Включает требования к объемно-планировочным и конструктивным решениям, расчету и подбору оборудования, приборов учета, контроля и автоматизации, а также сведения по трубам и арматуре. Правила направлены на обеспечение экономичных проектных решений и экономии тепловой энергии.",Свод правил,СП 41-101-95 «Проектирование тепловых пунктов».pdf,СП 41-101-95 Проектирование тепловых пунктов,"['технические требования', 'проектирование тепловых пунктов', 'оборудование тепловых пунктов', 'экономия тепловой энергии']","['тепловые пункты', 'проектирование', 'тепловые сети', 'отопление', 'вентиляция', 'кондиционирование', 'горячее водоснабжение', 'автоматизация', 'теплоноситель', 'арматура']",русский,418,41-101-95,5,71.9,0.0,,СП 41-101-95 «Проектирование тепловых пунктов».pdf,Действующий,193
"Проектирование вновь строящихся, реконструируемых и ремонтируемых речных и морских бетонных и железобетонных гидротехнических сооружений всех классов, входящих в состав энергетических и водно-транспортных гидроузлов; сооружений для борьбы с наводнениями и защиты территории от затопления и подтопления; расчетная оценка состояния эксплуатируемых сооружений",Гидротехнические сооружения,2018-11-28,2025-08-26T03:48:21.653626+00:00,"Настоящий свод правил является актуализированной редакцией СНиП 2.06.08-87, регламентирующей проектирование и оценку бетонных и железобетонных конструкций гидротехнических сооружений. Документ разработан в соответствии с Федеральным законом N 384-ФЗ и содержит нормативные требования к строительству и ремонту гидротехнических объектов, включая дополнительные требования для сейсмических и специфических грунтовых зон.",Свод правил,СП 41.13330.2012 Бетонные и железобетонные конструкции гидротехнических сооружений.pdf,Свод правил. Бетонные и железобетонные конструкции гидротехнических сооружений. Актуализированная редакция СНиП 2.06.08-87,"['проектирование', 'нормативные требования', 'оценка состояния сооружений', 'безопасность гидротехнических сооружений']","['бетонные конструкции', 'железобетонные конструкции', 'гидротехнические сооружения', 'проектирование', 'реконструкция', 'ремонт', 'строительство', 'безопасность зданий и сооружений']",Русский,370,41.13330.2012,5,85.1,0.5,"Изменение N 1, 2018",СП 41.13330.2012 Бетонные и железобетонные конструкции гидротехнических сооружений.pdf,Действующий,117
Проектирование новых и развитие существующих городских и сельских населенных пунктов и иных территорий муниципальных образований на территории Российской Федерации,Градостроительство,2022-06-09,2025-08-26T03:48:26.054649+00:00,Данный свод правил установлен для регламентации требований к планировке и застройке городских и сельских поселений в Российской Федерации. Документ актуализирован на базе СНиП 2.07.01-89* и направлен на повышение безопасности и энергосбережения в градостроительстве.,Свод правил,"СП 42.13330.2016_Градостроительство. Планировка и застройка городских и сельских поселений (с изменениями 1, 2, 3, 4).pdf",Свод правил Градостроительство Планировка и застройка городских и сельских поселений Актуализированная редакция СНиП 2.07.01-89*,"['правила планировки', 'застройка населённых пунктов', 'требования безопасности', 'энергетическая эффективность']","['градостроительство', 'планировка', 'застройка', 'городские поселения', 'сельские поселения', 'безопасность', 'энергосбережение']",русский,470,42.13330.2016,5,83.3,3.5,"Изменения N 3, утв. Приказом Минстроя России от 09.06.2022","СП 42.13330.2016_Градостроительство. Планировка и застройка городских и сельских поселений (с изменениями 1, 2, 3, 4).pdf",Действующий,219
Строительство промышленных предприятий,Сооружения промышленных предприятий,2024-12-02,2025-08-26T03:48:32.546429+00:00,"Настоящий нормативный документ представляет собой актуализированную редакцию СНиП 2.09.03-85, устанавливающую требования и правила по сооружениям промышленных предприятий. Документ разработан на основе федеральных законов о техническом регулировании и пожарной безопасности, предназначен для проектирования и строительства промышленных зданий.",Свод правил,"СП 43.13330.2012_Сооружения промышленных предприятий (с изменениями 1, 2, 3, 4, 5).pdf",Свод правил Сооружения промышленных предприятий Актуализированная редакция СНиП 2.09.03-85,"['Проектирование сооружений', 'Техническое регулирование', 'Строительство промышленных предприятий']","['Свод правил', 'Сооружения промышленных предприятий', 'СНиП 2.09.03-85', 'актуализация', 'технические регламенты', 'пожарная безопасность']",русский,364,43.13330.2012,5,81.8,1.1,"Изменения N 5, утв. Приказом Минстроя России от 02.12.2024 N 819/пр","СП 43.13330.2012_Сооружения промышленных предприятий (с изменениями 1, 2, 3, 4, 5).pdf",Действующий,180
"Проектирование административных и бытовых зданий высотой до 50 м, включая новые, расширяемые и реконструируемые производственные предприятия промышленности различных форм собственности",Административные и бытовые здания,2021-12-07,2025-08-26T03:48:38.520075+00:00,"Настоящий свод правил предназначен для проектирования административных и бытовых зданий с целью повышения безопасности людей и сохранности материальных ценностей, а также повышения энергетической эффективности и гармонизации с европейскими и международными требованиями. Включает нормативы, учитывающие пожарную безопасность и особенности труда инвалидов.",Свод правил,"СП 44.13330.2011_Административные и бытовые здания (с изменениями 1, 2, 3, 4).pdf",Свод правил Административные и бытовые здания Актуализированная редакция СНиП 2.09.04-87 Office and social buildings СП 44.13330.2011,"['повышение уровня безопасности', 'энергосбережение и энергетическая эффективность', 'государственные нормативы', 'проектирование зданий']","['административные здания', 'бытовые здания', 'проектирование', 'безопасность зданий', 'энергосбережение', 'пожарная безопасность', 'труд инвалидов']",русский,275,44.13330.2011,5,93.4,0.0,"Изменения N 4, утв. Приказом Минстроя России от 07.12.2021 N 905/пр","СП 44.13330.2011_Административные и бытовые здания (с изменениями 1, 2, 3, 4).pdf",Действующий,47
"Производство и приемка земляных работ, устройство оснований и фундаментов при строительстве новых, реконструкции зданий и сооружений","Земляные сооружения, основания и фундаменты",2021-12-16,2025-08-26T03:48:43.785325+00:00,"Данный свод правил содержит указания по производству и оценке соответствия земляных работ, устройству оснований и фундаментов при строительстве новых и реконструкции зданий и сооружений. Включает актуализированную редакцию СНиП 3.02.01-87 с изменениями, утвержденными Минстроем России, и распространяется на производство и приемку земляных работ, оснований и фундаментов.",Свод правил,"СП 45.13330.2017_Земляные сооружения, основания и фундаменты (с изменениями 1, 2, 3) (2).pdf","Свод правил Земляные сооружения, основания и фундаменты. Актуализированная редакция СНиП 3.02.01-87","['производство земляных работ', 'устройство оснований и фундаментов', 'оценка соответствия', 'строительство зданий и сооружений', 'реконструкция']","['земляные работы', 'устройство оснований', 'фундаменты', 'строительство', 'реконструкция', 'СП 45.13330.2017', 'СНиП 3.02.01-87']",русский,245,45.13330.2017,5,92.8,1.2,Изменения N 3,"СП 45.13330.2017_Земляные сооружения, основания и фундаменты (с изменениями 1, 2, 3) (2).pdf",Действующий,282
"Правила выполнения и приемки работ при сооружении новых, реконструкции и капитальном ремонте постоянных мостов и труб под насыпи железных дорог, линий метрополитена и трамвая, автомобильных дорог на улицах и дорогах населенных пунктов",Строительство,2023-12-28,2025-08-26T03:48:51.264932+00:00,"Настоящий свод правил содержит требования для выполнения и приемки работ при сооружении, реконструкции и капитальном ремонте мостовых сооружений и труб в различных транспортных и городских условиях. Актуализированная редакция СНиП 3.06.04-91 с учётом изменений и дополнений вплоть до 2023 года.",Свод правил,"СП 46.13330.2012_Мосты и трубы (с изменениями 1, 2, 3,4, 5).pdf",Свод правил МОСТЫ И ТРУБЫ Актуализированная редакция СНиП 3.06.04-91,"['нормы строительства мостов', 'технические требования к трубам', 'реконструкция и ремонт мостов', 'технические стандарты']","['мосты', 'трубы', 'строительство', 'реконструкция', 'капитальный ремонт', 'железные дороги', 'метрополитен', 'трамвай', 'автомобильные дороги', 'пересмотр', 'нормативы']",Русский,287,46.13330.2012,5,94.7,5.6,"Изменения N 5, утв. Приказом Минстроя России от 28.12.2023 N 1013/пр","СП 46.13330.2012_Мосты и трубы (с изменениями 1, 2, 3,4, 5).pdf",Действующий,279
Организация строительства,Строительство,2025-05-22,2025-08-26T03:48:55.724129+00:00,"Свод правил СП 48.13330.2019 разработан для обеспечения соблюдения требований технических регламентов и государственных законов, регулирующих безопасность зданий и сооружений, техническое регулирование, энергосбережение, строительство, охрану культурного наследия и другие аспекты строительства и градостроительства.",Свод правил,"СП 48.13330.2019 Организация строительства (с изм. № 1, 2) (изм. на 21.04.2025).pdf","СП 48.13330.2019 Организация строительства СНиП 12-01-2004 (с Изменениями N 1, 2)","['Техническое регулирование', 'Строительство', 'Организация строительных процессов', 'Соответствие федеральным законам']","['Организация строительства', 'Технический регламент', 'Безопасность зданий и сооружений', 'Энергосбережение', 'Градостроительство', 'Строительство']",русский,124,48.13330.2019,5,98.0,7.5,"Изменения N 1, 2","СП 48.13330.2019 Организация строительства (с изм. № 1, 2) (изм. на 21.04.2025).pdf",Действующий,35
Нормы и правила проектирования автоматических установок пожаротушения и сигнализации для зданий и сооружений различного назначения,Пожарная безопасность,2011-06-20,2025-08-26T03:49:00.153074+00:00,"Документ устанавливает нормы и правила проектирования автоматических установок пожаротушения и пожарной сигнализации для зданий и сооружений различного назначения. Введен впервые в 2009 году и содержит Изменение N 1, утвержденное в 2011 году. Является нормативным документом по пожарной безопасности в рамках технического регулирования в Российской Федерации.",Свод правил,СП 5.13130.2009 Системы противопожарной защиты. Установки пожарной сигнализации и пожаротушения..pdf,СП 5.13130.2009 Системы противопожарной защиты. Установки пожарной сигнализации и пожаротушения автоматические. Нормы и правила проектирования (с Изменением N 1),"['проектирование автоматических установок пожаротушения', 'проектирование установок пожарной сигнализации', 'пожарная безопасность', 'информационное регулирование в области пожарной безопасности']","['Системы противопожарной защиты', 'Установки пожарной сигнализации', 'Установки пожаротушения автоматические', 'Нормы и правила проектирования', 'Пожарная безопасность']",русский,200,5.13130.2009,5,96.2,4.6,Изменение N 1,СП 5.13130.2009 Системы противопожарной защиты. Установки пожарной сигнализации и пожаротушения..pdf,Действующий,121
Тепловая защита зданий и сооружений,Тепловая защита,2024-06-15,2025-08-26T03:49:07.984388+00:00,Этот свод правил устанавливает требования к тепловой защите зданий и сооружений с целью повышения уровня безопасности людей и сохранности материальных ценностей. Документ обновлен для гармонизации с европейскими и международными нормативами и содержит методы определения эксплуатационных характеристик и оценки тепловой защиты.,Свод правил,СП 50.13330.2024 Тепловая защита зданий.pdf,Свод правил СП 50.13330.2024 Тепловая защита зданий,"['тепловая защита зданий', 'теплоустойчивость ограждающих конструкций', 'воздухопроницаемость', 'защита от переувлажнения', 'энергетический паспорт']","['тепловая защита', 'здания', 'теплоустойчивость', 'воздухопроницаемость', 'переувлажнение', 'энергопаспорт', 'теплопередача']",русский,166,50.13330.2024,5,92.2,0.8,Актуализированная редакция,СП 50.13330.2024 Тепловая защита зданий.pdf,Действующий,97
"Нормируемые параметры оценки шумового режима на рабочих местах производственных зданий, в помещениях жилых и общественных зданий, на территориях жилой застройки; акустические расчеты и методы снижения уровней шума; акустическое качество помещений театральных, киноконцертных, спортивных залов",Защита от шума,2023-12-12,2025-08-26T03:49:14.565070+00:00,"Настоящий свод правил устанавливает параметры оценки шумового режима, допустимые значения, порядок проведения акустических расчетов, методы и средства снижения уровней шума, а также требования к акустическому качеству специализированных залов. Документ актуализирован и включает изменения, утвержденные Минстроем России до 2023 года.",Свод правил,"СП 51.13330.2011_Защита от шума (с изменениями 1, 2, 3, 4).pdf",Свод правил Защита от шума Актуализированная редакция СНиП 23-03-2003,"['шумовой режим на рабочих местах', 'оценка шумового режима', 'акустические методы', 'санитарные нормы', 'театральные и киноконцертные залы']","['шумовой режим', 'акустические расчеты', 'снижение шума', 'допустимые значения шума', 'акустическое качество']",Русский,345,51.13330.2011,5,89.9,0.0,"Изменения N 4, утв. Приказом Минстроя России от 12.12.2023 N 909/пр","СП 51.13330.2011_Защита от шума (с изменениями 1, 2, 3, 4).pdf",Действующий,100
"Нормы естественного, искусственного и совмещенного освещения зданий и сооружений, а также нормы искусственного освещения селитебных территорий, площадок предприятий и мест производства работ вне зданий",Естественное и искусственное освещение,2017-05-08,2025-08-26T03:49:19.129421+00:00,"Свод правил устанавливает требования и нормы по естественному и искусственному освещению зданий и сооружений, включая селитебные территории и производственные площадки. Актуализированная редакция СНиП 23-05-95*. Документ соответствует целям федеральных законов о безопасности зданий, техническом регулировании, энергосбережении и энергетической эффективности.",Свод правил,"СП 52.13330.2016_Естественное и искусственное освещение (с изменениями 1, 2).pdf",Свод правил Естественное и искусственное освещение Актуализированная редакция СНиП 23-05-95*,"['требования освещения', 'безопасность зданий', 'энергетическая эффективность']","['естественное освещение', 'искусственное освещение', 'СНиП', 'строительство', 'энергосбережение', 'технический регламент']",русский,246,52.13330.2016,5,85.2,1.1,"в ред. Изменения N 1 от 20.11.2019, Изменение N 2 от 28.12.2021","СП 52.13330.2016_Естественное и искусственное освещение (с изменениями 1, 2).pdf",Действующий,207
"Проектирование планировки и застройки территории садоводства, а также зданий и сооружений, находящихся на этой территории",Планировка и застройка территории,2023-01-16,2025-08-26T03:49:25.438245+00:00,"Данный свод правил регламентирует проектирование планировки и застройки территорий садоводства, а также зданий и сооружений на этих территориях, с учетом изменений, утверждённых приказом Минстроя России от 16.01.2023. Не распространяется на проектирование территории огородничества.",Свод правил,СП 53.13330.2019_Планировка и застройка территории ведения гражданами садоводства. Здания и сооружения (с изменением 1).pdf,Свод правил Планировка и застройка территории ведения гражданами садоводства. Здания и сооружения (СНиП 30-02-97*),"['проектирование планировки', 'застройка садоводческих территорий', 'связанные здания и сооружения', 'нормативные ссылки']","['планировка территории', 'застройка', 'садоводство', 'здания', 'сооружения', 'СНиП 30-02-97*', 'проекты', 'нормативные документы']",русский,357,53.13330.2019,5,89.7,0.0,Изменение N 1,СП 53.13330.2019_Планировка и застройка территории ведения гражданами садоводства. Здания и сооружения (с изменением 1).pdf,Действующий,27
"Проектирование новых и реконструируемых многоквартирных жилых зданий (в том числе блокированных) высотой до 75 м для малоэтажной, среднеэтажной и многоэтажной застройки, включая общежития квартирного типа и жилые помещения в зданиях другого функционального назначения",Архитектура,2024-12-27,2025-08-26T03:49:30.739914+00:00,"Пересмотр свода правил, регулирующего проектирование многоквартирных жилых зданий с учетом требований технических регламентов по безопасности зданий, пожарной безопасности и энергоэффективности. Включает нормативные ссылки на ГОСТы и устанавливает область применения для различных типов жилых зданий.",Свод правил,"СП 54.13330.2022_Здания жилые многоквартирные (с изменениями 1, 2).pdf",Свод правил Здания жилые многоквартирные СП 54.13330.2022,"['технический регламент безопасности зданий', 'проектирование жилых зданий', 'нормативные документы ГОСТ']","['многоквартирные жилые здания', 'проектирование', 'технический регламент', 'пожарная безопасность', 'энергосбережение', 'архитектура']",русский,318,54.13330.2022,5,91.6,0.0,"Изменения N 2, утв. Приказом Минстроя России от 27.12.2024 N 938/пр","СП 54.13330.2022_Здания жилые многоквартирные (с изменениями 1, 2).pdf",Действующий,82
Дома жилые одноквартирные,Архитектура,2023-05-17,2025-08-26T03:49:34.803864+00:00,"Документ представляет собой свод правил, регулирующий строительство одноквартирных жилых домов. Включены изменения, направленные на повышение безопасности зданий, энергоэффективности, соответствие техническим регламентам и международным требованиям.",Свод правил,"СП 55.13330.2016_Дома жилые одноквартирные (с изменениями 1, 2).pdf",Свод правил Дома жилые одноквартирные,"['технические регламенты', 'энергосбережение', 'пожарная безопасность', 'архитектурное проектирование']","['жилые дома', 'одноквартирные дома', 'строительство', 'безопасность', 'энергосбережение']",Русский,424,55.13330.2016,5,91.5,4.7,Изменение N 2,"СП 55.13330.2016_Дома жилые одноквартирные (с изменениями 1, 2).pdf",Действующий,38
Доступность зданий и сооружений для маломобильных групп населения,Доступность зданий и сооружений,2023-12-21,2025-08-26T03:49:39.337800+00:00,"Свод правил регламентирует требования к доступности зданий и сооружений для маломобильных групп населения, включая принципы универсального проектирования. Документ пересматривает и заменяет СП 59.13330.2016 с внесенными изменениями 2022 и 2023 годов. Разработан в соответствии с российским законодательством и Конвенцией ООН о правах инвалидов.",Свод правил,"СП 59.13330.2020 Доступность зданий и сооружений для маломобильных групп населения СНиП 35-01-2001 (с Изменениями N 1, 2).pdf","СП 59.13330.2020 Доступность зданий и сооружений для маломобильных групп населения СНиП 35-01-2001 (с Изменениями N 1, 2)","['требования к доступности', 'универсальный дизайн', 'проектирование и строительство', 'социальная защита инвалидов']","['доступность', 'маломобильные группы населения', 'универсальный проект', 'инвалиды', 'здания и сооружения', 'СП 59.13330.2020', 'СП 59.13330.2016']",русский,382,59.13330.2020,5,91.1,5.9,"Изменения N 1, 2","СП 59.13330.2020 Доступность зданий и сооружений для маломобильных групп населения СНиП 35-01-2001 (с Изменениями N 1, 2).pdf",Действующий,53
Проектирование и монтаж низковольтного электрооборудования систем противопожарной защиты зданий и сооружений,Пожарная безопасность,2021-10-06,2025-08-26T03:49:43.385777+00:00,"Свод правил устанавливает требования к питанию электроприемников, линиям связи, электрооборудованию систем противопожарной защиты зданий и сооружений. Предназначен для применения при проектировании и монтаже низковольтного электрооборудования систем противопожарной защиты в новых и реконструируемых зданиях и сооружениях.",Свод правил,СП 6.13130.2021 Системы противопожарной защиты. Электроустановки низковольтные. Требования пожарной безопасности.pdf,СП 6.13130.2021 Системы противопожарной защиты. Электроустановки низковольтные. Требования пожарной безопасности,"['требования к питанию электроприемников', 'линии связи', 'электрооборудование', 'проекты систем противопожарной защиты']","['противопожарная защита', 'электроустановки низковольтные', 'требования пожарной безопасности', 'проектирование', 'монтаж', 'электрооборудование']",русский,295,6.13130.2021,5,93.6,7.3,Введен впервые,СП 6.13130.2021 Системы противопожарной защиты. Электроустановки низковольтные. Требования пожарной безопасности.pdf,Действующий,7
"Безопасность зданий и сооружений, энергосбережение и повышение энергетической эффективности","Отопление, вентиляция, кондиционирование",2025-03-01,2025-08-26T03:49:47.024426+00:00,"Свод правил регулирует требования к отоплению, вентиляции и кондиционированию воздуха в зданиях и сооружениях с целью обеспечения безопасности, пожарной безопасности и энергосбережения согласно федеральным законам и техническим регламентам. Документ включает поправки и изменения, введённые в период с 2021 по 2025 год.",Свод правил,"СП 60.13330.2020 Отопление, вентиляция и кондиционирование воздуха. (с Поправкой, с изм. №1-5) (изм. на 17.01.2025).pdf","СП 60.13330.2020 Отопление, вентиляция и кондиционирование воздуха СНиП 41-01-2003 (с Поправкой, с Изменениями № 1-5)","['Обеспечение безопасности зданий и сооружений', 'Требования федеральных законов', 'Энергетическая эффективность']","['Отопление', 'Вентиляция', 'Кондиционирование воздуха', 'Технический регламент', 'Пожарная безопасность', 'Энергосбережение']",русский,466,60.13330.2020,5,91.1,5.3,Изменения № 1-5,"СП 60.13330.2020 Отопление, вентиляция и кондиционирование воздуха. (с Поправкой, с изм. №1-5) (изм. на 17.01.2025).pdf",Действующий,109
Тепловая изоляция оборудования и трубопроводов,Отопление,2023-12-29,2025-08-26T03:49:50.922337+00:00,"Документ содержит требования к теплоизоляционным материалам, изделиям и конструкциям, правила проектирования тепловой изоляции, нормы плотности теплового потока с изолируемых поверхностей оборудования и трубопроводов с различными температурами, а также методы расчета толщины тепловой изоляции. Актуализированная редакция СНиП 41-03-2003.",Свод правил,"СП 61.13330.2012 Тепловая изоляция оборудования и трубопроводов (с Изменениями N 1, 2).pdf",СП 61.13330.2012 Тепловая изоляция оборудования и трубопроводов. Актуализированная редакция СНиП 41-03-2003,"['требования к материалам', 'правила проектирования', 'нормы плотности теплового потока', 'методы расчета толщины изоляции']","['тепловая изоляция', 'оборудование', 'трубопроводы', 'проектирование', 'теплоизоляционные материалы', 'толщина изоляции', 'тепловой поток']",Русский,472,61.13330.2012,5,85.7,3.5,"Изменения N 1, 2","СП 61.13330.2012 Тепловая изоляция оборудования и трубопроводов (с Изменениями N 1, 2).pdf",Действующий,59
Требования к проектированию и эксплуатации газораспределительных систем,Газораспределительные системы,2021-12-27,2025-08-26T03:49:54.845481+00:00,"Данный свод правил устанавливает требования безопасности и технические нормы, соответствующие федеральным законам и техническим регламентам в области газораспределительных систем. В редакции учтены изменения, утвержденные приказами Минстроя России в 2012, 2016, 2019 и 2021 годах.",Свод правил,"СП 62.13330.2011 Газораспределительные системы (с изменениями №1, №2, №3, №4).pdf",Свод правил Газораспределительные системы Акутализированная редакция СНиП 42-01-2002 Gas distribution systems СП 62.13330.2011*,"['требования безопасности', 'технические нормы', 'изменения и обновления нормативов']","['газораспределительные системы', 'технический регламент', 'пожарная безопасность', 'энергосбережение', 'СНиП 42-01-2002']",Русский,337,62.13330.2011*,5,84.2,22.4,Изменения N 4 (2021),"СП 62.13330.2011 Газораспределительные системы (с изменениями №1, №2, №3, №4).pdf",Действующий,141
"Проектирование бетонных и железобетонных конструкций зданий и сооружений различного назначения, эксплуатируемых в климатических условиях Российской Федерации",Строительство,2021-12-20,2025-08-26T03:49:58.084758+00:00,Настоящий свод правил устанавливает требования к расчету и проектированию бетонных и железобетонных конструкций промышленных и гражданских зданий и сооружений из различных видов бетонов с учетом климатических условий РФ. Документ разработан с учетом обязательных федеральных законов и содержит основные положения по проектированию.,Свод правил,СП 63.13330.2018_Бетонные и железобетонные конструкции Основные положения.pdf,Свод правил Бетонные и железобетонные конструкции Основные положения,"['требования к проектированию', 'виды бетонов', 'условия эксплуатации']","['бетонные конструкции', 'железобетонные конструкции', 'проектирование', 'строительство', 'климатические условия', 'расчет']",Русский,413,63.13330.2018,5,76.3,2.6,"Изменения N 2, утв. Приказом Минстроя России от 20.12.2021 N 965/пр",СП 63.13330.2018_Бетонные и железобетонные конструкции Основные положения.pdf,Действующий,260
,Деревянные конструкции,2023-12-28,2025-08-26T03:50:01.124608+00:00,"Документ устанавливает нормативные требования к деревянным конструкциям, обеспечивая соблюдение технических регламентов безопасности зданий и сооружений, а также включает изменения, утвержденные Минстроем России до 28 декабря 2023 года.",Свод правил,"СП 64.13330.2017_Деревянные конструкции (с изменениями 1, 2, 3, 4).pdf",Свод правил Деревянные конструкции Актуализированная редакция СНиП II-25-80,"['разработка и утверждение', 'область применения', 'изменения и дополнения', 'нормативные требования', 'технические регламенты']","['деревянные конструкции', 'технический регламент', 'строительство', 'безопасность зданий', 'СНиП II-25-80']",русский,240,64.13330.2017,5,91.0,2.5,Изменения N 4,"СП 64.13330.2017_Деревянные конструкции (с изменениями 1, 2, 3, 4).pdf",Действующий,176
"Проектирование и строительство напорных трубопроводов холодного водоснабжения, водоотведения и мелиоративных систем",Водоснабжение и канализация,2016-11-07,2025-08-26T03:50:05.706780+00:00,"Данный свод правил устанавливает требования и правила проектирования и строительства напорных сетей водоснабжения и водоотведения с использованием высокопрочных труб из чугуна с шаровидным графитом. Он охватывает правила проектирования открытых, надземных и бестраншейных трубопроводов для холодного водоснабжения, но не касается горячего водоснабжения и систем промышленной канализации.",Свод правил,"СП 66.13330.2011 Проектирование напорных сетей водоснабжения и водоотведения из труб из чугуна с шаровидным графитом (с изменениями №1, №2).pdf",Свод правил СП 66.13330.2011 Проектирование и строительство напорных сетей водоснабжения и водоотведения с применением высокопрочных труб из чугуна с шаровидным графитом,"['трубопроводы холодного водоснабжения', 'трубопроводы водоотведения', 'бестраншейное прокладывание', 'горизонтально-направленное бурение', 'технический регламент']","['напорные сети', 'водоснабжение', 'водоотведение', 'высокопрочные трубы', 'чугун с шаровидным графитом', 'проектирование', 'строительство']",русский,241,66.13330.2011,5,85.8,1.6,"Изменения N 2, утв. Приказом Минстроя России от 07.11.2016 N 775/пр","СП 66.13330.2011 Проектирование напорных сетей водоснабжения и водоотведения из труб из чугуна с шаровидным графитом (с изменениями №1, №2).pdf",Действующий,288
Приемка в эксплуатацию законченных строительством и реконструированных объектов капитального строительства производственного и непроизводственного назначения,Строительство,2019-12-10,2025-08-26T03:50:10.585160+00:00,"Свод правил устанавливает порядок приемки в эксплуатацию законченных строительством и реконструированных объектов капитального строительства. Включает актуализированную редакцию СНиП 3.01.04-87 и требования в соответствии с федеральными законами по градостроительному кодексу, техническому регламенту безопасности зданий и энергоснабжению.",Свод правил,СП 68.13330.2017 Приемка в эксплуатацию законченных строительством объектов (с изменением № 1).pdf,Свод правил Приемка в эксплуатацию законченных строительством объектов. Основные положения. Актуализированная редакция СНиП 3.01.04-87,"['требования к приемке объектов', 'регулирующие документы', 'строительные нормы и правила']","['приемка в эксплуатацию', 'строительство', 'реконструкция', 'капитальное строительство', 'СНиП 3.01.04-87', 'градостроительный кодекс', 'технический регламент', 'энергоснабжение']",Русский,336,68.13330.2017,5,93.2,1.1,Изменение N 1,СП 68.13330.2017 Приемка в эксплуатацию законченных строительством объектов (с изменением № 1).pdf,Действующий,38
"Устанавливает правила производства строительно-монтажных работ при сооружении новых подземных горных выработок и реконструкции, расширении и поддержании мощности действующих предприятий по добыче твердых полезных ископаемых",Подземные горные выработки,2024-07-12,2025-08-26T03:50:14.985621+00:00,"Данный свод правил содержит требования к производству строительно-монтажных работ подземных горных выработок в соответствии с Федеральными законами и техническими регламентами. Документ является актуализированной редакцией СНиП 3.02.03-84 и включает нормы по безопасности зданий и сооружений, а также требования по энергосбережению и энергоэффективности.",Свод правил,СП 69.13330.2016_Подземные горные выработки (с изменением 1).pdf,Свод правил Подземные горные выработки Актуализированная редакция СНиП 3.02.03-84,"['требования к строительству', 'безопасность зданий', 'энергосбережение', 'нормативные документы']","['подземные горные выработки', 'строительно-монтажные работы', 'энергосбережение', 'безопасность зданий', 'технический регламент']",Русский,245,69.13330.2016,5,95.0,0.0,Изм. 1,СП 69.13330.2016_Подземные горные выработки (с изменением 1).pdf,Действующий,21
"Проектирование и монтаж систем отопления, вентиляции и кондиционирования воздуха, противодымной вентиляции вновь строящихся и реконструируемых зданий и сооружений","Отопление, вентиляция, кондиционирование, Пожарная безопасность",2025-07-01,2025-08-26T03:50:20.234174+00:00,"Свод правил устанавливает требования пожарной безопасности при проектировании и монтаже систем отопления, вентиляции и кондиционирования воздуха, включая противодымную вентиляцию для новых и реконструируемых зданий. Документ содержит изменения №1-3, утвержденные приказами МЧС России и введен в действие с 2013 года.",Свод правил,"СП 7.13130.2013 Отопление, вентиляция и кондиционирование. Требования пожарной безопасности (изм. 1-3).pdf","СП 7.13130.2013 Отопление, вентиляция и кондиционирование. Требования пожарной безопасности (с Изменениями № 1-3)","['требования пожарной безопасности', 'системы отопления', 'системы вентиляции', 'системы кондиционирования', 'противодымная вентиляция', 'нормативные ссылки']","['отопление', 'вентиляция', 'кондиционирование', 'пожарная безопасность', 'противодымная вентиляция', 'монтаж', 'проектирование']",русский,436,7.13130.2013,5,93.5,2.4,Изм.1-3,"СП 7.13130.2013 Отопление, вентиляция и кондиционирование. Требования пожарной безопасности (изм. 1-3).pdf",Действующий,42
Несущие и ограждающие конструкции,Конструкции,2013-01-01,2025-08-26T03:50:23.690577+00:00,"Актуализированная редакция свода правил по несущим и ограждающим конструкциям, пересмотр СНиП 3.03.01-87. Содержит требования к монтажу, испытаниям и контролю конструкций, включая стальные и специальные соединения.",Свод правил,"СП 70.13330.2012_Несущие и ограждающие конструкции (с изменениями 1, 3, 4, 5, 6, 7).pdf",СП 70.13330.2012 Несущие и ограждающие конструкции Актуализированная редакция СНиП 3.03.01-87,"['монтаж стальных конструкций', 'монтажные соединения', 'испытание конструкций', 'контроль качества', 'строительные нормы и правила']","['несущие конструкции', 'ограждающие конструкции', 'монтаж', 'испытания', 'строительство', 'СНиП 3.03.01-87']",русский,228,70.13330.2012,5,94.1,4.9,Актуализированная редакция,"СП 70.13330.2012_Несущие и ограждающие конструкции (с изменениями 1, 3, 4, 5, 6, 7).pdf",Действующий,293
"Устанавливает правила производства и приемки изоляционных и отделочных работ при устройстве изоляционных слоев крыш, изоляционных покрытий оборудования и трубопроводов, внутренних помещений зданий и сооружений, включая защитные покрытия и покрытия полов.",Строительство,2021-12-17,2025-08-26T03:50:28.200033+00:00,"Данный свод правил актуализирует СНиП 3.04.01-87 и устанавливает нормы и требования к изоляционным и отделочным покрытиям в строительстве. Включает правила производства и приемки соответствующих работ, ссылки на нормативные документы, и учитывает изменения, утвержденные Приказами Минстроя России в 2018 и 2021 годах.",Свод правил,"СП 71.13330.2017_Изоляционные и отделочные покрытия (с изменениями 1, 2).pdf",Свод правил Изоляционные и отделочные покрытия (актуализированная редакция СНиП 3.04.01-87),"['изоляционные покрытия', 'отделочные покрытия', 'строительные нормы и правила', 'техническое регулирование', 'строительство']","['изоляционные покрытия', 'отделочные покрытия', 'строительство', 'нормативные ссылки', 'производство работ', 'приемка работ', 'СНиП 3.04.01-87']",русский,235,71.13330.2017,5,92.5,0.0,Изменения N 2,"СП 71.13330.2017_Изоляционные и отделочные покрытия (с изменениями 1, 2).pdf",Действующий,111
"Монтаж внутренних систем холодного и горячего водоснабжения, отопления, канализации, водостоков, вентиляции, кондиционирования воздуха, тепло- и холодоснабжения; обвязка трубопроводов котлов и газоходов котельных общей мощностью до 360 кВт",Внутренние санитарно-технические системы,2024-01-06,2025-08-26T03:50:33.833139+00:00,"Свод правил распространяется на монтаж и изготовление внутренних санитарно-технических систем зданий, включая водоснабжение, отопление, канализацию, вентиляцию и кондиционирование, а также трубопроводов котлов и газоходов малой мощности. Документ включает изменения, утвержденные в 2018 и 2023 годах.",Свод правил,"СП 73.13330.2016 Внутренние санитарно-технические системы (с изм №1,2) (с изм. на 05.12.2023).pdf","СП 73.13330.2016 Внутренние санитарно-технические системы зданий (с Изменениями N 1, 2)","['монтаж систем', 'внутренние инженерные сети', 'требования безопасности', 'нормативные документы в строительстве']","['внутренние санитарно-технические системы', 'водоснабжение', 'отопление', 'канализация', 'вентиляция', 'кондиционирование', 'теплоснабжение', 'холодоснабжение']",Русский,382,73.13330.2016,5,90.1,9.8,"Изменения N 1, 2","СП 73.13330.2016 Внутренние санитарно-технические системы (с изм №1,2) (с изм. на 05.12.2023).pdf",Действующий,53
"Строительство новых, расширение и реконструкция действующих тепловых сетей, транспортирующих горячую воду и пар",Тепловые сети,1986-07-01,2025-08-26T03:50:38.895651+00:00,"Документ устанавливает требования и нормы для строительства, расширения и реконструкции тепловых сетей, используемых для транспортировки горячей воды и пара. Рассматриваются земляные работы, монтаж трубопроводов и эксплуатационные требования в соответствии с нормативами СССР.",Свод правил,СП 74.13330.2011 Тепловые сети.pdf,Строительные нормы и правила Тепловые сети СНиП 3.05.03-85,"['нормы строительства тепловых сетей', 'требования к материалам и монтажу', 'эксплуатация тепловых сетей']","['тепловые сети', 'горячая вода', 'пар', 'строительство', 'реконструкция', 'монтаж трубопроводов', 'земляные работы']",русский,388,3.05.03-85,5,95.4,0.0,Введен впервые,СП 74.13330.2011 Тепловые сети.pdf,Не действующий,29
"Монтаж технологического оборудования и технологических трубопроводов, предназначенных для получения, переработки и транспортирования продуктов при абсолютном давлении от 0,001 МПа до 100 МПа, а также трубопроводов для подачи теплоносителей и смазочных веществ.",Технологическое оборудование,1985-01-01,2025-08-26T03:50:43.499927+00:00,"Данный свод правил регламентирует требования к производству и приемке работ по монтажу технологического оборудования и технологических трубопроводов на объектах строительства и реконструкции предприятий. Правила охватывают нормы организации строительства, методы монтажа, технические требования к узлам и монтажным блокам, а также контроль качества сварных соединений в соответствии с нормами Госгортехнадзора СССР.",Свод правил,СП 75.13330.2011 Технологическое оборудование и технологические трубопроводы.pdf,СНиП 3.05.05-84 Технологическое оборудование и технологические трубопроводы,"['монтаж оборудования', 'технологические трубопроводы', 'технические требования', 'стройка', 'контроль качества сварки']","['монтаж', 'технологическое оборудование', 'трубопроводы', 'строительные нормы и правила', 'сварка', 'контроль качества', 'Госгортехнадзор']",русский,385,3.05.05-84,5,88.6,1.0,Введен впервые,СП 75.13330.2011 Технологическое оборудование и технологические трубопроводы.pdf,Действующий,23
"Производство работ при строительстве, реконструкции и капитальном ремонте предприятий по монтажу и наладке электротехнических устройств, включая электрические подстанции, распределительные пункты, воздушные и кабельные линии электропередачи до 220 кВ, релейную защиту, силовое электрооборудование, внутреннее и наружное освещение, заземляющие устройства.",Электротехнические устройства,2017-06-17,2025-08-26T03:50:49.201271+00:00,"Документ устанавливает требования к производству электромонтажных и пусконаладочных работ на предприятиях при новом строительстве, реконструкции и капитальном ремонте действующих предприятий. Актуализированная редакция СНиП 3.05.06-85, введена в действие с 17 июня 2017 года. Правила не распространяются на специфические объекты, такие как метрополитен, шахты, рудники и атомные объекты.",Свод правил,СП 76.13330.2016 Электротехнические устройства..pdf,СП 76.13330.2016 Электротехнические устройства. Актуализированная редакция СНиП 3.05.06-85,"['технический регламент', 'энергосбережение', 'пожарная безопасность', 'производство работ', 'монтаж и наладка', 'строительство предприятий']","['электротехнические устройства', 'монтаж', 'наладка', 'электропередачи', 'релейная защита', 'электрооборудование', 'освещение', 'заземляющие устройства']",русский,262,76.13330.2016,5,95.9,1.2,Актуализированная редакция,СП 76.13330.2016 Электротехнические устройства..pdf,Действующий,87
Строительство,Системы автоматизации,2017-04-21,2025-08-26T03:50:53.399994+00:00,"Документ регламентирует требования и порядок подготовки, производства монтажных работ и испытаний в системах автоматизации в строительстве. Является актуализированной редакцией СНиП 3.05.07—85 и содержит нормативные ссылки, определения, требования к монтажу и испытаниям.",Свод правил,СП 77.13330.2016_Системы автоматизации.pdf,Свод правил СП 77.13330.2016 Системы автоматизации,"['подготовка к монтажу', 'приемка документации', 'монтаж конструкций', 'трубные проводки', 'электропроводки']","['системы автоматизации', 'монтаж', 'производство монтажных работ', 'испытания трубных проводок', 'строительство']",русский,285,77.13330.2016,5,92.2,0.0,Актуализированная редакция СНиП 3.05.07—85,СП 77.13330.2016_Системы автоматизации.pdf,Действующий,77
"Правила производства и контроля качества работ для вновь строящихся, реконструируемых и капитально ремонтируемых автомобильных дорог общего пользования и ведомственных автомобильных дорог",Автомобильные дороги,2023-12-28,2025-08-26T03:50:57.291575+00:00,"Настоящий свод правил устанавливает правила производства и контроля качества работ на автомобильных дорогах общего пользования и ведомственных автомобильных дорог. Документ включает в себя обновленную редакцию СНиП 3.06.03-85 и учитывает изменения, утвержденные по состоянию на 28.12.2023.",Свод правил,"СП 78.13330.2012_Автомобильные дороги (с изменениями 1, 2, 3).pdf",Свод правил Автомобильные дороги Актуализированная редакция СНиП 3.06.03-85,"['строительство автомобильных дорог', 'нормативные требования', 'технические регламенты', 'изменения и обновления']","['автомобильные дороги', 'производство работ', 'контроль качества', 'реконструкция', 'капитальный ремонт', 'СНиП 3.06.03-85', 'техническое регулирование']",русский,320,78.13330.2012,5,93.2,4.3,Изменения N 3,"СП 78.13330.2012_Автомобильные дороги (с изменениями 1, 2, 3).pdf",Действующий,109
"Обследования, статические и динамические испытания и обкатка мостовых сооружений и труб под насыпями, расположенных на железных дорогах, линиях метрополитена и трамвая, автомобильных дорогах, улицах и дорогах городов и населенных пунктов, а также под особые виды нагрузок.",Мосты и трубы,2019-11-22,2025-08-26T03:51:03.505582+00:00,"Настоящий свод правил устанавливает нормы и правила проведения обследований и испытаний мостовых сооружений и труб под насыпями после строительства, реконструкции или капитального ремонта. Цель документа - повышение безопасности людей и сохранности материальных ценностей, гармонизация нормативных требований с европейскими и международными стандартами, а также применение единых методов определения эксплуатационных характеристик и оценки.",Свод правил,"СП 79.13330.2012 Мосты и трубы. Правила обследований и испытаний (с изменнеиями 1, 2, 3, 4, 5).pdf",Свод правил МОСТЫ И ТРУБЫ. Правила обследований и испытаний. Актуализированная редакция СНиП 3.06.07-86,"['обследования мостов', 'испытания мостовых сооружений', 'статические испытания', 'динамические испытания', 'обкатка мостов', 'нормативное регулирование']","['мосты', 'трубы', 'обследования', 'испытания', 'строительство', 'реконструкция', 'капитальный ремонт', 'безопасность']",Русский,331,79.13330.2012,5,92.9,2.8,"Изменения N 2, утв. Приказом Минстроя России от 22.11.2019 N 720/пр","СП 79.13330.2012 Мосты и трубы. Правила обследований и испытаний (с изменнеиями 1, 2, 3, 4, 5).pdf",Действующий,64
"Устанавливает требования пожарной безопасности к наружному противопожарному водоснабжению зданий, сооружений, территорий организаций, производственных объектов (в том числе промышленных и сельскохозяйственных предприятий) и населенных пунктов. Применяется при проектировании, строительстве, реконструкции и капитальном ремонте систем наружного противопожарного водоснабжения, водопроводных сетей, искусственных водоемов и пожарных резервуаров, использовании водных объектов для противопожарных нужд.",Пожарная безопасность,2024-03-01,2025-08-26T03:51:10.173692+00:00,"Данный свод правил регламентирует нормы расхода воды, расчетное количество одновременных пожаров, требования к свободным напорам в наружной водопроводной сети, размещению пожарных гидрантов, а также требования к пожарным резервуарам и пожарным водоемам для систем наружного противопожарного водоснабжения с учетом изменений, введенных 1 марта 2024 года.",Свод правил,СП 8.13130.2020 Системы противопожарной защиты. Наружное противопожарное водоснабжение. Требования пожарной безопасности.pdf,СП 8.13130.2020 Системы противопожарной защиты. Наружное противопожарное водоснабжение. Требования пожарной безопасности (с Изменением N 1),"['нормы расхода воды', 'расчетное количество пожаров', 'свободные напоры', 'размещение пожарных гидрантов', 'проектирование систем водоснабжения']","['наружное противопожарное водоснабжение', 'требования пожарной безопасности', 'расход воды', 'одновременные пожары', 'пожарные резервуары', 'пожарные водоемы', 'проектирование', 'водопроводные сети']",Русский,313,8.13130.2020,5,96.7,0.8,Изменение N 1,СП 8.13130.2020 Системы противопожарной защиты. Наружное противопожарное водоснабжение. Требования пожарной безопасности.pdf,Действующий,23
"Производство работ по строительству новых, реконструкции и расширению действующих речных гидротехнических сооружений: плотин бетонных, железобетонных и из грунтовых материалов, гидроэлектростанций, насосных станций, подпорных стен, судоходных шлюзов, рыбопропускных и рыбозащитных сооружений, а также сооружений по защите от наводнений, селей и оврагообразования",Строительство,2021-12-22,2025-08-26T03:51:16.816483+00:00,"Свод правил определяет требования и нормы для проектирования, строительства и реконструкции речных гидротехнических сооружений. Документ является актуализированной редакцией СНиП 3.07.01-85 и включает сведения о нормативных ссылках и изменениях, утвержденных Минстроем России.",Свод правил,СП 80.13330.2016_Гидротехнические сооружения речные (с изменением 1).pdf,Свод правил Гидротехнические сооружения речные. Актуализированная редакция СНиП 3.07.01-85,"['строительство речных гидротехнических сооружений', 'нормативные требования', 'процессы реконструкции и расширения сооружений']","['гидротехнические сооружения', 'речные гидротехнические сооружения', 'строительство', 'реконструкция', 'плотины', 'гидроэлектростанции', 'насосные станции', 'судоходные шлюзы', 'рыбопропускные сооружения', 'защита от наводнений']",русский,259,80.13330.2016,5,96.2,0.0,Изменение N 1,СП 80.13330.2016_Гидротехнические сооружения речные (с изменением 1).pdf,Действующий,109
,Мелиоративные системы и сооружения,2023-12-14,2025-08-26T03:51:21.282298+00:00,"Данный свод правил устанавливает общие требования к строительству новых и реконструкции действующих мелиоративных систем и сооружений. Актуализирован в редакции с изменением N 1 от 14 декабря 2023 года. Содержит нормативные ссылки на стандарты и законы, регулирующие безопасность, охрану окружающей среды и методы испытаний грунтов.",Свод правил,СП 81.13330.2017_Мелиоративные системы и сооружения (с изменением 1).pdf,Свод правил СП 81.13330.2017 Мелиоративные системы и сооружения,"['строительство мелиоративных систем', 'технические регламенты', 'стандарты по охране окружающей среды', 'методы определения характеристик грунтов']","['мелиоративные системы', 'строительство', 'реконструкция', 'технический регламент', 'защита от коррозии', 'охрана окружающей среды', 'рекультивация', 'лабораторные методы', 'полевые испытания']",русский,224,81.13330.2017,5,94.3,0.4,Изменение N 1,СП 81.13330.2017_Мелиоративные системы и сооружения (с изменением 1).pdf,Действующий,69
"Нормативные требования к благоустройству территорий, включая расчистку, проезды, ограды, площадки, озеленение и мероприятия на территориях историко-культурного назначения",Благоустройство территорий,2017-06-17,2025-08-26T03:51:27.369904+00:00,"Данный свод правил регулирует требования и нормы по благоустройству территорий с целью повышения безопасности людей, сохранности материальных ценностей, энергоэффективности и гармонизации с европейскими нормативами. Включает технические требования к расчистке, проездам, оградам, озеленению и другим аспектам благоустройства.",Свод правил,"СП 82.13330.2016_Благоустройство территорий (с изменениями 1, 2, 3).pdf",Свод правил СП 82.13330.2016 Благоустройство территорий,"['технические требования к благоустройству', 'энергосбережение и энергетическая эффективность', 'нормативные ссылки и определения', 'историко-культурные территории']","['благоустройство территорий', 'энергосбережение', 'энергетическая эффективность', 'расчистка территорий', 'проезды', 'пешеходные дорожки', 'озеленение', 'спортивные сооружения', 'историко-культурное назначение']",Русский,325,82.13330.2016,5,97.5,4.5,Актуализированная редакция,"СП 82.13330.2016_Благоустройство территорий (с изменениями 1, 2, 3).pdf",Действующий,28
"Новые и реконструируемые трамвайные пути с шириной рельсовой колеи 1524 мм, 1435 мм и 1000 мм. Обычные, скоростные, грузовые и служебные пути, а также пути на территории депо и ремонтных мастерских.",Транспорт,2020-12-09,2025-08-26T03:51:31.372534+00:00,"Данный свод правил устанавливает требования к строительству и реконструкции трамвайных путей с учетом обязательных федеральных законов и технических регламентов. Включает нормы для различных типов трамвайных путей и содержит актуализации и изменения, утвержденные Министерством строительства и жилищно-коммунального хозяйства Российской Федерации.",Свод правил,"СП 84.13330.2016_Трамвайные пути. Актуализированная редакция СНиП III-39-76 (с изменениями 1, 2).pdf",Свод правил Трамвайные пути,"['нормативные требования', 'строительство трамвайных путей', 'реконструкция', 'безопасность', 'энергосбережение', 'технические нормы']","['трамвайные пути', 'строительство', 'реконструкция', 'шрифтовая колея', 'технические регламенты', 'Минстрой России', 'Росстандарт']",Русский,303,84.13330.2016,5,96.6,4.0,Изменения N 2,"СП 84.13330.2016_Трамвайные пути. Актуализированная редакция СНиП III-39-76 (с изменениями 1, 2).pdf",Действующий,46
"Все виды строительных и монтажных работ при сооружении, капитальном ремонте и реконструкции контактной сети электрифицированного транспорта",Строительство,2017-06-17,2025-08-26T03:51:35.900339+00:00,"Настоящий свод правил устанавливает требования к производству строительно-монтажных работ при строительстве, реконструкции, техническом перевооружении и обновлении контактной сети электрифицированного транспорта. Включает нормативные ссылки и учитывает обязательные требования федеральных законов о техническом регулировании и безопасности зданий.",Свод правил,СП 85.13330.2016_Контактные сети электрифицированного транспорта.pdf,Свод правил Контактные сети электрифицированного транспорта Актуализированная редакция СНиП III-41-76,"['требования к строительству и монтажу', 'техника безопасности', 'нормативные документы', 'контактная сеть']","['контактные сети', 'электрифицированный транспорт', 'строительно-монтажные работы', 'реконструкция', 'капитальный ремонт', 'нормативные ссылки', 'техническое регулирование']",Русский,255,85.13330.2016,5,94.6,0.0,Актуализированная редакция,СП 85.13330.2016_Контактные сети электрифицированного транспорта.pdf,,54
"Строительство новых и реконструкция действующих магистральных трубопроводов номинальным диаметром до DN 1400 с избыточным давлением от 1,2 до 10,0 МПа для транспортирования нефти, нефтепродуктов и газов",Строительство,2022-05-15,2025-08-26T03:51:40.371279+00:00,Свод правил определяет требования к строительству и реконструкции магистральных трубопроводов для транспортирования жидких и газообразных углеводородов. Включает требования безопасности в соответствии с федеральными законами и техническими регламентами ЕАЭС.,Свод правил,СП 86.13330.2022_Магистральные трубопроводы (с изменением 1).pdf,Свод Правил Магистральные Трубопроводы СП 86.13330.2022,"['требования безопасности', 'строительство трубопроводов', 'технические регламенты', 'транспортирование углеводородов']","['магистральные трубопроводы', 'строительство', 'реконструкция', 'транспортирование нефти', 'транспортирование газа', 'технический регламент', 'безопасность']",русский,276,86.13330.2022,5,90.5,0.0,Пересмотр СП 86.13330.2014,СП 86.13330.2022_Магистральные трубопроводы (с изменением 1).pdf,Действующий,256
"Проектирование, обследование, капитальный ремонт и реконструкция защитных сооружений гражданской обороны, включая заглубленные помещения и сооружения подземного пространства",Защитные сооружения гражданской обороны,2023-01-22,2025-08-26T03:51:48.264639+00:00,"Данный свод правил устанавливает требования к расчету, объемно-планировочным и конструктивным решениям, санитарно-техническим системам, электротехническим устройствам, связи и противопожарным требованиям для защитных сооружений гражданской обороны и заглубленных помещений. Также включает требования к обследованию технического состояния и охватывает сооружения метрополитена в части приспособления под защитные сооружения и заглубленные помещения.",Свод правил,СП 88.13330.2022_Защитные сооружения гражданской обороны.pdf,Свод правил Защитные сооружения гражданской обороны СП 88.13330.2022,"['требования к проектированию', 'техническое обследование', 'капитальный ремонт', 'реконструкция', 'системы безопасности']","['защитные сооружения гражданской обороны', 'расчет', 'объемно-планировочные решения', 'конструктивные решения', 'санитарно-технические системы', 'электротехнические устройства', 'противопожарные требования', 'обследование технического состояния', 'приспособление заглубленных помещений', 'метрополитен']",русский,315,88.13330.2022,5,88.5,0.4,Пересмотр СП 88.13330.2014,СП 88.13330.2022_Защитные сооружения гражданской обороны.pdf,Действующий,209
"Проектирование, строительство, реконструкция, капитальный ремонт, расширение и техническое перевооружение котельных, обеспечение их безопасного содержания и эксплуатационных характеристик",Отопление,2021-12-15,2025-08-26T03:51:54.541704+00:00,"Настоящий свод правил устанавливает требования к проектированию, строительству, реконструкции, капитальному ремонту, расширению и техническому перевооружению котельных, а также требования к их безопасному содержанию и эксплуатации. Документ обеспечивает выполнение требований федеральных законов о безопасности зданий, энергосбережении, пожарной безопасности и промышленной безопасности. Включает приоритеты по обеспечению безопасности, применению современных технологий, энергосбережению и экологическим показателям.",Свод правил,СП 89.13330.2016_Котельные установки (с изменением 1).pdf,Свод правил Котельные установки Актуализированная редакция СНиП II-35-76,"['требования к котельным установкам', 'безопасность эксплуатации', 'энергосбережение и энергоэффективность', 'регламентация промышленной безопасности']","['котельные установки', 'проектирование', 'строительство', 'реконструкция', 'капитальный ремонт', 'техническое перевооружение', 'безопасное содержание', 'эксплуатационные характеристики', 'энергосбережение', 'энергоэффективность']",русский,277,89.13330.2016,5,93.4,15.1,Изменение N 1,СП 89.13330.2016_Котельные установки (с изменением 1).pdf,Действующий,154
"Требования к выбору, размещению, техническому обслуживанию и перезарядке переносных и передвижных огнетушителей, источникам давления в огнетушителях, зарядам к воздушно-пенным и воздушно-эмульсионным огнетушителям",Пожарная безопасность,2009-05-01,2025-08-26T03:52:00.044178+00:00,"Свод правил устанавливает нормативные требования к эксплуатации огнетушителей, включая выбор, размещение, техническое обслуживание и перезарядку. Документ регламентирует параметры работы переносных и передвижных огнетушителей и применим при разработке технических условий на проектирование и строительство зданий.",Свод правил,СП 9.13130.2009 Техника пожарная. Огнетушители. Требования к эксплуатации.pdf,Свод правил Техника пожарная Огнетушители Требования к эксплуатации,"['выбор огнетушителей', 'размещение огнетушителей', 'обслуживание огнетушителей', 'перезарядка огнетушителей']","['огнетушители', 'требования к эксплуатации', 'пожарная безопасность', 'переносные огнетушители', 'передвижные огнетушители', 'техническое обслуживание', 'перезарядка']",Русский,180,9.13130.2009,5,89.9,34.2,Введен впервые,СП 9.13130.2009 Техника пожарная. Огнетушители. Требования к эксплуатации.pdf,Действующий,48
Проектирование и реконструкция тепловых электростанций на органических видах топлива с паротурбинными и газотурбинными агрегатами мощностью более 1 МВт,Энергетика,2015-12-30,2025-08-26T03:52:08.186418+00:00,"Настоящий свод правил устанавливает нормы и правила проектирования и реконструкции тепловых электростанций (ТЭС) на органических видах топлива, а также учитывает требования технических регламентов по безопасности зданий, пожарной безопасности и энергосбережению. Документ является актуализированной редакцией СНиП II-58-75, утвержден Приказом Министерства регионального развития от 30 июня 2012 года и содержит изменения, утв. Приказом Минстроя от 30.12.2015.",Свод правил,СП 90.13330.2012_Электростанции тепловые (с изменением 1).pdf,Свод правил Электростанции тепловые Актуализированная редакция СНиП II-58-75,"['нормы проектирования', 'реконструкция ТЭС', 'энергетическая эффективность', 'технические регламенты', 'безопасность зданий']","['тепловые электростанции', 'проектирование', 'реконструкция', 'органические виды топлива', 'паротурбинные агрегаты', 'газотурбинные агрегаты', 'техническое регулирование', 'энергосбережение', 'пожарная безопасность']",Русский,322,90.13330.2012,5,87.4,3.0,Изменение N 1,СП 90.13330.2012_Электростанции тепловые (с изменением 1).pdf,Действующий,121
"Проектирование подземных горных выработок на новых, реконструируемых и расширяемых действующих предприятиях по добыче полезных ископаемых",Подземные горные выработки,2021-12-17,2025-08-26T03:52:15.070576+00:00,Свод правил СП 91.13330.2012 представляет актуализированную редакцию СНиП II-94-80 и распространяется на проектирование подземных горных выработок в горнодобывающей промышленности. Документ утвержден Министерством регионального развития Российской Федерации и обновлен в 2021 году с целью обеспечения нормативного регулирования проектирования подземных горных выработок.,Свод правил,СП 91.13330.2012 Подземные горные выработки.pdf,Свод правил Подземные горные выработки Актуализированная редакция СНиП II-94-80 Underground Mine Workings СП 91.13330.2012,"['нормативное регулирование', 'проектирование', 'горные работы', 'безопасность']","['подземные горные выработки', 'проектирование горных выработок', 'свод правил', 'горнодобывающая промышленность']",русский,304,91.13330.2012,5,92.9,0.0,Изменение N 1,СП 91.13330.2012 Подземные горные выработки.pdf,Действующий,93
Бетонные и железобетонные конструкции из плотного силикатного бетона,Строительство,2023-12-04,2025-08-26T03:52:20.561403+00:00,"Данный свод правил регламентирует требования к бетонным и железобетонным конструкциям из плотного силикатного бетона, обновляет СНиП 2.03.02-86 с учётом изменений, утверждённых приказом Минстроя России от 4 декабря 2023 года.",Свод правил,СП 95.13330.2016_Бетонные и железобетонные конструкции из плотного силикатного бетона (с изменением 1).pdf,Свод правил Бетонные и железобетонные конструкции из плотного силикатного бетона Актуализированная редакция СНиП 2.03.02-86,"['технический регламент', 'строительные нормы и правила', 'бетонные и железобетонные конструкции', 'обновление нормативов']","['бетонные конструкции', 'железобетонные конструкции', 'плотный силикатный бетон', 'техническое регулирование', 'строительство', 'нормативы']",русский,247,95.13330.2016,5,87.2,1.2,Изменение N 1,СП 95.13330.2016_Бетонные и железобетонные конструкции из плотного силикатного бетона (с изменением 1).pdf,Действующий,76
Армоцементные конструкции,Архитектура,2017-06-17,2025-08-26T03:52:24.726621+00:00,"Свод правил содержит нормативные и технические требования к армоцементным конструкциям, включая материалы, расчет, проектирование и конструктивные требования. Документ утвержден в 2016 году и введен в действие в 2017 году.",Свод правил,СП 96.13330.2016_Армоцементные конструкции.pdf,СП 96.13330.2016 Армоцементные конструкции,"['общие требования', 'материалы', 'расчет по предельным состояниям', 'конструктивные требования']","['армоцементные конструкции', 'расчет', 'материалы', 'проектирование', 'конструктивные требования']",русский,347,96.13330.2016,5,88.8,1.2,Пересмотр СП 96.13330.2011,СП 96.13330.2016_Армоцементные конструкции.pdf,Действующий,42
Асбестоцементные конструкции,Строительство,2017-05-19,2025-08-26T03:52:29.816511+00:00,"Данный свод правил содержит обновленную редакцию СНиП 2.03.09—85, касающуюся асбестоцементных конструкций. В документе изложены общие требования, материалы, расчеты элементов конструкций по предельным состояниям, а также конструктивные требования и приложения с техническими характеристиками.",Свод правил,СП 97.13330.2016_Асбестоцементные конструкции.pdf,СП 97.13330.2016 Асбестоцементные конструкции Актуализированная редакция СНиП 2.03.09—85,"['общие требования', 'материалы', 'расчет элементов', 'соединения', 'конструктивные требования']","['асбестоцементные конструкции', 'расчет конструкций', 'материалы', 'конструктивные требования', 'СНиП']",Русский,199,97.13330.2016,5,93.8,0.9,Актуализированная редакция,СП 97.13330.2016_Асбестоцементные конструкции.pdf,Действующий,32
"Проектирование вновь строящихся и реконструируемых транспортных сооружений, капитальный ремонт верхнего строения трамвайного пути, расположенных в населенных пунктах, включая трамвайные линии с шириной колеи 1524, 1435 и 1000 мм и троллейбусные линии.",Транспортные сооружения,2024-12-02,2025-08-26T03:52:34.764880+00:00,"Свод правил определяет требования и нормы проектирования и капитального ремонта трамвайных и троллейбусных линий, предназначенных для городского транспорта. Включает основные положения для различных типов рельсовых колей и учитывает нагрузки на ось в соответствии с ГОСТ 34809-2021. Документ содержит несколько изменений, утвержденных приказами Минстроя России.",Свод правил,"СП 98.13330.2018_Трамвайные и троллейбусные линии (с изменениями 1, 2, 3).pdf",Свод правил Трамвайные и троллейбусные линии СП 98.13330.2018,"['трамвайные линии', 'троллейбусные линии', 'проектирование транспортных сооружений', 'капитальный ремонт', 'технические нормативы']","['трамвайные линии', 'троллейбусные линии', 'проектирование', 'капитальный ремонт', 'ширина колеи', 'ГОСТ 34809-2021', 'Минстрой России']",русский,404,98.13330.2018,5,89.1,1.0,Изменение N 3,"СП 98.13330.2018_Трамвайные и троллейбусные линии (с изменениями 1, 2, 3).pdf",Действующий,145
"Проектирование строительство и реконструкция станционных зданий сооружений и устройств на железнодорожном транспорте""",Железнодорожный транспорт,2014-01-01,2025-08-26T04:10:18.071300+00:00,"Свод правил распространяется на проектирование, строительство и реконструкцию станционных зданий, сооружений и устройств для эксплуатации на железнодорожном транспорте с ограничениями по скорости движения пассажирских и грузовых поездов. Определяет область применения и исключения для объектов, не связанных непосредственно с реконструкцией, а также условия для специализированных железнодорожных линий.",Свод правил,"СП 225.1326000.2014_Станционные здания, сооружения и устройства.pdf","Свод правил Станционные здания, сооружения и устройства","['проектирование', 'строительство', 'реконструкция', 'железнодорожный транспорт']","['станционные здания', 'сооружения', 'устройства', 'железнодорожный транспорт', 'проектирование', 'строительство', 'реконструкция', 'скорость движения поездов']",Русский,466,225.1326000.2014,5,87.0,3.2,,"СП 225.1326000.2014_Станционные здания, сооружения и устройства.pdf",Действующий,133
"Правила проектирования, строительства и реконструкции объектов функциональной подсистемы железнодорожного электроснабжения, предназначенных для электроснабжения нетяговых потребителей электроэнергии железной дороги, включая линии электропередачи напряжением до 35 кВ и трансформаторные подстанции с высшим (первичным) напряжением до 220 кВ",Электроснабжение,2014-12-02,2025-08-26T04:10:27.602328+00:00,"Данный свод правил устанавливает нормы и требования для проектирования, строительства и реконструкции объектов железнодорожного электроснабжения, обслуживающих нетяговых потребителей электроэнергии. В документе определены области применения, нормативные ссылки и основные принципы электроснабжения в указанной сфере.",Свод правил,"СП 226.1326000.2014_Электроснабжение нетяговых потребителей Правила проектирования, строительства и реконструкции.pdf","Свод правил СП 226 Л326000.2014 Электроснабжение нетяговых потребителей Правила проектирования, строительства и реконструкции","['Проектирование', 'Строительство', 'Реконструкция', 'Электроснабжение железных дорог']","['электроснабжение', 'нетяговые потребители', 'железнодорожное электроснабжение', 'проектирование', 'строительство', 'реконструкция', 'линии электропередачи', 'трансформаторные подстанции']",русский,296,226.1326000.2014,5,95.3,5.4,Введен впервые,"СП 226.1326000.2014_Электроснабжение нетяговых потребителей Правила проектирования, строительства и реконструкции.pdf",Действующий,83
Проектирование защиты от коррозии бетонных и железобетонных конструкций городских подземных сооружений и подземных инженерных коммуникаций,Железобетонные конструкции,2019-01-22,2025-08-26T04:10:33.890302+00:00,"Данный свод правил устанавливает требования по защите от коррозии бетонных и железобетонных конструкций подземных сооружений и коммуникаций, включая фундаменты, подземные части зданий, тоннели, пешеходные переходы и инженерные коммуникации. Документ разработан в соответствии с техническими регламентами и включает изменения, утвержденные Министерством строительства Российской Федерации.",Свод правил,"СП 229.1325800.2014_Железобетонные конструкции подземных сооружений и коммуникаций. Защита от коррозии (с изменениями 1, 2).pdf",Свод правил Железобетонные конструкции подземных сооружений и коммуникаций. Защита от коррозии,"['коррозия', 'бетон', 'подземные инженерные сооружения', 'проектирование', 'строительные нормы']","['железобетонные конструкции', 'подземные сооружения', 'коммуникации', 'защита от коррозии', 'строительство', 'технический регламент']",русский,384,229.1325800.2014,5,81.0,0.0,"Изменения N 2, утв. Приказом Минстроя России от 22.01.2019 N 26/пр","СП 229.1325800.2014_Железобетонные конструкции подземных сооружений и коммуникаций. Защита от коррозии (с изменениями 1, 2).pdf",Действующий,121
Автоматические установки водяного пожаротушения высотных стеллажных складов с одноярусным и многоярусным расположением оросителей,Пожарная безопасность,2015-09-01,2025-08-26T04:10:38.295292+00:00,"Свод правил устанавливает нормы и правила проектирования автоматических установок водяного пожаротушения для высотных стеллажных складов с различными расположениями оросителей, обеспечивая соблюдение требований пожарной безопасности для складских зданий класса функциональной пожарной опасности Ф5.2.",Свод правил,СП 241.1311500.2015_Системы противопожарной защиты. Установки водяного пожаротушения высотных стеллажных складов автоматические..pdf,СП 241.1311500.2015 Системы противопожарной защиты Установки водяного пожаротушения высотных стеллажных складов автоматические Нормы и правила проектирования,"['автоматические установки водяного пожаротушения', 'проектирование', 'пожарная безопасность', 'стеллажные склады']","['пожарная безопасность', 'автоматические установки водяного пожаротушения', 'высотные стеллажные склады', 'проектирование', 'нормы и правила']",русский,209,241.1311500.2015,5,94.0,0.0,Введен впервые,СП 241.1311500.2015_Системы противопожарной защиты. Установки водяного пожаротушения высотных стеллажных складов автоматические..pdf,Действующий,15
Проектирование и строительство автомобильных дорог с низкой интенсивностью движения,Инженерное проектирование,2015-12-01,2025-08-26T04:10:43.324849+00:00,"Свод правил устанавливает требования и технические условия для проектирования и строительства автомобильных дорог с низкой интенсивностью движения. Документ включает разделы по нормам, пересечениям, земляным полотнам, дорожным одеждам, искусственным сооружениям, безопасности движения и охране окружающей среды.",Свод правил,СП 243.1326000.2015_Проектирование и строительство автомобильных дорог с низкой интенсивностью движения.pdf,Проектирование и строительство автомобильных дорог с низкой интенсивностью движения,"['технические требования', 'земляное полотно', 'дорожные одежды', 'искусственные сооружения', 'пересечения и примыкания', 'безопасность дорожного движения', 'охрана окружающей среды']","['автомобильные дороги', 'низкая интенсивность движения', 'проектирование', 'строительство', 'технические требования', 'безопасность дорожного движения', 'охрана окружающей среды']",Русский,254,243.1326000.2015,5,94.0,16.4,Введен впервые,СП 243.1326000.2015_Проектирование и строительство автомобильных дорог с низкой интенсивностью движения.pdf,Действующий,116
Авторский надзор за строительством зданий и сооружений,Архитектура,2016-02-19,2025-08-26T04:10:46.263462+00:00,Данный свод правил устанавливает порядок и требования к проведению авторского надзора за строительством зданий и сооружений в Российской Федерации. Включает нормы и нормативные требования для обеспечения контролируемого соответствия строительства проектной документации.,Свод правил,"СП 246.1325800.2016_Положение об авторском надзоре при строительстве, реконструкции и капитальном ремонте ОКС.pdf",Положение об авторском надзоре за строительством зданий и сооружений,"['авторский надзор', 'строительство', 'нормы и требования']","['авторский надзор', 'строительство зданий', 'строительство сооружений', 'нормативный документ', 'Минстрой России']",Русский,308,246.1325800.2016,5,87.3,9.3,Введен впервые,"СП 246.1325800.2016_Положение об авторском надзоре при строительстве, реконструкции и капитальном ремонте ОКС.pdf",Действующий,42
Проектирование систем защиты подземных и заглубленных сооружений различного назначения от подземных вод,Здания и сооружения,2023-12-07,2025-08-26T04:10:50.644579+00:00,"Настоящий свод правил содержит основные положения по проектированию систем защиты подземных и заглубленных сооружений от подземных вод, учитывает требования технических регламентов и положения британского стандарта BS 8102:2009. Документ разработан и утвержден Министерством строительства и ЖКХ РФ и введен в действие с 1 сентября 2016 года. Изменение 1 внесено приказом Минстроя России от 07.12.2023.",Свод правил,СП 250.1325800.2016_Здания и сооружения. Защита от подземных вод (с изменением 1).pdf,Свод правил 250.1325800.2016 Здания и сооружения. Защита от подземных вод,"['проектирование систем защиты', 'технические регламенты', 'строительство', 'нормативные документы']","['подземные воды', 'защита', 'системы защиты', 'подземные сооружения', 'проектирование']",русский,285,250.1325800.2016,5,92.1,0.0,Изменение 1,СП 250.1325800.2016_Здания и сооружения. Защита от подземных вод (с изменением 1).pdf,Действующий,86
Проектирование зданий и комплексов общеобразовательных организаций в Российской Федерации,Архитектура,2023-12-28,2025-08-26T04:10:54.282486+00:00,"Свод правил устанавливает требования к размещению и организации сети зданий и комплексов общеобразовательных организаций, к участку территории, функциональным группам, составу и площадям помещений, объемно-планировочным решениям, освещению и инженерному оборудованию. Документ распространяется на проектирование новых и реконструируемых зданий общеобразовательных организаций всех форм собственности, кроме спальных корпусов интернатов.",Свод правил,СП 251.1325800.2016 Здания общеобразовательных организаций. Правила проектирования (с Изменениями N 1-5).pdf,Свод правил Здания общеобразовательных организаций Правила проектирования,"['требования к проектированию', 'планировочные решения', 'технический регламент', 'здания образовательных учреждений']","['общеобразовательные организации', 'проектирование зданий', 'архитектура', 'сеть зданий', 'инженерное оборудование', 'освещение']",русский,200,251.1325800.2016,5,92.4,2.7,Изменения 5,СП 251.1325800.2016 Здания общеобразовательных организаций. Правила проектирования (с Изменениями N 1-5).pdf,Действующий,90
Проектирование зданий дошкольных образовательных организаций,Архитектура,2023-01-29,2025-08-26T04:10:58.386009+00:00,"Свод правил определяет требования к проектированию зданий дошкольных образовательных организаций с целью обеспечения удобства, безопасности и соответствия современным нормативным и техническим требованиям. В документ включены изменения, утвержденные Минстроем России, и он учитывает требования федерального законодательства в области безопасности зданий, энергоэффективности и санитарно-эпидемиологических норм.",Свод правил,"СП 252.1325800.2016 Здания дошкольных образовательных организаций. Правила проектирования (с Изменениями N 1, 2).pdf","СП 252.1325800.2016 Здания дошкольных образовательных организаций. Правила проектирования (с Изменениями N 1, 2)","['проектирование', 'безопасность', 'энергоэффективность', 'санитарно-эпидемиологические требования']","['здания дошкольных образовательных организаций', 'правила проектирования', 'безопасность', 'энергоэффективность', 'свод правил', 'технические регламенты', 'федеральные законы']",Русский,351,252.1325800.2016,5,93.0,6.7,"Изменения N 1, 2","СП 252.1325800.2016 Здания дошкольных образовательных организаций. Правила проектирования (с Изменениями N 1, 2).pdf",Действующий,44
Проектирование инженерных систем в высотных общественных зданиях выше 50 м и жилых зданиях выше 75 м,Инженерные системы,2022-01-20,2025-08-26T04:11:03.034444+00:00,"Настоящий свод правил устанавливает минимально необходимые требования к инженерным системам высотных зданий, включая пожарную безопасность, механическую безопасность и безопасные условия для проживания и пребывания в таких зданиях. Распространяется на проектирование систем в общественных зданиях высотой более 50 м и жилых зданиях высотой более 75 м. Включает положения, согласованные с нормативными актами по безопасности и противопожарной защите.",Свод правил,"СП 253.1325800.2016_Инженерные системы высотных зданий (c изменениями 1, 2, 3).pdf",Свод правил Инженерные системы высотных зданий,"['требования к инженерным системам', 'пожарная безопасность', 'проектирование и монтаж', 'эксплуатация высотных зданий']","['инженерные системы', 'высотные здания', 'проектирование', 'пожарная безопасность', 'безопасность', 'строительство']",русский,345,253.1325800.2016,5,87.5,0.0,Изменение N 1,"СП 253.1325800.2016_Инженерные системы высотных зданий (c изменениями 1, 2, 3).pdf",Действующий,139
"Эксплуатационные требования к зданиям и сооружениям в условиях нормальной эксплуатации, за исключением особо опасных, технически сложных и линейных объектов, а также демонтажа и утилизации зданий (сооружений).",Здания и сооружения,2023-06-20,2025-08-26T04:11:08.063230+00:00,"Свод правил регулирует общие эксплуатационные требования к зданиям и сооружениям при нормальной эксплуатации, исключая особо опасные, технически сложные и линейные объекты, а также вопросы демонтажа и утилизации. Документ обновлен изменениями, утвержденными в 2019 и 2023 годах.",Свод правил,СП 255.1325800.2016 Здания и сооружения. Правила эксплуатации. Основные положения (с Изменениями N 1-3).pdf,СП 255.1325800.2016 Здания и сооружения. Правила эксплуатации. Основные положения,"['эксплуатационные требования', 'нормативные документы', 'изменения']","['здания', 'сооружения', 'эксплуатация', 'правила эксплуатации', 'нормальная эксплуатация', 'изменения']",русский,375,255.1325800.2016,5,94.1,0.0,Изм. 1-3,СП 255.1325800.2016 Здания и сооружения. Правила эксплуатации. Основные положения (с Изменениями N 1-3).pdf,Действующий,43
Жилые и общественные здания,Электроустановки,2017-03-02,2025-08-26T04:11:12.462295+00:00,"Настоящий свод правил устанавливает правила проектирования и монтажа электроустановок в жилых и общественных зданиях. Документ охватывает нормы освещения, электроснабжения, расчет электрических нагрузок, схемы электрических сетей и распределение силовых сетей.",Свод правил,"СП 256.1325800.2016_Электроустановки жилых и общественных зданий (с изменениями 1,  2,  3,  4,  5,  6,  7,  8).pdf",Свод правил СП 256.1325800.2016 Электроустановки жилых и общественных зданий. Правила проектирования и монтажа,"['правила проектирования', 'монтаж электроустановок', 'искусственное освещение', 'электроснабжение', 'расчет электрических нагрузок', 'схемы электрических сетей', 'силовые распределительные сети']","['электроустановки', 'жилые здания', 'общественные здания', 'проектирование', 'монтаж', 'искусственное освещение', 'электроснабжение', 'нагрузки', 'электрические сети', 'распределительные сети']",русский,316,256.1325800.2016,5,90.6,25.9,Введен впервые,"СП 256.1325800.2016_Электроустановки жилых и общественных зданий (с изменениями 1,  2,  3,  4,  5,  6,  7,  8).pdf",Действующий,84
Проектирование мостов в условиях плотной городской застройки,Проектирование мостов,2023-03-03,2025-08-26T04:11:16.053898+00:00,Данный свод правил подготовлен для повышения уровня безопасности людей в зданиях и сооружениях и сохранности материальных ценностей с учетом особенностей проектирования мостовых сооружений в условиях плотной городской застройки. Обеспечивает соблюдение требований технических регламентов о безопасности зданий и сооружений и пожарной безопасности.,Свод правил,"СП 259.1325800.2016_Мосты в условиях плотной городской застройки. Правила проектирования (с изменениями 1, 2).pdf",Свод правил МОСТЫ В условиях плотной городской застройки. Правила проектирования,"['проектирование мостов', 'технические регламенты безопасности', 'учет городской застройки']","['мосты', 'плотная городская застройка', 'правила проектирования', 'безопасность', 'технический регламент', 'пожарная безопасность', 'строительство']",Русский,228,259.1325800.2016,5,94.4,0.0,Изменения N 2 утв. Приказом Минстроя России от 03.03.2023 N 147/пр,"СП 259.1325800.2016_Мосты в условиях плотной городской застройки. Правила проектирования (с изменениями 1, 2).pdf",Действующий,27
Проектирование стальных тонкостенных конструкций из холодногнутых оцинкованных профилей и гофрированных листов,Конструкции,2023-12-28,2025-08-26T04:11:20.829536+00:00,"Приказ Министерства строительства и жилищно-коммунального хозяйства Российской Федерации от 28 декабря 2023 г. N 1015/пр утверждает и вводит в действие СП 260.1325800.2023, который устанавливает правила проектирования стальных тонкостенных конструкций из холодногнутых оцинкованных профилей и гофрированных листов. Документ заменяет СП 260.1325800.2016 и регламентирует процедуру публикации и регистрации свода правил.",Свод правил,СП 260.1325800.2023_Конструкции стальные тонкостенные из холодногнутых оцинкованных профилей и гофрированных листов..pdf,СП 260.1325800.2023 Конструкции стальные тонкостенные из холодногнутых оцинкованных профилей и гофрированных листов. Правила проектирования,"['Правила проектирования', 'Стальные конструкции', 'Холодногнутые профили', 'Гофрированные листы']","['СП 260.1325800.2023', 'Конструкции стальные тонкостенные', 'холодногнутые оцинкованные профили', 'гофрированные листы', 'Правила проектирования']",Русский,899,260.1325800.2023,2,33.3,0.0,Введен впервые,СП 260.1325800.2023_Конструкции стальные тонкостенные из холодногнутых оцинкованных профилей и гофрированных листов..pdf,Действующий,2
Правила проектирования конструкций из сталежелезобетона,Конструкции сталежелезобетонные,2023-06-27,2025-08-26T04:11:24.062367+00:00,"Данный свод правил устанавливает нормы и требования по проектированию конструкций из сталежелезобетона. Документ подготовлен научно-исследовательскими институтами и утвержден Минстроем России. Включает изменения, утвержденные в 2018, 2020 и 2023 годах.",Свод правил,"СП 266.1325800.2016_Конструкции сталежелезобетонные. Правила проектирования (с изменениями 1, 2, 3, 4).pdf",Свод правил Конструкции сталежелезобетонные Правила проектирования,"['проектирование конструкций', 'сталежелезобетон', 'строительные нормы', 'техническое регулирование']","['сталежелезобетонные конструкции', 'проектирование', 'строительство', 'нормы и требования']",русский,282,266.1325800.2016,5,83.7,2.3,Изм.3,"СП 266.1325800.2016_Конструкции сталежелезобетонные. Правила проектирования (с изменениями 1, 2, 3, 4).pdf",Действующий,184
Проектирование высотных зданий и комплексов,Архитектура,2020-12-30,2025-08-26T04:11:27.750572+00:00,"Данный свод правил устанавливает требования к проектированию высотных зданий и комплексов с учетом соответствующих СП, включая требования безопасности, энергосбережения и пожарной безопасности. Документ разработан и утвержден Министерством строительства и жилищно-коммунального хозяйства Российской Федерации.",Свод правил,"СП 267.1325800.2016_Здания и комплексы высотные. Правила проектирования (с изменением 1, 2).pdf",Свод правил Здания и комплексы высотные Правила проектирования,"['требования к проектированию', 'технические регламенты', 'энергетическая эффективность', 'пожарная безопасность']","['высотные здания', 'комплексы', 'проектирование', 'безопасность зданий', 'энергосбережение', 'пожарная безопасность']",русский,256,267.1325800.2016,5,93.7,1.6,"Изменения N 1, утв. Приказом Минстроя России от 30.12.2020 N 918/пр","СП 267.1325800.2016_Здания и комплексы высотные. Правила проектирования (с изменением 1, 2).pdf",Действующий,176
Проектирование транспортных сооружений в сейсмических районах,Транспортные сооружения,2017-06-17,2025-08-26T04:11:32.084315+00:00,"Свод правил устанавливает требования и правила проектирования транспортных сооружений, расположенных в сейсмических районах, включая трассирование дорог, земляное полотно, конструкции мостов и тоннелей, с учетом сейсмостойкости.",Свод правил,СП 268.1325800.2016_Транспортные сооружения в сейсмических районах. Правила проектирования.pdf,Свод правил СП 268.1325800.2016 Транспортные сооружения в сейсмических районах. Правила проектирования,"['трассирование дорог', 'земляное полотно', 'верхнее строение пути', 'конструкция мостов', 'расчеты на сейсмостойкость', 'транспортные тоннели', 'метрополитены']","['транспортные сооружения', 'сейсмические районы', 'проектирование', 'сейсмостойкость', 'мосты', 'тоннели']",Русский,308,268.1325800.2016,5,92.3,33.7,Введен впервые,СП 268.1325800.2016_Транспортные сооружения в сейсмических районах. Правила проектирования.pdf,Действующий,57
"Оценка состояния и повреждений дорог в сейсмических районах, особенно в удаленных и труднодоступных местах; порядок движения и ремонтно-восстановительные работы после землетрясений",Транспортные сооружения,2017-06-17,2025-08-26T04:11:37.993420+00:00,"Свод правил предназначен для оценки повреждений транспортных сооружений, в частности дорог, после разрушительных землетрясений в отдаленных и труднодоступных районах. Устанавливает правила оперативной оценки, изменения порядка движения и организации восстановительных работ на территориях, пострадавших от землетрясений.",Свод правил,СП 270.1325800.2016_Транспортные сооружения в сейсмических районах. Правила оценки повреждений дорог при землетрясениях.pdf,СП 270.1325800.2016 Транспортные сооружения в сейсмических районах. Правила оценки повреждений дорог при землетрясениях в отдаленных и труднодоступных районах,"['оценка повреждений', 'сейсмоопасность', 'транспортные дороги', 'эксплуатация дорог', 'безопасность']","['свод правил', 'транспортные сооружения', 'землетрясения', 'сейсмические районы', 'оценка повреждений', 'ремонтно-восстановительные работы', 'дорожное движение']",русский,270,270.1325800.2016,5,95.0,0.0,Введен впервые,СП 270.1325800.2016_Транспортные сооружения в сейсмических районах. Правила оценки повреждений дорог при землетрясениях.pdf,Действующий,20
"Проектирование систем шумоглушения воздушного отопления, вентиляции и кондиционирования воздуха",Вентиляция,2017-06-17,2025-08-26T04:11:42.774407+00:00,"Настоящий свод правил устанавливает требования и правила проектирования систем шумоглушения в воздушных системах отопления, вентиляции и кондиционирования воздуха. Документ утвержден Министерством строительства и жилищно-коммунального хозяйства Российской Федерации и введен в действие с 17 июня 2017 года.",Свод правил,"СП 271.1325800.2016_Системы шумоглушения воздушного отопления, вентиляции и кондиционирования воздуха.pdf","Свод правил 271.1325800.2016 Системы шумоглушения воздушного отопления, вентиляции и кондиционирования воздуха. Правила проектирования","['проектирование систем шумоглушения', 'воздушное отопление', 'вентиляция', 'кондиционирование']","['системы шумоглушения', 'воздушное отопление', 'вентиляция', 'кондиционирование воздуха', 'правила проектирования']",Русский,191,271.1325800.2016,5,94.8,35.4,Введен впервые,"СП 271.1325800.2016_Системы шумоглушения воздушного отопления, вентиляции и кондиционирования воздуха.pdf",Действующий,65
"Устанавливает требования к проведению обследований при оценке состояния сетей водоотведения и распространяется на перекладку, восстановление или ремонт трубопроводов систем водоотведения",Системы водоотведения,2020-12-23,2025-08-26T04:11:47.357576+00:00,Настоящий свод правил разработан для обеспечения единого подхода к классификации повреждений и унификации отчетности по результатам обследования систем городских и поселковых систем водоотведения. Документ регламентирует требования к обследованию и оценке состояния систем водоотведения для обеспечения безопасности жизнедеятельности человека.,Свод правил,СП 272.1325800.2016_Системы водоотведения городские и поселковые. Правила обследования (с изменением 1).pdf,Свод правил Системы водоотведения городские и поселковые. Правила обследования,"['требования к обследованию', 'оценка состояния систем водоотведения', 'классификация повреждений', 'отчетность обследования']","['свод правил', 'системы водоотведения', 'города', 'поселки', 'правила обследования', 'трубопроводы', 'оценка состояния', 'ремонт', 'перекладка', 'восстановление']",Русский,332,272.1325800.2016,5,74.2,1.3,Изменение N 1,СП 272.1325800.2016_Системы водоотведения городские и поселковые. Правила обследования (с изменением 1).pdf,Действующий,142
Проектирование и производство работ при восстановлении трубопроводов самотечных систем водоснабжения и водоотведения городов и населенных пунктов гибкими полимерными рукавами диаметром 50 - 2600 мм,Водоснабжение и водоотведение,2017-06-04,2025-08-26T04:11:51.690040+00:00,Свод правил содержит требования к проектированию и расчету систем трубопроводов систем водоотведения при их восстановлении гибкими полимерными рукавами. Документ направлен на обеспечение соблюдения обязательных требований к наружным системам водоснабжения и канализации в соответствии с СП 32.13330.2012.,Свод правил,СП 273.1325800.2016_Водоснабжение и водоотведение. Восстановление трубопроводов гибкими полимерными рукавами (с изменением 1).pdf,СП 273.1325800.2016 Свод правил. Водоснабжение и водоотведение. Правила проектирования и производства работ при восстановлении трубопроводов гибкими полимерными рукавами,"['трубопроводы', 'восстановление', 'проектирование', 'гибкие полимерные рукава']","['водоснабжение', 'водоотведение', 'проектирование', 'восстановление трубопроводов', 'гибкие полимерные рукава', 'канализационные сети', 'трубопроводы']",Русский,363,273.1325800.2016,5,90.3,1.2,Введен впервые,СП 273.1325800.2016_Водоснабжение и водоотведение. Восстановление трубопроводов гибкими полимерными рукавами (с изменением 1).pdf,Действующий,69
"Контроль технического состояния новых и реконструируемых постоянных мостовых сооружений и труб под насыпями на автомобильных и железных дорогах, улицах и дорогах населенных пунктов, линиях метро и трамвая, а также пешеходных дорогах",Мониторинг технического состояния мостов,2022-12-19,2025-08-26T04:11:55.841606+00:00,"Свод правил устанавливает требования по мониторингу технического состояния мостов и труб на различных маршрутах движения, включая автомобильные дороги, железные дороги, метрополитен, трамваи и пешеходные дорожки. Документ направлен на повышение безопасности сооружений в соответствии с федеральными законами и гармонизацию с международными нормативами.",Свод правил,СП 274.1325800.2016 Мосты. Мониторинг технического состояния (с изменением 1).pdf,Свод правил. Мосты. Мониторинг технического состояния,"['мониторинг состояния', 'безопасность сооружений', 'техническое состояние мостов', 'эксплуатационные характеристики', 'оценка состояния']","['свод правил', 'мосты', 'мониторинг технического состояния', 'требования безопасности', 'пожарная безопасность', 'строительство', 'реконструкция мостов']",Русский,386,274.1325800.2016,5,84.1,0.7,Изменение N 1,СП 274.1325800.2016 Мосты. Мониторинг технического состояния (с изменением 1).pdf,Действующий,59
Требования к расчету и проектированию ограждающих конструкций жилых и общественных зданий в части звукоизоляции воздушного и ударного шума внутренними и наружными ограждающими конструкциями и их элементами,Архитектура,2022-05-30,2025-08-26T04:12:00.825023+00:00,"Свод правил устанавливает требования к проектированию звукоизоляции ограждающих конструкций жилых и общественных зданий. Описаны методы расчета звукоизоляции воздушного и ударного шума, методы оценки соответствия строительным нормам и проектирования конструкций для обеспечения акустического комфорта. Документ разработан с учетом федеральных законов о техническом регулировании и безопасности зданий.",Свод правил,СП 275.1325800.2016 Конструкции ограждающие жилых и общественных зданий. Правила проектирования звукоизоляции (с изменением 1).pdf,Свод правил Конструкции ограждающие жилых и общественных зданий. Правила проектирования звукоизоляции,"['расчет звукоизоляции', 'проектирование звукоизоляции', 'оценка соответствия нормам', 'методы измерения']","['звукоизоляция', 'ограждающие конструкции', 'жилые здания', 'общественные здания', 'проектирование', 'строительные нормы', 'акустика']",русский,242,275.1325800.2016,5,86.8,0.0,Изменение 1,СП 275.1325800.2016 Конструкции ограждающие жилых и общественных зданий. Правила проектирования звукоизоляции (с изменением 1).pdf,Действующий,82
Проектирование морских берегозащитных сооружений на открытых побережьях внутренних бесприливных морей и также применение на берегах водоемов (озер и водохранилищ),Архитектура,2017-06-17,2025-08-26T04:12:04.835843+00:00,"Настоящий свод правил устанавливает требования к проектированию морских берегозащитных сооружений для обеспечения безопасности и устойчивости таких конструкций. Документ подготовлен с учетом действующих федеральных законов и нормативных документов в области строительства, градостроительства и охраны окружающей среды.",Свод правил,СП 277.1325800.2016 Сооруженияморскиеберегозащитные.Правилапроектирования.pdf,Свод правил Сооружения морские берегозащитные. Правила проектирования,"['Проектирование берегозащитных сооружений', 'Нормативные ссылки на ГОСТ и СНиП', 'Требования к материалам и нагрузкам']","['морские берегозащитные сооружения', 'проектирование', 'гидротехнические сооружения', 'безопасность зданий', 'архитектура']",Русский,248,277.1325800.2016,5,88.0,4.1,Введен впервые,СП 277.1325800.2016 Сооруженияморскиеберегозащитные.Правилапроектирования.pdf,Действующий,121
Проектирование зданий образовательных организаций высшего образования и университетских городков,Архитектура,2024-12-25,2025-08-26T04:12:09.596096+00:00,"Настоящий свод правил устанавливает требования к проектированию зданий образовательных организаций высшего образования, включая размещение, земельные участки, функциональные группы помещений, объемно-планировочные решения, безопасность, инженерное оборудование и внутреннюю среду зданий, а также архитектурно-планировочные решения университетских городков. Документ направлен на обеспечение безопасности, комфорта, доступности образовательного процесса и повышение экономичности проектов.",Свод правил,СП 278.1325800.2024 Здания образовательных организаций высшего образования. Правила проектирования.pdf,Свод правил Здания образовательных организаций высшего образования Правила проектирования,"['требования к размещению', 'функциональные группы помещений', 'архитектурно-планировочные решения', 'безопасность зданий', 'энергосбережение']","['здания образовательных организаций высшего образования', 'правила проектирования', 'университетские городки', 'инженерное оборудование', 'объемно-планировочные решения', 'безопасность']",русский,192,278.1325800.2024,5,91.9,3.5,Пересмотр СП 278.1325800.2016,СП 278.1325800.2024 Здания образовательных организаций высшего образования. Правила проектирования.pdf,Действующий,42
,Отопление,2023-12-18,2025-08-26T04:12:13.259144+00:00,Документ устанавливает правила проектирования и устройства поквартирных систем теплоснабжения на основе индивидуальных газовых теплогенераторов. Утвержден приказом Министерства строительства и жилищно-коммунального хозяйства Российской Федерации от 18 декабря 2023 г. и вводится в действие через месяц с даты издания приказа.,Свод правил,СП 282.1325800.2023_Поквартирные системы теплоснабжения на базе индивидуальных газовых теплогенераторов.pdf,СП 282.1325800.2023 Поквартирные системы теплоснабжения на базе индивидуальных газовых теплогенераторов. Правила проектирования и устройства,"['поквартирные системы отопления', 'индивидуальные теплогенераторы', 'проекты отопления', 'устройство систем теплоснабжения']","['поквартирные системы теплоснабжения', 'индивидуальные газовые теплогенераторы', 'правила проектирования', 'устройства']",русский,846,282.1325800.2023,2,33.3,0.0,,СП 282.1325800.2023_Поквартирные системы теплоснабжения на базе индивидуальных газовых теплогенераторов.pdf,Действующий,2
"Оценка сейсмической опасности при строительстве и эксплуатации особо опасных, технически сложных и уникальных объектов",Строительство,2017-06-17,2025-08-26T04:12:16.840650+00:00,Документ устанавливает требования и методы сейсмического микрорайонирования особо опасных строительных объектов с целью повышения сейсмической безопасности и оптимизации затрат. Разработан на основе современных научных методик и нормативных требований.,Свод правил,СП 283.1325800.2016_Объекты строительные повышенной ответственности. Правила сейсмического микрорайонирования.pdf,Свод правил Объекты строительные повышенной ответственности Правила сейсмического микрорайонирования,"['методы сейсмического микрорайонирования', 'оценка сейсмической опасности', 'строительство особо опасных объектов']","['сейсмическое микрорайонирование', 'особо опасные объекты', 'сейсмическая безопасность', 'строительство']",русский,254,283.1325800.2016,5,95.9,6.2,Введен впервые,СП 283.1325800.2016_Объекты строительные повышенной ответственности. Правила сейсмического микрорайонирования.pdf,Действующий,18
"Проектирование, производство и приемка строительно-монтажных работ при сооружении, реконструкции и капитальном ремонте промысловых стальных трубопроводов номинальным диаметром до DN1400 включительно с избыточным давлением среды не выше 32,0 МПа нефтяных, газовых, газоконденсатных месторождений. Распространяется на компрессорные станции, насосные станции, головные сооружения, газоизмерительные станции, пункты сбора, газоперерабатывающие заводы и станции подземного хранения газа.",Промысловые трубопроводы для нефти и газа,2020-12-23,2025-08-26T04:12:26.400135+00:00,"Свод правил устанавливает минимальные необходимые требования к проектированию, производству и приемке строительно-монтажных работ промысловых стальных трубопроводов для нефти и газа. Документ актуализирован изменением 1, утвержденным приказом Минстроя России в декабре 2020 года.",Свод правил,СП 284.1325800.2016_Трубопроводы промысловые для нефти и газа. Правила проектирования и производства работ (с изменением 1).pdf,Свод правил Трубопроводы промысловые для нефти и газа Правила проектирования и производства работ,"['трубопроводы промысловые', 'нефть и газ', 'проекты трубопроводов', 'строительно-монтажные работы', 'стальные трубопроводы']","['трубопроводы промысловые', 'проектирование', 'производство работ', 'нефть', 'газ', 'строительно-монтажные работы', 'трубопроводы DN1400', 'избыточное давление 32 МПа', 'газоконденсатные месторождения']",Русский,336,284.1325800.2016,5,88.3,61.2,Изм.1,СП 284.1325800.2016_Трубопроводы промысловые для нефти и газа. Правила проектирования и производства работ (с изменением 1).pdf,Действующий,223
"Проектирование, строительство и содержание автомобильных лесных дорог на территории лесного фонда Российской Федерации, являющихся дорогами необщего пользования и предназначенных для движения специализированных категорий транспортных средств",Дороги,2021-12-07,2025-08-26T04:12:31.480544+00:00,"СП 288.1325800.2016 определяет правила проектирования, строительства и содержания автомобильных лесных дорог на территории лесного фонда Российской Федерации, предназначенных для специализированного транспорта. В документе учтены требования федеральных законов и нормативных актов, регулирующих технические, пожарные и экологические аспекты строительства и эксплуатации лесных дорог.",Свод правил,"СП 288.1325800.2016_Дороги лесные. Правила проектирования и строительства (с изменениями 1, 2).pdf",Свод правил Дороги лесные Правила проектирования и строительства,"['проектирование автомобильных лесных дорог', 'строительство лесных дорог', 'техническое регулирование лесных дорог', 'экологические требования', 'пожарная безопасность в лесах']","['лесные дороги', 'проектирование', 'строительство', 'лесной фонд', 'транспортные средства', 'техническое регулирование', 'пожарная безопасность', 'экология']",русский,274,288.1325800.2016,5,85.9,0.7,Изменение N 2,"СП 288.1325800.2016_Дороги лесные. Правила проектирования и строительства (с изменениями 1, 2).pdf",Действующий,121
"Системы фасадные теплоизоляционные композиционные с наружными штукатурными слоями (СФТК), применяемые при тепловой защите с наружной стороны ограждающих стеновых конструкций зданий и сооружений различного назначения и уровня ответственности с наружной стороны при новом строительстве, реконструкции и капитальном ремонте",Отопление,2020-12-30,2025-08-26T04:12:35.849947+00:00,Настоящий свод правил содержит требования к проектированию и производству работ фасадных теплоизоляционных композиционных систем с наружными штукатурными слоями. Документ разработан с учетом обязательных требований федеральных законов о техническом регулировании и безопасности зданий и сооружений.,Свод правил,СП 293.1325800.2017 Системы фасадные теплоизоляционные композиционные с наружными штукатурными слоями (изм 1).pdf,Свод правил Системы фасадные теплоизоляционные композиционные с наружными штукатурными слоями Правила проектирования и производства работ,"['тепловая защита', 'ограждающие конструкции', 'строительство', 'реконструкция', 'капитальный ремонт']","['фасадные системы', 'теплоизоляционные системы', 'композитные системы', 'наружные штукатурные слои', 'проектирование', 'производство работ']",русский,266,293.1325800.2017,5,89.2,1.0,Изменение N 1,СП 293.1325800.2017 Системы фасадные теплоизоляционные композиционные с наружными штукатурными слоями (изм 1).pdf,Действующий,139
"Проектирование конструкций из бетона, армированных композитной полимерной арматурой на основе углеродных, арамидных, базальтовых или стеклянных волокон в климатических условиях Российской Федерации при статическом действии нагрузки",Конструкции бетонные,2018-01-12,2025-08-26T04:12:40.157783+00:00,"Свод правил устанавливает требования к проектированию конструкций из бетона, армированных композитной полимерной арматурой. Включены обязательные требования федеральных законов о техническом регулировании и безопасности зданий и сооружений. Документ предназначен для проектирования конструкций из тяжелого и мелкозернистого бетонов с использованием композитной арматуры на основе различных видов волокон.",Свод правил,"СП 295.1325800.2017 Конструкции бетонные, армированные полимерной композитной арматурой. Правила проектирования (с Изменением 1).pdf","Свод правил Конструкции бетонные, армированные полимерной композитной арматурой. Правила проектирования","['требования к проектированию', 'композитная армировка', 'тяжелый и мелкозернистый бетон', 'климатические условия РФ']","['бетонные конструкции', 'композитная полимерная арматура', 'проектирование', 'техническое регулирование', 'правила проектирования']",русский,364,295.1325800.2017,5,71.5,2.1,"Изменение N 1, утв. Приказом Минстроя России от 15.12.2020 N 787/пр","СП 295.1325800.2017 Конструкции бетонные, армированные полимерной композитной арматурой. Правила проектирования (с Изменением 1).pdf",Действующий,82
"Требования по учету особых нагрузок и воздействий при проектировании зданий и сооружений классов КС-2 и КС-3 нормального и повышенного уровней ответственности по предельным состояниям первой группы, а также обеспечения надежности строительных конструкций и оснований при аварийных ситуациях природного, техногенного и антропогенного характера",Особые воздействия,2021-12-27,2025-08-26T04:12:44.639565+00:00,"Свод правил содержит требования по назначению нагрузок, воздействий и их сочетаний при строительстве новых, расширении, реконструкции и перевооружении зданий и сооружений, учитывая особые воздействия природного, техногенного и антропогенного характера. Документ разработан с учетом обязательных требований федерального законодательства и вводит нормы для проектирования зданий и сооружений классов КС-2 и КС-3.",Свод правил,"СП 296.1325800.2017_Здания и сооружения. Особые воздействия (с изменениями 1, 2).pdf",Свод правил Здания и сооружения Особые воздействия,"['назначение нагрузок', 'воздействия и сочетания', 'строительство и реконструкция', 'предельные состояния', 'надежность конструкций', 'аварийные ситуации']","['свод правил', 'здания и сооружения', 'особые воздействия', 'нагрузки', 'проектирование', 'надежность', 'аварийные ситуации']",русский,320,296.1325800.2017,5,89.3,2.5,Изменения N 2,"СП 296.1325800.2017_Здания и сооружения. Особые воздействия (с изменениями 1, 2).pdf",Действующий,49
"Проектирование фибробетонных конструкций с неметаллической фиброй, изготовляемых из тяжелого и мелкозернистого бетонов и эксплуатируемых в климатических условиях России при статическом воздействии нагрузки, для зданий и сооружений различного назначения.",Архитектура,2022-12-16,2025-08-26T04:12:49.123851+00:00,"Данный свод правил устанавливает требования к расчету и проектированию бетонных и железобетонных конструкций, армированных полимерной композитной неметаллической фиброй. Включает нормы и правила для использования фибробетонных конструкций в различных климатических условиях России. Документ содержит изменения, утверждённые Министерством строительства и ЖКХ РФ в 2018 и 2022 годах.",Свод правил,"СП 297.1325800.2017_Конструкции фибробетонные с неметаллической фиброй. Правила проектирования (с изменениями 1, 2).pdf",СП 297.1325800.2017 Конструкции фибробетонные с неметаллической фиброй. Правила проектирования,"['технические требования', 'проектирование конструкций', 'нормативные ссылки', 'расчет фибробетонных изделий']","['фибробетонные конструкции', 'неметаллическая фибра', 'проектирование', 'бетоны тяжелые', 'бетоны мелкозернистые', 'климатические условия России', 'армирование', 'полимерная композитная фибра']",Русский,277,297.1325800.2017,5,67.4,5.7,Изменение N 2,"СП 297.1325800.2017_Конструкции фибробетонные с неметаллической фиброй. Правила проектирования (с изменениями 1, 2).pdf",Действующий,98
Проектирование систем вентиляции автодорожных тоннелей всех типов,Вентиляция,2019-05-17,2025-08-26T04:12:52.509038+00:00,Настоящий свод правил изложены общие требования и правила проектирования систем вентиляции автодорожных тоннелей для обеспечения безопасности эксплуатации при различных транспортных ситуациях и при пожаре. Разработан впервые с учетом европейского и отечественного опыта.,Свод правил,СП 298.1325800.2017_Системы вентиляции тоннелей автодорожных. Правила проектирования (с изменением 1).pdf,Свод правил Системы вентиляции тоннелей автодорожных. Правила проектирования,"['требования проектирования', 'вентиляция тоннелей', 'безопасность эксплуатации']","['вентиляция', 'тоннели автодорожные', 'проектирование', 'системы вентиляции', 'безопасность', 'пожар']",Русский,316,298.1325800.2017,5,85.7,1.3,Изменение N 1,СП 298.1325800.2017_Системы вентиляции тоннелей автодорожных. Правила проектирования (с изменением 1).pdf,Действующий,128
Проектирование деревянных конструкций с узлами на винтах,Архитектура,2018-02-17,2025-08-26T04:12:55.593325+00:00,"Документ устанавливает правила проектирования деревянных конструкций с узлами на винтах. Утвержден Министерством строительства и жилищно-коммунального хозяйства Российской Федерации, введен в действие с 17 февраля 2018 года.",Свод правил,"СП 299.325800.2017_Конструкции деревянные с узлами на винтах. Правила проектирования (с изменениями 1, 2).pdf",Свод правил Конструкции деревянные с узлами на винтах. Правила проектирования,"['конструкции деревянные', 'узлы на винтах', 'проектирование', 'нормативные документы']","['деревянные конструкции', 'узлы на винтах', 'правила проектирования', 'свод правил', 'Минстрой России']",Русский,60,299.325800.2017,5,95.8,2.5,Введен впервые,"СП 299.325800.2017_Конструкции деревянные с узлами на винтах. Правила проектирования (с изменениями 1, 2).pdf",Действующий,26
Проектирование систем струйной вентиляции и удаления продуктов горения и отведения теплоизбытков подземных и крытых автостоянок,Вентиляция,2019-05-06,2025-08-26T04:13:00.174964+00:00,"Настоящий свод правил устанавливает общие требования и правила проектирования систем струйной вентиляции и дымоудаления подземных и крытых автомобильно стоянок. Документ учитывает как штатный режим работы систем по разбавлению и удалению вредных примесей выхлопных газов, так и аварийный режим очистки от продуктов горения и теплоизбытков.",Свод правил,СП 300.1325800.2017_Системы струйной вентиляции и дымоудаления подземных и крытых автостоянок (с изменением 1).pdf,Свод правил Системы струйной вентиляции и дымоудаления подземных и крытых автостоянок. Правила проектирования,"['проектирование систем вентиляции', 'пожарная безопасность автостоянок', 'экологическая безопасность']","['системы струйной вентиляции', 'дымоудаление', 'подземные автостоянки', 'крытые автостоянки', 'проектирование', 'удаление продуктов горения', 'отведение теплоизбытков']",русский,192,300.1325800.2017,5,82.6,1.1,Изменение N 1,СП 300.1325800.2017_Системы струйной вентиляции и дымоудаления подземных и крытых автостоянок (с изменением 1).pdf,Действующий,79
Склады для аварийно химически опасных веществ (АХОВ),Пожарная безопасность,2018-01-28,2025-08-26T04:13:03.672520+00:00,Данный свод правил установлен требования к проектированию складов для аварийно химически опасных веществ с целью повышения уровня безопасности людей и сохранности материальных ценностей.,Свод правил,СП 302.1325800.2017_Склады для аварийно химически опасных веществ. Правила проектирования.pdf,Свод правил Складов для аварийно химически опасных веществ. Правила проектирования,"['требования к проектированию', 'безопасность складов', 'аварийно химически опасные вещества']","['склады', 'аварийно химически опасные вещества', 'проектирование', 'безопасность', 'технический регламент']",Русский,214,302.1325800.2017,5,95.7,0.0,Введен впервые,СП 302.1325800.2017_Склады для аварийно химически опасных веществ. Правила проектирования.pdf,Действующий,17
Одноэтажные здания промышленных предприятий,Эксплуатация зданий,2018-03-01,2025-08-26T04:13:07.361322+00:00,"Свод правил СП 303.1325800.2017 устанавливает правила эксплуатации одноэтажных зданий промышленных предприятий, включая организацию служб эксплуатации, технический надзор, ведение эксплуатационной документации, а также порядок проведения ремонтных работ и сроки капитального ремонта строительных конструкций.",Свод правил,СП 303.1325800.2017_Здания одноэтажные промышленных предприятий. Правила эксплуатации.pdf,Свод правил СП 303.1325800.2017 Здания одноэтажные промышленных предприятий. Правила эксплуатации,"['организация служб эксплуатации', 'мониторинг технического состояния', 'техническая эксплуатационная документация', 'ремонтно-восстановительные работы', 'капитальный ремонт']","['эксплуатация', 'промышленные здания', 'однoэтажные здания', 'ремонт', 'техническое состояние', 'строительные конструкции']",русский,219,303.1325800.2017,5,96.2,1.6,Введен впервые,СП 303.1325800.2017_Здания одноэтажные промышленных предприятий. Правила эксплуатации.pdf,Действующий,53
Правила эксплуатации большепролетных зданий и сооружений,Конструкции большепролетных зданий и сооружений,2017-10-25,2025-08-26T04:13:12.012587+00:00,"Данный свод правил устанавливает правила эксплуатации конструкций большепролетных зданий и сооружений, включая организацию служб эксплуатации, надзор, техническое обслуживание, ремонтно-восстановительные работы и обеспечение пожарной безопасности.",Свод правил,СП 304.1325800.2017_Конструкции большепролетных зданий и сооружений. Правила эксплуатации.pdf,Свод правил СП 304.1325800.2017 Конструкции большепролетных зданий и сооружений. Правила эксплуатации,"['область применения', 'классификация зданий', 'организация службы эксплуатации', 'техническое обслуживание', 'пожарная безопасность']","['конструкции большепролетных зданий', 'эксплуатация', 'ремонтно-восстановительные работы', 'пожарная безопасность', 'надзор за строительными конструкциями']",русский,170,304.1325800.2017,5,97.2,13.4,Введен впервые,СП 304.1325800.2017_Конструкции большепролетных зданий и сооружений. Правила эксплуатации.pdf,Действующий,32
Проведение геотехнического мониторинга объектов капитального строительства в процессе нового строительства или реконструкции зданий и сооружений,Строительство,2023-10-17,2025-08-26T04:13:16.969855+00:00,"Документ содержит указания по проведению геотехнического мониторинга при строительстве зданий и сооружений, в том числе подземных, в различных инженерно-геологических условиях и плотной городской застройке. Не распространяется на гидротехнические сооружения, дорожное и железнодорожное полотно, аэродромные покрытия и магистральные линии.",Свод правил,СП 305.1325800.2017_Здания и сооружения. Правила проведения геотехнического мониторинга при строительстве (с изменением 1).pdf,Свoд правил Здания и сооружения Правила проведения геотехнического мониторинга при строительстве,"['проведение геотехнического мониторинга', 'строительство зданий и сооружений', 'нормативные ссылки на ГОСТы']","['геотехнический мониторинг', 'строительство', 'здания и сооружения', 'инженерно-геологические условия', 'реконструкция']",русский,288,305.1325800.2017,5,87.0,0.6,Изменение N 1,СП 305.1325800.2017_Здания и сооружения. Правила проведения геотехнического мониторинга при строительстве (с изменением 1).pdf,Действующий,118
Эксплуатация многофункциональных торговых комплексов различного назначения,Эксплуатация зданий и сооружений,2022-12-20,2025-08-26T04:13:22.878622+00:00,"Данный свод правил устанавливает требования по безопасной эксплуатации многофункциональных торговых комплексов. Документ разработан в соответствии с несколькими федеральными законами, регулирующими безопасность зданий, пожарную безопасность и энергоэффективность. Включает требования, дополняющие общие нормы эксплуатации зданий и сооружений, с учетом специфики торговых комплексов.",Свод правил,СП 306.1325800.2017_Многофункциональные торговые комплексы. Правила эксплуатации (с изменением 1).pdf,Свод правил 306.1325800.2017 Многофункциональные торговые комплексы. Правила эксплуатации,"['правила эксплуатации', 'технические регламенты', 'нормативные ссылки', 'безопасность зданий', 'пожарная безопасность', 'энергосбережение']","['многофункциональные торговые комплексы', 'эксплуатация', 'безопасность', 'технический регламент', 'пожарная безопасность', 'энергоэффективность']",русский,189,306.1325800.2017,5,92.7,3.2,"Изменение N 1, утв. Приказом Минстроя России от 20.12.2022 N 1093/пр",СП 306.1325800.2017_Многофункциональные торговые комплексы. Правила эксплуатации (с изменением 1).pdf,Действующий,78
"Эксплуатация зданий и помещений для хранения и переработки сельскохозяйственной продукции, включая ветеринарно-санитарные утилизационные цеха и заводы",Эксплуатация зданий и сооружений,2022-12-20,2025-08-26T04:13:27.473372+00:00,"Данный свод правил устанавливает требования по безопасной эксплуатации зданий и помещений, предназначенных для хранения и переработки сельскохозяйственной продукции. Он охватывает также ветеринарно-санитарные утилизационные цеха и заводы, обеспечивая безопасность и эффективность их использования.",Свод правил,СП 307.1325800.2017_Здания и помещения для хранения и переработки сельскохозяйственной продукции. Правила эксплуатации (с изменением 1).pdf,Свод правил Здания и помещения для хранения и переработки сельскохозяйственной продукции. Правила эксплуатации,"['требования безопасности', 'эксплуатация зданий и помещений', 'хранение сельскохозяйственной продукции', 'переработка сельскохозяйственной продукции']","['здания для хранения сельскохозяйственной продукции', 'эксплуатация', 'ветеринарно-санитарные утилизационные цеха', 'правила эксплуатации', 'безопасность']",русский,156,307.1325800.2017,5,95.8,1.6,Изменение N 1,СП 307.1325800.2017_Здания и помещения для хранения и переработки сельскохозяйственной продукции. Правила эксплуатации (с изменением 1).pdf,Действующий,75
"Проектирование, строительство, реконструкция и капитальный ремонт зданий, помещений и сооружений исправительных, лечебных исправительных, лечебно-профилактических учреждений и исправительных центров уголовно-исполнительной системы; требования к планировке и застройке территорий этих учреждений",Архитектура,2023-12-28,2025-08-26T04:13:32.288647+00:00,"Свод правил устанавливает требования к проектированию исправительных учреждений и центров уголовно-исполнительной системы, включая различные типы исправительных колоний и центров, а также лечебно-исправительные учреждения. Документ охватывает вопросы строительства, реконструкции и капитального ремонта зданий и сооружений, а также планировки и застройки территорий. Свод правил введен впервые и содержит изменения, утвержденные в 2023 году.",Свод правил,"СП 308.1325800.2017_Исправительные учреждения и центры уголовно-исполнительной системы (с изменениями 1, 2).pdf",Свод правил Исправительные учреждения и центры уголовно-исполнительной системы. Правила проектирования (в двух частях),"['требования к проектированию', 'исправительные учреждения', 'уголовно-исполнительная система', 'строительство и реконструкция', 'планировка территорий']","['исправительные учреждения', 'уголовно-исполнительная система', 'правила проектирования', 'строительство', 'реконструкция', 'капитальный ремонт', 'планировка', 'застройка']",русский,124,308.1325800.2017,5,91.1,0.0,"Изменения 1, Изменения 2","СП 308.1325800.2017_Исправительные учреждения и центры уголовно-исполнительной системы (с изменениями 1, 2).pdf",Действующий,597
"Проектирование новых и реконструируемых театрально-зрелищных зданий высотой до 50 м и с заглублением подземной части до 15 м; проектирование и строительство театров, кинотеатров, концертных залов; не распространяется на временные и объекты культурного наследия",Архитектура,2023-12-28,2025-08-26T04:13:38.081430+00:00,"Свод правил устанавливает требования и правила проектирования зданий театрально-зрелищного назначения, включая театры, кинотеатры и концертные залы, учитывая нормативы по безопасности, энергосбережению и пожарной безопасности. Документ утвержден приказом Минстроя России и содержит ссылки на действующие государственные стандарты.",Свод правил,СП 309.1325800.2017_Здания театрально-зрелищные. Правила проектирования (с изменением 1).pdf,Свод правил Здания театрально-зрелищные Правила проектирования,"['проектирование зданий', 'безопасность', 'энергосбережение', 'пожарная безопасность']","['театрально-зрелищные здания', 'проектирование', 'здания театров', 'кинотеатры', 'концертные залы', 'безопасность зданий', 'энергосбережение', 'пожарная безопасность']",русский,208,309.1325800.2017,5,93.5,1.2,Изменения N 1,СП 309.1325800.2017_Здания театрально-зрелищные. Правила проектирования (с изменением 1).pdf,Действующий,91
"Требования к проектированию плавательных бассейнов для приучения к воде детей дошкольного возраста, обучения плаванию, учебных занятий школьников, физкультурно-оздоровительных занятий граждан, проведения спортивных мероприятий, включая новые и реконструируемые здания и сооружения бассейнов независимо от формы собственности.",Архитектура,2024-01-29,2025-08-26T04:13:44.865808+00:00,"Свод правил устанавливает требования проектирования плавательных бассейнов, предназначенных для различных образовательных, спортивных и оздоровительных целей. Документ разработан в соответствии с федеральными законами о безопасности зданий и сооружений, пожарной безопасности и энергосбережении. Включены изменения, утверждённые в 2021 и 2023 годах.",Свод правил,"СП 310.1325800.2017 Бассейны для плавания. Правила проектирования (с Изменениями N 1, 2).pdf","СП 310.1325800.2017 Бассейны для плавания. Правила проектирования (с Изменениями N 1, 2)","['проектирование бассейнов', 'требования к безопасности', 'нормативные акты', 'энергетическая эффективность']","['плавательные бассейны', 'правила проектирования', 'архитектура', 'строительство', 'технический регламент', 'пожарная безопасность', 'энергосбережение', 'физкультура', 'спортивные сооружения']",Русский,200,310.1325800.2017,5,95.3,3.8,"Изм.1, Изм.2","СП 310.1325800.2017 Бассейны для плавания. Правила проектирования (с Изменениями N 1, 2).pdf",Действующий,31
"Проектирование сборных и монолитных бетонных и железобетонных конструкций из высокопрочных бетонов классов B60 и выше для зданий и сооружений различного назначения, эксплуатируемых в климатических условиях России",Архитектура,2022-12-12,2025-08-26T04:13:49.388138+00:00,"Настоящий свод правил содержит требования к расчету и проектированию бетонных и железобетонных конструкций промышленных и гражданских зданий и сооружений с применением высокопрочного бетона класса B60...B150. Документ разработан с учетом федеральных законов и включает правила проектирования конструкций изложенные с учетом изменений, утвержденных приказом Минстроя от 12 декабря 2022 года.",Свод правил,СП 311.1325800.2017_Бетонные и железобетонные конструкции из высокопрочных бетонов (с изменением 1).pdf,Свод правил Бетонные и железобетонные конструкции из высокопрочных бетонов Правила проектирования,"['расчет конструкций', 'проектирование', 'высокопрочный бетон', 'строительство']","['бетонные конструкции', 'железобетонные конструкции', 'высокопрочный бетон', 'проектирование', 'СП 311.1325800.2017']",Русский,242,311.1325800.2017,5,89.7,0.0,Изм.1,СП 311.1325800.2017_Бетонные и железобетонные конструкции из высокопрочных бетонов (с изменением 1).pdf,Действующий,27
Внутрихозяйственные дороги,Строительство,2018-06-15,2025-08-26T04:13:52.535683+00:00,"Данный свод правил устанавливает правила эксплуатации внутрихозяйственных дорог, включая технические требования к элементам дорог, искусственным сооружениям, средствам организации дорожного движения, а также организацию дорожной службы и методы оценки состояния дорог.",Свод правил,СП 312.1325800.2017_Дороги внутрихозяйственные. Правила эксплуатации.pdf,Свод правил СП 312.1325800.2017 Внутрихозяйственные дороги. Правила эксплуатации,"['транспортно-эксплуатационное состояние', 'искусственные сооружения', 'ремонт и содержание', 'средства организации дорожного движения']","['внутрихозяйственные дороги', 'эксплуатация дорог', 'технические требования', 'организация дорожной службы', 'оценка состояния дорог']",русский,271,312.1325800.2017,5,93.0,0.0,Введен впервые,СП 312.1325800.2017_Дороги внутрихозяйственные. Правила эксплуатации.pdf,Действующий,53
Проектирование и строительство автомобильных дорог в районах вечной мерзлоты,Дороги,2022-05-30,2025-08-26T04:13:56.538664+00:00,"Настоящий свод правил устанавливает требования к изысканиям, проектированию и строительству автомобильных дорог в районах вечной мерзлоты. Документ разработан с учетом федеральных законов и нормативных актов, обеспечивая безопасность, долговечность и эффективность дорожных объектов в указанных условиях.",Свод правил,СП 313.1325800.2017_Дороги автомобильные в районах вечной мерзлоты. Правила проектирования и строительства (с изменением 1).pdf,Свод правил СП 313.1325800.2017 Дороги автомобильные в районах вечной мерзлоты. Правила проектирования и строительства,"['изыскания дорог', 'проектирование дорог', 'строительство дорог', 'особенности вечной мерзлоты']","['вечная мерзлота', 'автомобильные дороги', 'проектирование', 'строительство', 'Свод правил']",Русский,303,313.1325800.2017,5,85.5,1.7,"Изменения N 1, утв. Приказом Минстроя России от 30.05.2022 N 430/пр",СП 313.1325800.2017_Дороги автомобильные в районах вечной мерзлоты. Правила проектирования и строительства (с изменением 1).pdf,Действующий,143
"Проектирование, устройство и эксплуатация путей наземных рельсовых кранов",Проектирование и строительство,2018-06-08,2025-08-26T04:14:06.203622+00:00,"Данный свод правил регулирует проектирование, устройство и эксплуатацию путей наземных рельсовых кранов. В документе определяются требования к нижнему и верхнему строению кранового пути, путевому оборудованию и заземляющим устройствам.",Свод правил,"СП 314.1325800.2017_Пути наземные рельсовые крановые. Проектирование, устройство и эксплуатация.pdf","Свод правил СП 314.1325800.2017 Пути наземные рельсовые крановые Проектирование, устройство и эксплуатация","['инженерные изыскания', 'нижнее строение', 'верхнее строение', 'путевое оборудование', 'заземляющее устройство']","['рельсовые крановые пути', 'проектирование', 'устройство', 'эксплуатация', 'строительство']",Русский,175,314.1325800.2017,5,95.4,4.7,Введен впервые,"СП 314.1325800.2017_Пути наземные рельсовые крановые. Проектирование, устройство и эксплуатация.pdf",Действующий,62
Тепловые сети бесканальной прокладки и их проектирование и строительство,Отопление,2023-12-28,2025-08-26T04:14:10.372124+00:00,"Данный свод правил регламентирует требования к проектированию и строительству тепловых сетей бесканальной прокладки. Разработан для соблюдения технических регламентов и стандартов в области безопасности зданий и сооружений, энергосбережения и пожарной безопасности.",Свод правил,СП 315.1325800.2017_Тепловые сети бесканальной прокладки. Правила проектирования (с изменением 1).pdf,Свод правил Тепловые сети бесканальной прокладки Правила проектирования,"['требования к проектированию', 'строительство тепловых сетей', 'энергосбережение', 'пожарная безопасность']","['тепловые сети', 'бесканальная прокладка', 'проектирование', 'строительство', 'технический регламент']",русский,233,315.1325800.2017,5,83.9,2.0,Изменение N 1,СП 315.1325800.2017_Тепловые сети бесканальной прокладки. Правила проектирования (с изменением 1).pdf,Действующий,65
Проектирование контейнерных терминалов на территории Российской Федерации,Строительство,2019-11-25,2025-08-26T04:14:16.606256+00:00,"Данный свод правил устанавливает требования и правила проектирования контейнерных терминалов в России. В документе учитываются федеральные законы и нормативные ссылки на ГОСТ, обеспечивающие безопасность и технические условия при проектировании объектов.",Свод правил,СП 316.1325800.2017_Терминалы контейнерные. Правила проектирования (с Изменением 1).pdf,Свод правил СП 316.1325800.2017 Терминалы контейнерные. Правила проектирования,"['проектирование', 'безопасность', 'нормативные ссылки', 'строительство контейнерных терминалов']","['терминалы контейнерные', 'правила проектирования', 'контейнерные терминалы', 'строительство', 'проектирование']",Русский,300,316.1325800.2017,5,83.8,0.0,"Изменение N 1, утв. Приказом Минстроя России от 25.11.2019 N 727/пр",СП 316.1325800.2017_Терминалы контейнерные. Правила проектирования (с Изменением 1).pdf,Действующий,117
"Устанавливает общие правила производства работ, выполняемых в составе инженерно-геодезических изысканий для подготовки документов территориального планирования и документации по планировке территории, архитектурно-строительного проектирования, при строительстве и реконструкции объектов капитального строительства",Инженерно-геодезические изыскания,2022-05-30,2025-08-26T04:14:22.814858+00:00,"Документ определяет общие правила выполнения инженерно-геодезических изысканий для строительства, учитывая требования федеральных законов и постановлений правительства. Введен в действие приказом Минстроя России от 22 декабря 2017 года с изменениями от 30 мая 2022 года.",Свод правил,"СП 317.1325800.2017_Инженерно-геодезические изыскания для строительства. Общие правила производства работ (с изменениями 1, 2).pdf",Свод правил Инженерно-геодезические изыскания для строительства. Общие правила производства работ,"['общие правила производства работ', 'инженерно-геодезические изыскания', 'строительство']","['инженерно-геодезические изыскания', 'строительство', 'производство работ', 'территориальное планирование', 'архитектурно-строительное проектирование', 'реконструкция объектов капитального строительства']",Русский,296,317.1325800.2017,5,92.0,0.0,Изм. 1,"СП 317.1325800.2017_Инженерно-геодезические изыскания для строительства. Общие правила производства работ (с изменениями 1, 2).pdf",Действующий,88
Здания и помещения медицинских организаций,Эксплуатация зданий медицинских организаций,2018-06-19,2025-08-26T04:14:26.480012+00:00,Настоящий свод правил устанавливает требования к зданиям и помещениям медицинских организаций различного функционального назначения в условиях нормальной эксплуатации. Документ разработан для обеспечения безопасности и надлежащей эксплуатации зданий и помещений медицинских учреждений в соответствии с федеральными законами и техническими регламентами.,Свод правил,СП 319.1325800.2017 Здания и помещения медицинских организаций. Правила эксплуатации.pdf,Свод правил Здания и помещения медицинских организаций. Правила эксплуатации,"['требования к эксплуатации', 'безопасность зданий', 'медицинские организации', 'строительные нормы']","['здания медицинских организаций', 'эксплуатация', 'безопасность', 'медицинские помещения', 'технические регламенты']",русский,256,319.1325800.2017,5,94.4,1.0,Введен впервые,СП 319.1325800.2017 Здания и помещения медицинских организаций. Правила эксплуатации.pdf,Действующий,25
"Проектирование, эксплуатация, реконструкция и ликвидация объектов размещения твердых коммунальных отходов (ТКО) — полигонов, а также ликвидация объектов накопленного экологического вреда, на которых захоронены ТКО",Отходы,2022-03-16,2025-08-26T04:14:31.324562+00:00,"Свод правил устанавливает требования к проектированию, эксплуатации и рекультивации полигонов для твердых коммунальных отходов. Документ разработан в соответствии с рядом федеральных законов, регулирующих безопасность зданий, пожарную безопасность, охрану окружающей среды и обращение с отходами. Введен впервые 18 мая 2018 года, с последующим изменением, утвержденным в 2022 году.",Свод правил,"СП 320.1325800.2017 Полигоны для твердых коммунальных отходов. Проектирование, эксплуатация и рекультивация (с Изменением 1).pdf","Свод правил Полигны для твердых коммунальных отходов. Проектирование, эксплуатация и рекультивация","['проектирование полигонов', 'эксплуатация полигонов', 'рекультивация полигонов', 'нормативные требования']","['полигоны для твердых коммунальных отходов', 'проектирование', 'эксплуатация', 'рекультивация', 'технический регламент', 'безопасность зданий', 'экология']",Русский,298,320.1325800.2017,5,92.2,2.3,Изменение N 1,"СП 320.1325800.2017 Полигоны для твердых коммунальных отходов. Проектирование, эксплуатация и рекультивация (с Изменением 1).pdf",Действующий,38
"Требования к организации демонтажа и утилизации конструкций зданий и сооружений гражданского и производственного назначения, исключенных из государственного реестра опасных производственных объектов",Здания и сооружения,2021-12-23,2025-08-26T04:14:36.194573+00:00,"Настоящий свод правил устанавливает требования к организации демонтажа (сноса) и утилизации конструкций зданий и сооружений гражданского и производственного назначения. Документ разработан в соответствии с федеральными законами и постановлениями, утверждён приказом Минстроя России и введён в действие с 1 марта 2018 года с изменением, утверждённым 23 декабря 2021 года.",Свод правил,СП 325.1325800.2017 Здания и сооружения. Правила производства работ при демонтаже и утилизации.pdf,Свод правил СП 325.1325800.2017 Здания и сооружения. Правила производства работ при демонтаже и утилизации,"['Организация демонтажа', 'утилизация конструкций', 'техническое регулирование', 'безопасность труда']","['демонтаж', 'утилизация', 'здания', 'сооружения', 'строительство', 'правила производства работ']",Русский,237,325.1325800.2017,5,89.9,0.0,Изменение N 1,СП 325.1325800.2017 Здания и сооружения. Правила производства работ при демонтаже и утилизации.pdf,Действующий,58
"Проектирование, эксплуатация и ремонт многослойных наружных стен с лицевым слоем из кирпичной кладки для климатических условий России. Не распространяется на проектирование зданий и сооружений, подверженных динамическим нагрузкам, возводимых на подрабатываемых территориях, вечномерзлых грунтах и в сейсмоопасных районах.",Архитектура,2024-11-22,2025-08-26T04:14:41.354877+00:00,"Данный свод правил устанавливает нормы и требования к проектированию, эксплуатации и ремонту многослойных наружных стен с лицевым кирпичным слоем в климатических условиях России. Включает методики расчета, требования к материалам, конструкционным решениям и техническому обслуживанию. Документ пересматривается и дополняется с учетом актуальных изменений, утвержден Министерством строительства и жилищно-коммунального хозяйства Российской Федерации.",Свод правил,"СП 327.1325800.2017_Стены наружные с лицевым кирпичным слоем (с изменениями 1, 2, 3).pdf","Свод правил Стены наружные с лицевым кирпичным слоем. Правила проектирования, эксплуатации и ремонта","['технические регламенты', 'строительные конструкции', 'надежность и безопасность', 'климатические условия']","['внешние стены', 'кирпичный слой', 'проектирование', 'эксплуатация', 'ремонт', 'многослойные стены', 'строительство']",Русский,294,327.1325800.2017,5,83.6,0.0,Изменения N 3,"СП 327.1325800.2017_Стены наружные с лицевым кирпичным слоем (с изменениями 1, 2, 3).pdf",Действующий,77
Проектирование спортивных сооружений,Архитектура,2023-12-28,2025-08-26T04:14:45.230442+00:00,"Данный свод правил устанавливает требования и нормы проектирования спортивных сооружений. Документ утвержден Министерством строительства и жилищно-коммунального хозяйства Российской Федерации и введен в действие с 15 мая 2018 года. Включает изменения, утвержденные в 2019, 2022 и 2023 годах.",Свод правил,"СП 332.1325800.2017_Спортивные сооружения (с изменениями 1, 2, 3, 4).pdf",Свод правил Спортивные сооружения Правила проектирования,"['технические регламенты', 'энергосбережение', 'пожарная безопасность', 'общественная безопасность']","['спортивные сооружения', 'правила проектирования', 'строительство', 'архитектура']",русский,255,332.1325800.2017,5,75.7,11.8,Изменения N 4,"СП 332.1325800.2017_Спортивные сооружения (с изменениями 1, 2, 3, 4).pdf",Действующий,227
"Проектирование квартирных тепловых пунктов в многоквартирных жилых домах, в том числе блокированных жилых домов, на этапе нового строительства и реконструкции при использовании горизонтальной поквартирной разводки системы отопления",Отопление,2018-03-02,2025-08-26T04:14:53.088034+00:00,"Настоящий свод правил устанавливает требования к проектированию квартирных тепловых пунктов в многоквартирных жилых домах с учетом норм и правил по отоплению, вентиляции и другим системам. Документ разработан с учетом федеральных законов и строительных норм, актуализирован и введен в действие с 2 марта 2018 года приказом Минстроя России.",Свод правил,СП 334.1325800.2017_Квартирные тепловые пункты в многоквартирных жилых домах. Правила проектирования.pdf,Свод правил Квартирные тепловые пункты в многоквартирных жилых домах. Правила проектирования,"['проектирование тепловых пунктов', 'квартирные тепловые пункты', 'отопление многоквартирных домов', 'нормативные документы', 'энергосбережение', 'пожарная безопасность']","['квартирные тепловые пункты', 'многоквартирные жилые дома', 'проекты отопления', 'горизонтальная поквартирная разводка', 'СП 124.13330', 'СП 60.13330', 'СП 30.13330', 'СП 54.13330']",Русский,282,334.1325800.2017,5,91.2,0.0,Введен впервые,СП 334.1325800.2017_Квартирные тепловые пункты в многоквартирных жилых домах. Правила проектирования.pdf,Действующий,39
Крупнопанельные жилые здания из сборных бетонных и железобетонных элементов высотой не более 75 м,Архитектура,2020-12-17,2025-08-26T04:14:57.053828+00:00,"Настоящий свод правил устанавливает общие требования к расчету и проектированию конструктивных систем крупнопанельных жилых зданий. Включает нормативные ссылки и требования, с учетом изменений, утвержденных Приказом Минстроя России 17.12.2020 N 798/пр.",Свод правил,СП 335.1325800.2017_Крупнопанельные конструктивные системы. Правила проектирования (с изменением 1).pdf,Свод правил Крупнопанельные конструктивные системы. Правила проектирования,"['требования к расчету', 'проектирование конструктивных систем', 'нормативные документы', 'изменения']","['крупнопанельные конструкции', 'проектирование', 'жилые здания', 'бетонные и железобетонные элементы', 'расчет конструкций']",Русский,319,335.1325800.2017,5,85.1,1.9,Изм. 1,СП 335.1325800.2017_Крупнопанельные конструктивные системы. Правила проектирования (с изменением 1).pdf,Действующий,90
Правила эксплуатации систем вентиляции и кондиционирования воздуха зданий (сооружений) различного функционального назначения,Вентиляция и кондиционирование,2018-03-16,2025-08-26T04:15:00.732434+00:00,"Данный свод правил устанавливает правила эксплуатации систем вентиляции и кондиционирования воздуха зданий различного функционального назначения. Не распространяется на системы вентиляции и кондиционирования особо опасных и технически сложных объектов, а также на вентиляционные системы защитных сооружений, объектов с радиоактивными веществами, взрывчатыми веществами и специального технологического оборудования.",Свод правил,СП 336.1325800.2017 Системы вентиляции и кондиционирования воздуха. Правила эксплуатации.pdf,СП 336.1325800.2017 Системы вентиляции и кондиционирования воздуха. Правила эксплуатации,"['эксплуатация систем вентиляции', 'эксплуатация систем кондиционирования', 'требования безопасности', 'рабочие нормы']","['системы вентиляции', 'системы кондиционирования', 'правила эксплуатации', 'здания и сооружения', 'технические регламенты']",Русский,281,336.1325800.2017,5,93.7,0.8,Введен впервые,СП 336.1325800.2017 Системы вентиляции и кондиционирования воздуха. Правила эксплуатации.pdf,Действующий,31
"Проектирование железобетонных элементов сборно-монолитных конструкций из тяжелого бетона на цементном вяжущем, эксплуатируемых в климатических условиях России",Конструкции железобетонные,2018-06-14,2025-08-26T04:15:05.106009+00:00,"Настоящий свод правил содержит требования к расчету и проектированию сборно-монолитных конструкций жилых и общественных зданий с учетом обязательных требований Федеральных законов и технических регламентов. Документ распространяется на проектирование железобетонных элементов сборно-монолитных конструкций из тяжелого бетона и не распространяется на гидротехнические сооружения, мосты, покрытия автомобильных дорог и аэродромов, а также специальные конструкции и конструкции особой природы бетонов.",Свод правил,СП 337.1325800.2017_Конструкции железобетонные сборно-монолитные. Правила проектирования.pdf,Свод правил Конструкции железобетонные сборно-монолитные. Правила проектирования,"['требования к расчету', 'проектирование сборно-монолитных конструкций', 'нормативные ссылки', 'термины и определения']","['железобетонные конструкции', 'сборно-монолитные конструкции', 'проектирование', 'тяжелый бетон', 'конструкции жилых и общественных зданий']",русский,387,337.1325800.2017,5,65.2,1.8,Введен впервые,СП 337.1325800.2017_Конструкции железобетонные сборно-монолитные. Правила проектирования.pdf,Действующий,69
"Акустические расчеты по оценке степени акустического воздействия на селитебной территории и иных нормируемых объектах, расположенных вблизи высокоскоростных железнодорожных линий (со скоростью движения поездов от 250 до 400 км/ч), проектирование и выбор мероприятий по снижению шума в соответствии с санитарными нормами, а также подбор и размещение шумозащитных экранов",Пожарная безопасность,2018-08-06,2025-08-26T04:15:11.725200+00:00,"Данный свод правил устанавливает требования к выполнению акустических расчетов и проектированию мероприятий по снижению шума для высокоскоростных железнодорожных линий с целью защиты от шума. Документ регламентирует требования к размещению и подбору шумозащитных экранов для линий с поездами, движущимися со скоростью от 250 до 400 км/ч.",Свод правил,СП 338.1325800.2018_Защита от шума для высокоскоростных железнодорожных линий.pdf,СП 338.1325800.2018 Свод Правил Защита От Шума Для Высокоскоростных Железнодорожных Линий Правила Проектирования И Строительства,"['защита от шума', 'проектирование', 'строительство', 'высокоскоростные железнодорожные линии']","['шумозащита', 'высокоскоростные железнодорожные линии', 'акустические расчеты', 'санитарные нормы', 'шумозащитные экраны']",русский,278,338.1325800.2018,5,88.7,0.0,Введен впервые,СП 338.1325800.2018_Защита от шума для высокоскоростных железнодорожных линий.pdf,Действующий,156
"Проектирование бетонных и железобетонных конструкций и кладки стен из мелких блоков из ячеистых бетонов и ячеистых фибробетонов автоклавного и неавтоклавного твердения для жилых, производственных и сельскохозяйственных зданий с сухим, нормальным и влажным режимами эксплуатации с относительной влажностью воздуха не более 75% и неагрессивной средой",Конструкции,2022-12-27,2025-08-26T04:15:16.819274+00:00,"Настоящий свод правил устанавливает требования к проектированию бетонных и железобетонных конструкций и кладки из ячеистых бетонов и фибробетонов, предназначенных для различных зданий. Документ учитывает условия эксплуатации и не распространяется на предварительно напряженные конструкции и панели специального назначения.",Свод правил,СП 339.1325800.2017_Конструкции из ячеистых бетонов. Правила проектирования (с изменением 1).pdf,Свод Правил Конструкции Из Ячеистых Бетонов. Правила Проектирования,"['проектирование конструкций', 'бетон', 'железобетон', 'ячеистый бетон', 'энергосбережение', 'пожарная безопасность']","['свод правил', 'ячеистый бетон', 'проектирование', 'конструкции', 'железобетон', 'фибробетон', 'строительство', 'здания']",русский,345,339.1325800.2017,5,86.9,14.1,Изменение N 1,СП 339.1325800.2017_Конструкции из ячеистых бетонов. Правила проектирования (с изменением 1).pdf,Действующий,96
"Проектирование и монтаж холодных и горячих водопроводов и трубопроводов водяного отопления из труб из ""сшитого"" полиэтилена (ПЭ-С) во вновь возводимых, реконструируемых или капитально ремонтируемых зданиях и сооружениях.",Системы водоснабжения,2018-03-19,2025-08-26T04:15:21.389517+00:00,"Настоящий свод правил устанавливает нормы проектирования и монтажа систем водоснабжения и отопления зданий с использованием труб из ""сшитого"" полиэтилена ПЭ-С. В документе рассмотрены особенности трассировки и монтажа трубопроводов, а также выбор оптимальных мест креплений. Не распространяется на специальные объекты, такие как защитные сооружения гражданской обороны и здания с особыми условиями эксплуатации.",Свод правил,СП 344.1325800.2017 Системы водоснабжения и отопления внутренние с использованием труб из сшитого полиэтилена..pdf,"Свод правил Системы водоснабжения и отопления зданий внутренние с использованием труб из ""сшитого"" полиэтилена. Правила проектирования и монтажа","['нормы проектирования', 'монтаж трубопроводов', 'применение труб из сшитого полиэтилена', 'проектирование внутренних систем водоснабжения и отопления']","['водоснабжение', 'отопление', 'сшитый полиэтилен', 'монтаж трубопроводов', 'проектирование систем', 'трубопроводы водяного отопления', 'холодное и горячее водоснабжение']",Русский,300,344.1325800.2017,5,94.7,0.0,Введен впервые,СП 344.1325800.2017 Системы водоснабжения и отопления внутренние с использованием труб из сшитого полиэтилена..pdf,Действующий,41
"Проектирование, строительство, реконструкция, капитальный ремонт и техническое перевооружение систем газовоздушных трактов котельных установок мощностью до 150 МВт",Отопление,2018-03-16,2025-08-26T04:15:24.894778+00:00,"Данный свод правил устанавливает требования к проектированию, строительству, реконструкции, капитальному ремонту и техническому перевооружению систем газовоздушных трактов котельных тепловой мощностью до 150 МВт, обеспечивая безопасность и эксплуатационные характеристики согласно действующему законодательству.",Свод правил,СП 346.1325800.2017_Системы газовоздушных трактов котельных установок мощностью до 150 МВт.pdf,Свод правил Системы газовоздушных трактов котельных установок мощностью до 150 МВт. Правила проектирования,"['требования к проектированию', 'эксплуатационные характеристики', 'безопасность котельных', 'материалы и технологии']","['газовоздушные тракты', 'котельные установки', 'проектирование', 'безопасность', 'тепловая мощность']",Русский,234,346.1325800.2017,5,92.6,1.1,Введен впервые,СП 346.1325800.2017_Системы газовоздушных трактов котельных установок мощностью до 150 МВт.pdf,Действующий,40
"Эксплуатация внутренних систем отопления, горячего и холодного водоснабжения зданий и сооружений",Отопление,2018-06-06,2025-08-26T04:15:28.373751+00:00,"Свод правил устанавливает основные положения по эксплуатации внутренних систем отопления, горячего и холодного водоснабжения зданий и сооружений, обеспечивая условия для жизнедеятельности людей, безопасность и надежную работу оборудования при соблюдении эксплуатационных параметров согласно проектным данным и нормативным документам.",Свод правил,"СП 347.1325800.2017 Внутренние системы отопления, горячего и холодного водоснабжения. Правила эксплуатации.pdf","СП 347.1325800.2017 Внутренние системы отопления, горячего и холодного водоснабжения. Правила эксплуатации","['эксплуатация систем отопления', 'горячее и холодное водоснабжение', 'теплоснабжение', 'трубопроводы']","['внутренние системы отопления', 'горячее водоснабжение', 'холодное водоснабжение', 'правила эксплуатации', 'теплоснабжение']",Русский,186,347.1325800.2017,5,97.0,3.2,Введен впервые,"СП 347.1325800.2017 Внутренние системы отопления, горячего и холодного водоснабжения. Правила эксплуатации.pdf",Действующий,31
"Проектирование новых и реконструкция существующих индустриальных парков и промышленных кластеров, расположенных на территории городских и сельских поселений",Архитектура,2023-12-22,2025-08-26T04:15:32.019806+00:00,Данный свод правил устанавливает требования к проектированию индустриальных парков и промышленных кластеров. Он включает правила планировки и застройки таких объектов и направлен на обеспечение безопасности и эффективности строительства.,Свод правил,"СП 348.1325800.2017_Индустриальные парки и промышленные кластеры. Правила проектирования (с изменениями 1, 2).pdf",Свод правил Индустриальные парки и промышленные кластеры. Правила проектирования,"['Требования к проектированию', 'Правила планировки', 'Реконструкция и новое строительство']","['индустриальные парки', 'промышленные кластеры', 'проектирование', 'планировка', 'застройка']",Русский,394,348.1325800.2017,5,79.4,1.1,"Изменения N 2, утв. Приказом Минстроя России от 22.12.2023 N 975/пр","СП 348.1325800.2017_Индустриальные парки и промышленные кластеры. Правила проектирования (с изменениями 1, 2).pdf",Действующий,104
Проектирование бетонных и железобетонных конструкций из легких бетонов для зданий и сооружений в климатических условиях Российской Федерации,Строительство,2020-12-15,2025-08-26T04:15:35.554375+00:00,"Свод правил устанавливает требования к проектированию бетонных и железобетонных конструкций из легких бетонов для различных зданий и сооружений в климатических условиях России. Документ подготовлен АО ""НИЦ ""Строительство"" - НИИЖБ им. А.А. Гвоздева и утвержден Министерством строительства и жилищно-коммунального хозяйства РФ. Включает технические нормы, условия применения и исключения.",Свод правил,СП 351.1325800.2017_Бетонные и железобетонные конструкции из легких бетонов. Правила проектирования (с изменением 1).pdf,Свод правил Бетонные и железобетонные конструкции из легких бетонов Правила проектирования,"['технические регламенты', 'проектные нормы', 'легкие бетоны', 'строительные конструкции']","['бетонные конструкции', 'железобетонные конструкции', 'легкие бетоны', 'проектирование', 'строительство', 'нормативные документы']",Русский,352,351.1325800.2017,5,78.6,0.7,Изменение N 1,СП 351.1325800.2017_Бетонные и железобетонные конструкции из легких бетонов. Правила проектирования (с изменением 1).pdf,Действующий,171
Проектирование каркасных железобетонных сборных конструкций многоэтажных зданий,Конструкции,2018-06-14,2025-08-26T04:15:39.066889+00:00,"Данный свод правил устанавливает правила проектирования каркасных железобетонных сборных конструкций многоэтажных зданий. Включает унификацию габаритных схем, классификацию конструктивных схем, расчет несущей системы здания и проектирование различных элементов железобетонных конструкций.",Свод правил,СП 356.1325800.2017_Конструкции каркасные железобетонные сборные многоэтажных зданий.pdf,Свод правил СП 356.1325800.2017 Конструкции каркасные железобетонные сборные многоэтажных зданий. Правила проектирования,"['унфикационные схемы', 'конструктивные схемы', 'расчет несущих систем', 'железобетонные конструкции', 'фундаменты', 'колонны', 'ригели', 'плиты перекрытий']","['каркасные конструкции', 'железобетонные конструкции', 'сборные конструкции', 'многоэтажные здания', 'проектирование']",Русский,262,356.1325800.2017,5,83.9,25.0,Введен впервые,СП 356.1325800.2017_Конструкции каркасные железобетонные сборные многоэтажных зданий.pdf,Действующий,83
Защитные мероприятия в зоне влияния строительства подземных объектов,Здания и сооружения,2018-05-15,2025-08-26T04:15:42.663517+00:00,"Данный свод правил устанавливает требования и рекомендации по проведению защитных мероприятий при строительстве подземных объектов, включая инженерно-геологические и геотехнические изыскания, обследование конструкций существующих зданий, оценку влияния строительства на окружающую застройку и проектирование защитных мероприятий.",Свод правил,СП 361.1325800.2017_Здания и сооружения. Защитные мероприятия в зоне влияния строительства подземных объектов.pdf,Свод правил СП 361.1325800.2017 Здания и сооружения. Защитные мероприятия в зоне влияния строительства подземных объектов,"['область применения', 'нормативные ссылки', 'термины и определения', 'требования к инженерно-геологическим и инженерно-геотехническим изысканиям', 'обследование конструкций зданий и сооружений', 'оценка влияния нового строительства', 'проектирование мероприятий']","['защитные мероприятия', 'строительство подземных объектов', 'инженерно-геологические изыскания', 'обследование конструкций', 'оценка влияния строительства', 'проектирование защитных мероприятий']",Русский,270,361.1325800.2017,5,93.5,0.9,Введен впервые,СП 361.1325800.2017_Здания и сооружения. Защитные мероприятия в зоне влияния строительства подземных объектов.pdf,Действующий,61
"Проектирование и расчет ограждающих конструкций крыш, наружных стен, подвесных потолков и внутренних перегородок с применением трехслойных панелей типа сэндвич",Архитектура,2021-12-27,2025-08-26T04:15:46.283465+00:00,"Настоящий свод правил содержит требования по расчету и проектированию ограждающих конструкций из трехслойных панелей типа сэндвич, включая использование различных утеплителей. Документ разработан для совершенствования технологий проектирования, производства и устройства ограждающих конструкций из трехслойных панелей.",Свод правил,СП 362.1325800.2017_Ограждающие конструкции из трехслойных панелей. Правила проектирования (с изменением 1).pdf,СП 362.1325800.2017 Ограждающие конструкции из трехслойных панелей. Правила проектирования,"['требования к проектированию', 'расчет ограждающих конструкций', 'нормативные ссылки']","['ограждающие конструкции', 'трехслойные панели', 'сэндвич панели', 'проектирование', 'расчет']",Русский,266,362.1325800.2017,5,87.9,2.8,Изм.1,СП 362.1325800.2017_Ограждающие конструкции из трехслойных панелей. Правила проектирования (с изменением 1).pdf,Действующий,84
"Проектирование новых, реконструкция и капитальный ремонт существующих светопрозрачных покрытий с монтажной профильной системой из алюминиевых, стальных, деревянных и полимерных элементов с заполнением из стекла, стеклопакетов, полимерных панелей, мембран и световых фонарей применяемых в зданиях различных назначений в России",Архитектура,2021-12-28,2025-08-26T04:15:51.193518+00:00,"Данный свод правил устанавливает требования к проектированию светопрозрачных покрытий и фонарей зданий и сооружений. Он распространяется на новые проекты, реконструкцию и капитальный ремонт покрытий с профильными системами из алюминия, стали, дерева и полимеров с различными видами заполнений. Документ разработан в соответствии с требованиями федеральных законов и утвержден Минстроем России.",Свод правил,СП 363.1325800.2017_Покрытия светопрозрачные и фонари зданий и сооружений. Правила проектирования (с изменением 1).pdf,Свод правил Покрытия светопрозрачные и фонари зданий и сооружений Правила проектирования,"['проектирование светопрозрачных покрытий', 'реконструкция зданий', 'капитальный ремонт', 'материалы покрытий', 'требования безопасности', 'системы профилей', 'нормативные ссылки']","['свод правил', 'светопрозрачные покрытия', 'фонари зданий', 'проектирование', 'монтажные профильные системы', 'алюминиевые профили', 'стальные профили', 'деревянные профили', 'полимерные элементы', 'многослойное стекло', 'стеклопакеты', 'полимерные панели', 'полимерные мембраны', 'ЭТФЭ', 'световые фонари']",Русский,229,363.1325800.2017,5,91.9,3.0,Изм. 1,СП 363.1325800.2017_Покрытия светопрозрачные и фонари зданий и сооружений. Правила проектирования (с изменением 1).pdf,Действующий,60
монтаж и испытание вертикальных цилиндрических стальных резервуаров номинальным объемом от 100 до 120 000 м3 включительно,Строительство,2018-06-14,2025-08-26T04:15:55.639177+00:00,"Настоящий свод правил устанавливает требования к производству и приемке работ при монтаже и испытании вертикальных цилиндрических стальных резервуаров для хранения нефтепродуктов. Документ исключает применение для изотермических резервуаров для хранения сжиженных газов и регулирует стальные конструкции резервуаров, включая их сварные соединения.",Свод правил,СП 365.1325800.2017_Резервуары вертикальные цилиндрические стальные для хранения нефтепродуктов.pdf,Свод правил Резервуары вертикальные цилиндрические стальные для хранения нефтепродуктов. Правила производства и приемки работ при монтаже,"['требования к монтажу', 'правила приемки работ', 'техническое регулирование', 'строительные конструкции']","['резервуары вертикальные цилиндрические стальные', 'нефтепродукты', 'монтаж', 'приемка работ', 'испытание', 'сварные соединения']",Русский,176,365.1325800.2017,5,90.5,0.0,Введен впервые,СП 365.1325800.2017_Резервуары вертикальные цилиндрические стальные для хранения нефтепродуктов.pdf,Действующий,115
"Стальные промысловые трубопроводы, расположенные на территории месторождений нефти и предназначенные для транспортирования продукции добывающих и нагнетательных скважин, участвующих в технологическом процессе добычи нефти и сопутствующего нефтяного газа",Промысловые трубопроводы,2018-06-19,2025-08-26T04:16:00.591652+00:00,"Данный свод правил регулирует оценку технических решений промысловых стальных трубопроводов на основе анализа риска. Документ распространяется на трубопроводы нефтяных месторождений, участвующих в технологическом процессе добычи нефти и сопутствующего нефтяного газа, и исключает неметаллические и некоторые технологические трубопроводы и сети водоснабжения, канализации и газовых месторождений. Разработан ООО ""Трансэнергострой"" и утвержден Министерством строительства и жилищно-коммунального хозяйства Российской Федерации в 2018 году.",Свод правил,СП 366.1325800.2017_Промысловые трубопроводы. Оценка технических решений на основе анализа риска.pdf,Свод правил Промысловые трубопроводы. Оценка технических решений на основе анализа риска,"['надежность конструкций', 'менеджмент риска', 'нормативные документы']","['промысловые трубопроводы', 'анализ риска', 'технические решения', 'нефтегазовая промышленность', 'оценка надежности']",Русский,256,366.1325800.2017,5,91.8,0.0,Введен впервые,СП 366.1325800.2017_Промысловые трубопроводы. Оценка технических решений на основе анализа риска.pdf,Действующий,41
Проектирование естественного и совмещенного освещения жилых и общественных зданий,Архитектура,2022-12-20,2025-08-26T04:16:04.929265+00:00,"Данный свод правил устанавливает методы расчета нормируемых параметров естественного освещения помещений с боковой и верхней системами освещения, учитывая городскую застройку и схемы расположения зданий. Документ разработан для проектирования освещения в жилых и общественных зданиях.",Свод правил,"СП 367.1325800.2017_Здания жилые и общественные. Правила проектирования естественного и совмещенного освещения (с изменениями 1, 2).pdf",Свод правил Здания жилые и общественные Правила проектирования естественного и совмещенного освещения,"['методы расчета естественного освещения', 'нормируемые параметры освещения', 'дневное освещение', ' Lighting design']","['естественное освещение', 'совмещенное освещение', 'проектирование', 'жилые здания', 'общественные здания', 'коэффициент естественной освещенности']",русский,368,367.1325800.2017,5,66.8,9.1,"Изменения N 2, утв. Приказом Минстроя России от 20.12.2022 N 1092/пр","СП 367.1325800.2017_Здания жилые и общественные. Правила проектирования естественного и совмещенного освещения (с изменениями 1, 2).pdf",Действующий,222
Проектирование капитального ремонта многоквартирных жилых зданий высотой до 75 м,Архитектура,2020-12-30,2025-08-26T04:16:09.798013+00:00,"Свод правил устанавливает требования на проектирование капитального ремонта многоквартирных жилых зданий высотой до 75 м, разработан с учетом федеральных законов и содержит изменения, утвержденные в 2020 году. Документ предназначен для применения в строительстве и архитектуре жилых зданий.",Свод правил,СП 368.1325800.2017_Здания жилые. Правила проектирования капитального ремонта (с изменением 1).pdf,Свод правил Здания жилые Правила проектирования капитального ремонта,"['требования проектирования', 'нормативные ссылки', 'жилые здания', 'капитальный ремонт']","['свод правил', 'капитальный ремонт', 'многоквартирные жилые здания', 'проектирование', 'архитектура', 'строительство']",русский,172,368.1325800.2017,5,93.1,1.1,Изм. 1,СП 368.1325800.2017_Здания жилые. Правила проектирования капитального ремонта (с изменением 1).pdf,Действующий,59
Проектирование солнцезащитных устройств при строительстве и реконструкции зданий,Архитектура,2023-12-28,2025-08-26T04:16:14.424697+00:00,"Данный свод правил устанавливает требования и рекомендации по проектированию солнцезащитных устройств для зданий с целью обеспечения энергетической эффективности и комфорта. Включает положения, соответствующие федеральным законам о безопасности зданий и энергосбережении.",Свод правил,"СП 370.1325800.2017_Устройства солнцезащитные зданий. Правила проектирования (с изменениями 1, 2).pdf",Свод правил Устройства солнцезащитные зданий. Правила проектирования,"['требования к проектированию', 'солнечные защитные устройства', 'энергетическая эффективность', 'строительные нормы и правила']","['солнцезащитные устройства', 'проектирование', 'здания', 'энергосбережение', 'строительство', 'реконструкция']",русский,253,370.1325800.2017,5,78.6,1.7,"Изменения N 2, утвержденные 28.12.2023","СП 370.1325800.2017_Устройства солнцезащитные зданий. Правила проектирования (с изменениями 1, 2).pdf",Действующий,170
Проектирование съемных опалубок всех типов для возведения зданий и сооружений,Строительство,2018-06-12,2025-08-26T04:16:18.445736+00:00,"Свод правил направлен на совершенствование правил проектирования опалубки, повышение ее качества, развитие технологии опалубочных работ и возведения монолитных конструкций. Применяется при проектировании съемных опалубок всех типов, исключая пневматическую и туннельную опалубки.",Свод правил,СП 371.1325800.2017_Опалубка. Правила проектирования.pdf,Свод правил Опалубка Правила проектирования,"['правила проектирования', 'технология опалубочных работ', 'классификация опалубок', 'нормативные ссылки']","['опалубка', 'проектирование', 'монолитные конструкции', 'съемные опалубки']",русский,190,371.1325800.2017,5,91.5,2.9,Введен впервые,СП 371.1325800.2017_Опалубка. Правила проектирования.pdf,Действующий,87
"Эксплуатация жилых многоквартирных зданий, в том числе эксплуатационный контроль, техническое обслуживание и ремонт",Здания жилые многоквартирные,2022-12-21,2025-08-26T04:16:22.332177+00:00,"Настоящий свод правил устанавливает требования к эксплуатации жилых многоквартирных зданий, включая эксплуатационный контроль, техническое обслуживание и ремонт. Документ разработан для соблюдения требований федеральных законов о техническом регулировании и безопасности зданий.",Свод правил,СП 372.1325800.2018_Здания жилые многоквартирные. Правила эксплуатации (с изменением 1).pdf,Свод правил Здания жилые многоквартирные Правила эксплуатации,"['нормативные ссылки на ГОСТ и СНиП', 'эксплуатация жилых зданий', 'техническое обслуживание и ремонт']","['жилые многоквартирные здания', 'эксплуатация', 'техническое обслуживание', 'ремонт', 'эксплуатационный контроль', 'безопасность зданий', 'техническое регулирование']",русский,290,372.1325800.2018,5,88.6,2.7,Изменение N 1,СП 372.1325800.2018_Здания жилые многоквартирные. Правила эксплуатации (с изменением 1).pdf,Действующий,38
"Проектирование вновь строящихся и реконструируемых автономных источников теплоснабжения крышных, встроенных и пристроенных котельных для теплоснабжения систем отопления, вентиляции, горячего водоснабжения жилых, общественных и производственных зданий",Отопление,2022-12-23,2025-08-26T04:16:29.131350+00:00,"Настоящий свод правил регулирует проектирование автономных источников теплоснабжения, интегрированных в здания, обеспечивая соблюдение требований безопасности и энергоэффективности. Документ разработан с учетом технических регламентов о безопасности зданий и энергосбережении и содержит правила для систем отопления жилых многоквартирных, общественных и промышленных зданий.",Свод правил,СП 373.1325800.2018_Источники теплоснабжения автономные. Правила проектирования (с изменением 1).pdf,Свод Правил Источники Теплоснабжения Автономные. Правила Проектирования,"['проектирование автономных источников теплоснабжения', 'требования безопасности', 'энергетическая эффективность', 'крышные котельные', 'встроенные котельные', 'пристроенные котельные']","['источники теплоснабжения', 'автономные', 'правила проектирования', 'котельные', 'отопление', 'энергосбережение', 'безопасность зданий']",Русский,286,373.1325800.2018,5,92.4,3.6,"Изменение N 1, утв. Приказом Минстроя России от 23.12.2022 N 1116/пр",СП 373.1325800.2018_Источники теплоснабжения автономные. Правила проектирования (с изменением 1).pdf,Действующий,64
"Эксплуатация животноводческих, птицеводческих и звероводческих зданий и помещений для содержания сельскохозяйственных животных, птицы и разводимых в клетках зверей и кроликов. Также для зданий и помещений ветеринарных объектов.",Строительство,2022-12-16,2025-08-26T04:16:33.822802+00:00,"Настоящий свод правил содержит требования по безопасной эксплуатации зданий и помещений для хранения и переработки сельскохозяйственной продукции, а также эксплуатации зданий и помещений для содержания сельскохозяйственных животных, птицы и зверей. Документ утвержден Министерством строительства и жилищно-коммунального хозяйства Российской Федерации 25 мая 2018 года с изменениями от 16 декабря 2022 года.",Свод правил,"СП 374.1325800.2018_Здания и помещения животноводческие, птицеводческие и звероводческие. Правила эксплуатации (с изменением 1).pdf","Свод правил Здания и помещения животноводческие, птицеводческие и звероводческие. Правила эксплуатации","['эксплуатация зданий', 'животноводство', 'птицеводство', 'звероводство', 'строительство', 'технические регламенты']","['свод правил', 'животноводческие здания', 'птицеводческие здания', 'звероводческие здания', 'эксплуатация', 'строительство', 'безопасность']",Русский,215,374.1325800.2018,5,85.6,1.3,Изм.1,"СП 374.1325800.2018_Здания и помещения животноводческие, птицеводческие и звероводческие. Правила эксплуатации (с изменением 1).pdf",Действующий,88
"Проектирование промышленных дымовых и вентиляционных труб, включая фундаменты с несущими стволами из кирпича, железобетона, стали, полимерных композитов, а также газоотводящих стволов, поддерживаемых несущими конструкциями",Промышленные дымовые трубы,2024-01-29,2025-08-26T04:16:38.434988+00:00,"Настоящий свод правил устанавливает требования к проектированию промышленных дымовых и вентиляционных труб с различными конструкциями, включая фундаменты. Документ разработан для соблюдения федеральных законов о техническом регулировании и безопасности зданий и сооружений, утвержден Минстроем России и введен в действие с 29 января 2024 года.",Свод правил,СП 375.1325800.2023_Трубы промышленные дымовые Правила проектирования.pdf,Свод правил Трубы промышленные дымовые. Правила проектирования,"['проектирование дымовых труб', 'технические требования', 'конструкционные материалы', 'нормативные ссылки']","['промышленные дымовые трубы', 'правила проектирования', 'фундаменты', 'кирпич', 'железобетон', 'сталь', 'полимерные композиты', 'газоотводящие стволы', 'безопасность зданий', 'техническое регулирование']",Русский,284,375.1325800.2023,5,89.1,0.5,Пересмотр СП 375.1325800.2017,СП 375.1325800.2023_Трубы промышленные дымовые Правила проектирования.pdf,Действующий,107
Проектирование жилых зданий и помещений для временного проживания,Архитектура,2018-06-02,2025-08-26T04:16:41.834856+00:00,"Данный свод правил устанавливает требования к проектированию жилых зданий и помещений, предназначенных для временного проживания, включая требования к планировке, конструктивным решениям, пожарной безопасности, санитарно-эпидемиологическим нормам, инженерным системам, долговечности и энергосбережению.",Свод правил,СП 376.1325800.2017_Жилые здания и помещения для временного проживания. Правила проектирования.pdf,Свод правил Жилые здания и помещения для временного проживания Правила проектирования,"['объемно-планировочная структура', 'пожарная безопасность', 'санитарно-эпидемиологические требования', 'инженерные системы', 'энергосбережение']","['жилые здания', 'временное проживание', 'проектирование', 'пожарная безопасность', 'санитарно-эпидемиологические требования', 'инженерные системы', 'энергосбережение']",Русский,103,376.1325800.2017,5,97.4,0.0,Введен впервые,СП 376.1325800.2017_Жилые здания и помещения для временного проживания. Правила проектирования.pdf,Действующий,20
Правила эксплуатации портовых сооружений,Сооружения портовые,2018-06-12,2025-08-26T04:16:45.205705+00:00,"Свод правил устанавливает правила эксплуатации портовых сооружений, включая режим эксплуатации, техническое обслуживание и ремонт различных объектов, таких как гидротехнические сооружения, крытые и открытые склады.",Свод правил,СП 377.1325800.2017_Сооружения портовые. Правила эксплуатации.pdf,Свод правил СП 377.1325800.2017 Сооружения портовые. Правила эксплуатации,"['эксплуатация портовых сооружений', 'охрана окружающей среды', 'техническое обслуживание', 'ремонт']","['портовые сооружения', 'эксплуатация', 'техническое обслуживание', 'ремонт', 'гидротехнические сооружения', 'склады']",русский,246,377.1325800.2017,5,96.6,0.0,Введен впервые,СП 377.1325800.2017_Сооружения портовые. Правила эксплуатации.pdf,Действующий,28
Проектирование и строительство морских трубопроводов,Строительство,2018-05-26,2025-08-26T04:16:48.487271+00:00,"Документ содержит правила проектирования и строительства морских трубопроводов, включая выбор трассы, конструкцию, сварные соединения, защиту от коррозии, балластировку, заглубление, нагрузки, расчёты на прочность и общие требования по организации строительства.",Свод правил,СП 378.1325800.2017_Морские трубопроводы. Правила проектирования и строительства.pdf,Свод правил Морские трубопроводы Правила проектирования и строительства,"['требования к выбору трассы', 'конструкция морских трубопроводов', 'сварные соединения', 'защита от коррозии', 'балластировка', 'заглубление', 'расчеты на прочность', 'организация строительства']","['морские трубопроводы', 'проектирование', 'строительство', 'сварные соединения', 'коррозия', 'балластировка', 'нагрузки', 'прочность', 'устойчивость']",русский,267,378.1325800.2017,5,94.7,0.0,Введен впервые,СП 378.1325800.2017_Морские трубопроводы. Правила проектирования и строительства.pdf,Действующий,40
Проектирование общежитий и хостелов,Реконструкция зданий и сооружений,2018-12-06,2025-08-26T04:16:52.253764+00:00,"Свод правил СП 379.1325800.2018 устанавливает правила проектирования общежитий и хостелов. Документ содержит требования к земельным участкам, объемно-планировочным и конструктивным решениям, обеспечение пожарной безопасности, инженерно-техническому оборудованию, внутренней среде и энергосбережению.",Свод правил,СП 379.1325800.2018_Общежития. Правила проектирования.pdf,Свод правил СП 379.1325800.2018 Общежития и хостелы Правила проектирования,"['требования к объемно-планировочным решениям', 'конструкции и долговечность', 'пожарная безопасность', 'инженерно-техническое оборудование', 'внутренняя среда', 'энергосбережение']","['общежития', 'хостелы', 'правила проектирования', 'реконструкция зданий', 'пожарная безопасность', 'энергосбережение']",русский,226,379.1325800.2018,5,92.5,1.1,Введен впервые,СП 379.1325800.2018_Общежития. Правила проектирования.pdf,Действующий,28
"Проектирование зданий, сооружений и площадок, предназначенных для пожарных депо, включая пожарные депо и пожарно-спасательные комплексы для различных служб пожарной охраны, за исключением объектов обороны и специальных объектов",Пожарная безопасность,2020-12-23,2025-08-26T04:16:55.923856+00:00,"Данный свод правил устанавливает требования и правила проектирования зданий и сооружений, предназначенных для пожарных депо. В документе учтены требования федеральных законов по техническому регулированию безопасности зданий и пожарной безопасности. Включает положение по проектированию пожарных депо для разных типов поселений и организаций, с исключением объектов обороны и специальных назначений.",Свод правил,СП 380.1325800.2018_Здания пожарных депо. Правила проектирования (с изменением 1).pdf,Свод правил Здания пожарных депо Правила проектирования,"['технические регламенты', 'пожарная безопасность зданий', 'требования к пожарным депо', 'энергосбережение']","['проектирование', 'пожарные депо', 'пожарная безопасность', 'строительство']",Русский,292,380.1325800.2018,5,90.7,0.0,Изм.1,СП 380.1325800.2018_Здания пожарных депо. Правила проектирования (с изменением 1).pdf,Действующий,48
Проектирование подпорных сооружений,Строительство,2019-01-24,2025-08-26T04:16:59.014302+00:00,"Данный свод правил содержит требования и рекомендации по проектированию подпорных сооружений и конструкций крепления. Он включает общие положения, виды подпорных сооружений, инженерные изыскания, а также методики расчёта и проектирования различных типов подпорных сооружений.",Свод правил,СП 381.1325800.2018_Сооружения подпорные. Правила проектирования.pdf,Свод правил СП 381.1325800.2018 Сооружения подпорные. Правила проектирования,"['общие положения', 'виды подпорных сооружений', 'проектирование подпорных сооружений', 'проектирование конструкций крепления']","['подпорные сооружения', 'правила проектирования', 'инженерные изыскания', 'нагрузки и воздействия', 'конструкции крепления']",русский,338,381.1325800.2018,5,91.5,5.3,Введен впервые,СП 381.1325800.2018_Сооружения подпорные. Правила проектирования.pdf,Действующий,109
"Изготовление, проектирование и применение клееных деревянных конструкций с узловыми соединениями на вклеенных стержнях",Конструкции деревянные,2023-12-19,2025-08-26T04:17:07.654291+00:00,"Данный свод правил устанавливает методы расчета клееных деревянных конструкций на вклеенных стержнях. Документ направлен на повышение безопасности зданий и сооружений и обеспечивают нормативные требования к проектированию и изготовлению таких конструкций. Включает основные положения и изменения, утвержденные приказами Минстроя РФ.",Свод правил,"СП 382.1325800.2017_Конструкции деревянные клееные на вклеенных стрежнях. Методы расчета (с изменениями 1, 2).pdf",СП 382.1325800.2017 Конструкции деревянные клееные на вклеенных стержнях. Методы расчета,"['расчет конструкций', 'узловые соединения', 'нормативные требования', 'энергосбережение', 'пожарная безопасность']","['клееные деревянные конструкции', 'вклеенные стержни', 'методы расчета', 'проектирование', 'безопасность зданий']",русский,176,382.1325800.2017,5,84.5,20.0,Изменения N 2,"СП 382.1325800.2017_Конструкции деревянные клееные на вклеенных стрежнях. Методы расчета (с изменениями 1, 2).pdf",Действующий,89
"проектирование новых, реконструируемых и капитально ремонтируемых физкультурно-оздоровительных комплексов",Физкультурно-оздоровительные комплексы,2023-12-28,2025-08-26T04:17:11.602299+00:00,"Данный свод правил устанавливает требования к проектированию физкультурно-оздоровительных комплексов для повышения безопасности и улучшения условий физкультурно-оздоровительных занятий и отдыха населения. Разработан с учетом федеральных законов и нормативных документов в области строительства, энергосбережения и пожарной безопасности.",Свод правил,"СП 383.1325800.2018 Комплексы физкультурно-оздоровительные. Правила проектирования (с изменениями 1, 2).pdf",Свод Правил Комплексы Физкультурно-Оздоровительные Правила Проектирования,"['проектирование', 'безопасность', 'энергосбережение', 'пожарная безопасность', 'архитектурный облик']","['физкультурно-оздоровительные комплексы', 'проектирование', 'безопасность', 'физкультура', 'спорт', 'архитектура']",русский,206,383.1325800.2018,5,92.4,0.0,"Изменения N 2, утв. Приказом Минстроя России от 28.12.2023 N 1004/пр","СП 383.1325800.2018 Комплексы физкультурно-оздоровительные. Правила проектирования (с изменениями 1, 2).pdf",Действующий,45
Проектирование строительных тентовых конструкций,Конструкции строительные,2019-02-14,2025-08-26T04:17:15.824506+00:00,"Свод правил СП 384.1325800.2018 устанавливает правила проектирования строительных тентовых конструкций, включая требования к материалам, классификацию конструкций и методики расчета. Документ введен в действие с 14 февраля 2019 года и направлен на обеспечение требований технического регулирования и стандартизации.",Свод правил,СП 384.1325800.2018 Конструкции строительные тентовые. Правила проектирования.pdf,Свод правил СП 384.1325800.2018 Конструкции строительные тентовые. Правила проектирования,"['область применения', 'нормативные ссылки', 'термины и определения', 'общие положения', 'требования к проектированию', 'требования к материалам', 'классификация конструкций', 'методики расчета', 'конструктивные решения']","['строительные тентовые конструкции', 'проектирование', 'материалы', 'нормативные требования', 'мягкие оболочки', 'расчет конструкций']",русский,182,384.1325800.2018,5,94.0,5.4,Введен впервые,СП 384.1325800.2018 Конструкции строительные тентовые. Правила проектирования.pdf,Действующий,27
Проектирование новых и реконструкция зданий и сооружений различных конструктивных систем с обеспечением их защиты от прогрессирующего обрушения,Пожарная безопасность,2024-09-05,2025-08-26T04:17:19.397333+00:00,Настоящий свод правил устанавливает основные положения и общие требования по проектированию защиты зданий и сооружений от прогрессирующего обрушения при аварийной расчетной ситуации. Документ разработан для обеспечения соблюдения требований Федерального закона о техническом регулировании безопасности зданий и сооружений.,Свод правил,"СП 385.1325800.2018_Защита зданий и сооружений от прогрессирующего обрушения (с изменениями 1, 2, 3, 4).pdf",Свод Правил СП 385.1325800.2018 Защита зданий и сооружений от прогрессирующего обрушения. Правила проектирования. Основные положения,"['требования к проектированию', 'защита сооружений от обрушения', 'строительная безопасность']","['прогрессирующее обрушение', 'защита зданий', 'проектирование', 'аварийная расчетная ситуация']",Русский,271,385.1325800.2018,5,86.7,1.2,Изменения N 4,"СП 385.1325800.2018_Защита зданий и сооружений от прогрессирующего обрушения (с изменениями 1, 2, 3, 4).pdf",Действующий,43
Правила проектирования конструкций светопрозрачных из поликарбоната,Строительство,2019-01-12,2025-08-26T04:17:23.281469+00:00,"Данный свод правил устанавливает требования к проектированию конструкций светопрозрачных из поликарбоната, включая материалы, качество, безопасность эксплуатации и классификацию таких конструкций.",Свод правил,СП 386.1325800.2018_Конструкции светопрозрачные из поликарбоната. Правила проектирования.pdf,Свод правил 386.1325800.2018 Конструкции светопрозрачные из поликарбоната. Правила проектирования,"['материалы для светопрозрачных конструкций', 'требования к проектированию', 'качество и безопасность эксплуатации', 'типы поликарбонатных панелей', 'модульные конструкции', 'классификация конструкций']","['светопрозрачные конструкции', 'поликарбонат', 'правила проектирования', 'строительные материалы', 'безопасность']",русский,192,386.1325800.2018,5,90.1,0.9,Введен впервые,СП 386.1325800.2018_Конструкции светопрозрачные из поликарбоната. Правила проектирования.pdf,Действующий,38
"Проектирование железобетонных оболочек, складок и других тонкостенных пространственных конструкций покрытий и перекрытий зданий и сооружений промышленного, гражданского и сельскохозяйственного строительства с использованием тяжелого и мелкозернистого бетонов в климатических условиях Российской Федерации при статическом воздействии нагрузки.",Отопление,2023-12-11,2025-08-26T04:17:27.332399+00:00,"Свод правил устанавливает требования к расчету и проектированию железобетонных пространственных конструкций покрытий и перекрытий в соответствии с федеральным законодательством по техническому регулированию и безопасности зданий. Включает требования для условий эксплуатации в климате России и содержит изменения, утвержденные в 2019, 2021 и 2023 годах.",Свод правил,"СП 387.1325800.2018_Железобетонные пространственные конструкции покрытий и перекрытий (с изменениями 1, 2, 3).pdf",Свод правил Железобетонные пространственные конструкции покрытий и перекрытий Правила проектирования,"['расчет конструкций', 'проектирование', 'железобетон', 'климатические условия', 'нормативные требования']","['железобетонные конструкции', 'покрытия', 'перекрытия', 'проектирование', 'технический регламент', 'строительство']",Русский,413,387.1325800.2018,5,81.2,1.0,Изменения N 3,"СП 387.1325800.2018_Железобетонные пространственные конструкции покрытий и перекрытий (с изменениями 1, 2, 3).pdf",Действующий,347
"Проектирование вновь возводимых, реконструируемых и капитально ремонтируемых зданий, сооружений и комплексов православных храмов, а также помещений домовых церквей, встроенных в здания другого назначения. Проектирование монастырских комплексов, миссий и епархиальных центров.",Архитектура,2023-12-28,2025-08-26T04:17:33.534822+00:00,"Свод правил устанавливает требования к проектированию православных храмов, направленные на повышение уровня безопасности и соответствия зданий их функциональному назначению. Документ разработан с учетом технического регламента безопасности зданий и сооружений и дополняет нормативы по общественным зданиям. Включает правила для проектирования храмов и связанных с ними помещений, кроме объектов культурного наследия и временных храмов в сборно-разборных зданиях.",Свод правил,СП 391.1325800.2017_Храмы православные. Правила проектирования (с изменением 1).pdf,Свод правил Храмы православные. Правила проектирования,"['требования к проектированию', 'безопасность зданий', 'нормативные ссылки', 'общественные здания']","['храмы православные', 'правила проектирования', 'архитектура храмов', 'безопасность зданий', 'правила проектирования православных храмов']",русский,212,391.1325800.2017,5,96.2,0.3,Изм.1,СП 391.1325800.2017_Храмы православные. Правила проектирования (с изменением 1).pdf,Действующий,71
Строительство (реконструкция) линейной части магистральных и промысловых стальных трубопроводов условным диаметром до 1400 мм и избыточным давлением среды для объектов нефтегазовой отрасли Российской Федерации,Строительство,2019-02-07,2025-08-26T04:17:40.723958+00:00,"Настоящий свод правил устанавливает единые требования к ведению, оформлению и комплектации исполнительной документации при строительстве и реконструкции магистральных и промысловых трубопроводов для нефти и газа в РФ. Документ определяет формы и требования к исполнительной документации, применимой к объектам нефтегазовой отрасли.",Свод правил,СП 392.1325800.2018_Трубопроводы магистральные и промысловые для нефти и газа. ИД. Формы и требования к ведению и оформлению.pdf,Свод правил Трубопроводы магистральные и промысловые для нефти и газа. Исполнительная документация при строительстве. Формы и требования к ведению и оформлению,"['ведение исполнительной документации', 'требования к оформлению', 'строительство трубопроводов', 'стандартизация в нефтегазовой отрасли']","['исполнительная документация', 'трубопроводы магистральные', 'трубопроводы промысловые', 'строительство', 'нефтегазовая отрасль', 'требования к оформлению']",русский,569,392.1325800.2018,5,60.5,9.1,Введен впервые,СП 392.1325800.2018_Трубопроводы магистральные и промысловые для нефти и газа. ИД. Формы и требования к ведению и оформлению.pdf,Действующий,163
Строительство новых и реконструкция действующих магистральных и промысловых трубопроводов для нефти и газа номинальным диаметром до DN1400 мм и избыточным давлением не выше 10 МПа (магистральные) и 32 МПа (промысловые),Строительство,2019-02-22,2025-08-26T04:17:46.380703+00:00,"Свод правил устанавливает требования к организации строительного производства при строительстве и реконструкции магистральных и промысловых трубопроводов для нефти и газа. Документ учитывает нормы безопасности, технические регламенты и нормативные ссылки на ГОСТы по охране труда, пожарной безопасности и экологии.",Свод правил,СП 393.1325800.2018_Трубопроводы магистральные и промысловые для нефти и газа. Организация строительного производства.pdf,СП 393.1325800.2018 Трубопроводы магистральные и промысловые для нефти и газа. Организация строительного производства,"['трубопроводы', 'строительство', 'организация производства', 'безопасность', 'охрана природы']","['трубопроводы', 'организация строительства', 'нефть', 'газ', 'магистральные трубопроводы', 'промысловые трубопроводы', 'строительство', 'экология', 'охрана труда', 'пожарная безопасность']",русский,265,393.1325800.2018,5,89.9,2.2,Введен впервые,СП 393.1325800.2018_Трубопроводы магистральные и промысловые для нефти и газа. Организация строительного производства.pdf,Действующий,82
"Эксплуатационные требования к высотным зданиям и комплексам при нормальной эксплуатации, общественные здания высотой более 50 м и многофункциональные здания и комплексы с помещениями выше 50 м",Эксплуатация зданий и сооружений,2022-12-21,2025-08-26T04:17:51.267057+00:00,"Данный свод правил устанавливает требования к эксплуатации высотных зданий и комплексов в условиях нормальной эксплуатации, включая общественные здания высотой более 50 метров и многофункциональные здания с общественными помещениями выше 50 метров. В документе учтены федеральные законы и нормативные требования, связанные с техническими регламентами безопасности, градостроительным кодексом и энергосбережением.",Свод правил,СП 394.1325800.2018_Здания и комплексы высотные. Правила эксплуатации (с изменением 1).pdf,Свод правил Здания и комплексы высотные. Правила эксплуатации,"['эксплуатационные требования', 'высотное строительство', 'технические регламенты', 'нормы безопасности']","['высотные здания', 'эксплуатация', 'правила эксплуатации', 'общественные здания', 'многофункциональные здания', 'безопасность зданий', 'энергосбережение', 'пожарная безопасность']",Русский,239,394.1325800.2018,5,87.0,0.0,Изменение N 1,СП 394.1325800.2018_Здания и комплексы высотные. Правила эксплуатации (с изменением 1).pdf,Действующий,64
"Требования к территориям и объектам новых транспортно-пересадочных узлов пассажирского транспорта, их обустройство и элементы планировочной организации",Архитектура,2023-12-28,2025-08-26T04:17:55.558608+00:00,"Настоящий свод правил устанавливает требования к проектированию транспортно-пересадочных узлов пассажирского транспорта, их планировочной организации и обустройству. Документ не распространяется на вокзальные комплексы, железную дорогу и объекты метрополитена. Утвержден приказом Минстроя России от 21 сентября 2018 г. и введён в действие с 22 марта 2019 г., с изменениями по состоянию на 28 декабря 2023 г.",Свод правил,СП 395.1325800.2018_Транспортно-пересадочные узлы. Правила проектирования (с изменением 1).pdf,Свод правил Транспортно-пересадочные узлы Правила проектирования,"['транспортно-пересадочные узлы', 'проектирование', 'требования', 'пасажирский транспорт']","['транспортно-пересадочные узлы', 'проектирование', 'пассажирский транспорт', 'планировочная организация']",Русский,163,395.1325800.2018,5,94.4,0.0,"Изменение N 1, утв. Приказом Минстроя России от 28.12.2023 N 1004/пр",СП 395.1325800.2018_Транспортно-пересадочные узлы. Правила проектирования (с изменением 1).pdf,Действующий,36
Улицы и дороги в населенных пунктах,Градостроительство,2019-02-02,2025-08-26T04:17:58.797978+00:00,"Данный свод правил устанавливает требования и рекомендации по проектированию улиц и дорог в населенных пунктах. Включает нормы планировки, формирование транспортно-планировочного каркаса, а также общие положения градостроительного проектирования.",Свод правил,"СП 396.1325800.2018_Улицы и дороги населенных пунктов. Правила градостроительного проектирования (с изменениями 1, 2, 3).pdf",Свод правил Улицы и дороги населенных пунктов Правила градостроительного проектирования,"['правила проектирования', 'улично-дорожная сеть', 'планировка перекрестков', 'вертикальная планировка', 'организация движения']","['свод правил', 'улицы', 'дороги', 'населенные пункты', 'градостроительное проектирование', 'транспортно-планировочный каркас']",русский,256,396.1325800.2018,5,93.3,1.8,Введен впервые,"СП 396.1325800.2018_Улицы и дороги населенных пунктов. Правила градостроительного проектирования (с изменениями 1, 2, 3).pdf",Действующий,57
"Проектирование, реконструкция, капитальный ремонт зданий и сооружений конноспортивных комплексов",Архитектура,2023-12-28,2025-08-26T04:18:03.019033+00:00,"Свод правил устанавливает требования к градостроительным, объемно-планировочным, конструктивным и инженерным решениям зданий и сооружений конноспортивных комплексов. Разработан с учетом федеральных законов по техническому регулированию, безопасности зданий и сооружений, энергосбережению и обеспечению общественного порядка при спортивных соревнованиях.",Свод правил,СП 397.1325800.2018_Здания и сооружения конноспортивных комплексов. Правила проектирования (с изменением 1).pdf,Свод правил Здания и сооружения конноспортивных комплексов Правила проектирования,"['требования к проектированию', 'безопасность зданий и сооружений', 'энергетическая эффективность', 'пожарная безопасность']","['конноспортивные комплексы', 'проектирование', 'реконструкция', 'капитальный ремонт', 'градостроительные решения', 'конструктивные решения', 'инженерные решения']",Русский,185,397.1325800.2018,5,95.0,0.0,Изменения N 1,СП 397.1325800.2018_Здания и сооружения конноспортивных комплексов. Правила проектирования (с изменением 1).pdf,Действующий,23
"градостроительные требования к проектированию набережных общественного назначения на побережьях водных объектов общего пользования - морей, рек, естественных и искусственных водоемов",Градостроительство,2022-12-30,2025-08-26T04:18:08.338072+00:00,"Настоящий свод правил устанавливает градостроительные требования к проектированию набережных общественного назначения на побережьях морей, рек, озер, прудов, каналов и водохранилищ. Документ подготовлен для повышения уровня безопасности при проектировании набережных в соответствии с федеральными законами о техническом регулировании и безопасности зданий и сооружений. Изменения к своду правил утверждены приказом Минстроя России в 2022 году.",Свод правил,СП 398.1325800.2018_Набережные. Правила градостроительного проектирования (с изменением 1).pdf,Свод правил 398.1325800.2018 Правила градостроительного проектирования. Набережные,"['градостроительные требования', 'проектирование набережных', 'водные объекты общего пользования']","['набережные', 'градостроительное проектирование', 'проектирование набережных', 'водные объекты', 'безопасность зданий и сооружений', 'техническое регулирование', 'Минстрой России']",Русский,238,398.1325800.2018,5,92.5,0.0,Изменение N 1,СП 398.1325800.2018_Набережные. Правила градостроительного проектирования (с изменением 1).pdf,Действующий,59
Проектирование и строительство наружных сетей холодного водоснабжения и водоотведения из полимерных материалов,Системы водоснабжения и канализации,2022-05-30,2025-08-26T04:18:14.113961+00:00,"Свод правил содержит требования к проектированию и строительству трубопроводов и сооружений на наружных сетях водоснабжения и водоотведения из полимерных материалов. Включает правила использования полиэтилена, блок-сополимера пропилена, непластифицированного поливинилхлорида и ориентированного непластифицированного поливинилхлорида в различных условиях прокладки, включая бестраншейные методы и сложные климатические условия.",Свод правил,СП 399.1325800.2018_Системы водоснабжения и канализации наружные из полимерных материалов (с изменением 1).pdf,Свод правил Системы водоснабжения и канализации наружные из полимерных материалов Правила проектирования и монтажа,"['трубопроводы из полимерных материалов', 'нормативные требования проектирования', 'монтаж наружных сетей водоснабжения и канализации', 'условия эксплуатации в природно-климатических зонах']","['водоснабжение', 'канализация', 'полимерные материалы', 'проектирование', 'монтаж', 'трубопроводы', 'наружные сети']",русский,248,399.1325800.2018,5,87.5,64.6,Изм.1,СП 399.1325800.2018_Системы водоснабжения и канализации наружные из полимерных материалов (с изменением 1).pdf,Действующий,180
Правила градостроительного проектирования зданий и комплексов высотных,Градостроительство,2019-03-19,2025-08-26T04:18:18.356329+00:00,"Данный свод правил устанавливает градостроительные требования и условия размещения, планировки, а также инженерного обеспечения территорий высотных зданий и комплексов. Включает противопожарные требования и организацию транспортной инфраструктуры.",Свод правил,СП 401.1325800.2018_Здания и комплексы высотные. Правила градостроительного проектирования.pdf,Свод правил СП 401.1325800.2018 Здания и комплексы высотные. Правила градостроительного проектирования,"['градостроительные условия', 'противопожарные требования', 'транспортная инфраструктура', 'инженерное обеспечение']","['градостроительное проектирование', 'высотные здания', 'комплексы', 'противопожарные требования', 'транспортная инфраструктура', 'водоснабжение']",Русский,201,401.1325800.2018,5,97.1,1.2,Введен впервые,СП 401.1325800.2018_Здания и комплексы высотные. Правила градостроительного проектирования.pdf,Действующий,24
Проектирование систем газопотребления (внутренних сетей газопотребления) жилых зданий с использованием природного газа,Газопотребление,2022-12-19,2025-08-26T04:18:23.446202+00:00,"Настоящий свод правил устанавливает правила проектирования систем газопотребления внутренних сетей газопотребления одноквартирных и блокированных жилых домов, а также многоквартирных жилых зданий, где используется природный газ. Документ включает обновления, утвержденные в декабре 2022 года и учитывает требования ряда федеральных законов по градостроительству, безопасности и энергосбережению.",Свод правил,СП 402.1325800.2018_Здания жилые. Правила проектирования систем газопотребления (с изменением 1).pdf,Свод правил Здания жилые Правила проектирования систем газопотребления,"['нормативные документы', 'проекты газовых систем', 'безопасность газопотребления', 'требования к газопроводам']","['свод правил', 'здания жилые', 'системы газопотребления', 'проектирование', 'природный газ']",Русский,302,402.1325800.2018,5,94.3,1.2,Изменение N 1,СП 402.1325800.2018_Здания жилые. Правила проектирования систем газопотребления (с изменением 1).pdf,Действующий,49
Проектирование новых и реконструкция существующих решений по комплексному благоустройству территорий производственного назначения,Благоустройство территорий,2022-05-30,2025-08-26T04:18:26.876040+00:00,"Настоящий свод правил распространяется на проектирование благоустройства территорий производственного назначения, устанавливая требования к архитектурно-планировочным и ландшафтным решениям для создания безопасной производственной среды. Документ разработан с учетом соответствующих федеральных законов и нормативных документов, введен в действие приказом Минстроя России от 1 августа 2018 г. и обновлен изменением №1 от 30 мая 2022 г.",Свод правил,СП 403.1325800.2018_Территории производственного назначения. Правила проектирования благоустройства (с изменением 1).pdf,Свод правил Территории производственного назначения. Правила проектирования благоустройства,"['Проектирование', 'Благоустройство', 'Территории производственного назначения', 'Архитектура', 'Ландшафт']","['благоустройство', 'проектирование', 'территории производственного назначения', 'ландшафтные решения', 'архитектурно-планировочные решения']",русский,289,403.1325800.2018,5,88.8,0.0,Изменение №1,СП 403.1325800.2018_Территории производственного назначения. Правила проектирования благоустройства (с изменением 1).pdf,Действующий,52
Проектирование фибробетонных конструкций с неметаллической фиброй и полимерной арматурой для климатических условий России,Конструкции бетонные,2019-12-24,2025-08-26T04:18:30.926947+00:00,"Настоящий свод правил содержит требования к расчету и проектированию бетонных конструкций с неметаллической фиброй, армированных полимерной композитной арматурой. Правила распространяются на конструкции из тяжелого и мелкозернистого бетонов для эксплуатации в климатических условиях России с температурами от -70 °C до +50 °C.",Свод правил,СП 405.1325800.2018_Конструкции бетонные с неметаллической фиброй и полимерной арматурой.pdf,Свод правил Конструкции бетонные с неметаллической фиброй и полимерной арматурой Правила проектирования,"['расчет', 'проектирование', 'армирование', 'фибробетон', 'композитная арматура']","['фибробетон', 'неметаллическая фибра', 'полимерная арматура', 'бетонные конструкции', 'проектирование', 'климатические условия']",русский,345,405.1325800.2018,5,63.8,0.0,Введен впервые,СП 405.1325800.2018_Конструкции бетонные с неметаллической фиброй и полимерной арматурой.pdf,Действующий,64
"Настоящий свод правил распространяется на промысловые и магистральные стальные трубопроводы и устанавливает основные требования к выполнению сварочных работ, контролю качества сварных соединений при строительстве, реконструкции, капитальном ремонте и проведении строительного контроля за качеством строительно-монтажных работ на линейной части магистральных трубопроводов всех категорий согласно СП 86.13330 для нефти, нефтепродуктов и газа диаметрами до 1420 мм включительно с избыточным давлением среды до 10,0 МПа включительно, а также промысловых трубопроводов по ГОСТ Р 55990 и СП 284.1325800, транспортирующих не содержащие коррозионно-активные компоненты нефть и газ под избыточным давлением среды до 32 МПа.",Строительство,2019-03-20,2025-08-26T04:18:39.051223+00:00,"Свод правил устанавливает требования к монтажным работам, сварке и контролю сварных соединений в стальных магистральных и промысловых трубопроводах для нефти и газа. Документ применяется при строительстве, реконструкции и ремонте трубопроводов, а также при контроле качества строительно-монтажных работ на линейной части трубопроводов.",Свод правил,СП 406.1325800.2018_Трубопроводы магистральные и промысловые стальные для нефти и газа. Сварка и контроль ее выполнения.pdf,Свод правил Трубопроводы магистральные и промысловые стальные для нефти и газа. Монтажные работы. Сварка и контроль ее выполнения,"['требования к сварочным работам', 'контроль качества сварных соединений', 'строительство трубопроводов', 'монтажные технологии', 'нормативные ссылки']","['трубопроводы магистральные', 'трубопроводы промысловые', 'сталь', 'нефть', 'газ', 'монтажные работы', 'сварка', 'контроль сварки', 'строительство', 'реконструкция', 'капитальный ремонт']",русский,225,406.1325800.2018,5,93.2,5.1,Введен впервые,СП 406.1325800.2018_Трубопроводы магистральные и промысловые стальные для нефти и газа. Сварка и контроль ее выполнения.pdf,Действующий,66
"Проектирование организации строительства, производство и оценка качества земляных работ, выполняемых способом гидромеханизации при возведении земляного полотна автомобильных и железных дорог, строительстве каналов, берегозащитных сооружений, портов и других гидротехнических сооружений, для разработки грунтовых притрассовых и строительных (добычных) карьеров, объектов строительной инфраструктуры, а также рекультивации шламохранилищ, хвостохранилищ, золоотвалов",Земляные работы,2024-04-22,2025-08-26T04:18:43.880107+00:00,"Данный свод правил регламентирует проектирование, организацию строительства и производство земляных работ способом гидромеханизации с целью обеспечения требований безопасности зданий и сооружений и других нормативных требований. Документ разработан для различных сфер строительства, включая дороги, гидротехнические сооружения и карьеры.",Свод правил,СП 407.1325800.2024 Земляные работы. Правила проектирования организации строительства и производства работ способом гидромеханизации.pdf,Свод правил Земляные работы. Правила проектирования организации строительства и производства работ способом гидромеханизации,"['проектирование организации строительства', 'производство земляных работ', 'гидромеханизация', 'оценка качества работ']","['земляные работы', 'гидромеханизация', 'проектирование', 'строительство', 'качество работ']",русский,265,407.1325800.2024,5,85.0,1.7,Пересмотр СП 407.1325800.2018,СП 407.1325800.2024 Земляные работы. Правила проектирования организации строительства и производства работ способом гидромеханизации.pdf,Действующий,212
"плиты, свайно-плитные и свайные фундаменты из буронабивных свай и баретт при возведении высотных зданий",Конструкция фундаментов,2023-12-07,2025-08-26T04:18:48.417492+00:00,"Свод правил устанавливает требования к производству работ при устройстве плитных, свайно-плитных и свайных фундаментов из буронабивных свай и баретт для высотных зданий и сооружений. Документ разработан для реализации федеральных законов и технических регламентов, учитывая особенности геологических условий и конструктивные требования.",Свод правил,СП 412.1325800.2018_Конструкции фундаментов высотных зданий и сооружений. Правила производства работ (с изменением 1).pdf,Свод правил Конструкции фундаментов высотных зданий и сооружений. Правила производства работ,"['требования к устройству фундаментов', 'производство работ', 'высотные здания', 'буронабивные сваи', 'баретты']","['конструкция фундаментов', 'высотные здания', 'буронабивные сваи', 'баретты', 'производство работ', 'строительство']",русский,244,412.1325800.2018,5,90.6,5.3,Изменение N 1,СП 412.1325800.2018_Конструкции фундаментов высотных зданий и сооружений. Правила производства работ (с изменением 1).pdf,Действующий,85
"Проектирование конструкций зданий и сооружений, подвергающихся динамическим воздействиям, кроме сейсмических, ветровых и взрывных",Проектирование зданий и сооружений,2020-12-23,2025-08-26T04:18:51.835594+00:00,"Данный свод правил определяет требования к проектированию зданий и сооружений, подвергающихся динамическим воздействиям (кроме сейсмических, ветровых и взрывных). В документе учтены современные нормативные требования и изменения, утверждённые приказом Минстроя России от 23 декабря 2020 года.",Свод правил,"СП 413.1325800.2018_Здания и сооружения, подверженные динамическим воздействиям. Правила проектирования (с изменением 1).pdf","Свод правил Здания и сооружения, подверженные динамическим воздействиям. Правила проектирования","['проектирование конструкций зданий', 'динамические нагрузки', 'нормативные ссылки']","['свод правил', 'динамические воздействия', 'проектирование', 'здания и сооружения', 'Минстрой России', 'изменение 1']",Русский,394,413.1325800.2018,5,89.8,0.0,Изменение 1,"СП 413.1325800.2018_Здания и сооружения, подверженные динамическим воздействиям. Правила проектирования (с изменением 1).pdf",Действующий,71
"Проектирование монолитных и сборно-монолитных зданий и сооружений, возводимых с помощью несъемной опалубки",Строительство,2021-12-03,2025-08-26T04:18:55.203033+00:00,"Настоящий свод правил предназначен для проектирования монолитных и сборно-монолитных зданий и сооружений, возводимых с помощью несъемной опалубки. Документ разработан с учётом требований федеральных законов и содержит нормативные ссылки на соответствующие ГОСТы по безопасности труда и другим стандартам.",Свод правил,СП 414.1325800.2018_Несъемная опалубка. Правила проектирования (с изменением 1).pdf,Свод правил Несъемная опалубка Правила проектирования,"['проектирование', 'несъемная опалубка', 'строительство', 'нормативные документы', 'безопасность труда']","['несъемная опалубка', 'проектирование зданий', 'монолитные здания', 'сборно-монолитные здания', 'Строительство', 'техническое регулирование']",русский,261,414.1325800.2018,5,90.0,0.0,Изменение N 1,СП 414.1325800.2018_Несъемная опалубка. Правила проектирования (с изменением 1).pdf,Действующий,52
Акустическое проектирование общественных зданий,Архитектура,2019-05-16,2025-08-26T04:18:58.291325+00:00,"Свод правил содержит требования и рекомендации по акустическому проектированию общественных зданий, включая звукоизоляцию, акустические критерии, характеристики систем озвучения залов и состав проектной документации по акустике.",Свод правил,СП 415.1325800.2018_Здания общественные. Правила акустического проектирования.pdf,СП 415.1325800.2018 Здания общественные. Правила акустического проектирования,"['акустические требования', 'звукопоглощение', 'звукоизоляция', 'система озвучения']","['акустическое проектирование', 'звукоизоляция', 'общественные здания', 'система озвучения', 'акустические требования']",Русский,255,415.1325800.2018,5,95.8,0.0,Введен впервые,СП 415.1325800.2018_Здания общественные. Правила акустического проектирования.pdf,Действующий,23
Проектирование сооружений инженерной защиты берегов приливных морей,Инженерная защита берегов,2019-05-31,2025-08-26T04:19:01.424234+00:00,"Настоящий свод правил разработан для проектирования сооружений инженерной защиты берегов приливных морей с учетом требований федеральных законов и нормативных документов Российской Федерации. В документе определены термины, приведены нормативные ссылки и изложены правила проектирования.",Свод правил,СП 416.1325800.2018_Инженерная защита берегов приливных морей. Правила проектирования.pdf,Свод правил Инженерная защита берегов приливных морей Правила проектирования,"['нормативные документы', 'термины и определения', 'правила проектирования', 'гидротехнические сооружения', 'безопасность зданий и сооружений']","['инженерная защита берегов', 'приливные моря', 'правила проектирования', 'гидротехнические сооружения', 'проектирование']",Русский,216,416.1325800.2018,5,91.1,0.0,Введен впервые,СП 416.1325800.2018_Инженерная защита берегов приливных морей. Правила проектирования.pdf,Действующий,44
Проектирование зданий железнодорожных вокзалов,Архитектура,2019-06-06,2025-08-26T04:19:05.915469+00:00,"Свод правил устанавливает правила проектирования зданий железнодорожных вокзалов, включая требования к размещению, объемно-планировочным и конструктивным решениям, обеспечению пожарной и комплексной безопасности, инженерному оборудованию, а также санитарно-эпидемиологическим требованиям.",Свод правил,СП 417.1325800.2018_Железнодорожные вокзальные комплексы. Правила проектирования (с изменением 1).pdf,Свод правил СП 417.1325800.2018 Здания железнодорожных вокзалов. Правила проектирования,"['организация движения пассажиров и багажа', 'конструктивные решения', 'безопасность', 'инженерное оборудование', 'классификация вокзалов']","['здания железнодорожных вокзалов', 'проектирование', 'архитектура', 'оборудование', 'пожарная безопасность', 'санитарно-эпидемиологические требования']",русский,160,417.1325800.2018,5,96.4,0.0,Введен впервые,СП 417.1325800.2018_Железнодорожные вокзальные комплексы. Правила проектирования (с изменением 1).pdf,Действующий,32
Производственные здания,Архитектура,2021-12-03,2025-08-26T04:19:09.145134+00:00,"Свод правил устанавливает требования к проектированию и реконструкции естественного и совмещенного освещения производственных зданий, обеспечивая безопасные и комфортные условия для работы зрения. Включает методы расчета параметров естественного освещения, светотехнические параметры и принципы выбора искусственного освещения.",Свод правил,СП 419.1325800.2018_Здания производственные. Правила проектирования естественного и совмещенного освещения (с изменением 1).pdf,Свод правил Здания производственные Правила проектирования естественного и совмещенного освещения,"['естественное освещение', 'совмещенное освещение', 'проектирование зданий', 'светотехнические расчеты']","['проектирование', 'естественное освещение', 'совмещенное освещение', 'производственные здания', 'коэффициент естественной освещенности', 'освещение', 'реконструкция']",русский,317,419.1325800.2018,5,74.2,0.5,Изм.1,СП 419.1325800.2018_Здания производственные. Правила проектирования естественного и совмещенного освещения (с изменением 1).pdf,Действующий,228
"Строительство и контроль выполнения работ на подводных переходах через водные преграды магистральных и промысловых трубопроводов для нефти, газа и нефтепродуктопроводов",Строительство,2019-12-24,2025-08-26T04:19:13.358884+00:00,"Данный свод правил устанавливает требования по строительству и контролю выполнения работ на подводных переходах через водные преграды для магистральных и промысловых трубопроводов нефти и газа с условным диаметром до DN 1400 и определённым давлением. Включает методы укладки, балластировку трубопроводов, берегоукрепительные работы и охрану окружающей среды.",Свод правил,СП 422.1325800.2018_Трубопроводы магистральные и промысловые для нефти и газа. Строительство подводных переходов.pdf,Свод правил Трубопроводы магистральные и промысловые для нефти и газа. Строительство подводных переходов и контроль выполнения работ,"['строительство трубопроводов', 'подводные переходы', 'контроль работ', 'экологическая безопасность']","['магистральные трубопроводы', 'промысловые трубопроводы', 'нефть', 'газ', 'строительство подводных переходов', 'контроль выполнения работ', 'балластировка', 'горизонтальное направленное бурение', 'микротоннелирование']",Русский,247,422.1325800.2018,5,88.1,0.0,Введен впервые,СП 422.1325800.2018_Трубопроводы магистральные и промысловые для нефти и газа. Строительство подводных переходов.pdf,Действующий,95
"Электроустановки напряжением до 1 кВ переменного и до 1,2 кВ постоянного тока, применяемые во взрывоопасных зонах, кроме установок в подземных выработках, медицинских помещениях и др.",Электроустановки,2021-12-07,2025-08-26T04:19:17.755930+00:00,"Данный свод правил устанавливает требования к проектированию и выбору низковольтных электроустановок зданий и сооружений для эксплуатации во взрывоопасных зонах. Документ учитывает требования федеральных законов и технических регламентов, обеспечивая безопасность использования оборудования напряжением до 1 кВ переменного и до 1,2 кВ постоянного тока во взрывоопасных условиях.",Свод правил,СП 423.1325800.2018_Электроустановки низковольтные зданий и сооружений. Правила проектирования во взрывоопасных зонах (с изменением 1).pdf,Свод правил Электроустановки низковольтные зданий и сооружений. Правила проектирования во взрывоопасных зонах,"['требования к проектированию', 'взрывоопасные зоны', 'электроустановки низковольтные']","['низковольтные электроустановки', 'взрывоопасные зоны', 'проектирование', 'электрооборудование', 'безопасность']",русский,297,423.1325800.2018,5,85.1,11.5,Изм.1,СП 423.1325800.2018_Электроустановки низковольтные зданий и сооружений. Правила проектирования во взрывоопасных зонах (с изменением 1).pdf,Действующий,115
"Правила производства и контроля выполнения строительно-монтажных и пусконаладочных работ по электрохимической защите от коррозии магистральных и промысловых трубопроводов, транспортирующих нефть, газ, конденсат и продукты их переработки",Пожарная безопасность,2019-08-01,2025-08-26T04:19:22.914022+00:00,"Настоящий свод правил устанавливает правила производства и контроля выполнения строительно-монтажных и пусконаладочных работ по электрохимической защите от коррозии магистральных и промысловых трубопроводов. Документ разработан для обеспечения безопасности и эффективности работ по электрохимической защите трубопроводов, транспортирующих нефть, газ и продукты их переработки.",Свод правил,СП 424.1325800.2019_Трубопроводы магистральные и промысловые для нефти и газа. Производство работ по противокоррозионной защите.pdf,Свод правил Трубопроводы магистральные и промысловые для нефти и газа. Производство работ по противокоррозионной защите средствами электрохимзащиты и контроль выполнения работ,"['эксплуатация трубопроводов', 'противокоррозионная защита', 'строительно-монтажные работы', 'пусконаладочные работы', 'электрохимическая защита']","['противокоррозионная защита', 'электрохимзащита', 'магистральные трубопроводы', 'промысловые трубопроводы', 'нефть', 'газ', 'контроль выполнения работ']",русский,288,424.1325800.2019,5,82.6,0.0,Введен впервые,СП 424.1325800.2019_Трубопроводы магистральные и промысловые для нефти и газа. Производство работ по противокоррозионной защите.pdf,Действующий,72
Проектирование защитных мероприятий от эрозионных процессов на территориях,Инженерная защита территорий,2019-06-11,2025-08-26T04:19:26.542408+00:00,"Свод правил СП 425.1325800.2018 устанавливает правила проектирования инженерной защиты территорий от эрозионных процессов. Документ включает классификацию эрозионных процессов и мероприятий, методы расчета и конструирования противоэрозионных сооружений и мероприятий.",Свод правил,СП 425.1325800.2018_Инженерная защита территорий от эрозионных процессов. Правила проектирования.pdf,Свод правил СП 425.1325800.2018 Инженерная защита территорий от эрозионных процессов. Правила проектирования,"['инженерно-геологические изыскания', 'классификация эрозионных процессов', 'противоэрозионные мероприятия', 'расчет и конструирование сооружений']","['инженерная защита', 'эрозионные процессы', 'противоэрозионные мероприятия', 'противоэрозионные сооружения', 'проектирование']",русский,269,425.1325800.2018,5,97.6,0.0,Введен впервые,СП 425.1325800.2018_Инженерная защита территорий от эрозионных процессов. Правила проектирования.pdf,Действующий,36
Проектирование светопрозрачных фасадных систем зданий и сооружений,Архитектура,2018-11-29,2025-08-26T04:19:30.670073+00:00,"Свод правил содержит требования по проектированию светопрозрачных фасадных систем зданий и сооружений. Разработан на основании федеральных законов в области безопасности зданий, пожарной безопасности и энергоэффективности. Вводится впервые с 30 мая 2019 года.",Свод правил,СП 426.1325800.2018_Конструкции ограждающие светопрозрачные зданий и сооружений. Правила проектирования.pdf,СП 426.1325800.2018 Конструкции фасадные светопрозрачные зданий и сооружений. Правила проектирования,"['требования к светопрозрачным фасадам', 'конструктивные требования', 'противопожарные требования', 'испытания фасадных систем']","['фасадные конструкции', 'светопрозрачные системы', 'правила проектирования', 'проектирование фасадов', 'пожарная безопасность', 'энергосбережение']",Русский,207,426.1325800.2018,5,93.2,4.5,Введен впервые,СП 426.1325800.2018_Конструкции ограждающие светопрозрачные зданий и сооружений. Правила проектирования.pdf,Действующий,29
"Методы усиления каменных и армокаменных конструкций зданий и сооружений различного назначения, эксплуатируемых в климатических условиях Российской Федерации",Каменые и армокаменные конструкции,2023-08-09,2025-08-26T04:19:34.526770+00:00,"Свод правил устанавливает требования к методам усиления каменных и армокаменных конструкций, возведенных с применением различных материалов, и распространяется на здания и сооружения различного назначения, кроме объектов в сейсмоопасных районах, мостов, труб, тоннелей, гидротехнических сооружений и тепловых агрегатов.",Свод правил,"СП 427.1325800.2018_Каменные и армокаменные конструкции. Методы усиления (с изменениями 1, 2).pdf",СП 427.1325800.2018 Каменные и армокаменные конструкции Методы усиления,"['усиление конструкций', 'строительные материалы', 'нормативные требования']","['усиление', 'каменные конструкции', 'армокаменные конструкции', 'методы усиления', 'строительство', 'эксплуатация']",русский,238,427.1325800.2018,5,77.6,0.6,"Изменения N 2, от 09.08.2023","СП 427.1325800.2018_Каменные и армокаменные конструкции. Методы усиления (с изменениями 1, 2).pdf",Действующий,115
Строительство в лавиноопасных районах,Инженерные изыскания,2019-06-20,2025-08-26T04:19:39.015070+00:00,"Свод правил устанавливает общие требования к проведению инженерных изысканий для строительства в лавиноопасных районах. Включает требования для подготовки документации территориального планирования, архитектурно-строительного проектирования и строительства зданий и сооружений с учетом лавинной опасности.",Свод правил,СП 428.1325800.2018_Инженерные изыскания для строительства в лавиноопасных районах. Общие требования.pdf,Свод правил СП 428.1325800.2018 Инженерные изыскания для строительства в лавиноопасных районах. Общие требования,"['требования к инженерным изысканиям', 'подготовка проектной документации', 'расчеты лавинной активности']","['инженерные изыскания', 'лавиноопасные районы', 'строительство', 'проектирование', 'территориальное планирование']",Русский,268,428.1325800.2018,5,93.5,0.9,Введен впервые,СП 428.1325800.2018_Инженерные изыскания для строительства в лавиноопасных районах. Общие требования.pdf,Действующий,40
Проектирование ограждающих конструкций с эффективным утеплителем и тонколистовыми облицовками,Строительство,2019-06-26,2025-08-26T04:19:42.373643+00:00,"Данный свод правил устанавливает нормы и правила проектирования ограждающих конструкций с эффективным утеплителем и тонколистовыми облицовками. Включает классификацию конструкций, параметры материалов, методы расчета и конструктивные решения.",Свод правил,СП 429.1325800.2018_Конструкции ограждающие с эффективным утеплителем и тонколистовыми облицовками.pdf,Свод правил 429.1325800.2018 Конструкции ограждающие с эффективным утеплителем и тонколистовыми облицовками. Правила проектирования,"['Классификация конструкций', 'Параметры материалов', 'Расчет конструкций', 'Проектирование ограждающих конструкций']","['Конструкции ограждающие', 'Эффективный утеплитель', 'Тонколистовые облицовки', 'Правила проектирования', 'Расчет конструкций', 'Классификация конструкций']",Русский,190,429.1325800.2018,5,97.4,0.0,Введен впервые,СП 429.1325800.2018_Конструкции ограждающие с эффективным утеплителем и тонколистовыми облицовками.pdf,Действующий,28
"Проектирование конструктивных систем зданий (сооружений) гражданского назначения (жилые и общественные), в которых все основные несущие элементы выполнены из монолитного железобетона",Архитектура,2021-12-15,2025-08-26T04:19:46.063794+00:00,"Документ содержит требования к расчету и проектированию монолитных конструктивных систем жилых и общественных зданий и сооружений, а также их несущих элементов и узлов. Свод правил разработан с учетом требований федеральных законов и утвержден Министерством строительства России.",Свод правил,СП 430.1325800.2018_Монолитные конструктивные системы. Правила проектирования (с изменением 1).pdf,Свод правил Монолитные конструктивные системы. Правила проектирования,"['расчет конструкций', 'проектирование', 'монолитный железобетон', 'жилые и общественные здания']","['монолитные конструктивные системы', 'правила проектирования', 'монолитный железобетон', 'жилые здания', 'общественные здания', 'несущие элементы']",Русский,325,430.1325800.2018,5,77.4,1.2,Изменение N 1,СП 430.1325800.2018_Монолитные конструктивные системы. Правила проектирования (с изменением 1).pdf,Действующий,85
"Мониторинг огнезащитных покрытий несущих стальных, железобетонных, деревянных строительных конструкций зданий и сооружений, электрических кабелей и металлических воздуховодов",Пожарная безопасность,2019-01-24,2025-08-26T04:19:49.274625+00:00,"Настоящий свод правил регламентирует процедуру мониторинга технического состояния огнезащитных покрытий строительных конструкций, электрических кабелей и воздуховодов с целью оценки их состояния в процессе эксплуатации и принятия решений по ремонтно-восстановительным мероприятиям. Разработан с учетом федеральных законов и требований пожарной безопасности.",Свод правил,СП 432.1325800.2019_Покрытия огнезащитные. Мониторинг технического состояния.pdf,Свод правил Покрытия огнезащитные. Мониторинг технического состояния,"['мониторинг технического состояния', 'огнезащитные покрытия', 'строительные конструкции', 'пожарная безопасность']","['огнезащитные покрытия', 'мониторинг технического состояния', 'пожарная безопасность', 'несущие конструкции', 'ремонтно-восстановительные мероприятия']",Русский,207,432.1325800.2019,5,93.5,0.0,Введен впервые,СП 432.1325800.2019_Покрытия огнезащитные. Мониторинг технического состояния.pdf,Действующий,71
"Монтаж огнезащитных покрытий на несущие стальные конструкции жилых, общественных, промышленных или административных зданий и сооружений",Пожарная безопасность,2019-07-25,2025-08-26T04:19:53.047925+00:00,"Данный свод правил устанавливает требования и правила выполнения работ по монтажу огнезащитных покрытий на стальных конструкциях зданий различного назначения, включая жилые, общественные, промышленные и административные здания. В документе изложены общие положения, правила выполнения работ, а также требования к контролю качества и технике безопасности.",Свод правил,СП 433.1325800.2019_Огнезащита стальных конструкций. Правила производства работ.pdf,Свод правил 433.1325800.2019 Огнезащита стальных конструкций. Правила производства работ,"['монтаж огнезащитных покрытий', 'нормативные ссылки', 'термины и определения', 'техника безопасности', 'входной контроль', 'операционный контроль', 'приемочный контроль']","['огнезащита', 'стальные конструкции', 'монтаж', 'покрытия', 'пожарная безопасность', 'строительство']",русский,300,433.1325800.2019,5,93.4,0.0,Введен впервые,СП 433.1325800.2019_Огнезащита стальных конструкций. Правила производства работ.pdf,Действующий,19
"Производство, контроль и приемка работ при строительстве зданий и сооружений из монолитных бетонных и железобетонных конструкций с применением легкого, мелкозернистого и тяжелого бетонов и фибробетона",Конструкции бетонные и железобетонные,2019-05-27,2025-08-26T04:19:57.393811+00:00,"Свод правил устанавливает общие требования к бетонным смесям, бетонам, опалубкам и арматурным изделиям; к производству, контролю и приемке опалубочных, арматурных и бетонных работ; приемке готовых монолитных бетонных и железобетонных конструкций.",Свод правил,СП 435.1325800.2018_Конструкции бетонные и железобетонные монолитные. Правила производства и приемки работ.pdf,СП 435.1325800.2018 Конструкции бетонные и железобетонные монолитные. Правила производства и приемки работ,"['требования к бетону и бетонным смесям', 'качество опалубки и арматуры', 'контроль и приемка строительных работ']","['бетонные конструкции', 'железобетонные конструкции', 'монолитные конструкции', 'производство работ', 'приемка работ', 'бетонные смеси', 'опалубка', 'арматурные изделия']",Русский,253,435.1325800.2018,5,88.0,0.0,Введен впервые,СП 435.1325800.2018_Конструкции бетонные и железобетонные монолитные. Правила производства и приемки работ.pdf,Действующий,103
"Проектирование инженерной защиты территорий, зданий и сооружений от оползней и обвалов",Инженерная защита,2023-12-12,2025-08-26T04:20:03.550564+00:00,"Данный свод правил устанавливает требования и методики проектирования инженерной защиты территорий, зданий и сооружений от оползней и обвалов. Документ разработан с учетом требований федеральных законов и служит развитием СП 116.13330. Он содержит нормы для обеспечения безопасности при проектировании в условиях опасных геологических процессов.",Свод правил,"СП 436.1325800.2018_Инженерная защита территорий, зданий и сооружений от оползней и обвалов (с изменением 1).pdf","Свод правил Инженерная защита территорий, зданий и сооружений от оползней и обвалов. Правила проектирования","['требования к проектированию', 'безопасность зданий и сооружений', 'опасные геологические процессы', 'строительные нормы']","['инженерная защита', 'оползни', 'обвалы', 'проектирование', 'безопасность', 'строительство']",русский,312,436.1325800.2018,5,88.7,0.0,Изменение N 1,"СП 436.1325800.2018_Инженерная защита территорий, зданий и сооружений от оползней и обвалов (с изменением 1).pdf",Действующий,103
Защита от поражения электрическим током в электроустановках зданий и сооружений,Электроустановки,2019-06-18,2025-08-26T04:20:08.396601+00:00,"Данный свод правил определяет требования по проектированию защиты от поражения электрическим током в низковольтных электроустановках зданий и сооружений. Он содержит нормативные ссылки, термины и определения, требования к мерам защиты и уравниванию потенциалов с целью повышения безопасности электроустановок.",Свод правил,СП 437.1325800.2018_Электроустановки низковольтные зданий и сооружений. Защита от поражения электрическим током.pdf,Свод правил СП 437.1325800.2018 Электроустановки низковольтные зданий и сооружений. Правила проектирования защиты от поражения электрическим током,"['защита от поражения электрическим током', 'требования к электроустановкам', 'меры защиты', 'уравнивание потенциалов', 'части электроустановок']","['защита от поражения электрическим током', 'низковольтные электроустановки', 'электроустановки зданий', 'проектирование', 'уравнивание потенциалов']",русский,306,437.1325800.2018,5,92.4,39.9,Введен впервые,СП 437.1325800.2018_Электроустановки низковольтные зданий и сооружений. Защита от поражения электрическим током.pdf,Действующий,32
Правила проектирования аварийного освещения в зданиях и сооружениях,Строительная экспертиза,2019-05-27,2025-08-26T04:20:13.641425+00:00,"Свод правил содержит требования и рекомендации по проектированию аварийного освещения в зданиях и сооружениях. Включает нормы для эвакуационного, антипанического и резервного аварийного освещения, а также особенности освещения зон повышенной опасности и влияние дыма на освещение.",Свод правил,СП 439.1325800.2018_Здания и сооружения. Правила проектирования аварийного освещения.pdf,Свод правил СП 439.1325800.2018 Здания и сооружения. Правила проектирования аварийного освещения,"['Проектирование аварийного освещения', 'Эвакуационное освещение', 'Антипаническое освещение', 'Резервное освещение', 'Влияние дыма', 'Знаки безопасности']","['аварийное освещение', 'эвакуационное освещение', 'антипаническое освещение', 'резервное освещение', 'знаки безопасности', 'дым']",русский,197,439.1325800.2018,5,97.7,0.0,Введен впервые,СП 439.1325800.2018_Здания и сооружения. Правила проектирования аварийного освещения.pdf,Действующий,40
Оценка класса сейсмостойкости зданий и сооружений,Здания и сооружения,2019-07-29,2025-08-26T04:20:17.581053+00:00,"Данный свод правил определяет методологию и требования для оценки класса сейсмостойкости зданий и сооружений при вводе в эксплуатацию, обследовании и контроле в течение жизненного цикла объектов капитального строительства.",Свод правил,СП 442.1325800.2019_Здания и сооружения. Оценка класса сейсмостойкости.pdf,Свод правил СП 442.1325800.2019 Здания и сооружения Оценка класса сейсмостойкости,"['класс сейсмостойкости', 'обследование зданий', 'контроль устойчивости', 'параметры сейсмостойкости', 'алгоритмы оценки']","['свод правил', 'класс сейсмостойкости', 'здания', 'сооружения', 'оценка', 'капитальное строительство']",русский,248,442.1325800.2019,5,91.5,5.9,,СП 442.1325800.2019_Здания и сооружения. Оценка класса сейсмостойкости.pdf,Действующий,16
"Проектирование новых и реконструируемых мостовых сооружений, предназначенных для пропуска пешеходов",Архитектура,2019-04-30,2025-08-26T04:20:21.274098+00:00,Свод правил устанавливает правила проектирования мостов с конструкциями из алюминиевых сплавов. Документ разработан для обеспечения безопасности и соответствует федеральным законам о технических регламентах зданий и сооружений и требованиям пожарной безопасности. Предназначен для проектирования новых и реконструируемых пешеходных мостов.,Свод правил,СП 443.1325800.2019_Мосты с конструкциями из алюминиевых сплавов. Правила проектирования.pdf,Свод правил Мосты с конструкциями из алюминиевых сплавов Правила проектирования,"['проектирование мостовых сооружений', 'алюминиевые сплавы в строительстве', 'технические регламенты', 'пожарная безопасность']","['мосты', 'алюминиевые сплавы', 'проектирование', 'конструкции', 'безопасность', 'технический регламент']",русский,229,443.1325800.2019,5,87.1,0.0,Введен впервые,СП 443.1325800.2019_Мосты с конструкциями из алюминиевых сплавов. Правила проектирования.pdf,Действующий,110
"Проектирование водопропускных труб и систем водоотвода на новых, реконструируемых и капитально ремонтируемых железных и автомобильных дорогах в районах многолетнемерзлых грунтов",Строительство,2024-02-10,2025-08-26T04:20:25.115304+00:00,Данный свод правил устанавливает требования к проектированию водопропускных труб и систем водоотвода в районах вечной мерзлоты. Документ разработан для соблюдения требований федеральных законов и направлен на обеспечение безопасности и энергоэффективности в строительстве.,Свод правил,СП 445.1325800.2023_Водопропускные трубы и системы водоотвода в районах вечной мерзлоты.pdf,СП 445.1325800.2023 Водопропускные трубы и системы водоотвода в районах вечной мерзлоты. Правила проектирования,"['проектирование труб', 'водоотвод', 'многолетнемерзлые грунты', 'коррозионная защита', 'материалы и испытания']","['водопропускные трубы', 'системы водоотвода', 'вечная мерзлота', 'проектирование', 'железные дороги', 'автомобильные дороги', 'многолетнемерзлые грунты']",русский,258,445.1325800.2023,5,90.9,0.5,Пересмотр СП 445.1325800.2018,СП 445.1325800.2023_Водопропускные трубы и системы водоотвода в районах вечной мерзлоты.pdf,Действующий,90
Строительство,Инженерно-геологические изыскания,2022-05-23,2025-08-26T04:20:29.642285+00:00,"Данный свод правил устанавливает общие правила производства инженерно-геологических изысканий для строительства. Разработан с целью реализации положений федеральных законов, регулирующих градостроительную деятельность и безопасность зданий и сооружений. Утвержден приказом Минстроя России и содержит требования к выполнению инженерных изысканий.",Свод правил,СП 446.1325800.2019_Инженерно-геологические изыскания для строительства. Общие правила производства работ (с изменением 1).pdf,Свод правил Инженерно-геологические изыскания для строительства. Общие правила производства работ,"['инженерно-геологические изыскания', 'производство работ', 'градостроительное законодательство', 'технический регламент']","['инженерно-геологические изыскания', 'строительство', 'общие правила производства работ', 'градостроительный кодекс', 'технический регламент', 'безопасность зданий']",русский,522,446.1325800.2019,5,72.3,9.0,Изменение N 1,СП 446.1325800.2019_Инженерно-геологические изыскания для строительства. Общие правила производства работ (с изменением 1).pdf,Действующий,199
Строительство в районах распространения просадочных грунтов,Инженерные изыскания,2019-07-25,2025-08-26T04:20:33.004216+00:00,"Свод правил устанавливает общие требования к проведению инженерных изысканий для строительства в районах распространения просадочных грунтов. Документ регламентирует этапы инженерных изысканий для подготовки документации территориального планирования, архитектурно-строительного проектирования, а также при строительстве, эксплуатации и реконструкции зданий и сооружений.",Свод правил,СП 448.1325800.2019_Инженерные изыскания для строительства в районах распространения просадочных грунтов. Общие требования.pdf,Свод правил СП 448.1325800.2019 Инженерные изыскания для строительства в районах распространения просадочных грунтов. Общие требования,"['общие требования', 'подготовка документации', 'строительство', 'эксплуатация и реконструкция']","['инженерные изыскания', 'просадочные грунты', 'строительство', 'территориальное планирование', 'архитектурно-строительное проектирование']",русский,508,448.1325800.2019,5,92.8,4.0,Введен впервые,СП 448.1325800.2019_Инженерные изыскания для строительства в районах распространения просадочных грунтов. Общие требования.pdf,Действующий,42
Строительство в районах распространения набухающих грунтов,Инженерные изыскания,2019-07-29,2025-08-26T04:20:36.807744+00:00,"Данный свод правил устанавливает общие требования к проведению инженерных изысканий для строительства в районах распространения набухающих грунтов. Описывает методы и виды необходимых изысканий для подготовки документации территориального планирования, архитектурно-строительного проектирования и других этапов проектирования объектов капитального строительства.",Свод правил,СП 449.1326000.2019_Инженерные изыскания для строительства в районах распространения набухающих грунтов (с изменением 1).pdf,Свод правил Инженерные изыскания для строительства в районах распространения набухающих грунтов. Общие требования,"['инженерно-геодезические изыскания', 'инженерно-геологические изыскания', 'инженерно-гидрометеорологические изыскания', 'инженерно-экологические изыскания']","['инженерные изыскания', 'набухающие грунты', 'строительство', 'проектная документация', 'территориальное планирование']",русский,422,449.1326000.2019,5,90.5,8.7,Введен впервые,СП 449.1326000.2019_Инженерные изыскания для строительства в районах распространения набухающих грунтов (с изменением 1).pdf,Действующий,31
"Проектирование, строительство, реконструкция, техническое перевооружение зданий блока начальных классов с дошкольным отделением в составе общеобразовательных организаций и дошкольных образовательных организаций с учебными помещениями начальных классов",Пожарная безопасность,2020-07-10,2025-08-26T04:20:40.562736+00:00,"Данный свод правил устанавливает требования пожарной безопасности при проектировании, строительстве, реконструкции и техническом перевооружении зданий блока начальных классов с дошкольным отделением в составе общеобразовательных организаций и дошкольных образовательных организаций с учебными помещениями начальных классов. Документ направлен на обеспечение пожарной безопасности людей и имущества в указанных образовательных учреждениях.",Свод правил,СП 455.1311500.2020 Блок начальных классов с дошкольным отделением. Требования пожарнои безопасности.pdf,СП 455.1311500.2020 Блок начальных классов с дошкольным отделением в составе общеобразовательных организаций. Требования пожарной безопасности,"['требования пожарной безопасности', 'проектирование зданий', 'строительство зданий', 'реконструкция зданий', 'дошкольные образовательные организации', 'начальные классы']","['пожарная безопасность', 'блок начальных классов', 'дошкольное отделение', 'общеобразовательные организации', 'строительство', 'реконструкция', 'проектирование', 'техническое перевооружение']",Русский,264,455.1311500.2020,5,93.3,0.0,Введен впервые,СП 455.1311500.2020 Блок начальных классов с дошкольным отделением. Требования пожарнои безопасности.pdf,Действующий,6
"Проектирование, реконструкция, капитальный ремонт и изменение функций многофункциональных зданий",Пожарная безопасность,2020-07-01,2025-08-26T04:20:44.192403+00:00,"Данный свод правил устанавливает требования пожарной безопасности при проектировании, реконструкции, капитальном ремонте и изменении функций многофункциональных зданий.",Свод правил,СП 456.1311500.2020_Многофункциональные здания. Требования пожарной безопасности.pdf,Свод правил 456.1311500.2020 Многофункциональные здания Требования пожарной безопасности,"['Область применения', 'Нормативные ссылки', 'Термины и определения', 'Требования к размещению', 'Требования к зданиям и пожарным отсекам', 'Объемно-планировочные и конструктивные решения', 'Пути эвакуации и эвакуационные выходы', 'Системы противопожарной защиты', 'Электрооборудование']","['Многофункциональные здания', 'Требования пожарной безопасности', 'Проектирование', 'Реконструкция', 'Капитальный ремонт']",Русский,204,456.1311500.2020,5,90.6,0.0,Введен впервые,СП 456.1311500.2020_Многофункциональные здания. Требования пожарной безопасности.pdf,Действующий,11
"Проектирование новых, подлежащих реконструкции и капитальному ремонту существующих зданий автовокзалов",Архитектура,2023-12-28,2025-08-26T04:20:47.402415+00:00,"Настоящий свод правил устанавливает требования к проектированию зданий автовокзалов, обеспечивая соблюдение нормативных актов по безопасности зданий, энергосбережению и пожарной безопасности. Правила распространяются на новые и реконструируемые здания автовокзалов, но не на автостанции и павильоны сезонного назначения.",Свод правил,СП 462.1325800.2019_Здания автовокзалов. Правила проектирования (с изменением 1).pdf,Свод правил Здания автовокзалов Правила проектирования,"['Проектирование зданий', 'Требования безопасности', 'Нормативные ссылки']","['Здания автовокзалов', 'Проектирование', 'Безопасность зданий', 'Энергосбережение', 'Пожарная безопасность']",русский,178,462.1325800.2019,5,92.6,1.4,Изменение N 1,СП 462.1325800.2019_Здания автовокзалов. Правила проектирования (с изменением 1).pdf,Действующий,42
"Проектирование новых, реконструируемых и капитально ремонтируемых зданий речных и морских вокзалов",Архитектура,2023-12-28,2025-08-26T04:20:50.574455+00:00,"Данный свод правил устанавливает требования к проектированию зданий речных и морских вокзалов, включая новые, реконструируемые и капитально ремонтируемые объекты. Документ направлен на обеспечение соблюдения федеральных законов в области безопасности зданий, энергосбережения и пожарной безопасности.",Свод правил,СП 463.1325800.2019_Здания речных и морских вокзалов. Правила проектирования (с изменением 1).pdf,Свод правил Здания речных и морских вокзалов Правила проектирования,"['технический регламент безопасности зданий', 'проектирование вокзалов', 'строительные нормативы', 'энергетическая эффективность', 'пожарная безопасность']","['здания речных вокзалов', 'здания морских вокзалов', 'проектирование', 'архитектура', 'требования пожарной безопасности', 'энергосбережение']",русский,185,463.1325800.2019,5,90.4,0.0,Изменения N 1,СП 463.1325800.2019_Здания речных и морских вокзалов. Правила проектирования (с изменением 1).pdf,Действующий,38
"Проектирование новых, реконструируемых и капитально ремонтируемых торгово-развлекательных комплексов высотой до 50 м, с заглублением подземной части до 15 м от уровня земли, а также предприятий торговли и общественного питания, встроенных в здания другого назначения или включаемых в состав их помещений",Архитектура,2023-12-15,2025-08-26T04:20:53.894975+00:00,"Данный свод правил устанавливает требования и правила проектирования зданий торгово-развлекательных комплексов. Документ разработан в целях обеспечения соблюдения технических регламентов по безопасности зданий, пожарной безопасности, энергосбережению и повышения энергетической эффективности. Включает нормативные ссылки на стандарты и технические регламенты.",Свод правил,СП 464.1325800.2019_Здания торгово-развлекательных комплексов. Правила проектирования (с изменением 1).pdf,Свод правил Здания торгово-развлекательных комплексов Правила проектирования,"['проектирование', 'строительство', 'технические регламенты', 'пожарная безопасность', 'энергосбережение']","['свод правил', 'здания торгово-развлекательных комплексов', 'правила проектирования', 'безопасность зданий и сооружений', 'пожарная безопасность', 'энергосбережение', 'энергетическая эффективность']",русский,239,464.1325800.2019,5,93.0,0.0,Изменение N 1,СП 464.1325800.2019_Здания торгово-развлекательных комплексов. Правила проектирования (с изменением 1).pdf,Действующий,41
"Эксплуатация стоянок автомобилей, исключая гаражи для ремонта и стоянки в особых условиях",Эксплуатация автомобильных стоянок,2020-06-27,2025-08-26T04:20:57.124921+00:00,"Настоящий свод правил разработан для обеспечения соблюдения требований технических регламентов по безопасности зданий и сооружений, пожарной безопасности, энергосбережения и энергоэффективности. Он распространяется на эксплуатацию стоянок автомобилей, исключая гаражи для ремонта, демонтаж, утилизацию и стоянки в особых природных условиях.",Свод правил,СП 467.1325800.2019_Стоянки автомобилей. Правила эксплуатации.pdf,Свод правил Стоянки автомобилей. Правила эксплуатации,"['эксплуатация стоянок', 'технические регламенты', 'правила безопасности']","['стоянки автомобилей', 'правила эксплуатации', 'технические регламенты', 'безопасность зданий', 'пожарная безопасность', 'энергосбережение', 'энергоэффективность']",Русский,218,467.1325800.2019,5,91.7,0.0,Введен впервые,СП 467.1325800.2019_Стоянки автомобилей. Правила эксплуатации.pdf,Действующий,31
"Проектирование бетонных и железобетонных конструкций жилых, общественных и производственных зданий и сооружений",Пожарная безопасность,2023-12-28,2025-08-26T04:21:01.173570+00:00,"Настоящий свод правил устанавливает требования к проектированию бетонных и железобетонных конструкций, обеспечивающие огнестойкость и огнесохранность при воздействии стандартного температурного режима пожара. Он применяется для бетонных и железобетонных конструкций жилых, общественных и производственных зданий и сооружений.",Свод правил,СП 468.1325800.2019_Бетонные и железобетонные конструкции. Правила обеспечения огнестойкости и огнесохранности (с изменением 1).pdf,Свод правил Бетонные и железобетонные конструкции. Правила обеспечения огнестойкости и огнесохранности,"['требования к огнестойкости', 'правила обеспечения огнестойкости и огнесохранности', 'проектирование конструкций', 'нормативные ссылки']","['бетонные конструкции', 'железобетонные конструкции', 'огнестойкость', 'огнесохранность', 'пожарная безопасность']",русский,366,468.1325800.2019,5,83.3,0.4,Изменение N 1,СП 468.1325800.2019_Бетонные и железобетонные конструкции. Правила обеспечения огнестойкости и огнесохранности (с изменением 1).pdf,Действующий,171
Производство работ со стальными конструкциями,Конструкции,2020-06-17,2025-08-26T04:21:04.139596+00:00,"Свод правил содержит правила производства работ с использованием стальных конструкций. Включает требования по входному контролю и хранению металлопроката, подготовке материалов, резке, сварке и контролю качества сварных соединений.",Свод правил,СП 470.1325800.2019_Конструкции стальные. Правила производства работ.pdf,СП 470.1325800.2019 Конструкции стальные Правила производства работ,"['входной контроль', 'подготовка материалов', 'резка', 'сварка', 'контроль качества']","['стальные конструкции', 'производство работ', 'металлопрокат', 'сварка', 'контроль качества']",русский,208,470.1325800.2019,5,95.0,0.0,Введен впервые,СП 470.1325800.2019_Конструкции стальные. Правила производства работ.pdf,Действующий,22
"Проектирование новых и реконструкция существующих парков на территориях городских и муниципальных округов, городских и сельских поселений. Не распространяется на особо охраняемые природные территории.",Благоустройство территорий,2022-12-27,2025-08-26T04:21:07.773371+00:00,"Данный свод правил содержит основные требования к размещению и организации территорий парков. Он разработан с учетом федеральных законов о техническом регулировании, безопасности зданий, энергосбережении, пожарной безопасности и природоохранном законодательстве. Настоящий свод правил применяется при проектировании новых и реконструкции существующих парков в городах и муниципальных округах.",Свод правил,СП 475.1325800.2020_Парки. Правила градостроительного проектирования и благоустройства (с изменением 1).pdf,СП 475.1325800.2020 Парки. Правила градостроительного проектирования и благоустройства,"['планировка', 'застройка', 'градостроительство', 'организация парков', 'нормативные документы']","['парки', 'градостроительное проектирование', 'благоустройство', 'техническое регулирование', 'энергосбережение', 'пожарная безопасность', 'особо охраняемые природные территории']",Русский,336,475.1325800.2020,5,81.0,0.0,Изменение N 1,СП 475.1325800.2020_Парки. Правила градостроительного проектирования и благоустройства (с изменением 1).pdf,Действующий,67
"Проектирование новых и комплексную реконструкцию сложившейся застройки жилых микрорайонов городских и сельских муниципальных образований, городских округов и городов федерального значения на территории Российской Федерации",Благоустройство территорий,2020-07-25,2025-08-26T04:21:11.833541+00:00,"Настоящий свод правил разработан для детали требований к планировке, застройке и благоустройству территории жилых микрорайонов на территории городских и сельских поселений. Документ распространяется на проектирование новых и комплексную реконструкцию жилых микрорайонов в муниципальных образованиях Российской Федерации. Утвержден и введен в действие приказом Министерства строительства и жилищно-коммунального хозяйства РФ от 24 января 2020 года, введен в действие с 25 июля 2020 года.",Свод правил,"СП 476.1325800.2020_Территории городских и сельских поселений. Правила планировки, застройки и благоустройства жилых микрорайонов.pdf","Свод правил Территории городских и сельских поселений Правила планировки, застройки и благоустройства жилых микрорайонов","['планировка жилых микрорайонов', 'застройка жилых микрорайонов', 'благоустройство территорий', 'градостроительство']","['планировка', 'застройка', 'благоустройство', 'жилые микрорайоны', 'городские поселения', 'сельские поселения', 'строительство', 'архитектура']",Русский,267,476.1325800.2020,5,91.4,1.4,Введен впервые,"СП 476.1325800.2020_Территории городских и сельских поселений. Правила планировки, застройки и благоустройства жилых микрорайонов.pdf",Действующий,61
"Требования пожарной безопасности при проектировании, строительстве, реконструкции, капитальном ремонте и эксплуатации высотных зданий и комплексов класса функциональной пожарной опасности Ф1.3 высотой более 75 м и зданий и комплексов других классов функциональной пожарной опасности высотой более 50 м",Пожарная безопасность,2024-08-02,2025-08-26T04:21:16.991529+00:00,"Настоящий свод правил устанавливает требования пожарной безопасности к высотным зданиям и комплексам, проектируемым в соответствии с требованием СП 253.1325800.2016 и СП 267.1325800.2016. Документ разработан с целью обеспечения требований Федерального закона 384-ФЗ «Технический регламент о безопасности зданий и сооружений» и Федерального закона 123-ФЗ «Технический регламент о требованиях пожарной безопасности».",Свод правил,СП 477.1325800.2020_Здания и комплексы высотные. Требования пожарной безопасности (с изменением 1).pdf,СП 477.1325800.2020 Здания и комплексы высотные. Требования пожарной безопасности,"['требования пожарной безопасности', 'проектирование высотных зданий', 'строительство высотных зданий', 'эксплуатация высотных зданий']","['пожарная безопасность', 'высотные здания', 'комплексы', 'проектирование', 'строительство', 'реконструкция', 'капитальный ремонт', 'эксплуатация']",русский,291,477.1325800.2020,5,92.3,0.0,Изменение N 1,СП 477.1325800.2020_Здания и комплексы высотные. Требования пожарной безопасности (с изменением 1).pdf,Действующий,35
"Проектирование новых, реконструируемых и капитально ремонтируемых зданий аэровокзалов и аэровокзальных комплексов",Архитектура,2023-12-28,2025-08-26T04:21:20.929402+00:00,"Настоящий свод правил устанавливает требования и правила проектирования зданий и комплексов аэровокзальных зданий. Применение документа обеспечивает соблюдение требований федеральных законов в области энергосбережения, пожарной безопасности и технического регулирования.",Свод правил,"СП 478.1325800.2019_Здания и комплексы аэровокзальные. Правила проектирования (с изменениями 1, 2).pdf",Свод правил Здания и комплексы аэровокзальные Правила проектирования,"['проектирование аэровокзалов', 'энергетическая эффективность зданий', 'требования пожарной безопасности']","['аэровокзальные здания', 'проектирование', 'архитектура', 'энергосбережение', 'пожарная безопасность', 'технический регламент']",Русский,312,478.1325800.2019,5,85.0,1.6,"Изменения N 2, утв. Приказом Минстроя России от 28.12.2023 N 1004/пр","СП 478.1325800.2019_Здания и комплексы аэровокзальные. Правила проектирования (с изменениями 1, 2).pdf",Действующий,100
"выполнение инженерных изысканий в районах возможного развития и активизации селевых процессов для подготовки документов территориального планирования, документации по планировке территории и выбору площадок (трасс) строительства, при подготовке проектной документации объектов капитального строительства, строительстве, эксплуатации и реконструкции зданий и сооружений",Инженерные изыскания,2020-06-05,2025-08-26T04:21:27.126553+00:00,"Данный свод правил устанавливает общие требования при выполнении инженерных изысканий в районах развития селевых процессов для обеспечения безопасности и подготовки проектной документации в строительстве. Разработан для использования в процессе территориального планирования, выбора площадок строительства, а также при эксплуатации и реконструкции зданий и сооружений.",Свод правил,СП 479.1325800.2019_Инженерные изыскания для строительства в районах развития селевых процессов. Общие требования.pdf,Свод правил Инженерные изыскания для строительства в районах развития селевых процессов. Общие требования,"['требования к инженерным изысканиям', 'обеспечение безопасности строительства', 'подготовка проектной документации']","['инженерные изыскания', 'селовые процессы', 'строительство', 'проектная документация', 'территориальное планирование']",Русский,320,479.1325800.2019,5,88.9,0.0,,СП 479.1325800.2019_Инженерные изыскания для строительства в районах развития селевых процессов. Общие требования.pdf,Действующий,67
формирование и использование информационных моделей объектов капитального строительства при эксплуатации многоквартирных домов,Строительство,2020-07-15,2025-08-26T04:21:31.104078+00:00,Свод правил устанавливает требования к формированию и порядок использования информационных моделей объектов капитального строительства при осуществлении эксплуатации многоквартирных домов. Документ разработан с целью обеспечения соблюдения требований технического регламента о безопасности зданий и сооружений и выработки единых подходов к организации эксплуатации многоквартирных домов с применением технологии информационного моделирования.,Свод правил,СП 480.1325800.2020_BIM в строительстве. Требования к формированию информационных моделей ОКС для эксплуатации многоквартирных домов.pdf,Свод правил 480.1325800.2020 Информационное моделирование в строительстве Требования к формированию информационных моделей объектов капитального строительства для эксплуатации многоквартирных домов,"['требования', 'формирование информационных моделей', 'эксплуатационная информационная модель', 'разработка и поддержание моделей', 'интеграция информационных систем']","['информационное моделирование', 'многоквартирные дома', 'эксплуатация', 'информационные модели', 'объекты капитального строительства']",русский,354,480.1325800.2020,5,90.4,0.0,,СП 480.1325800.2020_BIM в строительстве. Требования к формированию информационных моделей ОКС для эксплуатации многоквартирных домов.pdf,Действующий,12
"Устанавливает нормы и правила проектирования и последующего содержания систем пожарной сигнализации и автоматизации противопожарной защиты для зданий, сооружений, оборудования, наружных установок различного назначения, в том числе возводимых в районах с особыми климатическими и природными условиями.",Пожарная безопасность,2021-03-01,2025-08-26T04:21:35.622167+00:00,Настоящий свод правил регламентирует проектирование и содержание систем пожарной сигнализации и автоматизации противопожарной защиты. Документ заменяет СП 5.13130.2009 и учитывает требования технического регламента о требованиях пожарной безопасности.,Свод правил,СП 484.1311500.2020  Системы противопожарной защиты. Системы пожарной сигнализации и автоматизация (с изм.№1).pdf,СП 484.1311500.2020 Системы противопожарной защиты. Системы пожарной сигнализации и автоматизация систем противопожарной защиты. Нормы и правила проектирования,"['проектирование систем пожарной сигнализации', 'автоматизация систем противопожарной защиты', 'требования пожарной безопасности']","['пожарная сигнализация', 'автоматизация систем противопожарной защиты', 'нормы проектирования', 'правила проектирования', 'системы противопожарной защиты']",Русский,324,484.1311500.2020,5,96.3,12.6,Введен впервые,СП 484.1311500.2020  Системы противопожарной защиты. Системы пожарной сигнализации и автоматизация (с изм.№1).pdf,Действующий,27
"Проектирование установок пожаро-тушения автоматических для зданий и сооружений различного назначения, а также отдельных технологических единиц, расположенных в зданиях, в том числе в районах с особыми климатическими и природными условиями",Пожарная безопасность,2020-08-31,2025-08-26T04:21:39.535626+00:00,"Данный свод правил устанавливает нормы и правила проектирования автоматических установок пожаротушения. Он распространяется на проектирование таких систем для различных зданий и сооружений, включая особые климатические и природные условия, с исключениями для некоторых специфических случаев и материалов.",Свод правил,СП 485.1311500.2020 Системы противопожарной защиты. Установки пожаротушения автоматические.pdf,СП 485.1311500.2020 Системы противопожарной защиты. Установки пожаротушения автоматические. Нормы и правила проектирования,"['автоматические системы пожаротушения', 'нормы проектирования', 'проектирование зданий и сооружений', 'требования пожарной безопасности']","['системы противопожарной защиты', 'установки пожаротушения автоматические', 'нормы проектирования', 'правила проектирования', 'пожарная безопасность']",русский,254,485.1311500.2020,5,96.1,13.8,Введен впервые,СП 485.1311500.2020 Системы противопожарной защиты. Установки пожаротушения автоматические.pdf,Действующий,105
,Пожарная безопасность,2020-07-20,2025-08-26T04:21:43.392494+00:00,"Свод правил содержит требования пожарной безопасности к системам противопожарной защиты, в частности перечень зданий, сооружений, помещений и оборудования, подлежащих защите автоматическими установками пожаротушения и системами пожарной сигнализации. Документ утверждён приказом МЧС России от 20 июля 2020 г. и введён в действие с 1 марта 2021 г.",Свод правил,"СП 486.1311500.2020 Системы противопожарной защиты. Перечень зданий, сооружений, помещений и оборудования, подлежащих защите АУПТ и АУПС.pdf","Свод правил СП 486.1311500.2020 Системы противопожарной защиты. Перечень зданий, сооружений, помещений и оборудования, подлежащих защите автоматическими установками пожаротушения и системами пожарной сигнализации. Требования пожарной безопасности","['защита объектов от пожаров', 'технические требования к системам пожаротушения', 'регулирование противопожарных систем']","['противопожарная защита', 'установки пожаротушения', 'системы пожарной сигнализации', 'требования пожарной безопасности', 'здания', 'сооружения', 'помещения', 'оборудование']",Русский,131,486.1311500.2020,5,91.0,7.8,Введен впервые,"СП 486.1311500.2020 Системы противопожарной защиты. Перечень зданий, сооружений, помещений и оборудования, подлежащих защите АУПТ и АУПС.pdf",Действующий,28
"правила производства и контроля качества работ при строительстве, реконструкции и капитальном ремонте аэродромов (вертодромов)",Аэродромы,2021-06-25,2025-08-26T04:21:47.390628+00:00,"Настоящий свод правил устанавливает правила производства и контроля качества работ при строительстве, реконструкции и капитальном ремонте аэродромов (вертодромов). Документ разработан в целях обеспечения соблюдения требований Федеральных законов и технических регламентов, касающихся безопасности зданий, пожарной безопасности, энергосбережения и энергетической эффективности.",Свод правил,СП 490.1325800.2020 Аэродромы. Правила производства работ.pdf,Свод правил Аэродромы Правила производства работ,"['строительство аэродромов', 'реконструкция аэродромов', 'капитальный ремонт аэродромов', 'технические регламенты', 'пожарная безопасность', 'энергосбережение']","['аэродромы', 'строительство', 'реконструкция', 'капитальный ремонт', 'правила производства работ', 'контроль качества работ']",русский,257,490.1325800.2020,5,95.6,1.3,Введен впервые,СП 490.1325800.2020 Аэродромы. Правила производства работ.pdf,Действующий,165
Строительство,Инженерно-экологические изыскания,2021,2025-08-26T04:21:50.323796+00:00,"Данный свод правил устанавливает общие правила производства инженерно-экологических изысканий, необходимых в строительстве. Документ регулирует методологию и требования к проведению изысканий для обеспечения экологической безопасности при строительстве.",Свод правил,СП 502.1325800.2021_Инженерно-экологические изыскания для строительства. Общие правила производства работ.pdf,Свод правил Инженерно-экологические изыскания для строительства. Общие правила производства работ,"['экологические изыскания', 'строительные изыскания', 'производственные правила']","['инженерно-экологические изыскания', 'строительство', 'общие правила', 'производство работ']",Русский,478,502.1325800.2021,5,86.3,2.0,,СП 502.1325800.2021_Инженерно-экологические изыскания для строительства. Общие правила производства работ.pdf,Действующий,147
Требования к оформлению отчета по результатам расчета пожарного риска,Пожарная безопасность,2024-09-29,2025-08-26T04:21:52.878950+00:00,Данный свод правил устанавливает требования к оформлению отчета по результатам расчета пожарного риска. Разработан в соответствии с техническим регламентом о требованиях пожарной безопасности и соответствующими постановлениями Правительства Российской Федерации.,Свод правил,СП 505.1311500.2021 Расчет пожарного риска. Требования к оформлению.pdf,Свод правил Расчет пожарного риска. Требования к оформлению,"['расчет пожарного риска', 'оформление документации', 'требования пожарной безопасности']","['Расчет пожарного риска', 'Требования к оформлению', 'Пожарная безопасность', 'СП']",Русский,2262,505.1311500.2021,5,41.2,46.2,Введен впервые,СП 505.1311500.2021 Расчет пожарного риска. Требования к оформлению.pdf,Действующий,17
,Отопление,2022-02-26,2025-08-26T04:21:56.112429+00:00,"Данный свод правил устанавливает требования к проектированию, монтажу, эксплуатации и безопасности тепловых пунктов и систем внутреннего теплоснабжения. Включает методики определения расчетных параметров, требования по снижению шума и вибраций, энергоэффективности, а также правила эксплуатации и монтажа.",Свод правил,СП 510.1325800.2022_Тепловые пункты и системы внутреннего теплоснабжения.pdf,Свод правил СП 510.1325800.2022 Тепловые пункты и системы внутреннего теплоснабжения,"['присоединение систем потребления теплоты', 'оборудование и трубопроводы', 'водоподготовка', 'автоматизация и диспетчеризация', 'требования безопасности', 'проектирование в особых природных условиях']","['тепловые пункты', 'внутреннее теплоснабжение', 'отопление', 'монтаж', 'эксплуатация', 'энергетическая эффективность']",русский,362,510.1325800.2022,5,94.5,0.5,Введен впервые,СП 510.1325800.2022_Тепловые пункты и системы внутреннего теплоснабжения.pdf,Действующий,82
Правила проектирования анкерных креплений к бетону,Строительство,2022-04-25,2025-08-26T04:21:58.964694+00:00,"Свод правил, утвержденный Министерством строительства и жилищно-коммунального хозяйства Российской Федерации, содержит правила проектирования анкерных креплений к бетону. Документ введен в действие в апреле 2022 года и разработан с участием научно-исследовательских институтов и технического комитета по стандартизации.",Свод правил,СП 513.1325800.2022_Анкерные крепления к бетону. Правила проектирования.pdf,СП 513.1325800.2022 Анкерные крепления к бетону. Правила проектирования,"['проектирование', 'нормативные документы', 'строительные материалы']","['анкерные крепления', 'бетон', 'правила проектирования', 'строительство']",Русский,286,513.1325800.2022,5,90.1,0.0,Введен впервые,СП 513.1325800.2022_Анкерные крепления к бетону. Правила проектирования.pdf,Действующий,48
Правила проектирования и строительства зданий из клееного деревянного бруса,Архитектура,2022-05-09,2025-08-26T04:22:03.190297+00:00,"Данный свод правил устанавливает требования и нормы проектирования и строительства зданий из клееного деревянного бруса. Документ включает разделы по конструктивным элементам зданий, требованиям к материалам, пожарной безопасности, санитарно-эпидемиологическим требованиям, энергосбережению и другим аспектам обеспечивающим безопасность и долговечность таких зданий.",Свод правил,СП 515.1325800.2022_Здания из клееного деревянного бруса. Правила проектирования и строительства.pdf,Свод правил СП 515.1325800.2022 Здания из клееного деревянного бруса. Правила проектирования и строительства,"['конструктивные элементы', 'требования к материалам', 'пожарная безопасность', 'энергосбережение', 'безопасность использования', 'долговечность']","['клееный деревянный брус', 'проектирование зданий', 'строительство зданий', 'пожарная безопасность', 'энергосбережение', 'санитарно-эпидемиологические требования']",русский,296,515.1325800.2022,5,91.2,0.0,Введен впервые,СП 515.1325800.2022_Здания из клееного деревянного бруса. Правила проектирования и строительства.pdf,Действующий,39
Проектирование и строительство жилых и общественных зданий с применением стен из деревянных бревенчатых или брусчатых срубных конструкций,Строительство,2023-12-28,2025-08-26T04:22:08.457689+00:00,"Данный свод правил устанавливает требования к проектированию и строительству жилых и общественных зданий с использованием деревянных срубных конструкций. В документе рассматриваются вопросы несущей способности и деформативности несущих элементов, материалы и изделия, пожарная безопасность, порядок строительства, инженерное оборудование и долговечность зданий.",Свод правил,СП 516.1325800.2022_Здания из деревянных срубных конструкций. Правила проектирования и строительства (с изменением 1).pdf,СП 516.1325800.2022 Здания из деревянных срубных конструкций. Правила проектирования и строительства,"['требования к несущей способности', 'материалы и изделия', 'пожарная безопасность', 'порядок строительства', 'инженерное оборудование', 'обеспечение долговечности']","['деревянные срубные конструкции', 'проектирование', 'строительство', 'жилые здания', 'общественные здания', 'пожарная безопасность', 'инженерное оборудование', 'долговечность']",русский,211,516.1325800.2022,5,90.1,0.6,Изм.1,СП 516.1325800.2022_Здания из деревянных срубных конструкций. Правила проектирования и строительства (с изменением 1).pdf,Действующий,86
"Эксплуатация централизованных систем, сооружений водоснабжения и водоотведения, не распространяется на системы горячего водоснабжения",Системы водоснабжения,2022-07-07,2025-08-26T04:22:14.345245+00:00,Настоящий свод правил устанавливает общие требования к эксплуатации централизованных систем и сооружений водоснабжения и водоотведения с учетом современных технологий и требований безопасности. Документ разработан для обеспечения требований Федерального закона №384-ФЗ и других нормативных актов. Введен впервые с 7 июля 2022 года приказом Минстроя России №453/пр.,Свод правил,"СП 517.1325800.2022_Эксплуатация централизованных систем, сооружений водоснабжения и водоотведения.pdf","Свод правил Эксплуатация централизованных систем, сооружений водоснабжения и водоотведения","['эксплуатация систем водоснабжения', 'водоотведение', 'технические нормы и требования', 'автоматизация и механизация процессов']","['эксплуатация', 'централизованные системы', 'водоснабжение', 'водоотведение', 'техническое регулирование', 'безопасность']",Русский,340,517.1325800.2022,5,69.2,87.8,Введен впервые,"СП 517.1325800.2022_Эксплуатация централизованных систем, сооружений водоснабжения и водоотведения.pdf",Действующий,127
"Правила проектирования кабельных линий связи, размещения оборудования средств связи, включая цифровые транспортные системы в составе линий связи",Сети связи,2023-04-18,2025-08-26T04:22:18.631959+00:00,"Настоящий свод правил распространяется на сети связи и устанавливает основные правила проектирования кабельных линий связи, линейно-кабельных сооружений и требования к размещению оборудования средств связи. Разработан для обеспечения требований технического регламента о безопасности зданий и сооружений, а также законодательства о связи и градостроительного кодекса Российской Федерации.",Свод правил,СП 519.1325800.2023_Сети связи. Правила проектирования.pdf,Свод правил Сети связи Правила проектирования,"['проектирование сетей связи', 'кабельные линии', 'безопасность сооружений', 'электроснабжение и заземление']","['свод правил', 'сети связи', 'проектирование', 'кабельные линии связи', 'оборудование средств связи', 'цифровые транспортные системы']",Русский,262,519.1325800.2023,5,94.1,25.2,Введен впервые,СП 519.1325800.2023_Сети связи. Правила проектирования.pdf,Действующий,27
"Проектирование несущих конструкций из многослойного стекла для зданий и сооружений различного назначения, эксплуатируемых при температурах от -40 °C до +50 °C и нормальном влажностном режиме внутри помещений",Архитектура,2023-05-15,2025-08-26T04:22:23.352722+00:00,"Данный свод правил устанавливает требования к проектированию несущих конструкций из многослойного стекла, выполненного из цельного листового стекла с использованием промежуточных слоев из ЭВА, ПВБ или ионопласта. Не распространяется на конструкции мостов, тоннелей, гидротехнических сооружений и комбинированные стеклянные конструкции.",Свод правил,СП 521.1325800.2023 Конструкции из многослойного стекла. Правила проектирования.pdf,Свод правил Конструкции из многослойного стекла. Правила проектирования,"['требования проектирования', 'конструкционные материалы', 'нормативные ссылки']","['многослойное стекло', 'конструкции', 'проектирование', 'свод правил', 'АРХИТЕКТУРА', 'строительство']",русский,257,521.1325800.2023,5,88.8,0.0,Введен впервые,СП 521.1325800.2023 Конструкции из многослойного стекла. Правила проектирования.pdf,Действующий,55
"Проектирование, производство работ и эксплуатация навесных фасадных вентилируемых конструкций для наружной облицовки стен зданий и сооружений, применяемых в новом строительстве и при реконструкции или капитальном ремонте",Архитектура,2023-06-06,2025-08-26T04:22:29.691594+00:00,"Данный свод правил устанавливает требования к проектированию, производству работ и эксплуатации навесных фасадных вентилируемых систем наружной облицовки зданий и сооружений. Документ разработан с учетом требований федеральных законов о безопасности зданий, пожарной безопасности, энергосбережении и энергоэффективности.",Свод правил,"СП 522.1325800.2023 Системы фасадные навесные вентилируемые. Правила проектирования, производства работ и эксплуатации.pdf","Свод правил Системы фасадные навесные вентилируемые Правила проектирования, производства работ и эксплуатации","['проектирование фасадов', 'производство фасадных систем', 'эксплуатация вентилируемых фасадов', 'требования безопасности', 'энергоэффективность']","['свод правил', 'фасадные системы', 'навесные фасады', 'вентилируемые фасады', 'проектирование', 'производство работ', 'эксплуатация', 'безопасность зданий', 'энергосбережение', 'пожарная безопасность']",Русский,210,522.1325800.2023,5,88.6,2.8,Введен впервые,"СП 522.1325800.2023 Системы фасадные навесные вентилируемые. Правила проектирования, производства работ и эксплуатации.pdf",Действующий,196
Проектирование теплонасосных систем теплохладоснабжения для зданий и сооружений,Отопление,2023-06-06,2025-08-26T04:22:37.243214+00:00,"Данный свод правил устанавливает правила проектирования теплонасосных систем теплохладоснабжения для внутреннего тепло- и холодоснабжения систем отопления, вентиляции и кондиционирования воздуха, горячего водоснабжения и технологического холода в новых, реконструируемых и ремонтируемых зданиях и сооружениях. Документ разработан в соответствии с требованиями федеральных законов о безопасности зданий и энергосбережении, с целью повышения энергетической эффективности и использования возобновляемых источников энергии.",Свод правил,СП 525.1325800.2023 Теплонасосные системы теплохладоснабжения. Правила проектирования.pdf,Свод Правил Теплонасосные Системы Теплохладоснабжения. Правила Проектирования,"['теплонасосные системы', 'теплохладоснабжение', 'проектирование', 'энергосбережение', 'использование возобновляемых источников энергии']","['теплонасосные системы', 'теплохладоснабжение', 'проектирование', 'энергосбережение', 'энергетическая эффективность']",Русский,222,525.1325800.2023,5,85.6,1.2,Введен впервые,СП 525.1325800.2023 Теплонасосные системы теплохладоснабжения. Правила проектирования.pdf,Действующий,137
Центры обработки данных,Здания и сооружения,2024-12-23,2025-08-26T04:22:40.959575+00:00,"Свод правил СП 541.1325800.2024 устанавливает правила проектирования зданий и сооружений центров обработки данных, включая требования к размещению, объемно-планировочным и конструктивным решениям, пожарной безопасности, инженерному оборудованию, безопасности эксплуатации и санитарно-эпидемиологическим требованиям. Документ разработан с учетом законодательных требований в области технического регулирования и энергосбережения.",Свод правил,СП 541.1325800.2024_Здания и сооружения центров обработки данных.pdf,Свод правил СП 541.1325800.2024 Здания и сооружения центров обработки данных. Правила проектирования,"['правила проектирования', 'требования к земельным участкам', 'объемно-планировочные решения', 'пожарная безопасность', 'инженерно-технические системы', 'санитарно-эпидемиологические требования']","['центры обработки данных', 'проектирование', 'здания и сооружения', 'пожарная безопасность', 'энергосбережение', 'инженерное оборудование', 'безопасная эксплуатация']",русский,218,541.1325800.2024,5,93.3,0.0,Введен впервые,СП 541.1325800.2024_Здания и сооружения центров обработки данных.pdf,Действующий,58
"Контроль за строительством, реконструкцией и капитальным ремонтом объектов капитального строительства",Строительство,2024-12-27,2025-08-26T04:22:43.939739+00:00,"Свод правил устанавливает требования и порядок строительного контроля при строительстве, реконструкции и капитальном ремонте объектов капитального строительства. Введен в действие приказом Минстроя России от 27 декабря 2024 года с датой введения 28 января 2025 года.",Свод правил,"СП 543.1325800.2024 Строительныи контроль при строительстве, реконструкции, капитальном ремонте объектов капитального строительства.pdf","СП 543.1325800.2024 Строительный контроль при строительстве, реконструкции, капитальном ремонте объектов капитального строительства","['требования строительного контроля', 'порядок контроля', 'строительные работы']","['строительный контроль', 'строительство', 'реконструкция', 'капитальный ремонт', 'объекты капитального строительства']",русский,516,543.1325800.2024,5,61.5,14.5,Введен впервые,"СП 543.1325800.2024 Строительныи контроль при строительстве, реконструкции, капитальном ремонте объектов капитального строительства.pdf",Действующий,279
"Проектирование новых и реконструкция существующих футбольных стадионов всех категорий, включая уникальные объекты с футбольными и легкоатлетическими спортивными аренами, предназначенных для проведения футбольных матчей, легкоатлетических соревнований и учебно-тренировочного процесса.",Архитектура,2023-12-28,2025-08-26T04:22:49.143514+00:00,"Настоящий свод правил разработан для обеспечения требований по проектированию футбольных стадионов, учитывая нормативные документы РФС, УЕФА, ФИФА, а также требований безопасности, функциональности и комфортности для посетителей. Документ регулирует минимальные требования к футбольным стадионам, направлен на снижение энергозатрат и упрощение работы проектировщиков. Включает положения по стадии проектирования и реконструкции всех категорий футбольных стадионов.",Свод правил,"СП_285.1325800.2016_Стадионы футбольные. Правила проектирования (с изменениями 1, 2, 3).pdf",Свод правил Стадионы футбольные Правила проектирования,"['требования к проектированию', 'безопасность', 'комфорт посетителей', 'энергосбережение', 'нормативные документы']","['футбольные стадионы', 'проектирование', 'безопасность', 'функциональность', 'энергозатраты', 'РФС', 'УЕФА', 'ФИФА']",Русский,290,285.1325800.2016,5,87.1,3.7,Изменения N 3,"СП_285.1325800.2016_Стадионы футбольные. Правила проектирования (с изменениями 1, 2, 3).pdf",Действующий,142
проведение детального сейсмического районирования для объектов повышенного уровня ответственности,Строительство,2017-06-17,2025-08-26T04:22:54.968247+00:00,"Настоящий свод правил предназначен для проведения работ по детальному сейсмическому районированию, включающим сейсмотектонические и сейсмологические исследования, для объектов повышенного уровня ответственности, таких как особо опасные, технически сложные и уникальные объекты. Документ распространяется на новые объекты и работы по капитальному ремонту, реконструкции и восстановлению ранее возведенных объектов, кроме атомной энергетики и крупных инфраструктурных объектов.",Свод правил,СП_286.1325800.2016_Сооружения морские причальные. Правила проектирования и строительства (с изменением 1).pdf,Свод правил Объекты строительные повышенной ответственности Правила детального сейсмического районирования,"['детальное сейсмическое районирование', 'требования к строительству объектов критической важности', 'нормативные ссылки на СНиП и федеральные законы']","['сейсмическое районирование', 'объекты повышенной ответственности', 'сейсмотектонические исследования', 'сейсмологические исследования', 'градостроительство']",русский,358,286.1325800.2016,5,80.8,7.6,,СП_286.1325800.2016_Сооружения морские причальные. Правила проектирования и строительства (с изменением 1).pdf,Действующий,30
"Проектирование новых, реконструируемых и капитальный ремонт морских причальных гидротехнических сооружений",Строительство,2017-06-17,2025-08-26T04:23:01.210760+00:00,"Настоящий свод правил содержит требования по проектированию и строительству морских причальных сооружений, направленные на обеспечение безопасных условий для швартовки, стоянки и обработки судов, сохранности и повышения долговечности сооружений при взаимодействии с судами, работе перегрузочного оборудования и портовых транспортных средств, складировании грузов. Он разработан с учётом актуального уровня исследований, опыта проектирования и строительства в различных природно-климатических и гидрогеологических условиях и утверждён Приказом Минстроя России от 16 декабря 2016 года.",Свод правил,СП_287.1325800.2016_Сооружения морские причальные. Правила проектирования и строительства (с изменением 1).pdf,Свод Правил Сооружения Морские Причальные Правила Проектирования И Строительства,"['требования проектирования', 'строительство гидротехнических объектов', 'безопасность морских сооружений', 'регулирование в строительстве']","['морские причальные сооружения', 'проектирование', 'строительство', 'гидротехнические сооружения', 'безопасность', 'долговечность', 'швартовка', 'перегрузочное оборудование', 'портовые транспортные средства', 'складирование грузов']",Русский,308,287.1325800.2016,5,82.6,0.7,Введен впервые,СП_287.1325800.2016_Сооружения морские причальные. Правила проектирования и строительства (с изменением 1).pdf,Действующий,245
"Проектируемые, реконструируемые жилые и общественные здания",Отопление,2022-12-23,2025-08-26T04:23:05.835434+00:00,"Данный свод правил устанавливает правила проектирования тепловой защиты жилых и общественных зданий. Документ разработан с учетом требований Федерального закона о техническом регулировании безопасности зданий и сооружений и является развитием СП 50.13330.2012. Документ включает изменения, утвержденные Министерством строительства России в 2019 и 2022 годах.",Свод правил,"СП_345.1325800.2017_Здания жилые и общественные. Правила проектирования тепловой защиты (с изменениями 1, 2).pdf",Свод правил Здания жилые и общественные. Правила проектирования тепловой защиты,"['правила проектирования', 'тепловая защита зданий', 'строительные материалы', 'нормативные ссылки']","['тепловая защита', 'проектирование', 'жилые здания', 'общественные здания', 'строительные материалы', 'теплопроводность', 'влажность']",русский,664,345.1325800.2017,5,68.4,1.0,Изменения N 2,"СП_345.1325800.2017_Здания жилые и общественные. Правила проектирования тепловой защиты (с изменениями 1, 2).pdf",Действующий,133
Эксплуатация спортивных зданий и сооружений,Безопасность эксплуатации зданий и сооружений,2019-06-11,2025-08-26T04:23:09.592310+00:00,"Данный свод правил разработан для регулирования безопасной эксплуатации спортивных зданий и сооружений. В документе содержатся требования по технической и пожарной безопасности, а также нормы по энергоэффективности, учитывая особенности спортивных объектов.",Свод правил,СП_418.1325800.2018_Здания и сооружения спортивные. Правила эксплуатации.pdf,Свод правил Здания и сооружения спортивные. Правила эксплуатации,"['требования безопасности', 'эксплуатация спортивных объектов', 'нормативные ссылки', 'технические регламенты']","['эксплуатация', 'спортивные здания', 'спортивные сооружения', 'технический регламент', 'пожарная безопасность', 'энергосбережение', 'энергоэффективность']",Русский,200,418.1325800.2018,5,88.1,3.2,Введен впервые,СП_418.1325800.2018_Здания и сооружения спортивные. Правила эксплуатации.pdf,Действующий,69
"Эксплуатация мелиоративных систем и сооружений, исключая водохранилища и оросительные системы с использованием сточных вод и животноводческих стоков",Мелиоративные системы и сооружения,2019-06-25,2025-08-26T04:23:13.208747+00:00,"Свод правил устанавливает требования к эксплуатации мелиоративных систем и сооружений в целях обеспечения безопасности и соответствия техническим регламентам Российской Федерации. В документе прописаны условия эксплуатации, нормативные ссылки на стандарты и законы, регулирующие безопасность гидротехнических и мелиоративных сооружений.",Свод правил,СП_421.1325800.2018_Мелиоративные системы и сооружения. Правила эксплуатации.pdf,Свод правил Мелиоративные системы и сооружения. Правила эксплуатации,"['эксплуатация мелиоративных систем', 'требования безопасности', 'нормативные документы', 'технический регламент', 'гидротехнические сооружения']","['мелиоративные системы', 'эксплуатация', 'правила эксплуатации', 'гидротехнические сооружения', 'безопасность', 'технический регламент']",Русский,244,421.1325800.2018,5,94.1,0.0,Введен впервые,СП_421.1325800.2018_Мелиоративные системы и сооружения. Правила эксплуатации.pdf,Действующий,81
"Стационарные системы передачи извещений о пожаре, использующие проводные и беспроводные каналы связи",Пожарная безопасность,2017-06-01,2025-08-26T04:23:16.794354+00:00,"Стандарт устанавливает общие технические требования и методы контроля к системам передачи извещений о пожаре (СПИ) и их оборудованию. Применяется к разрабатываемым, изготовляемым, модернизируемым и импортируемым СПИ. Не распространяется на оборудование иных каналов передачи информации.",ГОСТ,СТБ 11.16.10-2016 Система стандартов пожарнои безопасности. Системы передачи извещении о пожаре. Общие технические требования.pdf,СТБ 11.16.10-2016 Система стандартов пожарной безопасности Системы передачи извещений о пожаре Общие технические требования Методы контроля,"['Технические требования к СПИ', 'Методы контроля и испытаний', 'Пожарная сигнализация', 'Стандартизация в области пожарной безопасности']","['Системы передачи извещений о пожаре', 'Общие технические требования', 'Методы контроля', 'Пожарная безопасность', 'Проводные и беспроводные каналы связи']",русский,138,11.16.10-2016,5,96.0,0.0,Введен впервые,СТБ 11.16.10-2016 Система стандартов пожарнои безопасности. Системы передачи извещении о пожаре. Общие технические требования.pdf,Действующий,18
"Средства обеспечения пожарной безопасности и пожаротушения, предназначенные для предотвращения, снижения риска возникновения, ограничения развития пожара и распространения его опасных факторов, для тушения пожара, спасения людей, защиты жизни и (или) здоровья человека, имущества и окружающей среды от пожара",Пожарная безопасность,2017-06-23,2025-08-26T04:23:20.556056+00:00,"Документ устанавливает обязательные требования к средствам обеспечения пожарной безопасности и пожаротушения на территории государств-членов Евразийского экономического союза. Регламент направлен на защиту жизни, здоровья, имущества и окружающей среды от пожаров, а также регулирует маркировку таких средств для их свободного перемещения.",Решение ЕЭК,ТР ЕАЭС 043_2017 Технический регламент Евразииского экономического союза О требованиях к средствам ПБ и пожаротушения.pdf,"Технический регламент Евразийского экономического союза ""О требованиях к средствам обеспечения пожарной безопасности и пожаротушения""","['требования к средствам пожарной безопасности', 'маркировка средств пожарной безопасности', 'область применения технического регламента']","['технический регламент', 'пожарная безопасность', 'пожаротушение', 'Евразийский экономический союз', 'сертификация']",русский,3396,043/2017,5,7.4,0.0,,ТР ЕАЭС 043_2017 Технический регламент Евразииского экономического союза О требованиях к средствам ПБ и пожаротушения.pdf,Действующий,25
"Продукция, предназначенная для гражданской обороны и защиты от чрезвычайных ситуаций природного и техногенного характера, выпускаемая в обращение на таможенной территории Евразийского экономического союза",Гражданская оборона и защита от чрезвычайных ситуаций,2021-10-05,2025-08-26T04:23:24.613769+00:00,"Документ устанавливает обязательные требования безопасности к продукции, предназначенной для гражданской обороны и защиты от чрезвычайных ситуаций природного и техногенного характера, действующие на таможенной территории Евразийского экономического союза. Регламент регулирует сферу применения продукции в целях защиты жизни, здоровья, имущества и окружающей среды, а также определяет исключения из области применения.",Решение ЕЭК,ТР ЕАЭС 050_2021 Технический регламент Евразииского экономического союза О безопасности продукции ЧС.pdf,"Технический регламент Евразийского экономического союза О безопасности продукции, предназначенной для гражданской обороны и защиты от чрезвычайных ситуаций природного и техногенного характера","['требования безопасности', 'область применения', 'исключения', 'понятия и термины']","['Технический регламент', 'Евразийский экономический союз', 'гражданская оборона', 'чрезвычайные ситуации', 'безопасность продукции']",Русский,3091,050/2021,5,25.0,28.6,,ТР ЕАЭС 050_2021 Технический регламент Евразииского экономического союза О безопасности продукции ЧС.pdf,Действующий,25
"Лифты и устройства безопасности лифтов, используемые на территории государств-членов Таможенного союза, с исключениями для лифтов шахт горной и угольной промышленности, судов, морских платформ, летательных аппаратов и специальных военных лифтов",Безопасность,2011-10-18,2025-08-26T04:23:31.761691+00:00,"Документ устанавливает единые обязательные требования к безопасности лифтов и устройств безопасности лифтов на территории Таможенного союза, направленные на защиту жизни и здоровья человека, имущества и информирование пользователей о назначении и безопасности лифтов. Включает правила обращения на рынке, требования к безопасности, подтверждение соответствия и маркировку продукции.",Технический регламент,ТР ТС 011-2011 Безопасность лифтов.pdf,Технический регламент Таможенного союза ТР ТС 011/2011 Безопасность лифтов,"['требования к безопасности лифтов', 'область применения', 'определения', 'правила обращения на рынке', 'подтверждение соответствия', 'маркировка продукции', 'переходные периоды']","['лифты', 'устройства безопасности лифтов', 'маркировка', 'сертификация', 'технический регламент', 'безопасность', 'Таможенный союз']",Русский,228,011/2011,5,94.6,0.0,,ТР ТС 011-2011 Безопасность лифтов.pdf,Действующий,22
"Обеспечение безопасности на стадиях проектирования, строительства, реконструкции, капитального ремонта и эксплуатации автомобильных дорог общего пользования и дорожных сооружений",Безопасность автомобильных дорог,2011-10-18,2025-08-26T04:23:36.906703+00:00,"Технический регламент Таможенного союза устанавливает минимально необходимые требования безопасности к автомобильным дорогам и процессам их проектирования, строительства, реконструкции, капитального ремонта и эксплуатации. Регламент направлен на защиту жизни и здоровья граждан, охрану окружающей среды, предотвращение ввода в заблуждение потребителей, а также обеспечение энергетической эффективности и ресурсосбережения.",Решение ЕЭК,ТР ТС 014-2011 Безопасность автомобильных дорог.pdf,Технический регламент Таможенного союза ТР ТС 014/2011 Безопасность автомобильных дорог,"['требования безопасности', 'оценка соответствия', 'дорожные материалы', 'сертификация']","['технический регламент', 'автомобильные дороги', 'безопасность', 'проектирование', 'строительство', 'реконструкция', 'капитальный ремонт', 'эксплуатация', 'дорожные сооружения']",русский,817,014/2011,5,69.7,2.2,,ТР ТС 014-2011 Безопасность автомобильных дорог.pdf,Действующий,30
планировка и застройка г. Москвы,Архитектура,2020-09-22,2025-08-26T04:23:41.651328+00:00,"Данный документ содержит нормы и правила проектирования планировки и застройки территорий г. Москвы. Он направлен на реализацию Генерального плана развития Москвы и устанавливает требования по охране природной среды, здоровья граждан, сохранению памятников истории и культуры, исторической среды, а также противопожарные и иные требования безопасности. Документ распространяется на вновь застраиваемые и реконструируемые территории Москвы.",ТСН,ТСН 30-304-2000 г.Москвы (МГСН 1.01-99) Нормы и правила проектирования планировки и застроики г. Москвы (с Изменениями на 21.12.2021).pdf,МГСН 1.01-99 Нормы и правила проектирования планировки и застройки г. Москвы,"['нормы планировки', 'градостроительные требования', 'безопасность при проектировании']","['проектирование', 'планировка', 'застройка', 'Москва', 'градостроительство', 'охрана природной среды', 'пожарная безопасность', 'исторические памятники']",русский,237,1.01-99,5,96.0,0.0,"Изменения, утвержденные и введенные в действие с 29.09.2020 постановлением Правительства Москвы от 22.09.2020 N 1557-ПП",ТСН 30-304-2000 г.Москвы (МГСН 1.01-99) Нормы и правила проектирования планировки и застроики г. Москвы (с Изменениями на 21.12.2021).pdf,Действующий,56
"Требования к размещению и организации сети зданий, функциональным группам, составу и площадям помещений, объемно-планировочным решениям, освещению, инженерному оборудованию и внутренней среде общеобразовательных учреждений на территории города Москвы. Проектирование вновь строящихся и реконструируемых зданий и комплексов общеобразовательных учреждений любых организационно-правовых форм и форм собственности.",Общеобразовательные учреждения,2021-12-21,2025-08-26T04:23:46.877858+00:00,"Данный документ устанавливает нормы и требования для проектирования и организации общеобразовательных учреждений в городе Москве. Включает положения по функциональным группам зданий, площади помещений, объемно-планировочным решениям, освещению и инженерному оборудованию. Введен в действие постановлением Правительства Москвы от 01.06.2004 и обновлен изменениями от 21.12.2021.",ТСН,ТСН 31-306-2004 г. Москвы (МГСН 4.06-03) Общеобразовательные учреждения (с Изменениями на 21.12.2021).pdf,Технические строительные нормы 31-306-2004 г.Москвы Общеобразовательные учреждения с Изменениями на 21.12.2021,"['размещение зданий', 'планировка помещений', 'инженерное оборудование', 'освещение', 'архитектурное проектирование', 'гигиенические требования']","['общеобразовательные учреждения', 'нормы проектирования', 'Москва', 'строительные нормы', 'организация зданий', 'инженерное оборудование', 'освещение']",русский,449,31-306-2004,5,84.1,24.7,Изменения от 21.12.2021,ТСН 31-306-2004 г. Москвы (МГСН 4.06-03) Общеобразовательные учреждения (с Изменениями на 21.12.2021).pdf,Действующий,51
Проектирование общеобразовательных учреждений на территории города Москвы,Образование,2021-12-21,2025-08-26T04:23:52.205236+00:00,"Документ устанавливает требования к размещению, организации сети зданий, функциональным группам, составу и площадям помещений, объемно-планировочным решениям, освещению, инженерному оборудованию и внутренней среде общеобразовательных учреждений на территории города Москвы. Распространяется на проектирование новых и реконструируемых общеобразовательных учреждений. Содержит обязательные и рекомендательные положения.",ТСН,ТСН 31-306-2004 г. Москвы Общеобразовательные учреждения (изм. на 21.12.2021).pdf,ТСН 31-306-2004 г. Москвы Общеобразовательные Учреждения (с Изменениями на 21.12.2021),"['требования к зданиям общеобразовательных учреждений', 'планировка и объемно-планировочные решения', 'освещение и инженерное оборудование', 'нормативные ссылки на строительные нормы и правила']","['общеобразовательные учреждения', 'проектирование зданий', 'Москва', 'строительные нормы', 'организация сети зданий', 'функциональные группы', 'инженерное оборудование', 'внутренняя среда']",русский,462,31-306-2004,5,85.0,24.7,Изменения на 21.12.2021,ТСН 31-306-2004 г. Москвы Общеобразовательные учреждения (изм. на 21.12.2021).pdf,Действующий,53
"Для города Москвы, распространяется на проектирование вновь строящихся и реконструкцию существующих зданий всех видов дошкольных образовательных учреждений",Образование,2021-12-21,2025-08-26T04:23:55.389303+00:00,Данный документ устанавливает нормы и требования к проектированию и реконструкции дошкольных образовательных учреждений в городе Москве в соответствии с законодательством РФ и санитарно-эпидемиологическими правилами. Документ вступил в силу в 2006 году и был актуализирован изменениями в 2021 году.,ТСН,ТСН 31-307-2006 г.Москвы (МГСН 4.07-05) Дошкольные образовательные учреждения (с Изменениями на 21.12.2021).pdf,Московские городские строительные нормы Дошкольные образовательные учреждения,"['Проектирование зданий', 'Реконструкция зданий', 'Образовательные учреждения', 'Санитарные нормы']","['Дошкольные образовательные учреждения', 'Строительные нормы', 'Проектирование', 'Реконструкция', 'Москва', 'Образование']",Русский,433,4.07-05,5,90.5,3.2,Изменения на 21.12.2021,ТСН 31-307-2006 г.Москвы (МГСН 4.07-05) Дошкольные образовательные учреждения (с Изменениями на 21.12.2021).pdf,Действующий,56
Проектирование и реконструкция зданий дошкольных образовательных учреждений в городе Москве,Образование,2021-12-21,2025-08-26T04:23:59.693913+00:00,"Документ содержит московские городские строительные нормы для дошкольных образовательных учреждений. Включает требования к проектированию, реконструкции и организации режимов работы таких учреждений с учетом законодательства и санитарно-эпидемиологических норм. Введен в действие постановлением Правительства Москвы и дополнен изменениями 2021 года.",ТСН,ТСН 31-307-2006 г.Москвы Дошкольные образовательные учреждения (изм. на 21.12.2021).pdf,ТСН 31-307-2006 г.Москвы Дошкольные образовательные учреждения (с Изменениями на 21.12.2021),"['требования к проектированию дошкольных учреждений', 'законодательство об образовании', 'санитарные нормы', 'реконструкция зданий']","['дошкольные образовательные учреждения', 'строительные нормы', 'проектирование', 'реконструкция', 'санитарно-эпидемиологические требования', 'образование', 'Москва']",Русский,434,31-307-2006,5,91.5,3.2,с Изменениями на 21.12.2021,ТСН 31-307-2006 г.Москвы Дошкольные образовательные учреждения (изм. на 21.12.2021).pdf,Действующий,57
Проектирование новых и реконструируемых лечебно-профилактических учреждений и аптек в г. Москве,Лечебно-профилактические учреждения,2000-07-25,2025-08-26T04:24:04.621848+00:00,"Документ предназначен для дополнения и уточнения нормативных требований СНиП в строительстве, действующих на территории г. Москвы, регламентирует проектирование лечебно-профилактических учреждений и аптек с учетом архитектурно-планировочных решений, инженерного оборудования и требований безопасности.",ТСН,ТСН 31-313-98 г.Москвы (МГСН 4.12-97) Лечебно-профилактические учреждения.pdf,ТСН 31-313-98 г.Москвы Лечебно-профилактические учреждения (с Изменением N 1),"['требования к размещению', 'проекты лечебно-профилактических учреждений', 'архитектурно-планировочные решения', 'инженерное оборудование']","['Нормы проектирования', 'лечебно-профилактические учреждения', 'аптеки', 'строительство', 'Москва', 'СНиП', 'инженерное оборудование']",Русский,459,31-313-98,5,83.7,21.1,Изменение N 1,ТСН 31-313-98 г.Москвы (МГСН 4.12-97) Лечебно-профилактические учреждения.pdf,Действующий,27
"Проектирование и строительство новых и реконструируемых культурно-зрелищных учреждений в городе Москве, включая здания и комплексы различных назначений, независимо от формы собственности",Культурно-зрелищные учреждения,1998-08-01,2025-08-26T04:24:10.874901+00:00,"Документ устанавливает московские региональные требования к проектированию и строительству культурно-зрелищных учреждений. Он включает обязательные, рекомендательные и справочные положения по размещению, организации территорий, функционально-планировочным элементам, инженерно-технологическому оборудованию и безопасности этих учреждений. Нормы обязательны для применения различными организациями и физическими лицами, осуществляющими проектирование и строительство.",ТСН,ТСН 31-317-99 г.Москвы (МГСН 4.17-98) Культурно-зрелищные учреждения.pdf,Территориальные строительные нормы от 28.07.1998 N 31-317-99 г.Москвы Культурно-зрелищные учреждения Московские городские строительные нормы от 28.07.1998 N 4.17-98,"['нормы проектирования', 'требования к строительству', 'организация территорий', 'безопасность культурно-зрелищных зданий']","['территориальные строительные нормы', 'культурно-зрелищные учреждения', 'проектирование', 'строительство', 'Москва', 'региональные требования']",русский,473,31-317-99,5,80.3,26.2,Введены впервые,ТСН 31-317-99 г.Москвы (МГСН 4.17-98) Культурно-зрелищные учреждения.pdf,Действующий,87
Уровни террористической опасности на территории Российской Федерации,Пожарная безопасность,2024-09-06,2025-08-26T04:24:18.184294+00:00,"Документ устанавливает порядок установления уровней террористической опасности на отдельных участках территории Российской Федерации и предусматривает принятие дополнительных мер по обеспечению безопасности личности, общества и государства. В документе описываются три уровня террористической опасности: повышенный, высокий и критический, а также регламентируются процедуры установления, изменения и отмены этих уровней с учетом последних изменений на 6 сентября 2024 года.",Указ президента,Указ президента РФ №851 от 14.06.2012 О порядке установления уровней террористическои опасности.pdf,"Указ Президента Российской Федерации от 14 июня 2012 года N 851 О порядке установления уровней террористической опасности, предусматривающих принятие дополнительных мер по обеспечению безопасности личности, общества и государства (с изменениями на 6 сентября 2024 года)","['Установление уровней террористической опасности', 'Принятие мер безопасности', 'Антитеррористическая деятельность']","['террористическая опасность', 'уровни террористической опасности', 'безопасность', 'противодействие террористическим актам', 'антитеррористическая комиссия']",Русский,2763,851,5,16.7,0.0,Изменения на 6 сентября 2024 года,Указ президента РФ №851 от 14.06.2012 О порядке установления уровней террористическои опасности.pdf,Действующий,5
Правовое регулирование в сфере образования в Российской Федерации,Образование,2023-12-25,2025-08-26T04:24:23.302199+00:00,"Федеральный закон регулирует правовые основы образования в Российской Федерации, включая изменения, внесённые по состоянию на 25 декабря 2023 года. Закон действует в редакции с 1 мая 2024 года и охватывает основные положения образовательной деятельности, права и обязанности участников образовательного процесса.",Федеральный Закон,ФЗ №273 от 29.12.2012 Об образовании в РФ.pdf,Федеральный закон Об образовании в Российской Федерации,"['правовые основы образования', 'права и обязанности в образовании', 'регулирование образовательной деятельности']","['образование', 'федеральный закон', 'правовое регулирование', 'Российская Федерация', 'изменения']",русский,3260,273-ФЗ,5,43.6,2.4,с изменениями на 25 декабря 2023 года,ФЗ №273 от 29.12.2012 Об образовании в РФ.pdf,Действующий,196
Обеспечение безопасности эксплуатации опасных производственных объектов на территории Российской Федерации,Промышленная безопасность,2025-08-17,2025-08-26T04:24:29.144759+00:00,"Федеральный закон определяет правовые, экономические и социальные основы обеспечения безопасной эксплуатации опасных производственных объектов, направлен на предупреждение аварий и обеспечение готовности организаций к локализации и ликвидации последствий аварий.",Федеральный Закон,ФЗ-116 О промышленной безопасности опасных производственных объектов (ред. от 08.08.2024).pdf,Федеральный закон о промышленной безопасности опасных производственных объектов,"['правовые основы промышленной безопасности', 'предупреждение аварий', 'эксплуатация опасных производственных объектов', 'готовность к ликвидации аварий']","['промышленная безопасность', 'опасные производственные объекты', 'аварии', 'технические устройства', 'локализация аварий', 'ликвидация последствий']",Русский,1337,116-ФЗ,5,53.3,0.0,Редакция с учетом изменений до 08.08.2024,ФЗ-116 О промышленной безопасности опасных производственных объектов (ред. от 08.08.2024).pdf,Действующий,44
гидротехнические сооружения,Пожарная безопасность,2025-08-17,2025-08-26T04:24:33.852235+00:00,"Настоящий Федеральный закон регулирует отношения, возникающие при осуществлении деятельности по обеспечению безопасности при проектировании, строительстве, капитальном ремонте, эксплуатации, реконструкции, консервации и ликвидации гидротехнических сооружений. Включает нормы и правила обеспечения безопасности гидротехнических сооружений, требования к профессиональному образованию экспертов, контроль и мониторинг состояния сооружений, а также порядок действий при аварийных ситуациях.",Федеральный Закон,ФЗ-117_О безопасности гидротехнических сооружений.pdf,Федеральный закон о безопасности гидротехнических сооружений,"['безопасность', 'гидротехнические сооружения', 'нормативные правовые акты', 'профессиональное образование', 'аварийные ситуации']","['безопасность гидротехнических сооружений', 'проектирование', 'строительство', 'эксплуатация', 'реконструкция', 'капитальный ремонт', 'контроль', 'мониторинг', 'авария']",русский,1406,117-ФЗ,5,64.3,0.0,От 08.08.2024 № 232-ФЗ,ФЗ-117_О безопасности гидротехнических сооружений.pdf,Действующий,26
"Объекты защиты (продукции), в том числе здания и сооружения, производственные объекты",Пожарная безопасность,2023-12-25,2025-08-26T04:24:37.574685+00:00,"Данный Федеральный закон устанавливает основные положения технического регулирования в области пожарной безопасности и минимально необходимые требования пожарной безопасности к объектам защиты, включая здания, сооружения и производственные объекты. Закон содержит положения о целях и сфере применения и регулирует защиту жизни, здоровья и имущества граждан и организаций от пожаров.",Федеральный Закон,ФЗ-123 Технический регламент о требованиях пожарнои безопасности (с изм. на 25.12.2023).pdf,Технический регламент о требованиях пожарной безопасности (с изменениями на 25 декабря 2023 года),"['пожарная безопасность', 'объекты защиты', 'техническое регулирование', 'пожарно-технические требования']","['технический регламент', 'требования пожарной безопасности', 'федеральный закон', 'изменения 2023', 'защита от пожаров']",русский,1023,123-ФЗ,5,77.7,1.5,с изменениями на 25 декабря 2023 года,ФЗ-123 Технический регламент о требованиях пожарнои безопасности (с изм. на 25.12.2023).pdf,Действующий,117
,Атомная энергия,2025-08-17,2025-08-26T04:24:40.914298+00:00,"Федеральный закон регулирует правовые основы и принципы использования атомной энергии в Российской Федерации, направлен на защиту здоровья и жизни людей, охрану окружающей среды, защиту собственности и способствует развитию атомной науки и техники. Закон охватывает вопросы безопасности, регулирования и международного сотрудничества в области атомной энергии.",Федеральный Закон,ФЗ-170 Об использовании атомной энергии.pdf,Федеральный закон Об использовании атомной энергии,"['правовые основы использования атомной энергии', 'принципы регулирования', 'безопасность', 'участие граждан и организаций']","['атомная энергия', 'безопасность', 'радиационная опасность', 'международное право', 'защита окружающей среды']",русский,1298,170-ФЗ,5,69.4,0.0,,ФЗ-170 Об использовании атомной энергии.pdf,Действующий,71
,Техническое регулирование,2023-12-25,2025-08-26T04:24:44.854771+00:00,"Федеральный Закон о техническом регулировании устанавливает основные принципы и требования в области технического регулирования в Российской Федерации. Документ включает положения о стандартизации, сертификации, технических регламентах и обеспечении соответствия продукции и услуг установленным нормам. Закон содержит положения о внесенных изменениях вплоть до 25 декабря 2023 года.",Федеральный Закон,ФЗ-184 О техническом регулировании (изм. на 25.12.2023).pdf,Федеральный Закон О техническом регулировании,"['основные принципы технического регулирования', 'порядок разработки технических регламентов', 'контроль соблюдения норм']","['техническое регулирование', 'стандартизация', 'сертификация', 'технические регламенты', 'соответствие продукции']",русский,2148,123-ФЗ,5,56.7,22.7,,ФЗ-184 О техническом регулировании (изм. на 25.12.2023).pdf,Действующий,55
,Градостроительство,2025-06-24,2025-08-26T04:24:48.050486+00:00,"Градостроительный Кодекс Российской Федерации с изменениями на 24 июня 2025 года. Документ регулирует вопросы градостроительной деятельности, планирования, застройки и использования земельных ресурсов в России.",Кодекс,ФЗ-190 Градостроительный кодекс РФ (изм. на 24.06.2025).pdf,Градостроительный Кодекс Российской Федерации,"['Градостроительство', 'Земельные отношения', 'Правовое регулирование']","['Градостроительство', 'Землепользование', 'Застройка', 'Планирование территорий', 'Федеральные законы']",русский,4200,-,5,23.2,0.0,,ФЗ-190 Градостроительный кодекс РФ (изм. на 24.06.2025).pdf,Действующий,363
Регулирование отношений по найму жилых помещений жилищного фонда социального использования,Жилищное законодательство,2014-07-21,2025-08-26T04:24:52.053212+00:00,"Федеральный закон вносит изменения в Жилищный кодекс Российской Федерации, направленные на регулирование порядка предоставления жилых помещений по договорам найма жилищного фонда социального использования. Закон определяет критерии нуждаемости в жилых помещениях, порядок учета граждан, устанавливает уровни доходов и имущества для признания нуждающихся, а также регламентирует особенности предоставления жилых помещений государственных, муниципальных и частных жилищных фондов.",Федеральный Закон,ФЗ-217 Найм жилых Помещений жилищного фонда социального использования.pdf,Федеральный закон N 217-ФЗ от 21 июля 2014 года О внесении изменений в Жилищный кодекс Российской Федерации и отдельные законодательные акты Российской Федерации в части законодательного регулирования отношений по найму жилых помещений жилищного фонда социального использования,"['изменения в законодательстве', 'порядок предоставления жилых помещений', 'учет нуждающихся', 'доход и имущество граждан', 'жилищный фонд социального использования']","['Жилищный кодекс', 'социальное использование', 'найм жилых помещений', 'жилищный фонд', 'регулирование отношений']",Русский,3752,217-ФЗ,5,40.4,16.0,,ФЗ-217 Найм жилых Помещений жилищного фонда социального использования.pdf,Действующий,38
"Установление и оценка применения обязательных требований в предпринимательской и иной экономической деятельности, а также государственный и муниципальный контроль, лицензирование, аккредитация и оценка соответствия продукции",Правовое регулирование,2025-06-01,2025-08-26T04:24:55.601628+00:00,"Федеральный закон регулирует правовые и организационные основы установления и оценки применения обязательных требований в Российской Федерации. Закон охватывает сферы государственного и муниципального контроля, административной ответственности, лицензирования и других форм оценки и экспертизы.",Федеральный Закон,ФЗ-247 Об обязательных требованиях в РФ (изм. на 28.02.2025).pdf,"Федеральный закон Об обязательных требованиях в Российской Федерации (с изменениями на 28 февраля 2025 года) (редакция, действующая с 1 июня 2025 года)","['установление обязательных требований', 'оценка применения требований', 'государственный и муниципальный контроль', 'правовые основы']","['обязательные требования', 'государственный контроль', 'муниципальный контроль', 'административная ответственность', 'лицензирование', 'аккредитация', 'оценка соответствия продукции', 'правовое регулирование']",Русский,1355,247-ФЗ,5,70.8,0.0,,ФЗ-247 Об обязательных требованиях в РФ (изм. на 28.02.2025).pdf,,11
"Регулирование градостроительных, земельных и иных отношений для реализации приоритетных проектов по модернизации и расширению инфраструктуры",Инфраструктура,2024-08-08,2025-08-26T04:25:00.506643+00:00,"Данный Федеральный закон устанавливает особенности регулирования отношений, связанных с реализацией приоритетных проектов по модернизации и расширению инфраструктуры. Закон охватывает строительство, реконструкцию объектов капитального строительства инфраструктуры различных видов, включая транспорт, социальную и промышленную инфраструктуру. Закон содержит нормы, направленные на координацию и упрощение процедур для улучшения инфраструктурных проектов.",Федеральный Закон,ФЗ-254 Об особенностях регулирования отдельных отношений.pdf,Федеральный закон N 254-ФЗ от 31.07.2020 Об особенностях регулирования отдельных отношений в целях реализации приоритетных проектов по модернизации и расширению инфраструктуры и о внесении изменений в отдельные законодательные акты Российской Федерации,"['регулирование инфраструктуры', 'градостроительные отношения', 'строительство и реконструкция объектов', 'транспорт и социальная инфраструктура']","['модернизация инфраструктуры', 'приоритетные проекты', 'регулирование градостроительных отношений', 'капитальное строительство', 'транспортная инфраструктура', 'социальная инфраструктура']",Русский,1367,254-ФЗ,5,51.5,41.4,"в ред. Федеральных законов от 30.12.2021 N 447-ФЗ, от 01.05.2022 N 124-ФЗ, от 25.12.2023 N 622-ФЗ, от 08.08.2024 N 261-ФЗ",ФЗ-254 Об особенностях регулирования отдельных отношений.pdf,Действующий,21
"Регулирование градостроительных, земельных и иных отношений в целях модернизации и расширения магистральной инфраструктуры",Транспортная инфраструктура,2020-07-24,2025-08-26T04:25:06.029956+00:00,"Федеральный закон устанавливает особенности регулирования отношений, связанных с модернизацией и расширением магистральной инфраструктуры, включая транспортную инфраструктуру федерального, регионального и местного значения. Закон охватывает объекты строительства, реконструкции и эксплуатации инфраструктуры, такие как автомобильные дороги, железнодорожный транспорт, морские и речные порты, аэродромы, транспортно-пересадочные узлы и инженерную инфраструктуру.",Федеральный Закон,ФЗ-254_Об особенностях регулирования отдельных отношений в целях модернизации и расширения магистральной инфраструктуры.pdf,Федеральный закон О Особенностях Регулирования Отдельных Отношений В Целях Модернизации И Расширения Магистральной Инфраструктуры И О Внесении Изменений В Отдельные Законодательные Акты Российской Федерации,"['модернизация инфраструктуры', 'регулирование градостроительных отношений', 'строительство и реконструкция объектов', 'транспортная инфраструктура', 'объекты капитального строительства']","['модернизация', 'магистральная инфраструктура', 'транспортная инфраструктура', 'строительство', 'реконструкция', 'эксплуатация', 'градостроительные отношения', 'земельные отношения']",русский,1251,254-ФЗ,5,42.9,48.3,,ФЗ-254_Об особенностях регулирования отдельных отношений в целях модернизации и расширения магистральной инфраструктуры.pdf,Действующий,35
Противодействие терроризму на территории Российской Федерации,Безопасность,2025-02-28,2025-08-26T04:25:09.404528+00:00,"Федеральный закон регулирует вопросы противодействия терроризму, включая меры профилактики, выявления и пресечения террористической деятельности на территории Российской Федерации. Документ содержит положения о правовом статусе субъектов борьбы с терроризмом и механизмах взаимодействия государственных органов.",Федеральный Закон,ФЗ-35 от 06.03.2006 О противодействии терроризму (с изм. на 28.02.2025).pdf,Федеральный закон О Противодействии Терроризму,"['Правовой статус', 'Меры противодействия', 'Взаимодействие государственных органов']","['терроризм', 'противодействие терроризму', 'безопасность', 'правовое регулирование', 'Меры профилактики']",русский,1520,153-ФЗ,5,68.2,12.1,с изменениями на 28 февраля 2025 года,ФЗ-35 от 06.03.2006 О противодействии терроризму (с изм. на 28.02.2025).pdf,Действующий,19
Строительство зданий и сооружений,Пожарная безопасность,2023-12-25,2025-08-26T04:25:12.717312+00:00,"Настоящий Федеральный закон устанавливает требования безопасности для зданий и сооружений, направленные на защиту жизни и здоровья граждан, сохранность имущества, охрану окружающей среды и обеспечение энергетической эффективности. Документ содержит определения основных понятий, регулирует технические стандарты и нормы безопасности в строительстве.",Федеральный Закон,ФЗ-384 Технический регламент о безопасности зданий и сооружений (изм. на 25.12.2023).pdf,Технический регламент о безопасности зданий и сооружений,"['требования безопасности', 'определения терминов', 'изменения законодательства', 'контроль качества строительства']","['безопасность зданий', 'строительные конструкции', 'пожарная безопасность', 'энергетическая эффективность', 'технический регламент', 'жизненный цикл здания']",русский,835,384-ФЗ,5,76.2,4.0,Изм.от 25.12.2023,ФЗ-384 Технический регламент о безопасности зданий и сооружений (изм. на 25.12.2023).pdf,Действующий,26
Обеспечение радиационной безопасности населения,Пожарная безопасность,2025-08-17,2025-08-26T04:25:16.541331+00:00,"Настоящий Федеральный закон определяет правовые основы обеспечения радиационной безопасности населения в целях охраны его здоровья. Закон регулирует правовое поле, понятия и принципы радиационной безопасности.",Федеральный Закон,ФЗ-3_О радиационной безопасности населения.pdf,Федеральный Закон О радиационной безопасности населения,"['понятия радиационной безопасности', 'правовое регулирование', 'принципы обеспечения радиационной безопасности']","['радиационная безопасность', 'ионизирующее излучение', 'естественный радиационный фон', 'санитарно-защитная зона', 'радиационная авария', 'принцип нормирования', 'принцип обоснования', 'принцип оптимизации']",русский,830,3-ФЗ,5,87.2,15.4,,ФЗ-3_О радиационной безопасности населения.pdf,Действующий,20
Внеуличный транспорт в Российской Федерации,Транспорт,2017-12-26,2025-08-26T04:25:19.605335+00:00,"Данный Федеральный закон устанавливает правовые условия функционирования внеуличного транспорта и основы организации транспортного обслуживания населения внеуличным транспортом в Российской Федерации. Закон регулирует понятия, функции, маршруты и инфраструктуру внеуличного транспорта.",Федеральный Закон,ФЗ-442_О внеуличном транспорте .pdf,Федеральный закон о внеуличном транспорте и о внесении изменений в отдельные законодательные акты Российской Федерации,"['правовые условия функционирования внеуличного транспорта', 'определение основных понятий', 'организация транспортного обслуживания', 'виды внеуличного транспорта', 'объекты инфраструктуры']","['внеуличный транспорт', 'правовое регулирование', 'транспортное обслуживание', 'маршруты', 'инфраструктура']",русский,1208,442-ФЗ,5,33.3,56.2,,ФЗ-442_О внеуличном транспорте .pdf,Действующий,42
санитарно-эпидемиологическое благополучие населения,Охрана труда,2025-08-17,2025-08-26T04:25:26.783330+00:00,"Федеральный закон регулирует вопросы санитарно-эпидемиологического благополучия населения, устанавливает основные понятия и направлен на обеспечение условий, при которых отсутствует вредное воздействие факторов среды на здоровье человека. В законе приведены определения среды обитания, факторов среды, вредного воздействия, а также регулируются права граждан на охрану здоровья и благоприятную окружающую среду.",Федеральный Закон,ФЗ-52_О санитарно эпидемиологическом благополучии населения.pdf,Федеральный закон О санитарно-эпидемиологическом благополучии населения,"['санитарно-эпидемиологическое благополучие', 'охрана здоровья населения', 'среда обитания человека', 'гигиенический норматив']","['санитарно-эпидемиологическое благополучие населения', 'среда обитания', 'факторы среды обитания', 'вредное воздействие', 'благоприятные условия жизнедеятельности', 'безопасные условия для человека', 'гигиенический норматив']",русский,1274,52-ФЗ,5,63.0,1.6,,ФЗ-52_О санитарно эпидемиологическом благополучии населения.pdf,Действующий,67
"Использование воздушного пространства Российской Федерации, регулирование авиационной деятельности",Воздушный транспорт,2025-08-17,2025-08-26T04:25:31.226388+00:00,"Кодекс регулирует отношения, связанные с использованием воздушного пространства Российской Федерации, определяет суверенитет в отношении воздушного пространства, а также устанавливает воздушное законодательство в Российской Федерации. Включает основные принципы, нормы и правила, а также положения о государственных органах и порядке управления и использования воздушного пространства.",Кодекс,ФЗ-60_Воздушный кодекс Российской Федерации.pdf,Воздушный Кодекс Российской Федерации,"['суверенитет воздушного пространства', 'воздушное законодательство Российской Федерации', 'использование воздушного пространства', 'регулирование авиации']","['Воздушный кодекс', 'воздушное пространство', 'суверенитет', 'воздушное законодательство', 'федеральные авиационные правила']",Русский,1260,-,5,64.0,8.9,на 17.08.2025 г.,ФЗ-60_Воздушный кодекс Российской Федерации.pdf,Действующий,163
Обеспечение пожарной безопасности на территории Российской Федерации,Пожарная безопасность,2024-08-08,2025-08-26T04:25:35.308408+00:00,"Федеральный закон регулирует вопросы, связанные с обеспечением пожарной безопасности на территории России, включая меры по предупреждению возникновения пожаров и действия в случае их возникновения. Документ содержит изменения и дополнения, внесённые по состоянию на 8 августа 2024 года, и применяется в редакции, действующей с 1 марта 2025 года.",Федеральный Закон,ФЗ-69 от 21.12.1994 О пожарнои безопасности (изм. на 08.08.2024).pdf,"Федеральный закон О пожарной безопасности (с изменениями на 8 августа 2024 года) (редакция, действующая с 1 марта 2025 года)","['меры пожарной безопасности', 'регулирование правовых отношений в области пожарной безопасности', 'изменения законодательства']","['пожарная безопасность', 'превентивные меры', 'регулирование']",русский,1806,151-ФЗ,5,60.5,8.0,с изменениями на 8 августа 2024 года,ФЗ-69 от 21.12.1994 О пожарнои безопасности (изм. на 08.08.2024).pdf,Действующий,42
Газоснабжение в Российской Федерации,Энергетика,2024-08-08,2025-08-26T04:25:38.929690+00:00,"Настоящий Федеральный закон определяет правовые, экономические и организационные основы отношений в области газоснабжения в Российской Федерации и направлен на обеспечение удовлетворения потребностей государства в стратегическом виде энергетических ресурсов.",Федеральный Закон,ФЗ-69 от 31.03.1999 О газоснабжении в Российской Федерации.pdf,Федеральный закон о газоснабжении в Российской Федерации,"['правовые основы газоснабжения', 'экономические основы газоснабжения', 'организационные основы газоснабжения', 'стратегическое обеспечение энергетических ресурсов']","['газоснабжение', 'газ', 'энергетика', 'правовые основы', 'экономические основы', 'организационные основы', 'Российская Федерация']",русский,1072,69-ФЗ,5,61.5,0.0,от 08.08.2024 № 232-ФЗ,ФЗ-69 от 31.03.1999 О газоснабжении в Российской Федерации.pdf,Действующий,40
Правовые основы государственной политики в области охраны окружающей среды на территории Российской Федерации,Охрана окружающей среды,2025-08-17,2025-08-26T04:25:42.351281+00:00,"Федеральный закон устанавливает правовые основы государственной политики в области охраны окружающей среды, определяет права и обязанности граждан и организаций по сохранению природных ресурсов, а также регламентирует мониторинг и прогнозирование состояния многолетней мерзлоты. Закон содержит многочисленные редакции и дополнения, действующие по состоянию на 17.08.2025.",Федеральный Закон,ФЗ-7 Об охране окружающей среды.pdf,Федеральный закон об охране окружающей среды,"['правовые основы охраны окружающей среды', 'мониторинг состояния природы', 'экологические обязательства граждан и организаций']","['охрана окружающей среды', 'государственная политика', 'экологический мониторинг', 'вечномерзлый грунт', 'многолетняя мерзлота']",русский,1741,7-ФЗ,5,33.3,0.0,Многочисленные редакции с 2001 по 2024 годы,ФЗ-7 Об охране окружающей среды.pdf,Действующий,16
"регулирует отношения в области сохранения, использования, популяризации и государственной охраны объектов культурного наследия (памятников истории и культуры) народов Российской Федерации",Культурное наследие,2025-08-17,2025-08-26T04:25:46.485449+00:00,"Федеральный закон регулирует отношения в области сохранения, использования, популяризации и государственной охраны объектов культурного наследия народов Российской Федерации. Закон направлен на реализацию конституционных прав и обязанностей по сохранению культурных ценностей, памятников истории и культуры, а также на защиту культурно-национальной самобытности народов.",Федеральный Закон,ФЗ-73_Об объектах культурного наследия памятниках истории и культуры.pdf,Федеральный Закон Об Объектах Культурного Наследия (Памятниках Истории И Культуры) Народов Российской Федерации,"['сохранение объектов культурного наследия', 'использование культурного наследия', 'популяризация культурных ценностей', 'государственная охрана памятников истории и культуры', 'правовые отношения в сфере культурного наследия']","['объекты культурного наследия', 'памятники истории и культуры', 'сохранение', 'использование', 'популяризация', 'государственная охрана', 'право', 'культурно-национальная самобытность']",русский,1951,73-ФЗ,5,44.0,0.0,от 26.12.2024 № 485-ФЗ,ФЗ-73_Об объектах культурного наследия памятниках истории и культуры.pdf,Действующий,56
Обращение с отходами производства и потребления,Охрана труда,2025-08-17,2025-08-26T04:25:52.191488+00:00,"Данный Федеральный закон устанавливает правовые основы обращения с отходами производства и потребления с целью предотвращения вредного воздействия на здоровье человека и окружающую среду. Закон предусматривает порядок сбора, накопления, транспортирования, обработки, утилизации, обезвреживания и размещения отходов.",Федеральный Закон,ФЗ-89_Об отходах производства и потребления.pdf,Федеральный закон Об отходах производства и потребления,"['правовые основы обращения с отходами', 'предотвращение вредного воздействия отходов', 'вовлечение отходов в хозяйственный оборот']","['отходы производства и потребления', 'обращение с отходами', 'сбор отходов', 'накопление отходов', 'транспортирование отходов', 'утилизация отходов', 'обезвреживание отходов', 'размещение отходов', 'захоронение отходов']",Русский,1872,89-ФЗ,5,44.2,17.7,,ФЗ-89_Об отходах производства и потребления.pdf,Действующий,116
Правила устройства электроустановок распространяются на вновь сооружаемые и реконструируемые электроустановки постоянного и переменного тока напряжением до 750 кВ,Электроустановки,,2025-08-29T03:19:20.461069+00:00,"Документ содержит общие правила и требования к устройству электроустановок, включая определения и область применения. Издание утверждено приказом Министерства энергетики Российской Федерации 8 июля 2002 года и применяется с 1 января 2003 года.",ПУЭ,Правила устройства электроустановок (ПУЭ). Глава 1.1 Общая часть (Издание седьмое).pdf,Правила устройства электроустановок. Глава 1.1 Общая часть (Издание седьмое),"['устройство электроустановок', 'эксплуатация и безопасность', 'планово-предупредительные испытания', 'ремонт электроустановок']","['Правила устройства электроустановок', 'ПУЭ', 'электроустановки', 'напряжение до 750 кВ', 'эксплуатация', 'безопасность']",русский,545,-,5,62.5,0.0,,Правила устройства электроустановок (ПУЭ). Глава 1.1 Общая часть (Издание седьмое).pdf,Действующий,7
"Применяется ко всем системам электроснабжения, включая подземные, тяговые и специальные установки при соблюдении специальных правил",Электроснабжение,,2025-08-29T03:19:24.484035+00:00,"Документ содержит Правила устройства электроустановок седьмого издания, глава 1.2, регулирующие электроснабжение и электрические сети. В документе изложены определения и основные требования к системам электроснабжения, их структуре и функционированию.",ПУЭ,Правила устройства электроустановок (ПУЭ). Глава 1.2 Электроснабжение и электрические сети.pdf,Правила устройства электроустановок. Глава 1.2 Электроснабжение и электрические сети (Издание седьмое),"['определения', 'системы электроснабжения', 'электроэнергетическая система', 'централизованное электроснабжение', 'электрическая сеть']","['Правила устройства электроустановок', 'ПУЭ', 'электроснабжение', 'электросети', 'энергосистема', 'электроустановки']",Русский,308,-,5,71.4,0.0,,Правила устройства электроустановок (ПУЭ). Глава 1.2 Электроснабжение и электрические сети.pdf,Действующий,5
"Выбор сечений электрических проводников (неизолированные и изолированные провода, кабели и шины) по нагреву, экономической плотности тока и по условиям короны",Электротехника,,2025-08-29T03:19:29.162433+00:00,"Данный документ определяет правила выбора сечений электрических проводников с учетом допустимого нагрева, экономической плотности тока и условий возникновения короны. В документе рассмотрены нормы и методы проверки проводников для различных режимов работы и типов изоляции.",ПУЭ,Правила устройства электроустановок (ПУЭ). Глава 1.3. Выбор проводников по нагреву.pdf,"Правила устройства электроустановок. Глава 1.3 Выбор проводников по нагреву, экономической плотности тока и по условиям короны (издание шестое)","['выбор сечений проводников', 'нагрев проводников', 'кратковременные режимы работы', 'перегрузки кабелей', 'изоляция кабелей']","['электрические проводники', 'нагрев', 'экономическая плотность тока', 'условия короны', 'сечение проводников', 'кабели', 'изоляция']",Русский,576,-,5,85.2,0.0,,Правила устройства электроустановок (ПУЭ). Глава 1.3. Выбор проводников по нагреву.pdf,Действующий,22
"Выбор и применение электрических аппаратов и проводников в электроустановках переменного тока частотой 50 Гц, напряжением до и выше 1 кВ",Электроустановки,,2025-08-29T03:19:34.498479+00:00,"Данная глава Правил устройства электроустановок распространяется на выбор и применение электрических аппаратов и проводников по условиям короткого замыкания (КЗ) в электроустановках переменного тока частотой 50 Гц с напряжением до и выше 1 кВ. Описываются требования к электродинамической и термической стойкости, расчетные схемы для определения токов КЗ, а также исключения и условия неприменимости проверок по режимам КЗ.",ПУЭ,Правила устройства электроустановок (ПУЭ). Глава 1.4. Выбор электрических аппаратов и проводников.pdf,Правила устройства электроустановок. Глава 1.4. Выбор электрических аппаратов и проводников по условиям короткого замыкания (Издание шестое),"['выбор электрических аппаратов', 'устойчивость при коротком замыкании', 'расчет токов короткого замыкания', 'исключения по проверке КЗ']","['короткое замыкание', 'электрические аппараты', 'проводники', 'электроустановки', 'ток КЗ', 'электродинамическая стойкость', 'термическая стойкость']",русский,754,-,5,80.0,75.0,,Правила устройства электроустановок (ПУЭ). Глава 1.4. Выбор электрических аппаратов и проводников.pdf,Действующий,5
"Требования к учету электроэнергии в электроустановках, жилых и общественных зданиях",Электроустановки,,2025-08-29T03:19:38.500163+00:00,"Документ содержит требования к учету электроэнергии в электроустановках, включая требования к расчетному и техническому учету, установке счетчиков, а также особенности учета активной и реактивной электроэнергии в различных условиях.",ПУЭ,Правила устройства электроустановок (ПУЭ). Глава 1.5. Учет электроэнергии (Издание шестое).pdf,Правила устройства электроустановок (ПУЭ). Глава 1.5. Учет электроэнергии (Издание шестое),"['учет электроэнергии', 'расчетные счетчики', 'технический учет', 'установка счетчиков', 'баланс электроэнергии']","['учет электроэнергии', 'расчетный учет', 'технический учет', 'счетчики электроэнергии', 'активная электроэнергия', 'реактивная электроэнергия', 'электроустановки']",Русский,799,-,5,58.8,0.0,,Правила устройства электроустановок (ПУЭ). Глава 1.5. Учет электроэнергии (Издание шестое).pdf,Не определено,7
"Измерения электрических величин, осуществляемые при помощи стационарных средств в электроустановках",Измерения электрических величин,,2025-08-29T03:19:42.794452+00:00,"Данный документ регламентирует общие требования к измерениям электрических величин в электроустановках, включая требования к классам точности измерительных приборов, условия установки приборов, особенности измерений тока и напряжения в различных цепях и системах.",ПУЭ,Правила устройства электроустановок (ПУЭ). Глава 1.6. Измерения электрических величин.pdf,Правила устройства электроустановок. Глава 1.6. Измерения электрических величин (Издание шестое),"['точность измерений', 'установка измерительных приборов', 'контроль технологического процесса', 'измерения в электроустановках']","['измерения электрических величин', 'стационарные средства', 'классы точности', 'измерительные приборы', 'установка приборов', 'измерение тока', 'измерение напряжения']",Русский,544,-,5,76.5,0.0,,Правила устройства электроустановок (ПУЭ). Глава 1.6. Измерения электрических величин.pdf,Не определено,6
Заземление и защитные меры электробезопасности в электроустановках переменного и постоянного тока напряжением до 1 кВ и выше,Электроустановки,,2025-08-29T03:19:47.649147+00:00,"Настоящая глава Правил устройства электроустановок распространяется на все электроустановки переменного и постоянного тока напряжением до 1 кВ и выше, устанавливая общие требования к их заземлению и защите от поражения электрическим током как в нормальном режиме работы, так и при повреждении изоляции.",ПУЭ,Правила устройства электроустановок (ПУЭ). Глава 1.7 Заземление и защитные меры электробезопасности.pdf,Правила устройства электроустановок. Глава 1.7 Заземление и защитные меры электробезопасности (Издание седьмое),"['системы заземления', 'электроустановки переменного и постоянного тока', 'защита людей и животных', 'нормы электробезопасности']","['заземление', 'защитные меры электробезопасности', 'электроустановки', 'электробезопасность', 'напряжение до 1 кВ']",Русский,2007,-,5,39.3,58.8,,Правила устройства электроустановок (ПУЭ). Глава 1.7 Заземление и защитные меры электробезопасности.pdf,Действующий,39
Приемо-сдаточные испытания электрооборудования до 500 кВ,Электрооборудование,,2025-08-29T03:19:51.237923+00:00,"Документ содержит нормы приемо-сдаточных испытаний электрооборудования до 500 кВ, вводимого в эксплуатацию. Установлены требования к проведению испытаний, методам измерений и оформлению результатов. Документ является частью седьмого издания Правил устройства электроустановок и утвержден приказом Минэнерго России.",ПУЭ,Правила устройства электроустановок (ПУЭ). Глава 1.8. Нормы приемо-сдаточных испытаний.pdf,Правила устройства электроустановок. Глава 1.8. Нормы приемо-сдаточных испытаний,"['нормы приемо-сдаточных испытаний', 'электрооборудование', 'испытания повышенным напряжением', 'измерение сопротивления изоляции']","['приемо-сдаточные испытания', 'электрооборудование до 500 кВ', 'нормы испытаний', 'Минэнерго России', 'ПУЭ']",русский,838,-,5,71.9,7.3,,Правила устройства электроустановок (ПУЭ). Глава 1.8. Нормы приемо-сдаточных испытаний.pdf,Действующий,65
Выбор изоляции электроустановок переменного тока на номинальное напряжение 6-750 кВ,Электроустановки,,2025-08-29T03:19:55.744478+00:00,"Документ содержит правила устройства электроустановок, в частности главу 1.9, посвященную выбору и требованиям к изоляции электроустановок переменного тока с номинальным напряжением от 6 до 750 кВ. Установлены определения, общие требования и методика определения степени загрязнения и длины пути утечки изоляции.",ПУЭ,Правила устройства электроустановок (ПУЭ). Глава 1.9 Изоляция электроустановок.pdf,Правила устройства электроустановок. Глава 1.9 Изоляция электроустановок (Издание седьмое),"['электроустановки', 'изоляция', 'элементы изоляции', 'электрическая прочность', 'загрязнение атмосферы']","['изоляция электроустановок', 'выбор изоляции', 'путь утечки изоляции', 'эффективная длина пути утечки', 'степень загрязнения', 'карта степеней загрязнения', 'удельная эффективная длина пути утечки', 'стекло', 'фарфор', 'полимерные изоляторы']",Русский,572,-,5,85.0,0.0,,Правила устройства электроустановок (ПУЭ). Глава 1.9 Изоляция электроустановок.pdf,Действующий,16
"электропроводки силовых, осветительных и вторичных цепей напряжением до 1 кВ внутри зданий и сооружений, на наружных их стенах, территориях предприятий, учреждений и иных объектов",Электропроводки,,2025-08-29T03:19:59.996633+00:00,"Данный документ определяет область применения, основные определения, виды электропроводок, а также требования к монтажу и эксплуатации электропроводок напряжением до 1 кВ в различных условиях и местах прокладки.",ПУЭ,Правила устройства электроустановок (ПУЭ). Глава 2.1. Электропроводки.pdf,"Правила устройства электроустановок. Глава 2.1. Электропроводки. Область применения, определения","['область применения', 'основные определения', 'виды электропроводок', 'требования монтажа и эксплуатации']","['электропроводки', 'силовые цепи', 'осветительные цепи', 'вторичные цепи', 'напряжение до 1 кВ', 'открытая электропроводка', 'скрытая электропроводка', 'наружная электропроводка', 'вводы от ВЛ', 'струна', 'трос', 'полоса']",Русский,1350,-,5,50.0,0.0,,Правила устройства электроустановок (ПУЭ). Глава 2.1. Электропроводки.pdf,Действующий,13
Токопроводы переменного и постоянного тока с напряжением до 35 кВ на промышленных предприятиях и в электроустановках,Электроснабжение,,2025-08-29T03:20:03.983105+00:00,"Данный документ устанавливает требования и общие положения к токопроводам переменного и постоянного тока напряжением до 35 кВ, включая классификацию токопроводов, требования к их конструкции, выбору материалов, условиям эксплуатации и техническому обслуживанию.",ПУЭ,Правила устройства электроустановок (ПУЭ). Глава 2.2. Токопроводы напряжением до 35 кВ.pdf,Правила устройства электроустановок (ПУЭ). Глава 2.2. Токопроводы напряжением до 35 кВ (Издание шестое),"['классификация токопроводов', 'требования к конструкции', 'материалы токопроводов', 'механические нагрузки и температуры', 'защита от перенапряжений']","['токопроводы', 'напряжение до 35 кВ', 'гибкие токопроводы', 'жесткие токопроводы', 'заземление', 'механические нагрузки', 'грозовые перенапряжения']",русский,349,-,5,64.3,0.0,,Правила устройства электроустановок (ПУЭ). Глава 2.2. Токопроводы напряжением до 35 кВ.pdf,Не определено,5
Кабельные силовые линии до 220 кВ,Электроустановки,,2025-08-29T03:20:08.111879+00:00,"Данный документ содержит правила и определения, распространяющиеся на кабельные силовые линии до 220 кВ, включая технологические требования к кабельным линиям, кабельным сооружениям, а также типам кабельных линий и элементов для обеспечения их нормальной работы.",ПУЭ,Правила устройства электроустановок (ПУЭ). Глава 2.3. Кабельные линии напряжением до 220 кВ.pdf,Правила устройства электроустановок. Глава 2.3. Кабельные линии напряжением до 220 кВ (Издание шестое),"['Определения кабельных линий и сооружений', 'Технические характеристики маслонаполненных кабельных линий', 'Устройство и классификация кабельных сооружений']","['кабельные линии', 'силовые линии до 220 кВ', 'маслонаполненные линии', 'кабельные сооружения', 'подпитывающие пункты']",Русский,3053,-,5,37.8,70.8,,Правила устройства электроустановок (ПУЭ). Глава 2.3. Кабельные линии напряжением до 220 кВ.pdf,Не определено,24
"Правила устройства электроустановок, применение к воздушным линиям электропередачи напряжением до 1 кВ",Передача электроэнергии,,2025-08-29T03:20:13.133706+00:00,"Документ содержит требования к устройству воздушных линий электропередачи переменного тока напряжением до 1 кВ, включая проектирование, техническое обслуживание, ремонт и защиту окружающей среды, а также требования к заземлениям и защитам от перенапряжений. Применяется для организаций и физических лиц, занимающихся проектированием, монтажом и эксплуатацией таких линий.",ПУЭ,Правила устройства электроустановок (ПУЭ). Глава 2.4. Воздушные линии электропередачи напряжения.pdf,Правила устройства электроустановок. Глава 2.4. Воздушные линии электропередачи напряжением до 1 кВ (седьмое издание),"['устройство воздушных линий электропередачи', 'требования к проектированию ВЛ', 'техническое обслуживание и ремонт ВЛ', 'защита от перенапряжений', 'заземление']","['Правила устройства электроустановок', 'ПУЭ', 'воздушные линии электропередачи', 'напряжение до 1 кВ', 'проектирование', 'монтаж', 'эксплуатация', 'защита окружающей среды', 'заземление', 'перенапряжения']",русский,1792,-,5,58.6,0.0,,Правила устройства электроустановок (ПУЭ). Глава 2.4. Воздушные линии электропередачи напряжения.pdf,Действующий,17
Воздушные линии электропередачи напряжением выше 1 кВ и до 750 кВ,Передача электроэнергии,,2025-08-29T03:20:18.879587+00:00,"Документ содержит правила устройства электроустановок, в частности требования к воздушным линиям электропередачи переменного тока напряжением выше 1 кВ. Правила покрывают общие требования к проектированию, техническому обслуживанию, ремонту, защиту окружающей среды и устройству заземлений для воздушных линий. Предназначен для инженерно-технического персонала, занятого проектированием, монтажом и эксплуатацией воздушных линий.",ПУЭ,Правила устройства электроустановок (ПУЭ). Глава 2.5. Воздушные линии электропередачи напряжением.pdf,Правила устройства электроустановок. Глава 2.5. Воздушные линии электропередачи напряжением выше 1 кВ (Издание седьмое) (с Изменением),"['требования к ВЛ', 'напряжение выше 1 кВ', 'проектирование и эксплуатация', 'техническое обслуживание и ремонт']","['воздушные линии электропередачи', 'электроустановки', 'проектирование ВЛ', 'техническое обслуживание', 'ремонт', 'защита окружающей среды', 'заземление']",русский,1856,-,5,44.7,8.5,,Правила устройства электроустановок (ПУЭ). Глава 2.5. Воздушные линии электропередачи напряжением.pdf,Действующий,95
Электрические сети напряжением до 1 кВ,Защита электрических сетей,,2025-08-29T03:20:23.879775+00:00,"Данная глава Правил устройства электроустановок распространяется на защиту электрических сетей напряжением до 1 кВ. В документе рассмотрены требования к аппаратам защиты, выбор аппаратов, условия их работы и подключения, а также требования к защите от токов короткого замыкания.",ПУЭ,Правила устройства электроустановок (ПУЭ). Глава 3.1. Защита электрических сетей напряжением до 1 кВ.pdf,Правила устройства электроустановок. Глава 3.1. Защита электрических сетей напряжением до 1 кВ (Издание шестое),"['требования к аппаратам защиты', 'выбор защиты', 'условия подключения', 'автоматическое отключение при ненормальных режимах']","['защита электрических сетей', '1 кВ', 'аппараты защиты', 'автоматические выключатели', 'предохранители', 'токи короткого замыкания']",Русский,470,-,4,75.0,0.0,,Правила устройства электроустановок (ПУЭ). Глава 3.1. Защита электрических сетей напряжением до 1 кВ.pdf,Не определено,4
"Устройства релейной защиты элементов электрической части энергосистем, промышленных и других электроустановок выше 1 кВ",Релейная защита,,2025-08-29T03:20:28.076743+00:00,"Данная глава Правил устройства электроустановок распространяется на устройства релейной защиты элементов электрической части энергосистем и других электроустановок выше 1 кВ. В документе описываются общие требования к релейной защите, включая автоматическое отключение поврежденных элементов, реагирование на опасные режимы работы, использование предохранителей и селективность действия релейной защиты для обеспечения надежности и безопасности электроустановок.",ПУЭ,Правила устройства электроустановок (ПУЭ). Глава 3.2. Релейная защита (Издание шестое).pdf,Правила устройства электроустановок (ПУЭ). Глава 3.2. Релейная защита (Издание шестое),"['релейная защита', 'автоматическое отключение поврежденного элемента', 'селективность действия защиты', 'надёжность функционирования релейной защиты']","['релейная защита', 'электроустановки', 'энергосистемы', 'защита оборудования', 'автоматическое отключение', 'селективность защиты']",Русский,3563,-,5,29.3,0.0,,Правила устройства электроустановок (ПУЭ). Глава 3.2. Релейная защита (Издание шестое).pdf,Не определено,31
"Автоматические и телемеханические устройства электростанций, энергосистем, сетей и электроснабжения промышленных и других электроустановок",Автоматика и телемеханика,,2025-08-29T03:20:33.221846+00:00,"Документ регламентирует применение автоматических и телемеханических устройств в электростанциях, энергосистемах и сетях. Описывает требования к автоматическому повторному включению (АПВ), автоматическому вводу резерва (АВР), регулированию параметров работы энергосистемы и обеспечению устойчивости. Включает рекомендации по проектированию и эксплуатации данных устройств для обеспечения надежности электроснабжения и безопасности оборудования.",ПУЭ,Правила устройства электроустановок (ПУЭ). Глава 3.3. Автоматика и телемеханика (Издание шестое).pdf,Правила устройства электроустановок. Глава 3.3. Автоматика и телемеханика (Издание шестое),"['автоматизация энергосистем', 'защита и автоматика', 'восстановление электроснабжения', 'регулирование параметров работы', 'проектирование и эксплуатация устройств']","['автоматическое повторное включение', 'АПВ', 'автоматический ввод резерва', 'АВР', 'синхронные генераторы', 'регулирование напряжения', 'регулирование частоты', 'устойчивость энергосистемы', 'диспетчерский контроль', 'электроустановки']",русский,3256,-,5,35.7,0.0,,Правила устройства электроустановок (ПУЭ). Глава 3.3. Автоматика и телемеханика (Издание шестое).pdf,Не определено,20
"Вторичные цепи электростанций, подстанций и промышленных предприятий",Электроустановки,,2025-08-29T03:20:37.511691+00:00,"Данный документ регламентирует требования к вторичным цепям электроустановок, включая цепи управления, сигнализации, контроля, автоматики и релейной защиты. Описываются требования к рабочему напряжению, типам применяемых кабелей и жилам, а также условиям механической прочности жил кабелей и проводов. В документе указаны специфические случаи применения меди и алюминия в контрольных кабелях для электростанций, подстанций и промышленных предприятий.",ПУЭ,Правила устройства электроустановок (ПУЭ). Глава 3.4. Вторичные цепи (Издание шестое).pdf,Правила устройства электроустановок (ПУЭ). Глава 3.4. Вторичные цепи (Издание шестое),"['требования к вторичным цепям', 'Рабочее напряжение вторичных цепей', 'использование алюминиевых и медных жил', 'сечения жил кабелей', 'условия применения кабелей']","['вторичные цепи', 'электроустановки', 'кабели с алюминиевыми жилами', 'кабели с медными жилами', 'рабочее напряжение', 'механическая прочность', 'контрольные кабели']",Русский,2030,-,5,72.7,0.0,,Правила устройства электроустановок (ПУЭ). Глава 3.4. Вторичные цепи (Издание шестое).pdf,Не определено,6
"Распределительные устройства (РУ) и низковольтные комплектные устройства (НКУ) до 1 кВ переменного тока и до 1,5 кВ постоянного тока, устанавливаемые в помещениях и на открытом воздухе, выполняемые в виде щитов распределительных, управления, релейных, пультов, шкафов, шинных выводов, сборок",Электроустановки,,2025-08-29T03:20:44.849769+00:00,"Документ устанавливает требования к распределительным устройствам и низковольтным комплектным устройствам напряжением до 1 кВ переменного тока и до 1,5 кВ постоянного тока. Включает правила выбора проводов, шин, аппаратов, маркировки, защиты и размещения оборудования с целью обеспечения безопасной и надежной эксплуатации электроустановок.",ПУЭ,Правила устройства электроустановок (ПУЭ). Глава 4.1. Распределительные устройства напряжением до 1 кВ.pdf,"Правила устройства электроустановок. Глава 4.1. Распределительные устройства напряжением до 1 кВ переменного тока и до 1,5 кВ постоянного тока (Издание седьмое)","['выбор проводов и оборудования', 'безопасность эксплуатации', 'антикоррозийное покрытие', 'установка приборов и аппаратов']","['Распределительные устройства', 'низковольтные комплектные устройства', 'электроустановки', 'выбор проводов', 'маркировка', 'защита']",Русский,344,-,5,73.3,0.0,,Правила устройства электроустановок (ПУЭ). Глава 4.1. Распределительные устройства напряжением до 1 кВ.pdf,Действующий,5
Стационарные распределительные устройства и трансформаторные подстанции переменного тока напряжением выше 1 кВ,Электроустановки,,2025-08-29T03:20:50.581222+00:00,"Документ устанавливает правила и требования к устройству распределительных устройств и трансформаторных подстанций напряжением выше 1 кВ. Включает определения, область применения, рекомендации и исключения по разным аспектам устройства электроустановок.",ПУЭ,Правила устройства электроустановок (ПУЭ). Глава 4.2. Распределительные устройства и подстанции.pdf,Правила устройства электроустановок. Глава 4.2. Распределительные устройства и подстанции напряжением выше 1 кВ (Издание седьмое),"['устройство распределительных устройств', 'трансформаторные подстанции', 'электроустановки высокого напряжения']","['распределительные устройства', 'трансформаторные подстанции', 'электроустановки', 'напряжение выше 1 кВ', 'коммутационные аппараты', 'защита', 'автоматика', 'телемеханика']",Русский,1374,-,5,39.6,5.0,,Правила устройства электроустановок (ПУЭ). Глава 4.2. Распределительные устройства и подстанции.pdf,Действующий,70
Преобразовательные подстанции и установки с полупроводниковыми преобразовательными агрегатами мощностью 100 кВт и более для питания промышленных потребителей,Электроустановки,,2025-08-29T03:20:57.276241+00:00,"Данный документ определяет требования и общие правила для стационарных преобразовательных подстанций и установок с полупроводниковыми преобразовательными агрегатами мощностью от 100 кВт для питания промышленных потребителей. В частности, охватываются аспекты безопасности, устройства аппаратуры, ограничения влияния на электросеть и меры аварийной сигнализации.",ПУЭ,Правила устройства электроустановок (ПУЭ). Глава 4.3. Преобразовательные подстанции и установки.pdf,Правила устройства электроустановок. Глава 4.3. Преобразовательные подстанции и установки (Издание шестое),"['требования к преобразовательным подстанциям', 'классы напряжений', 'оборудование и сигнализация', 'ограничение радиопомех и качества энергии', 'технические меры обслуживания']","['преобразовательные подстанции', 'полупроводниковые преобразовательные агрегаты', 'электроустановки', 'компенсация реактивной мощности', 'радиопомехи', 'пожарная сигнализация', 'электрооборудование']",Русский,706,-,5,62.5,0.0,,Правила устройства электроустановок (ПУЭ). Глава 4.3. Преобразовательные подстанции и установки.pdf,Не определено,7
Стационарные установки кислотных аккумуляторных батарей,Электроустановки,,2025-08-29T03:21:01.244287+00:00,"Данный документ устанавливает правила и требования к стационарным установкам кислотных аккумуляторных батарей, включая условия работы, электрическую часть, выбор электрооборудования, системы зарядки и меры безопасности для предотвращения взрывоопасных ситуаций.",ПУЭ,Правила устройства электроустановок (ПУЭ). Глава 4.4. Аккумуляторные установки (Издание шестое).pdf,Правила устройства электроустановок (ПУЭ). Глава 4.4. Аккумуляторные установки (Издание шестое),"['Эксплуатация аккумуляторных батарей', 'Выбор и монтаж электрооборудования', 'Требования безопасности', 'Организация зарядных процессов']","['аккумуляторные батареи', 'заряд аккумуляторов', 'взрывоопасные помещения', 'электроустановки', 'вольтметр', 'амперметр', 'выпрямительные установки', 'изоляция']",русский,252,-,5,71.4,0.0,,Правила устройства электроустановок (ПУЭ). Глава 4.4. Аккумуляторные установки (Издание шестое).pdf,Не определено,5
Устройство электромашинных помещений и установка электрооборудования,Электрооборудование,,2025-08-29T03:21:05.247522+00:00,"Данный документ устанавливает правила и требования для устройства электромашинных помещений и установки в них электрооборудования мощностью до 500 кВт, включая требования к оборудованию, организации пространства, безопасности и эксплуатации.",ПУЭ,Правила устройства электроустановок (ПУЭ). Глава 5.1. Электромашинные помещения (Издание шестое).pdf,Правила устройства электроустановок (ПУЭ). Глава 5.1. Электромашинные помещения (Издание шестое),"['устройство электромашинных помещений', 'установка электрооборудования', 'требования безопасности', 'транспортировка и монтаж', 'пожарная сигнализация']","['электромашинные помещения', 'электрооборудование', 'установка', 'безопасность', 'пожарная сигнализация', 'сигнализация', 'гл.1.1', 'внутрицеховые подстанции', 'производственная категория Г', 'телефонная связь']",русский,380,-,5,60.0,0.0,,Правила устройства электроустановок (ПУЭ). Глава 5.1. Электромашинные помещения (Издание шестое).pdf,Действующий,6
"Установки генераторов тепловых и гидравлических электростанций, синхронных компенсаторов в специальных помещениях (машинных залах) и на открытом воздухе",Электроэнергетика,,2025-08-29T03:21:09.583336+00:00,"Документ регламентирует требования к установке, эксплуатации, конструктивным особенностям и оборудованию генераторов тепловых и гидравлических электростанций, а также синхронных компенсаторов. Включает общие требования к оборудованию, условия хранения и требования к монтажу и обслуживанию.",ПУЭ,Правила устройства электроустановок (ПУЭ). Глава 5.2. Генераторы и синхронные компенсаторы.pdf,Глава 5.2 Генераторы и синхронные компенсаторы (Издание шестое),"['установка генераторов', 'технические требования к генераторам', 'эксплуатация генераторов', 'оборудование генераторов', 'монтаж и обслуживание']","['генераторы', 'синхронные компенсаторы', 'электростанции', 'установка', 'эксплуатация', 'оборудование', 'монтаж', 'технические требования']",русский,589,-,5,52.9,0.0,,Правила устройства электроустановок (ПУЭ). Глава 5.2. Генераторы и синхронные компенсаторы.pdf,Не определено,8
Электродвигатели и их коммутационные аппараты в стационарных установках производственных и других помещений различного назначения,Электротехника,,2025-08-29T03:21:14.408611+00:00,"Данный документ представляет главу 5.3 Правил устройства электроустановок (ПУЭ), которая распространяется на электродвигатели и их коммутационные аппараты в стационарных установках различных помещений. В документе изложены требования к выбору, установке, охлаждению, техническому обслуживанию, заземлению, а также условиям эксплуатации электродвигателей и коммутационной аппаратуры с целью обеспечения надежности и безопасности электроснабжения.",ПУЭ,Правила устройства электроустановок (ПУЭ). Глава 5.3. Электродвигатели и их коммутационные аппараты.pdf,Правила устройства электроустановок (ПУЭ). Глава 5.3. Электродвигатели и их коммутационные аппараты (Издание шестое),"['выбор электродвигателей', 'установка и монтаж', 'охлаждение', 'заземление и зануление', 'надежность питания', 'техническое обслуживание']","['электродвигатели', 'коммутационные аппараты', 'установка', 'охлаждение', 'заземление', 'надежность электроснабжения', 'ремонт', 'охрана труда']",русский,1155,-,5,57.1,0.0,,Правила устройства электроустановок (ПУЭ). Глава 5.3. Электродвигатели и их коммутационные аппараты.pdf,Действующий,10
"Электрооборудование мостовых, портальных, башенных, кабельных и других кранов напряжением до 10 кВ",Электрооборудование,,2025-08-29T03:21:19.014392+00:00,"Данная глава Правил предоставляет требования и определения для электрооборудования кранов различных типов, включая мостовые, портальные, башенные, кабельные краны и однорельсовые тележки с напряжением до 10 кВ. Описаны условия эксплуатации, меры безопасности и конструктивные особенности электрооборудования на кранах.",ПУЭ,Правила устройства электроустановок (ПУЭ). Глава 5.4. Электрооборудование кранов (Издание шестое).pdf,Правила устройства электроустановок (ПУЭ). Глава 5.4. Электрооборудование кранов (Издание шестое),"['электрооборудование', 'краны', 'техника безопасности', 'электроснабжение']","['электрооборудование кранов', 'напряжение до 10 кВ', 'троллеи', 'малогабаритный троллейный токопровод', 'ремонтные загоны', 'электроснабжение кранов', 'безопасность эксплуатации']",Русский,1203,-,5,58.8,0.0,,Правила устройства электроустановок (ПУЭ). Глава 5.4. Электрооборудование кранов (Издание шестое).pdf,Не определено,8
"Электрооборудование лифтов и групповых лифтовых установок напряжением до 600 В, грузоподъемностью 50 кг и более, устанавливаемых в жилых, общественных зданиях, промышленных предприятиях и других сооружениях",Электрооборудование лифтов,,2025-08-29T03:21:27.163223+00:00,"Настоящая глава Правил распространяется на электрооборудование лифтов и групповых лифтовых установок напряжением до 600 В, грузоподъемностью 50 кг и более. Устанавливается обязательное соответствие электробезопасности и требованиям электропроводки, напряжения и помех радиоприему. Не распространяется на лифты во взрывоопасных помещениях, шахтах, на судах и летательных аппаратах.",ПУЭ,Правила устройства электроустановок (ПУЭ). Глава 5.5. Электрооборудование лифтов (Издание шестое).pdf,Правила устройства электроустановок. Глава 5.5. Электрооборудование лифтов,"['требования к оборудованию', 'электропроводка лифтов', 'напряжение силовых цепей', 'защита от помех', 'расстояния обслуживания']","['электрооборудование лифтов', 'напряжение', 'электропроводка', 'лифты', 'грузоподъемность', 'безопасность лифтов']",русский,491,-,4,69.2,0.0,,Правила устройства электроустановок (ПУЭ). Глава 5.5. Электрооборудование лифтов (Издание шестое).pdf,Действующий,4
Конденсаторные установки до 500 кВ для компенсации реактивной мощности и регулирования напряжения,Электроустановки,,2025-08-29T03:21:31.103476+00:00,"Данный документ содержит правила устройства конденсаторных установок напряжением до 500 кВ, включая определения, схемы электрических соединений, выбор оборудования и требования к защите и эксплуатации таких установок.",ПУЭ,Правила устройства электроустановок (ПУЭ). Глава 5.6. Конденсаторные установки (Издание шестое).pdf,Правила устройства электроустановок. Глава 5.6. Конденсаторные установки (Издание шестое),"['область применения', 'определения терминов', 'схемы электрических соединений', 'требования к защите', 'эксплуатация конденсаторных установок']","['конденсаторные установки', 'компенсация реактивной мощности', 'регулирование напряжения', 'конденсаторные батареи', 'защита конденсаторов', 'электроустановки']",Русский,406,-,4,71.4,0.0,,Правила устройства электроустановок (ПУЭ). Глава 5.6. Конденсаторные установки (Издание шестое).pdf,Не определено,4
"Установки электрического освещения зданий, помещений и сооружений наружного освещения городов, поселков и сельских населенных пунктов, территорий предприятий и учреждений, установки световой рекламы, световые знаки и иллюминационные установки",Электрическое освещение,,2025-08-29T03:21:36.762890+00:00,"Документ устанавливает правила устройства электроустановок для электрического освещения и электрооборудования специальных установок жилых, общественных, административных и бытовых зданий, а также зрелищных предприятий и спортивных сооружений. Содержит требования к проектированию, монтажу и эксплуатации систем освещения, включая наружное освещение, внутреннее освещение, световую рекламу и управление освещением.",ПУЭ,Правила устройства электроустановок (ПУЭ). Глава 6.1. Общая часть (Издание седьмое).pdf,"Правила устройства электроустановок (ПУЭ). Издание седьмое. Раздел 6 ""Электрическое освещение"", главы 7.1 и 7.2 ""Электрооборудование специальных установок""","['электрическое освещение', 'электрооборудование специальных установок', 'проектирование систем освещения', 'монтаж электроустановок', 'эксплуатация осветительных систем']","['Правила устройства электроустановок', 'ПУЭ', 'электроустановки', 'электрическое освещение', 'освещение зданий и сооружений', 'световая реклама', 'управление освещением']",Русский,374,-,5,64.7,0.0,,Правила устройства электроустановок (ПУЭ). Глава 6.1. Общая часть (Издание седьмое).pdf,Действующий,7
Технические требования и нормы к внутреннему освещению в электроустановках,Внутреннее освещение,,2025-08-29T03:21:41.202999+00:00,"Данный документ содержит технические требования и нормы по устройству внутреннего освещения в электроустановках, включая требования к светильникам, питание осветительных сетей, групповым линиям и обеспечению безопасности работы освещения в помещениях.",ПУЭ,Правила устройства электроустановок (ПУЭ). Глава 6.2. Внутреннее освещение (издание седьмое).pdf,Правила устройства электроустановок (ПУЭ). Глава 6.2. Внутреннее освещение (издание седьмое),"['технические требования', 'внутреннее освещение', 'электроустановки', 'безопасность освещения']","['светильники', 'люминесцентные лампы', 'пускорегулирующие аппараты', 'компенсация реактивной мощности', 'местное освещение', 'питание осветительных сетей', 'защитные аппараты', 'групповые линии', 'внутреннее освещение']",Русский,438,-,2,90.0,0.0,,Правила устройства электроустановок (ПУЭ). Глава 6.2. Внутреннее освещение (издание седьмое).pdf,Действующий,2
,Наружное освещение,,2025-08-29T03:21:44.179786+00:00,"Документ устанавливает нормативные требования к наружному освещению, включая использование источников света, установки осветительных приборов и опор. Описываются правила монтажа светильников на различных опорах, высоты установки, меры безопасности и специфические требования к освещению различных территорий и объектов.",ПУЭ,Правила устройства электроустановок (ПУЭ). Глава 6.3. Наружное освещение (Издание седьмое).pdf,Правила устройства электроустановок. Глава 6.3 Наружное освещение,"['требования к наружному освещению', 'монтаж осветительных приборов', 'безопасность обслуживания']","['наружное освещение', 'источники света', 'осветительные приборы', 'установка светильников', 'опоры освещения', 'безопасность', 'высота установки']",русский,625,-,4,76.9,0.0,,Правила устройства электроустановок (ПУЭ). Глава 6.3. Наружное освещение (Издание седьмое).pdf,,4
"Электроустановки, рекламное освещение",Рекламное освещение,,2025-08-29T03:21:47.361303+00:00,"Документ устанавливает требования по установке и эксплуатации трансформаторов и газосветных трубок в рекламном освещении, включая требования по безопасности, размещению, заземлению и предупреждающим мерам.",ПУЭ,Правила устройства электроустановок (ПУЭ). Глава 6.4. Рекламное освещение (Издание седьмое).pdf,Правила устройства электроустановок. Глава 6.4. Рекламное освещение,"['установка трансформаторов', 'требования к электрооборудованию', 'безопасность электроустановок']","['трансформаторы', 'газосветные трубки', 'рекламное освещение', 'безопасность', 'заземление']",Русский,368,-,2,80.0,0.0,,Правила устройства электроустановок (ПУЭ). Глава 6.4. Рекламное освещение (Издание седьмое).pdf,Не определено,2
"Городские поселения, промышленные предприятия, общественные здания",Освещение,,2025-08-29T03:21:50.514437+00:00,"Документ содержит технические требования и рекомендации по централизованному и децентрализованному управлению наружным и внутренним освещением, включая вопросы автоматизации, источников питания, контроль положения коммутационных аппаратов и особенности управления в различных типах зданий и помещений.",ПУЭ,"Правила устройства электроустановок (ПУЭ). Глава 6.5. Осветительная арматура, установочные аппараты.pdf",Глава 6.5 Управление освещением,"['технические требования управления освещением', 'автоматизация систем освещения', 'источники питания управления', 'организация управления освещением в зданиях и на предприятиях']","['управление освещением', 'наружное освещение', 'внутреннее освещение', 'централизованное управление', 'автоматическое включение', 'контроль коммутационных аппаратов']",Русский,257,-,3,75.0,0.0,,"Правила устройства электроустановок (ПУЭ). Глава 6.5. Осветительная арматура, установочные аппараты.pdf",Не определено,3
"Освещение, монтаж и обслуживание осветительных приборов в производственных и общественных зданиях, транспортных тоннелях и взрывоопасных зонах",Электроустановочные устройства,,2025-08-29T03:21:55.947490+00:00,"Документ содержит правила установки, монтажа и обслуживания осветительных приборов и электроустановочных устройств с учетом безопасности, доступности для обслуживания и специфики эксплуатации в различных условиях, включая производственные помещения с мостовыми кранами, общественные здания, взрывоопасные и пожароопасные зоны, транспортные тоннели. Описаны требования к конструкции, креплению, защите и эксплуатационным характеристикам светильников.",ПУЭ,Правила устройства электроустановок (ПУЭ). Глава 6.6. Осветительные приборы и электроустановочные.pdf,Правила устройства электроустановок (ПУЭ). Глава 6.6. Осветительные приборы и электроустановочные устройства (Издание седьмое),"['требования к установке светильников', 'обеспечение безопасности и доступности обслуживания', 'конструкционные особенности светильников', 'эксплуатация во взрывоопасных и пожароопасных зонах', 'требования к креплению и защищенности', 'использование в транспортных тоннелях']","['осветительные приборы', 'монтаж', 'обслуживание', 'безопасность', 'производственные помещения', 'общественные здания', 'взрывоопасные зоны', 'пожароопасные зоны', 'транспортные тоннели', 'светильники', 'электроустановочные устройства']",Русский,352,-,4,66.7,0.0,,Правила устройства электроустановок (ПУЭ). Глава 6.6. Осветительные приборы и электроустановочные.pdf,Не определено,4
"Электроустановки жилых, общественных, административных и бытовых зданий",Электрооборудование,,2025-08-29T03:21:59.835649+00:00,"Данная глава Правил устройства электроустановок распространяется на электроустановки жилых, общественных, административных и бытовых зданий, устанавливая требования к их устройству и безопасности. В ней определены основные термины и элементы электрооборудования таких зданий, а также установлены общие требования к электроснабжению и монтажу.",ПУЭ,"Правила устройства электроустановок (ПУЭ). Глава 7.1. Электрооборудование жилых, общественных.pdf","Правила устройства электроустановок. Глава 7.1. Электроустановки жилых, общественных, административных и бытовых зданий (Издание седьмое)","['электроустановки зданий', 'требования электроснабжения', 'устройство электрооборудования']","['электроустановки', 'жилые здания', 'общественные здания', 'административные здания', 'бытовые здания', 'электрооборудование', 'электробезопасность', 'питание электроприемников', 'вводное устройство', 'распределительный щит']",русский,1097,-,5,47.6,0.0,,"Правила устройства электроустановок (ПУЭ). Глава 7.1. Электрооборудование жилых, общественных.pdf",Не действующий,12
"расположенные внутри зданий производственные и опытно-промышленные установки электролиза водных растворов кислот, щелочей и солей с получением и без получения металлов, установки электролиза расплавленных солей, окислов и щелочей и установки гальванических покрытий изделий черными и цветными металлами",Электрооборудование специальных установок,,2025-08-29T03:22:04.497516+00:00,"Документ устанавливает правила устройства электроустановок для электролизных и гальванических установок, определяет требования к их электротехническому оборудованию, включает комплексы ванн и выпрямительных агрегатов, а также условие их применения и область распространения внутри зданий.",ПУЭ,Правила устройства электроустановок (ПУЭ). Глава 7.10. Электролизные установки и установки.pdf,Правила устройства электроустановок. Глава 7.10. Электролизные установки и установки гальванических покрытий (Издание седьмое),"['безопасность электроустановок', 'электрооборудование', 'технологические установки']","['электролизные установки', 'установки гальванических покрытий', 'электроустановки', 'выпрямительные агрегаты', 'электротехническое оборудование']",Русский,2031,-,5,47.8,0.0,,Правила устройства электроустановок (ПУЭ). Глава 7.10. Электролизные установки и установки.pdf,Действующий,14
"Электроустановки в зданиях зрелищных предприятий со зрительными залами театров, цирков, кинотеатров, концертных залов, клубов, центров творчества детей и подростков, крытых спортивных сооружений, дворцов спорта, спортивных залов и подобных",Электроустановки,,2025-08-29T03:22:10.577454+00:00,"Документ регламентирует требования к электроустановкам в зрелищных предприятиях, клубных учреждениях и спортивных сооружениях, включая определения, общие требования к электроснабжению, распределение электроприемников по категориям надежности электроснабжения, а также требования к пожарной безопасности помещений сцены и эстрады.",ПУЭ,Правила устройства электроустановок (ПУЭ). Глава 7.2. Электроустановки зрелищных предприятий.pdf,"Правила устройства электроустановок. Глава 7.2. Электроустановки зрелищных предприятий, клубных учреждений и спортивных сооружений (Издание седьмое)","['электроснабжение', 'категории электроприемников', 'пожарная безопасность', 'техническое оборудование сцены', 'определения']","['электроустановки', 'зрелищные предприятия', 'клубные учреждения', 'спортивные сооружения', 'пожарная безопасность', 'постановочное освещение', 'сцена', 'эстрада', 'манеж', 'технические аппаратные']",Русский,700,-,5,53.3,0.0,,Правила устройства электроустановок (ПУЭ). Глава 7.2. Электроустановки зрелищных предприятий.pdf,,8
"Электроустановки, размещаемые во взрывоопасных зонах внутри и вне помещений",Электрооборудование,,2025-08-29T03:22:15.392966+00:00,"Настоящая глава Правил распространяется на электроустановки во взрывоопасных зонах и устанавливает требования к выбору и установке электрооборудования, электропроводок и кабельных линий с учетом классификации взрывоопасных зон и смесей. Определяет термины и понятия, связанные с взрывоопасными средами и электроустановками.",ПУЭ,Правила устройства электроустановок (ПУЭ). Глава 7.3. Электроустановки во взрывоопасных зонах.pdf,Правила устройства электроустановок. Глава 7.3. Электроустановки во взрывоопасных зонах (Издание шестое),"['классификация взрывоопасных зон', 'требования к электрооборудованию', 'безопасность в электроустановках', 'взрывчатые смеси']","['электроустановки', 'взрывоопасные зоны', 'электрооборудование', 'взрыв', 'вспышка', 'тление', 'искробезопасная цепь', 'температура вспышки', 'легковоспламеняющаяся жидкость']",русский,1538,-,5,52.9,26.9,,Правила устройства электроустановок (ПУЭ). Глава 7.3. Электроустановки во взрывоопасных зонах.pdf,Не определено,30
"Электроустановки, размещаемые в пожароопасных зонах внутри и вне помещений",Пожарная безопасность,,2025-08-29T03:22:19.767562+00:00,"Документ устанавливает требования к электроустановкам, размещаемым в пожароопасных зонах, описывает классификацию таких зон и определяет минимальные допустимые степени защиты оболочек электрических машин в зависимости от класса пожароопасной зоны.",ПУЭ,Правила устройства электроустановок (ПУЭ). Глава 7.4. Электроустановки в пожароопасных зонах.pdf,Правила устройства электроустановок. Глава 7.4. Электроустановки в пожароопасных зонах,"['классификация пожароопасных зон', 'требования к электрооборудованию', 'степени защиты оболочек']","['электроустановки', 'пожароопасные зоны', 'классификация пожароопасных зон', 'электрооборудование', 'степень защиты оболочек']",Русский,492,-,5,66.7,0.0,,Правила устройства электроустановок (ПУЭ). Глава 7.4. Электроустановки в пожароопасных зонах.pdf,Не определено,8
Производственные и лабораторные установки электропечей и электронагревательных устройств переменного и постоянного тока различных частот,Электрооборудование специальных установок,,2025-08-29T03:22:24.783495+00:00,"Документ устанавливает требования к устройству и эксплуатации электротермических установок, включая различные виды электропечей и электронагревательных устройств с переменным и постоянным током. Правила обязательны для всех организаций и предпринимателей без образования юридического лица. Введение с 1 января 2003 года, включает определения и требования безопасности для оборудования, автоматики и технологических процессов.",ПУЭ,Правила устройства электроустановок (ПУЭ). Глава 7.5 Электротермические установки (Издание седьмое).pdf,Правила устройства электроустановок. Глава 7.5 Электротермические установки (Издание седьмое),"['электропечи', 'электронагревательные устройства', 'безопасность электроустановок', 'технические требования', 'технологические процессы']","['Правила устройства электроустановок', 'электротермические установки', 'электропечи', 'электронагревательные устройства', 'требования безопасности', 'электрооборудование']",Русский,1220,-,5,56.4,0.0,,Правила устройства электроустановок (ПУЭ). Глава 7.5 Электротермические установки (Издание седьмое).pdf,Действующий,22
"Оборудуемые и используемые в закрытых помещениях или на открытом воздухе стационарные, переносные и передвижные электросварочные установки, предназначенные для выполнения электротехнологических процессов сварки, наплавки, напыления, резки плавлением и сварки с применением давления.",Электрооборудование,,2025-08-29T03:22:29.852337+00:00,"Документ устанавливает правила и требования для электросварочных установок, применяемых в различных условиях, включая использование различных типов сварки и обработки материалов в атмосферах с различным давлением, под водой или под слоем флюса. Включает определения и состав элементов электросварочных установок.",ПУЭ,Правила устройства электроустановок (ПУЭ). Глава 7.6 Электросварочные установки (Издание седьмое).pdf,Правила устройства электроустановок. Глава 7.6 Электросварочные установки (Издание седьмое),"['требования ПУЭ', 'оборудование и безопасность', 'электротехнические установки', 'технологические процессы сварки']","['электросварочные установки', 'правила устройства электроустановок', 'электротехнологические процессы', 'сварка', 'наплавка', 'резка плавлением', 'дуговая сварка', 'плазменная сварка', 'электрошлаковая сварка', 'лазерная сварка', 'контактная сварка']",Русский,1006,-,5,60.0,0.0,,Правила устройства электроустановок (ПУЭ). Глава 7.6 Электросварочные установки (Издание седьмое).pdf,Действующий,10
"Торфяные электроустановки до 10 кВ, включая стационарные и передвижные подстанции, воздушные и кабельные линии электропередачи, электрифицированные машины для торфяных месторождений",Электроустановки,,2025-08-29T03:22:34.432807+00:00,"Данная глава Правил устройства электроустановок описывает требования к проектированию, монтажу, защите и эксплуатации торфяных электроустановок до 10 кВ. Включает правила по электроснабжению, защитам, конструктивным особенностям подстанций и воздушных линий электропередач на территории торфяных предприятий.",ПУЭ,Правила устройства электроустановок (ПУЭ). Глава 7.7. Торфяные электроустановки (Издание  шестое).pdf,Правила устройства электроустановок (ПУЭ). Глава 7.7. Торфяные электроустановки (Издание шестое),"['электроснабжение торфяных электроустановок', 'защита электроустановок', 'конструкция подстанций', 'организация территории', 'категории надежности', 'технические условия']","['торфяные электроустановки', 'электроснабжение', 'защита', 'подстанции', 'воздушные линии электропередач', 'трансформаторные подстанции']",русский,327,-,5,73.3,0.0,,Правила устройства электроустановок (ПУЭ). Глава 7.7. Торфяные электроустановки (Издание  шестое).pdf,Не определено,5
"Общие правила и нормы проектирования, монтажа, эксплуатации и обслуживания электроустановок различного назначения",Электрооборудование,,2025-08-29T03:22:38.568556+00:00,"Документ содержит систематизированные правила и нормы по электроснабжению, выбору проводников, защитным мерам, канализации электропроводок, автоматике и релейной защите, распределительным устройствам, электросиловым установкам, электрическому освещению и электрооборудованию специальных установок. Предназначен для обеспечения безопасности и надежности электроустановок.",ПУЭ,Правила устройства электроустановок (ПУЭ). Оглавление_Текст.pdf,Правила устройства электроустановок (ПУЭ),"['электроснабжение', 'выбор проводников', 'защитные меры', 'канализация электропроводок', 'релейная защита', 'автоматика', 'распределительные устройства', 'электросиловые установки', 'освещение', 'специальное электрооборудование']","['электроснабжение', 'электроустановки', 'защита электрических сетей', 'автоматика', 'распределительные устройства', 'электросиловые установки', 'электрическое освещение', 'электрооборудование']",русский,1528,-,2,0.0,0.0,,Правила устройства электроустановок (ПУЭ). Оглавление_Текст.pdf,Действующий,2
Взрывозащищенное электрооборудование,Пожарная безопасность,,2025-08-29T03:22:43.374820+00:00,"Документ содержит классификацию взрывоопасных смесей по категориям и группам согласно ПИВРЭ и ПИВЭ, описывает критерии взрывозащиты электрооборудования и условия его применения в различных взрывоопасных средах.",ПУЭ,Правила устройства электроустановок (ПУЭ). Приложения_Текст.pdf,Категории и группы взрывоопасных смесей по ПИВРЭ и ПИВЭ,"['категории взрывоопасных смесей', 'группы взрывоопасных смесей', 'маркировка электрооборудования', 'взрывозащита']","['взрывоопасные смеси', 'классификация', 'ПИВРЭ', 'ПИВЭ', 'взрывозащищенное электрооборудование']",Русский,1005,-,5,84.6,0.0,,Правила устройства электроустановок (ПУЭ). Приложения_Текст.pdf,Действующий,6
Организация общественного питания населения,Санитарно-эпидемиологические требования,2024-08-22,2025-08-29T03:22:48.231326+00:00,"Документ устанавливает санитарно-эпидемиологические требования к организации общественного питания населения, определяет нормы и правила по санитарной безопасности в данной сфере. Включает изменения, внесённые постановлением от 22 августа 2024 года, и определяет срок действия с 1 января 2021 года по 1 января 2027 года.",Постановление Правительства РФ,СанПиН 2.3(2.4).3590-20_Санитарно-эпидемиологические требования к организации общественного питания населения.pdf,"Постановление Главного государственного санитарного врача Российской Федерации от 27 октября 2020 года N 32 Об утверждении санитарно-эпидемиологических правил и норм СанПиН 2.3/2.4.3590-20 ""Санитарно-эпидемиологические требования к организации общественного питания населения"" с изменениями на 22 августа 2024 года","['санитарные нормы', 'санитарно-эпидемиологический контроль', 'гигиена питания']","['санитарно-эпидемиологические правила', 'санитарно-эпидемиологические нормы', 'общественное питание', 'санитарное благополучие']",русский,422,2.3/2.4.3590-20,5,94.8,8.0,с изменениями на 22 августа 2024 года,СанПиН 2.3(2.4).3590-20_Санитарно-эпидемиологические требования к организации общественного питания населения.pdf,Действующий,42
"Подпорные стены, судоходные шлюзы, рыбопропускные и рыбозащитные сооружения",Гидротехнические сооружения,2023-07-17,2025-08-29T03:22:53.022520+00:00,"Настоящий свод правил устанавливает требования к проектированию, строительству и эксплуатации подпорных стен, судоходных шлюзов, рыбопропускных и рыбозащитных сооружений. Документ является пересмотром СП 101.13330.2012 и включает обновленные нормы и технические требования в соответствии с федеральными законами и техническими регламентами.",Свод правил,"СП 101.13330.2023 Подпорные стены, судоходные шлюзы, рыбопропускные и рыбозащитные сооружения.pdf","СП 101.13330.2023 Подпорные стены, судоходные шлюзы, рыбопропускные и рыбозащитные сооружения","['Проектирование гидротехнических сооружений', 'Строительство гидротехнических объектов', 'Эксплуатация гидротехнических сооружений']","['Подпорные стены', 'Судоходные шлюзы', 'Рыбопропускные сооружения', 'Рыбозащитные сооружения', 'Гидротехника', 'Технические регламенты', 'Энергосбережение']",русский,341,101.13330.2023,5,94.6,4.2,Пересмотр СП 101.13330.2012,"СП 101.13330.2023 Подпорные стены, судоходные шлюзы, рыбопропускные и рыбозащитные сооружения.pdf",Действующий,96
,Инженерные изыскания,2017-07-01,2025-08-29T03:22:56.765543+00:00,"Документ устанавливает основные положения инженерных изысканий для строительства, являясь актуализированной редакцией СНиП 11-02-96 с Изменением N 1. Введен в действие приказом Министерства строительства и жилищно-коммунального хозяйства РФ и применяется с 1 июля 2017 года.",Свод правил,СП 47.13330.2016 Инженерные изыскания для строительства. Основные положения. Актуализированная..._Текст.pdf,СП 47.13330.2016 Инженерные изыскания для строительства. Основные положения. Актуализированная редакция СНиП 11-02-96 (с Изменением N 1),"['основные положения инженерных изысканий', 'технические требования к инженерным изысканиям', 'строительные изыскания']","['инженерные изыскания', 'строительство', 'СНиП 11-02-96', 'актуализация', 'основные положения']",русский,666,47.13330.2016,5,83.9,8.2,с Изменением N 1,СП 47.13330.2016 Инженерные изыскания для строительства. Основные положения. Актуализированная..._Текст.pdf,Действующий,117
Система нормативных документов в строительстве,Строительство,2025-04-13,2025-08-29T03:23:00.912181+00:00,Свод правил устанавливает основные принципы и правила формирования системы нормативных документов в строительстве в соответствии с требованиями законодательства Российской Федерации.,Свод правил,СП 555.1325800.2025 Система нормативных документов в строительстве. Основные положения.pdf,СП 555.1325800.2025 Свод правил Система нормативных документов в строительстве. Основные положения,"['система нормативных документов', 'технические регламенты', 'здания и сооружения']","['нормативные документы', 'строительство', 'принципы формирования', 'правила']",русский,193,555.1325800.2025,5,95.9,0.0,Введен впервые,СП 555.1325800.2025 Система нормативных документов в строительстве. Основные положения.pdf,Действующий,23