area_of_application,category,date_issue,date_of_analysis,description,document_type,filename,full_name,keytopics,keywords,language,median_content_length,number,pages_analyzed,percent_clause_detection,percent_missing_clauses,revision,source,status,total_pages
,Право гражданское,2023-07-24,2025-08-26T03:35:01.543556+00:00,"Данный документ представляет собой первую часть Гражданского кодекса Российской Федерации с учётом изменений на 24 июля 2023 года. Он регулирует основные положения гражданского права, включая права и обязанности граждан и юридических лиц.",Федеральный Закон,Гражданский кодекс РФ Часть 1 - Статьи 1 - 453 - с изм. на 24.07.23.pdf,Гражданский Кодекс Российской Федерации Часть Первая (с изменениями на 24 июля 2023 года),"['основы гражданского права', 'права и обязанности', 'регулирование гражданских отношений']","['Гражданский кодекс', 'Федеральный закон', 'изменения', 'гражданское право']",русский,1242,18-ФЗ,5,79.4,0.0,,Гражданский кодекс РФ Часть 1 - Статьи 1 - 453 - с изм. на 24.07.23.pdf,Действующий,267
,Гражданское право,2023-07-24,2025-08-26T03:35:04.488432+00:00,"Часть вторая Гражданского Кодекса Российской Федерации с изменениями на 24 июля 2023 года. Документ включает в себя свод правовых норм, регулирующих гражданские правоотношения, с внесенными актами Федеральных законов, изменяющими положения кодекса.",Кодекс,Гражданский кодекс РФ Часть 2 - Статьи 454 - 1109 - с изм. на 24.07.23.pdf,Гражданский Кодекс Российской Федерации. Часть Вторая,"['регулирование гражданских правоотношений', 'правовые нормы', 'изменения законодательства']","['Гражданский кодекс', 'изменения', 'Федеральный закон', 'гражданское право']",русский,859,Гражданский Кодекс Российской Федерации. Часть Вторая,5,92.6,0.0,,Гражданский кодекс РФ Часть 2 - Статьи 454 - 1109 - с изм. на 24.07.23.pdf,Действующий,217
Регулирование гражданско-правовых отношений в Российской Федерации,Гражданское право,2023-08-04,2025-08-26T03:35:07.774381+00:00,"Часть третья Гражданского кодекса Российской Федерации с изменениями на 24 июля 2023 года, действующая с 4 августа 2023 года. Документ содержит федеральные законы, внесшие изменения в кодекс, регулирующие различные аспекты гражданского права.",Кодекс,Гражданский кодекс РФ Часть 3 - Статьи 1110 - 1224 - с изм. на 24.07.23.pdf,Гражданский кодекс Российской Федерации Часть третья,"['регулирование гражданско-правовых отношений', 'внесение изменений в законодательство']","['Гражданский кодекс', 'гражданское право', 'федеральные законы', 'изменения', 'регулирование']",Русский,1064,230-ФЗ,5,83.8,42.9,с изменениями на 24 июля 2023 года,Гражданский кодекс РФ Часть 3 - Статьи 1110 - 1224 - с изм. на 24.07.23.pdf,Действующий,56
"Регулирование гражданских правоотношений, включая положения о патентах на изобретения и иных имущественных правах",Гражданское право,2023-06-13,2025-08-26T03:35:11.839268+00:00,"Данный кодекс регулирует гражданское право в Российской Федерации, включая изменения и дополнения, вступившие в силу на 13 июня 2023 года. Содержит положения о патентах на изобретения и их продлении, а также включает все изменения, начиная с принятия в 2006 году и до последней редакции 2023 года.",Кодекс,Гражданский кодекс РФ Часть 4 - Статьи 1225 - 1551 - с изм. на 13.06.23.pdf,Гражданский кодекс Российской Федерации Часть четвертая,"['Патенты', 'Гражданское право', 'Законодательство РФ']","['Гражданский кодекс', 'патенты на изобретения', 'гражданское право', 'Федеральный закон', 'изменения']",русский,1339,230-ФЗ,5,79.9,31.6,Изменения на 13 июня 2023 года,Гражданский кодекс РФ Часть 4 - Статьи 1225 - 1551 - с изм. на 13.06.23.pdf,Действующий,183
"Регулирование жилищных отношений, обеспечение прав граждан на жилище, защита жилищных прав, управление жилым фондом",Жилищное законодательство,2021-12-30,2025-08-26T03:35:16.515633+00:00,"Данный Федеральный закон регулирует основные положения жилищного законодательства в Российской Федерации, устанавливая права граждан на жилище, условия для осуществления этих прав, защиту жилищных прав и управление жилым фондом. Включает многочисленные редакции и изменения, актуализированные на 30 декабря 2021 года.",Федеральный Закон,Жилищный кодекс Российской Федерации.pdf,Жилищный кодекс Российской Федерации,"['основные положения', 'жилищные отношения', 'права граждан', 'защита жилищных прав', 'управление жилым фондом']","['Жилищный кодекс', 'жилищное законодательство', 'права на жилище', 'жилищные права', 'жилой фонд', 'защита жилищных прав']",русский,1487,2004,5,54.2,0.0,,Жилищный кодекс Российской Федерации.pdf,Действующий,373
Применение положений свода правил СП 7.13130.2013,Пожарная безопасность,2024-10-28,2025-08-26T03:35:20.439180+00:00,"Документ подготовлен Министерством Российской Федерации по делам гражданской обороны, чрезвычайным ситуациям и ликвидации последствий стихийных бедствий и содержит разъяснения и пояснения по применению отдельных требований пожарной безопасности свода правил СП 7.13130.2013 Отопление, вентиляция и кондиционирование.",Инструкции,Письмо МЧС №43-6858-19 от 28.10.2024 По вопросу применения отдельных положений свода правил СП 7.13130.2013.pdf,"Информационное письмо МЧС России от 28 октября 2024 года № 43-6858-19 по вопросу применения отдельных положений свода правил СП 7.13130.2013 Отопление, вентиляция и кондиционирование. Требования пожарной безопасности","['применение пожарных требований', 'огнестойкость', 'системы вентиляции', 'эвакуационные пути']","['СП 7.13130.2013', 'пожарная безопасность', 'противопожарные клапаны', 'незадымляемые лестничные клетки', 'тамбур-шлюз', 'Технический регламент', 'ГОСТ 34442-2018']",русский,3957,43-6858-19,3,0.0,0.0,,Письмо МЧС №43-6858-19 от 28.10.2024 По вопросу применения отдельных положений свода правил СП 7.13130.2013.pdf,Действующий,3
Проектирование оснований зданий и сооружений,Основания зданий,1986-01-01,2025-08-26T03:35:25.354158+00:00,"Данное Пособие содержит рекомендации и детализирует основные положения СНиП 2.02.01-83 по проектированию и расчету оснований зданий и сооружений, учитывая особенности проектирования в особых условиях, таких как сейсмические районы и подрабатываемые территории. Материал предназначен для инженерно-технических работников проектных, изыскательских и строительных организаций.",Пособие,Пособие 2.02.01-83_ По проектированию оснований зданий и сооружений.pdf,Пособие по проектированию оснований зданий и сооружений (к СНиП 2.02.01-83),"['расчет оснований по деформациям', 'расчет несущей способности', 'глубина заложения фундаментов', 'методы определения характеристик грунтов', 'проектирование оснований зданий и сооружений']","['основания зданий', 'проектирование', 'расчет оснований', 'сейсмические районы', 'подрабатываемые территории', 'грунты', 'подземные воды']",Русский,602,2.02.01-83,5,83.0,32.1,Введен впервые,Пособие 2.02.01-83_ По проектированию оснований зданий и сооружений.pdf,Действующий,414
"Медицинские организации государственной системы здравоохранения города Москвы, оказывающие первичную медико-санитарную помощь",Здравоохранение,2022-08-08,2025-08-26T03:35:30.049989+00:00,"Данный приказ утверждает Отраслевой стандарт технического оснащения медицинских организаций города Москвы, оказывающих первичную медико-санитарную помощь, в части обеспечения использования сервисов Единой медицинской информационно-аналитической системы города Москвы (ЕМИАС). Документ содержит требования по оснащению амбулаторных и стационарных подразделений для внедрения и использования сервисов ЕМИАС.",Приказ Минстроя,ПП Москвы 1034-64-16-722-16 от 08.08.2022 Отраслевой стандарт оснащения медицинских организаций Москвы обеспечения сервисов ЕМИАС.pdf,"Приказ об утверждении Отраслевого стандарта оснащения медицинских организаций государственной системы здравоохранения города Москвы, оказывающих первичную медико-санитарную помощь, в части обеспечения использования сервисов ЕМИАС","['техническое оснащение медицинских организаций', 'применение сервисов ЕМИАС', 'стандартизация медицинского оборудования', 'первичная медико-санитарная помощь']","['Отраслевой стандарт', 'оснащение', 'медицинские организации', 'здравоохранение', 'первичная медико-санитарная помощь', 'ЕМИАС', 'техническое оснащение']",Русский,430,1034/64-16-722/16,5,84.7,0.0,Изменения на 8 августа 2022 года,ПП Москвы 1034-64-16-722-16 от 08.08.2022 Отраслевой стандарт оснащения медицинских организаций Москвы обеспечения сервисов ЕМИАС.pdf,Действующий,16
Стандартизация технического оснащения государственных образовательных организаций города Москвы для обеспечения доступа к сервисам Московской электронной школы,Образование,2024-02-28,2025-08-26T03:35:35.064571+00:00,"Приказ вносит изменения в ранее изданный приказ об утверждении отраслевого стандарта оснащения образовательных организаций города Москвы техническими средствами, программным обеспечением и оборудованием для обеспечения доступа к образовательным сервисам Московской электронной школы. Документ содержит изменения, дополнения и рекомендации по оснащению помещений образовательных организаций.",Приказ Правительства Москвы,ПП Москвы 1086-24-64-16-641-24 jn 07.11.2024 Приказ ДОНМ и ДИТ Изменения в Отраслевой стандарт МЭШ.pdf,Приказ Департамента образования и науки города Москвы и Департамента информационных технологий города Москвы от 28 февраля 2024 г. №177/64-16-77/24,"['стандарты оснащения', 'образовательные организации', 'техническое обеспечение', 'информационные технологии', 'регулирование']","['приказ', 'Департамент образования Москвы', 'Департамент информационных технологий Москвы', 'стандартизация', 'техническое оснащение', 'образовательные организации', 'Московская электронная школа', 'обновление приказа', 'образовательное оборудование', 'технические средства']",русский,2153,177/64-16-77/24,5,27.3,57.1,в редакции приказа от 28 февраля 2024 г.,ПП Москвы 1086-24-64-16-641-24 jn 07.11.2024 Приказ ДОНМ и ДИТ Изменения в Отраслевой стандарт МЭШ.pdf,Действующий,11
"город Москвы, нормативы градостроительного проектирования в области образования",Градостроительство,2024-12-24,2025-08-26T03:35:38.799986+00:00,"Документ утверждает нормативы градостроительного проектирования города Москвы в области образования. Содержит изменения и дополнения, внесенные постановлениями Правительства Москвы. Включает нормы для проектирования образовательных учреждений города Москвы и регулирует порядок применения данных нормативов.",Постановление Правительства Москвы,ПП Москвы 2151-П от 21.12.2021 Об утверждении нормативов градостроительного проектирования города Москвы в области образования.pdf,Постановление Правительства Москвы от 21 декабря 2021 года N 2151-ПП Об утверждении нормативов градостроительного проектирования города Москвы в области образования (с изменениями на 24 декабря 2024 года),"['утверждение нормативов', 'изменения и дополнения', 'градостроительное проектирование', 'образовательные учреждения']","['нормативы градостроительного проектирования', 'образование', 'Москва', 'проектирование', 'городские нормы']",Русский,214,2151-ПП,5,96.2,6.1,с изменениями на 24 декабря 2024 года,ПП Москвы 2151-П от 21.12.2021 Об утверждении нормативов градостроительного проектирования города Москвы в области образования.pdf,Действующий,15
Здания и сооружения,Системы электросвязи,2023-01-24,2025-08-26T03:35:46.663401+00:00,"Документ устанавливает основные положения проектирования систем электросвязи зданий и сооружений. Включает требования к кабельной продукции, монтажу и контролю качества систем электросвязи с фокусом на измерение электрических параметров и приемочных испытаний.",Свод правил,ПП Москвы 399 от 15.03.2023 ПП ИД Слаботочные системы Электроизмерения Нормативные требования.pdf,СП 134.13330.2022 Системы электросвязи зданий и сооружений. Основные положения проектирования,"['требования к кабельной продукции', 'монтаж и контроль прокладки кабелей', 'приемо-сдаточные испытания кабельных систем', 'исполнительная документация', 'контроль качества кабелей']","['системы электросвязи', 'кабельная продукция', 'монтаж кабелей', 'испытания кабелей', 'измерение сопротивления изоляции', 'приемо-сдаточные испытания', 'исполнительная документация']",Русский,144,134.13330.2022,3,91.7,0.0,Введен впервые,ПП Москвы 399 от 15.03.2023 ПП ИД Слаботочные системы Электроизмерения Нормативные требования.pdf,Действующий,3
"Ведение и использование исполнительной документации при строительстве, реконструкции и капитальном ремонте объектов капитального строительства, а также при сохранении объектов культурного наследия за счет бюджета города Москвы",Строительство,2023-03-15,2025-08-26T03:35:51.356266+00:00,"Документ устанавливает особенности ведения и использования исполнительной документации при строительстве, реконструкции, капитальном ремонте объектов капитального строительства, включая работы по сохранению объектов культурного наследия, финансируемых из бюджета города Москвы.",Постановление Правительства Москвы,ПП Москвы 399-ПП от 15.03.2023 Об особенностях ведения и использования ИД при строительстве объектов за счет госбюджета.pdf,"Постановление Правительства Москвы от 15 марта 2023 года N 399-ПП Об особенностях ведения и использования исполнительной документации при строительстве, реконструкции, капитальном ремонте объектов капитального строительства, проведении работ по сохранению объектов культурного наследия за счет средств бюджета города Москвы","['требования к исполнительной документации', 'строительство', 'реконструкция', 'капитальный ремонт', 'сохранение культурного наследия', 'финансирование из бюджета']","['исполнительная документация', 'строительство', 'реконструкция', 'капитальный ремонт', 'объекты капитального строительства', 'сохранение объектов культурного наследия', 'бюджет города Москвы']",Русский,75,399-ПП,5,98.5,0.0,,ПП Москвы 399-ПП от 15.03.2023 Об особенностях ведения и использования ИД при строительстве объектов за счет госбюджета.pdf,Действующий,39
Органы исполнительной власти города Москвы и подведомственные им государственные учреждения,Информационные технологии,2013-07-25,2025-08-26T03:35:57.231593+00:00,Распоряжение утверждает Методические рекомендации по построению локальных вычислительных сетей и структурированных кабельных систем для органов исполнительной власти города Москвы и подведомственных им государственных учреждений. Цель документа – обеспечение доступа к автоматизированным информационным системам и ресурсам города Москвы с применением единых требований и стандартов.,Распоряжение,ПП Москвы 64-16-283-13 Методическими рекомендациями по построению ЛВС и СКС в целях обеспечения доступа к АИС и ресурсам города Москвы.pdf,Распоряжение Департамента информационных технологий города Москвы от 25 июля 2013 года N 64-16-283/13 Об утверждении Методических рекомендаций по построению локальных вычислительных сетей и структурированных кабельных систем органов исполнительной власти города Москвы и подведомственных им государственных учреждений в целях обеспечения доступа к автоматизированным информационным системами и ресурсам города Москвы,"['локальные вычислительные сети', 'структурированные кабельные системы', 'автоматизированные информационные системы', 'информационные технологии', 'стандартизация']","['локальные вычислительные сети', 'структурированные кабельные системы', 'методические рекомендации', 'органы исполнительной власти Москвы', 'государственные учреждения', 'доступ к информационным системам']",русский,426,64-16-283/13,5,86.7,0.0,,ПП Москвы 64-16-283-13 Методическими рекомендациями по построению ЛВС и СКС в целях обеспечения доступа к АИС и ресурсам города Москвы.pdf,Действующий,33
Создание информационно-коммуникационной инфраструктуры в медицинских организациях государственной системы здравоохранения города Москвы при проведении строительных работ на объектах Департамента здравоохранения города Москвы,Информационные технологии,2017-10-30,2025-08-26T03:36:01.934279+00:00,Документ утверждает регламент взаимодействия между Департаментом здравоохранения города Москвы и Департаментом информационных технологий города Москвы по созданию информационно-коммуникационной инфраструктуры в медицинских организациях при проведении строительных работ. Регламент направлен на обеспечение внедрения и использования автоматизированной информационной системы города Москвы Единой медицинской информационно-аналитической системы города Москвы (ЕМИАС).,Распоряжение,"ПП Москвы 64-16-606-17-1358-Р от 30.10.2017 Технические требования ИКИ ЕМИАС ДЗМ, ДИТ.pdf",Распоряжение от 30 октября 2017 года N 64-16-606/17/1358-Р Об утверждении Регламента взаимодействия по созданию информационно-коммуникационной инфраструктуры в рамках проведения строительных работ на объектах Департамента здравоохранения города Москвы,"['создание инфраструктуры', 'внедрение автоматизированных систем', 'медицинские организации', 'строительство и ремонт']","['регламент взаимодействия', 'информационно-коммуникационная инфраструктура', 'строительные работы', 'Департамент здравоохранения города Москвы', 'Департамент информационных технологий города Москвы', 'ЕМИАС']",русский,437,64-16-606/17/1358-Р,5,86.3,0.0,,"ПП Москвы 64-16-606-17-1358-Р от 30.10.2017 Технические требования ИКИ ЕМИАС ДЗМ, ДИТ.pdf",Действующий,20
Приемка объектов инженерного и коммунального назначения в собственность города Москвы,Инженерные сети и сооружения,2018-07-24,2025-08-26T03:36:12.850702+00:00,"Данный документ регламентирует порядок приемки объектов инженерного и коммунального назначения в собственность города Москвы, устанавливая условия и процедуры передачи прав собственности на вновь построенные, реконструируемые и действующие инженерные сети и сооружения. Документ включает изменения и дополнения, внесённые до 24 июля 2018 года.",Постановление Правительства Москвы,ПП Москвы 660 от 22.08.2000 О порядке приемки объектов инженерного и коммунального назначения в собственность города Москвы.pdf,Постановление Правительства Москвы от 22 августа 2000 года N 660 О порядке приемки объектов инженерного и коммунального назначения в собственность города Москвы с изменениями на 24 июля 2018 года,"['передача собственности', 'инвестиционные договоры', 'временная эксплуатация', 'регистрация собственности']","['приемка объектов', 'инженерные сети', 'коммунальное назначение', 'собственность города Москвы', 'инвестиционные контракты', 'реконструкция']",русский,535,660,5,95.9,0.0,с изменениями на 24 июля 2018 года,ПП Москвы 660 от 22.08.2000 О порядке приемки объектов инженерного и коммунального назначения в собственность города Москвы.pdf,Действующий,14
"Объекты и территории Министерства просвещения Российской Федерации и другие организации, осуществляющие образовательную деятельность в сфере общего и среднего профессионального образования",Пожарная безопасность,2022-03-05,2025-08-26T03:36:19.048837+00:00,"Постановление устанавливает обязательные организационные, инженерно-технические, правовые и иные требования для обеспечения антитеррористической защищенности объектов и территорий Министерства просвещения Российской Федерации и подведомственных образовательных организаций. Документ содержит форму паспорта безопасности для указанных объектов и территорий. Включены изменения, внесённые 5 марта 2022 года.",Постановление Правительства РФ,ПП РФ 1006 Об утверждении требований к антитеррористической защищенности объектов (территорий) Министерства просвещения РФ.pdf,"Постановление Правительства Российской Федерации от 2 августа 2019 года N 1006 Об утверждении требований к антитеррористической защищенности объектов (территорий) Министерства просвещения Российской Федерации и объектов (территорий), относящихся к сфере деятельности Министерства просвещения Российской Федерации, и формы паспорта безопасности этих объектов (территорий) (с изменениями на 5 марта 2022 года)","['антитеррористическая защищенность объектов', 'организационные и технические меры защиты', 'образовательные учреждения', 'правовое регулирование']","['антитеррористическая защищенность', 'требования', 'объекты Министерства просвещения', 'территории', 'паспорт безопасности', 'организационные мероприятия', 'инженерно-технические мероприятия', 'образовательные организации']",русский,3763,1006,5,0.0,0.0,с изменениями на 5 марта 2022 года,ПП РФ 1006 Об утверждении требований к антитеррористической защищенности объектов (территорий) Министерства просвещения РФ.pdf,Действующий,19
Антитеррористическая защищенность объектов (территорий) Министерства просвещения Российской Федерации и подведомственных организаций,Пожарная безопасность,2022-03-05,2025-08-26T03:36:24.279275+00:00,"Документ утверждает обязательные требования и мероприятия по обеспечению антитеррористической защищенности объектов и территорий Министерства просвещения Российской Федерации и организаций, относящихся к его сфере деятельности. Включает форму паспорта безопасности этих объектов и территорий. Содержит положения об организации, инженерно-технических и правовых мерах защиты.",Постановление Правительства РФ,ПП РФ 1006 от 02.08.2019 Об утверждении требований к антитеррористической защищенности объектов (территорий) Минпросвещения РФ.pdf,"Постановление Правительства Российской Федерации от 2 августа 2019 года N 1006 Об утверждении требований к антитеррористической защищенности объектов (территорий) Министерства просвещения Российской Федерации и объектов (территорий), относящихся к сфере деятельности Министерства просвещения Российской Федерации, и формы паспорта безопасности этих объектов (территорий) (с изменениями на 5 марта 2022 года)",,,русский,3763,1006,5,0.0,0.0,с изменениями на 5 марта 2022 года,ПП РФ 1006 от 02.08.2019 Об утверждении требований к антитеррористической защищенности объектов (территорий) Минпросвещения РФ.pdf,Действующий,19
Подключение объектов капитального строительства к сетям электросвязи,Сети электросвязи,2024-05-16,2025-08-26T03:36:28.811298+00:00,"Документ регулирует правила подключения (технологического присоединения) объектов капитального строительства к сетям электросвязи. В нем определены порядок, основные понятия и условия подключения, а также ответственность сторон. Правила применяются к проектируемым, строящимся, реконструируемым и построенным объектам капитального строительства.",Постановление Правительства РФ,ПП РФ 1196 от 01.07.2022 Правила подключения объектов капитального строительства к сетям электросвязи (изм. на 16.05.2024).pdf,Постановление Правительства Российской Федерации от 1 июля 2022 года N 1196 Об утверждении Правил подключения (технологического присоединения) объектов капитального строительства к сетям электросвязи (с изменениями на 16 мая 2024 года),"['технологическое присоединение', 'строительство', 'реконструкция', 'операторы связи', 'договор о подключении']","['подключение', 'технологическое присоединение', 'объекты капитального строительства', 'сети электросвязи', 'правила']",Русский,3963,1196,5,8.3,0.0,с изменениями на 16 мая 2024 года,ПП РФ 1196 от 01.07.2022 Правила подключения объектов капитального строительства к сетям электросвязи (изм. на 16.05.2024).pdf,Действующий,11
Объекты и территории Федеральной службы по надзору в сфере образования и науки и подведомственных ей организаций,Пожарная безопасность,2019-09-24,2025-08-26T03:36:35.354735+00:00,"Постановление утверждает требования к антитеррористической защищенности объектов и территорий, находящихся в ведении Федеральной службы по надзору в сфере образования и науки и подведомственных ей организаций, а также форму паспорта безопасности этих объектов. Документ устанавливает организационные, инженерно-технические и иные мероприятия по обеспечению безопасности, порядок категорирования объектов в зависимости от степени угрозы терроризма, а также распределение ответственности за обеспечение антитеррористической защищенности.",Постановление Правительства РФ,ПП РФ 1243 от 24.09.2019 Об утверждении требований к антитеррористической защищенности объектов образования и науки.pdf,"Постановление Правительства Российской Федерации от 24 сентября 2019 года N 1243 Об утверждении требований к антитеррористической защищенности объектов (территорий) Федеральной службы по надзору в сфере образования и науки и подведомственных ей организаций, а также формы паспорта безопасности этих объектов (территорий)","['антитеррористическая защищенность', 'организационные мероприятия', 'инженерно-технические меры', 'категорирование объектов', 'ответственность']","['антитеррористическая защищенность', 'объекты', 'территории', 'Федеральная служба по надзору в сфере образования и науки', 'паспорта безопасности', 'категорирование объектов']",Русский,3502,1243,5,0.0,0.0,,ПП РФ 1243 от 24.09.2019 Об утверждении требований к антитеррористической защищенности объектов образования и науки.pdf,Действующий,14
Объекты (территории) Министерства науки и высшего образования Российской Федерации и подведомственных ему организаций,Антитеррористическая защищенность,2023-04-04,2025-08-26T03:36:40.921341+00:00,"Постановление утверждает требования к антитеррористической защищенности объектов (территорий) Министерства науки и высшего образования Российской Федерации и подведомственных ему организаций, форму паспорта безопасности этих объектов, а также признает утратившими силу некоторые прежние акты Правительства РФ. В документе отражены изменения, внесённые по состоянию на 4 апреля 2023 года.",Постановление Правительства РФ,ПП РФ 1421 от 07.11.2019 Об утверждении требований к антитеррористической защищенности объектов (территорий) Минобр РФ.pdf,"Постановление Правительства Российской Федерации от 7 ноября 2019 года N 1421 об утверждении требований к антитеррористической защищенности объектов (территорий) Министерства науки и высшего образования Российской Федерации и подведомственных ему организаций, объектов (территорий), относящихся к сфере деятельности Министерства науки и высшего образования Российской Федерации, формы паспорта безопасности этих объектов (территорий) и признании утратившими силу некоторых актов Правительства Российской Федерации с изменениями на 4 апреля 2023 года","['требования к антитеррористической защищенности', 'форма паспорта безопасности', 'категорирование объектов']","['антитеррористическая защищенность', 'Министерство науки и высшего образования Российской Федерации', 'паспорта безопасности', 'объекты (территории)', 'категорирование объектов']",русский,3841,1421,5,4.2,0.0,Изм. на 4 апреля 2023 года,ПП РФ 1421 от 07.11.2019 Об утверждении требований к антитеррористической защищенности объектов (территорий) Минобр РФ.pdf,Действующий,23
Организация и проведение государственной экспертизы проектной документации и результатов инженерных изысканий,Экспертиза проектной документации,2022-09-01,2025-08-26T03:36:45.425379+00:00,"Документ регламентирует порядок организации и проведения государственной экспертизы проектной документации и результатов инженерных изысканий. Включает положения об этапах экспертизы, требованиях к документации и проведению проверок. Редакция документа действует с 1 сентября 2022 года с учетом многочисленных изменений, внесенных с 2007 года.",Постановление Правительства РФ,ПП РФ 145 от 05.03.2007 О порядке организации и проведения гос экспертизы проектной документации и результатов инженерных изысканий.pdf,"Постановление Правительства Российской Федерации от 5 марта 2007 года N 145 О порядке организации и проведения государственной экспертизы проектной документации и результатов инженерных изысканий (редакция, действующая с 1 сентября 2022 года)","['государственная экспертиза', 'проектная документация', 'инженерные изыскания', 'регламентация экспертизы']","['государственная экспертиза', 'проектная документация', 'инженерные изыскания', 'организация экспертизы', 'проведение экспертизы']",русский,4440,145,5,9.3,89.6,с изменениями на 28 июля 2022 года,ПП РФ 145 от 05.03.2007 О порядке организации и проведения гос экспертизы проектной документации и результатов инженерных изысканий.pdf,Действующий,49
"Требования к оснащению объектов защиты автоматическими установками пожаротушения, системой пожарной сигнализации, системой оповещения и управления эвакуацией людей при пожаре",Пожарная безопасность,2021-09-01,2025-08-26T03:36:51.034783+00:00,"Документ устанавливает требования к оснащению объектов защиты автоматическими установками пожаротушения, системой пожарной сигнализации, системой оповещения и управления эвакуацией людей при пожаре. Применяется к зданиям, сооружениям, помещениям и оборудованию, введенным в эксплуатацию или проектной документации, направленной на экспертизу до вступления в силу Федерального закона ""Технический регламент о требованиях пожарной безопасности"". Определены критерии оснащения различных типов объектов защиты, а также условия применения требований при капитальном ремонте, реконструкции и изменении функционального назначения.",Постановление Правительства РФ,ПП РФ 1464 от 01.09.2021 Об утверждении требований к оснащению объектов защиты установками пожаротушения.pdf,"Постановление Правительства Российской Федерации от 1 сентября 2021 года N 1464 Об утверждении требований к оснащению объектов защиты автоматическими установками пожаротушения, системой пожарной сигнализации, системой оповещения и управления эвакуацией людей при пожаре","['требования к оснащению', 'объекты защиты', 'пожаротушение', 'пожарная сигнализация', 'эвакуация при пожаре']","['автоматические установки пожаротушения', 'система пожарной сигнализации', 'система оповещения', 'управление эвакуацией', 'пожарная безопасность', 'объекты защиты']",русский,194,1464,5,84.0,19.1,,ПП РФ 1464 от 01.09.2021 Об утверждении требований к оснащению объектов защиты установками пожаротушения.pdf,Действующий,21
"Устанавливают требования пожарной безопасности для поведения людей и организации производства и содержания территорий, зданий, сооружений, помещений организаций и других объектов защиты для обеспечения пожарной безопасности",Пожарная безопасность,2023-03-01,2025-08-26T03:36:57.962446+00:00,"Данный документ утверждает Правила противопожарного режима в Российской Федерации, определяющие требования и порядок обеспечения пожарной безопасности, организацию поведения людей и содержание объектов защиты. Документ содержит изменения, действующие с 24 октября 2022 года, и применяется с 1 марта 2023 года.",Постановление Правительства РФ,ПП РФ 1479 Правила противопожарного режима в РФ (изм. на 24.10.2022).pdf,Правила противопожарного режима в Российской Федерации (с изменениями на 24 октября 2022 года),"['требования пожарной безопасности', 'поведение людей при пожаре', 'организация и содержание объектов защиты', 'порядок вызова пожарной охраны', 'меры по эвакуации и тушению пожара']","['противопожарный режим', 'пожарная безопасность', 'организация производства', 'содержание территорий', 'эвакуация', 'тушение пожара']",Русский,3550,1479,5,16.0,66.7,с изменениями на 24 октября 2022 года,ПП РФ 1479 Правила противопожарного режима в РФ (изм. на 24.10.2022).pdf,Действующий,84
"Лицензирование образовательной деятельности, включая особенности для инновационного центра «Сколково», инновационных научно-технологических центров, международного медицинского кластера и федеральной территории «Сириус».",Образование,2022-03-01,2025-08-26T03:37:02.924547+00:00,"Документ устанавливает порядок лицензирования образовательной деятельности в Российской Федерации, регламентирует деятельность образовательных организаций и предпринимателей, а также особенности лицензирования на специальных территориях и в проектах. Включает изменения, вступающие в силу с 1 марта 2022 года.",Постановление Правительства РФ,ПП РФ 1490 от 18.09.2020 О лицензировании образовательной деятельности (с 01.01.2021 по 31.08.2026).pdf,Постановление Правительства Российской Федерации от 18 сентября 2020 года N 1490 О лицензировании образовательной деятельности (с изменениями на 30 ноября 2021 года),"['Порядок лицензирования', 'Требования к образовательной деятельности', 'Особенности для специальных территорий и проектов']","['лицензирование', 'образовательная деятельность', 'образовательные организации', 'Федеральная служба по надзору в сфере образования', 'инновационный центр Сколково', 'международный медицинский кластер', 'федеральная территория Сирис']",Русский,4070,1490,5,21.1,89.2,с изменениями на 30 ноября 2021 года,ПП РФ 1490 от 18.09.2020 О лицензировании образовательной деятельности (с 01.01.2021 по 31.08.2026).pdf,Действующий,17
Антитеррористическая защищенность объектов (территорий) в сфере культуры,Пожарная безопасность,2025-05-08,2025-08-26T03:37:06.671508+00:00,"Данный документ утверждает требования к антитеррористической защищенности объектов (территорий) в сфере культуры, включая комплекс мер по инженерно-технической укрепленности, категорированию объектов, контролю за выполнением требований и разработке паспорта безопасности. Документ содержит изменения, внесённые по состоянию на 8 мая 2025 года.",Постановление Правительства РФ,ПП РФ 176 от 11.02.2017 (изм. на 08.05.2025).pdf,Постановление Правительства Российской Федерации от 11 февраля 2017 года N 176 Об утверждении требований к антитеррористической защищенности объектов (территорий) в сфере культуры и формы паспорта безопасности этих объектов (территорий) с изменениями на 8 мая 2025 года,"['антитеррористическая защищенность', 'требования', 'паспорт безопасности', 'объекты культуры']","['антитеррористическая защищенность', 'объекты культуры', 'паспорт безопасности', 'требования безопасности', 'территории']",русский,2874,176,5,5.0,0.0,,ПП РФ 176 от 11.02.2017 (изм. на 08.05.2025).pdf,Действующий,19
Объекты спорта,Пожарная безопасность,2022-03-05,2025-08-26T03:37:10.861393+00:00,"Данное постановление утверждает требования к антитеррористической защищенности объектов спорта и форму паспорта безопасности объектов спорта. Устанавливаются обязательные мероприятия по обеспечению безопасности спортивных объектов, включая организационные, инженерно-технические и правовые меры, а также порядок проведения категорирования и оформления паспорта безопасности. Также документ содержит информацию об изменениях, внесённых до 5 марта 2022 года.",Постановление Правительства РФ,ПП РФ 202 от 06.03.2015 Об утверждении требований к антитеррористической защищенности объектов спорта.pdf,Постановление Правительства Российской Федерации от 6 марта 2015 года N 202 Об утверждении требований к антитеррористической защищенности объектов спорта и формы паспорта безопасности объектов спорта,"['антитеррористическая защита', 'требования безопасности', 'объекты спорта', 'порядок категорирования', 'паспорт безопасности объектов спорта']","['антитеррористическая защищенность', 'объекты спорта', 'паспорт безопасности', 'категорирование', 'безопасность', 'спортивные объекты']",русский,2568,202,5,6.2,0.0,с изменениями на 5 марта 2022 года,ПП РФ 202 от 06.03.2015 Об утверждении требований к антитеррористической защищенности объектов спорта.pdf,Действующий,15
подключение объектов капитального строительства к централизованным системам горячего и холодного водоснабжения и водоотведения,Системы водоснабжения,2024-06-27,2025-08-26T03:37:16.311640+00:00,"Постановление утверждает правила подключения объектов капитального строительства к централизованным системам горячего и холодного водоснабжения и водоотведения, вносит изменения в акты Правительства РФ и признает утратившими силу отдельные акты. Документ действует с 1 марта 2022 года сроком 6 лет и содержит методические указания по расчету подключенной мощности.",Постановление Правительства РФ,"ПП РФ 2130 от 30.11.2021 Правила подключения ОКС к централизованым системам ГВС, ХВС и водоотведению.pdf","Постановление Правительства Российской Федерации от 30 ноября 2021 года N 2130 Об утверждении Правил подключения (технологического присоединения) объектов капитального строительства к централизованным системам горячего водоснабжения, холодного водоснабжения и (или) водоотведения, о внесении изменений в отдельные акты Правительства Российской Федерации и признании утратившими силу отдельных актов Правительства Российской Федерации и положений отдельных актов Правительства Российской Федерации (с изменениями на 27 июня 2024 года)","['правила подключения', 'технологическое присоединение', 'централизованные системы водоснабжения', 'водоотведение', 'акты Правительства']","['подключение', 'технологическое присоединение', 'централизованные системы горячего водоснабжения', 'холодное водоснабжение', 'водоотведение', 'акты Правительства Российской Федерации']",русский,2870,2130,5,20.9,37.5,с изменениями на 27 июня 2024 года,"ПП РФ 2130 от 30.11.2021 Правила подключения ОКС к централизованым системам ГВС, ХВС и водоотведению.pdf",Действующий,72
"места массового пребывания людей и объекты (территории), подлежащие обязательной охране войсками национальной гвардии Российской Федерации",Пожарная безопасность,2023-10-24,2025-08-26T03:37:20.955333+00:00,"Данное постановление утверждает требования к антитеррористической защищенности мест массового пребывания людей и объектов (территорий), которые подлежат обязательной охране войсками национальной гвардии Российской Федерации, а также формы паспортов безопасности таких мест и объектов. Документ содержит нормы и правила по организации и обеспечению антитеррористической безопасности в указанных местах.",Постановление Правительства РФ,ПП РФ 272 от 25.03.2015 Об утверждении требований к антитеррористической защищенности мест массового пребывания людей.pdf,"Постановление Правительства Российской Федерации от 25 марта 2015 года N 272 Об утверждении требований к антитеррористической защищенности мест массового пребывания людей и объектов (территорий), подлежащих обязательной охране войсками национальной гвардии Российской Федерации, и форм паспортов безопасности таких мест и объектов (территорий) (с изменениями на 24 октября 2023 года)","['антитеррористическая защищенность', 'охрана объектов', 'паспорта безопасности', 'места массового пребывания людей']","['антитеррористическая защищенность', 'места массового пребывания людей', 'объекты (территории)', 'охрана войсками национальной гвардии', 'паспорт безопасности', 'требования']",Русский,3333,272,5,10.0,64.3,,ПП РФ 272 от 25.03.2015 Об утверждении требований к антитеррористической защищенности мест массового пребывания людей.pdf,Действующий,47
Обеспечение антитеррористической защищенности объектов (территорий),Пожарная безопасность,2022-03-05,2025-08-26T03:37:24.596885+00:00,"Данное постановление вносит изменения в акты Правительства Российской Федерации, регулирующие обеспечение антитеррористической защищенности объектов и территорий. В документе уточняются требования к категорированию объектов и мерам по их защите от террористических актов, а также правила актуализации паспортов безопасности.",Постановление Правительства РФ,ПП РФ 289 от 05.03.2022 О внесении изменений в акты Правительства РФ в сфере обеспечения антитеррористической защищенности объектов.pdf,Постановление Правительства Российской Федерации от 5 марта 2022 года N 289 О внесении изменений в некоторые акты Правительства Российской Федерации в сфере обеспечения антитеррористической защищенности объектов (территорий),"['обеспечение антитеррористической защищенности', 'требования к безопасности', 'категорирование объектов и территорий', 'изменения в нормативных актах']","['антитеррористическая защищенность', 'террористические акты', 'категорирование объектов', 'паспорта безопасности']",Русский,3213,289,5,0.0,0.0,,ПП РФ 289 от 05.03.2022 О внесении изменений в акты Правительства РФ в сфере обеспечения антитеррористической защищенности объектов.pdf,Действующий,12
,Разрешительная деятельность,2025-06-12,2025-08-26T03:37:27.857195+00:00,"Данное постановление регулирует особенности разрешительной деятельности в Российской Федерации. В документ внесено множество изменений, последние из которых датированы 12 июня 2025 года. Постановление устанавливает порядок и условия осуществления разрешительной деятельности и распространяется на правоотношения, возникшие с 24 февраля 2022 года.",Постановление Правительства РФ,ПП РФ 353 от 12.03.2022 Об особенностях разрешительной деятельности в Российской.pdf,Постановление Правительства Российской Федерации от 12 марта 2022 года N 353 Об особенностях разрешительной деятельности в Российской Федерации (с изменениями на 12 июня 2025 года),,,Русский,3346,353,5,33.6,30.4,с изменениями на 12 июня 2025 года,ПП РФ 353 от 12.03.2022 Об особенностях разрешительной деятельности в Российской.pdf,Действующий,98
Подготовка документации по планировке территории,Инженерные изыскания,2017-03-31,2025-08-26T03:37:32.798613+00:00,"Данное постановление утверждает правила выполнения инженерных изысканий, необходимых для подготовки документации по планировке территории, а также перечень видов таких изысканий и вносит изменения в предыдущее постановление Правительства Российской Федерации от 2006 года.",Постановление Правительства РФ,"ПП РФ 402 Об утверждении Правил выполнения инженерных изысканий, необходимых для подготовки документации по планировке территории.pdf .pdf","Постановление Правительства Российской Федерации от 31 марта 2017 г. № 402 Об утверждении Правил выполнения инженерных изысканий, необходимых для подготовки документации по планировке территории, перечня видов инженерных изысканий, необходимых для подготовки документации по планировке территории, и о внесении изменений в постановление Правительства Российской Федерации от 19 января 2006 г. № 20","['правила выполнения инженерных изысканий', 'подготовка документации по планировке территории', 'изменения в предыдущие постановления']","['инженерные изыскания', 'подготовка документации', 'планировка территории', 'правила', 'перечень видов изысканий']",русский,1292,402,5,33.3,0.0,,"ПП РФ 402 Об утверждении Правил выполнения инженерных изысканий, необходимых для подготовки документации по планировке территории.pdf .pdf",Действующий,9
Правила противопожарного режима в Российской Федерации,Пожарная безопасность,2024-03-01,2025-08-26T03:37:36.432295+00:00,"Постановление Правительства Российской Федерации от 30 марта 2023 года N 510 вносит изменение в пункт 32 Правил противопожарного режима, регулируя установку устройств защиты от дугового пробоя в электроустановках зданий общежитий, образовательных, медицинских и других специализированных учреждений. Документ вступает в силу с 1 марта 2024 года.",Постановление Правительства РФ,ПП РФ 510 О внесении изменения в пункт 32 Правил противопожарного режима в Российской Федерации (дейст. с 01.01.2024).pdf,Постановление Правительства Российской Федерации от 30 марта 2023 года N 510 О внесении изменения в пункт 32 Правил противопожарного режима в Российской Федерации,"['правила противопожарного режима', 'устройства защиты', 'безопасность электроустановок']","['противопожарный режим', 'устройства защиты от дугового пробоя', 'электроустановки', 'реконструкция', 'капитальный ремонт']",Русский,2015,510,1,0.0,0.0,внесение изменения,ПП РФ 510 О внесении изменения в пункт 32 Правил противопожарного режима в Российской Федерации (дейст. с 01.01.2024).pdf,Действующий,1
Безопасность зданий и сооружений на всех этапах их жизненного цикла,Пожарная безопасность,2024-05-30,2025-08-26T03:37:41.066097+00:00,"Постановление Правительства РФ устанавливает требования к содержанию результатов применения способов обоснования соответствия архитектурных, функционально-технологических, конструктивных, инженерно-технических и иных решений и мероприятий по обеспечению безопасности зданий и сооружений, а также регламентирует порядок их подготовки и утверждения.",Постановление Правительства РФ,ПП РФ 708 от 30.05.2024 Об утверждении требований к содержанию и порядку утверждения результатов обоснования требованиям безопасности.PDF,"Постановление Правительства Российской Федерации от 30 мая 2024 года № 708 Об утверждении требований к содержанию результатов применения предусмотренных частью 6 статьи 15 Федерального закона ""Технический регламент о безопасности зданий и сооружений"" способов обоснования соответствия архитектурных, функционально-технологических, конструктивных, инженерно-технических и иных решений и мероприятий по обеспечению безопасности зданий, сооружений, процессов, осуществляемых на всех этапах их жизненного цикла, требованиям, установленным указанным Федеральным законом, порядку их подготовки и утверждения","['требования к содержанию результатов применения', 'обоснование соответствия', 'архитектурные решения', 'функционально-технологические решения', 'конструктивные решения', 'жизненный цикл зданий и сооружений']","['технический регламент', 'безопасность зданий и сооружений', 'способы обоснования', 'архитектурные решения', 'функционально-технологические решения', 'конструктивные решения', 'инженерно-технические решения']",Русский,4000,708,5,11.1,0.0,,ПП РФ 708 от 30.05.2024 Об утверждении требований к содержанию и порядку утверждения результатов обоснования требованиям безопасности.PDF,Действующий,8
"Правила организации коммерческого учета воды, сточных вод в коммунальной сфере",Системы водоснабжения,2020-05-22,2025-08-26T03:37:45.596127+00:00,"Документ утверждает правила организации коммерческого учета воды и сточных вод с использованием приборов учета, соответствующих законодательству Российской Федерации, распространяется на отношения, возникающие при предоставлении коммунальных услуг в сфере водоснабжения и водоотведения. Включены изменения и дополнения до 22 мая 2020 года.",Постановление Правительства РФ,"ПП РФ 776 от 04.09.2013 Об утверждении Правил организации коммерческого учета воды, сточных вод.pdf","Постановление Правительства Российской Федерации от 4 сентября 2013 года N 776 Об утверждении Правил организации коммерческого учета воды, сточных вод (с изменениями на 22 мая 2020 года)","['порядок коммерческого учета воды', 'порядок коммерческого учета сточных вод', 'требования к приборам учета', 'договоры водоснабжения и водоотведения']","['коммерческий учет воды', 'коммерческий учет сточных вод', 'приборы учета', 'законодательство РФ', 'водоснабжение', 'водоотведение', 'коммунальные услуги']",русский,4196,776,5,0.0,0.0,с изменениями на 22 мая 2020 года,"ПП РФ 776 от 04.09.2013 Об утверждении Правил организации коммерческого учета воды, сточных вод.pdf",Действующий,14
"Антитеррористическая защищенность объектов (территорий) Министерства здравоохранения Российской Федерации и объектов (территорий), относящихся к сфере деятельности Министерства здравоохранения Российской Федерации",Пожарная безопасность,2022-03-05,2025-08-26T03:37:50.168300+00:00,"Документ устанавливает требования к антитеррористической защищенности объектов и территорий Министерства здравоохранения Российской Федерации и связанных с ним структур, а также утверждает форму паспорта безопасности этих объектов с учетом изменений на 5 марта 2022 года.",Постановление Правительства РФ,ПП РФ 8 от 13.01.2017 Об утверждении требований к антитеррористической защищенности объектов здравоохранения.pdf,"Постановление Правительства Российской Федерации от 13 января 2017 года N 8 Об утверждении требований к антитеррористической защищенности объектов (территорий) Министерства здравоохранения Российской Федерации и объектов (территорий), относящихся к сфере деятельности Министерства здравоохранения Российской Федерации, и формы паспорта безопасности этих объектов (территорий) (с изменениями на 5 марта 2022 года)","['антитеррористическая защищенность', 'паспорта безопасности', 'объекты и территории министерства здравоохранения']","['антитеррористическая защищенность', 'Министерство здравоохранения', 'объекты', 'территории', 'паспорт безопасности']",Русский,3853,8,5,0.0,0.0,,ПП РФ 8 от 13.01.2017 Об утверждении требований к антитеррористической защищенности объектов здравоохранения.pdf,Действующий,15
Организация теплоснабжения в Российской Федерации,Теплоснабжение,2021-11-25,2025-08-26T03:37:54.168181+00:00,"Постановление Правительства Российской Федерации устанавливает правила организации теплоснабжения в РФ и вносит изменения в некоторые акты Правительства. Документ содержит нормы, регулирующие отношения в сфере теплоснабжения, а также определяет порядок разработки методических указаний по оценке надежности систем теплоснабжения.",Постановление Правительства РФ,ПП РФ 808 от 08.08.2012 Об организации теплоснабжения в Российской Федерации.pdf,Постановление Правительства РФ от 8 августа 2012 года N 808 Об организации теплоснабжения в Российской Федерации и о внесении изменений в некоторые акты Правительства Российской Федерации с изменениями на 25 ноября 2021 года,"['организация теплоснабжения', 'правила теплоснабжения', 'методические указания', 'надежность систем теплоснабжения']","['теплоснабжение', 'Правительство Российской Федерации', 'правила организации', '+изменения', 'акты Правительства']",русский,4205,808,5,11.3,68.8,с изменениями на 25 ноября 2021 года,ПП РФ 808 от 08.08.2012 Об организации теплоснабжения в Российской Федерации.pdf,Действующий,64
Требования к содержанию разделов проектной документации,Проектная документация,2021-04-09,2025-08-26T03:37:58.129293+00:00,Данное постановление регулирует состав разделов проектной документации и предъявляет требования к их содержанию. В документе также указаны компетенции различных федеральных органов исполнительной власти по разъяснению и уточнению требований к проектной документации.,Постановление Правительства РФ,ПП РФ 87 О составе разделов проектной документации.pdf,Постановление Правительства РФ от 16.02.2008 N 87 (ред. от 09.04.2021) О составе разделов проектной документации и требованиях к их содержанию,"['проектная документация', 'градостроительный кодекс', 'регулирование', 'федеральное законодательство']","['состав разделов проектной документации', 'требования к содержанию', 'федеральные органы исполнительной власти', 'градостроительный кодекс']",русский,3059,87,5,4.0,0.0,ред. от 09.04.2021,ПП РФ 87 О составе разделов проектной документации.pdf,Действующий,49
Оповещение населения города Москвы о чрезвычайных ситуациях,Пожарная безопасность,2015-12-01,2025-08-26T03:38:06.475621+00:00,"Документ регламентирует порядок подключения и отключения локальных и объектовых систем оповещения к региональной автоматизированной системе централизованного оповещения населения города Москвы при чрезвычайных ситуациях. Определены термины, обязанности и этапы процедуры подключения. Не регулирует договорные отношения между собственниками объектов и организациями, осуществляющими создание и обслуживание систем оповещения.",Приказ ГОЧС,Приказ ГОЧСиПБ 27-08-15_22 от 17.01.2022 Регламент подключения ОСО к РСО г. Москвы.pdf,Регламент подключения (отключения) локальных и объектовых систем оповещения к региональной автоматизированной системе централизованного оповещения населения города Москвы о чрезвычайных ситуациях,"['порядок подключения', 'отключение систем оповещения', 'технические условия сопряжения', 'ответственность собственников', 'регулирование процедур']","['локальные системы оповещения', 'объектовые системы оповещения', 'региональная автоматизированная система', 'централизованное оповещение', 'чрезвычайные ситуации', 'город Москва']",русский,1778,08 795-П1,5,0.0,0.0,,Приказ ГОЧСиПБ 27-08-15_22 от 17.01.2022 Регламент подключения ОСО к РСО г. Москвы.pdf,Действующий,11
Системы оповещения населения и пожарные сигнализации города Москвы,Пожарная безопасность,2022-08-01,2025-08-26T03:38:11.728462+00:00,Документ утверждает Единый регламент выдачи технических условий к системам оповещения населения города Москвы и технических требований к системам пожарной сигнализации для передачи сигналов в программно-аппаратный комплекс системы мониторинга возгораний и угроз развития крупных пожаров.,Приказ ГОЧС,Приказ ГОЧСиПБ 27-08-435_22 от 01.08.2022 Утверждение регламента выдачи ТУ на ОСО с РСО и ТТ на Стрелец.pdf,"Приказ Департамента по делам гражданской обороны, чрезвычайным ситуациям и пожарной безопасности города Москвы об утверждении Единого регламента выдачи технических условий к системам оповещения населения города Москвы и технических требований к системам пожарной сигнализации для передачи сигналов в программно-аппаратный комплекс системы мониторинга, обработки и передачи данных о параметрах возгорания, угрозах и рисках развития крупных пожаров","['единый регламент', 'выдача технических условий', 'системы оповещения населения', 'пожарная сигнализация', 'мониторинг и передача данных о пожарах']","['пожарная безопасность', 'системы оповещения', 'пожарная сигнализация', 'мониторинг возгораний', 'технические условия']",Русский,1532,804,5,33.3,0.0,Введен впервые,Приказ ГОЧСиПБ 27-08-435_22 от 01.08.2022 Утверждение регламента выдачи ТУ на ОСО с РСО и ТТ на Стрелец.pdf,Действующий,24
,Не определено,2024-10-04,2025-08-26T03:38:14.176859+00:00,"Документ с регистрационным номером 27-08-543/24 зарегистрирован 04.10.2024 и связан с Департаментом ГОЧСиПБ. Содержит несколько страниц, созданных 04.10.2024.",Не определено,Приказ ГОЧСиПБ 27-08-543_24 от 04.10.2024 О внесении изменений в приказ Департамента ГОЧСиПБ №27-08-598_22 от 14.10.2022.pdf,Документ зарегистрирован № 27-08-543/24 от 04.10.2024 Иванова Ю.В. (Департамент ГОЧСиПБ),,,Русский,215,27-08-543/24,5,0.0,0.0,,Приказ ГОЧСиПБ 27-08-543_24 от 04.10.2024 О внесении изменений в приказ Департамента ГОЧСиПБ №27-08-598_22 от 14.10.2022.pdf,Не определено,8
,Не определено,2025-04-18,2025-08-26T03:38:19.310575+00:00,Документ зарегистрирован с номером 27-08-283/25 и датой регистрации 18.04.2025. Текст содержит сведения о регистрации документа и дате создания страниц.,Не определено,Приказ ГОЧСиПБ 27-08-583_25 от 18.04.2025 О внесении изменений в приказ Департамента ГОЧСиПБ №27-08-15_22 от 17.01.2022.pdf,Документ зарегистрирован,,,русский,220,27-08-283/25,5,0.0,0.0,,Приказ ГОЧСиПБ 27-08-583_25 от 18.04.2025 О внесении изменений в приказ Департамента ГОЧСиПБ №27-08-15_22 от 17.01.2022.pdf,Не определено,16
Выдача актов о подключении объектов к централизованной автоматизированной системе передачи извещений о пожаре в городе Москве,Пожарная безопасность,2022-09-20,2025-08-26T03:38:25.434513+00:00,"Документ утверждает регламент выдачи актов о подключении объектов оснащения к Централизованной автоматизированной системе передачи извещений о пожаре. В приказе регламентируются обязанности различных государственных учреждений по организации, ведению базы данных, сбору и анализу данных системы пожарной сигнализации, а также меры по предупреждению и ликвидации последствий пожаров.",Приказ Правительства Москвы,Приказ ГОЧСиПБ 27-08-598_22 от 14.10.2022 Регламент выдачи акта о подключения объекта оснащения к ЦАСПИ.pdf,Приказ 1.4/8 2022 Об утверждении Регламента выдачи ГБУ Система 112 Акта о подключении объекта оснащения к Централизованной автоматизированной системе передачи извещений о пожаре,"['организация пожарной безопасности', 'ведение базы данных систем передачи извещений о пожаре', 'анализ ложных срабатываний', 'профилактика пожаров']","['Регламент выдачи', 'ГБУ Система 112', 'Централизованная автоматизированная система передачи извещений о пожаре', 'пожарная сигнализация', 'подключение объекта']",русский,1615,1.4/8 2022,5,4.8,0.0,,Приказ ГОЧСиПБ 27-08-598_22 от 14.10.2022 Регламент выдачи акта о подключения объекта оснащения к ЦАСПИ.pdf,Действующий,21
Правила регистрации документов по стандартизации в национальной системе стандартизации,Стандартизация,2016-05-27,2025-08-26T03:38:31.570166+00:00,"Документ утверждает Порядок регистрации федеральным органом исполнительной власти в сфере стандартизации различных видов документов: национальных стандартов, сводов правил, международных, региональных и иностранных стандартов в Федеральном информационном фонде стандартов.",Приказ Минпромторга,Приказ Минпромторга России 1716 от 27.05.2016 (действ. с 14.10.2016) Об утверждении Порядка регистрации иностранных стандартов.pdf,"Приказ Минпромторга России от 27 мая 2016 года N 1716 Об утверждении Порядка регистрации федеральным органом исполнительной власти в сфере стандартизации документов, разрабатываемых и применяемых в национальной системе стандартизации, сводов правил, международных стандартов, региональных стандартов и региональных сводов правил, стандартов иностранных государств и сводов правил иностранных государств","['регистрация документов', 'национальные стандарты', 'международные стандарты', 'региональные стандарты', 'стандарты иностранных государств']","['стандартизация', 'регистрация', 'федеральный орган исполнительной власти', 'порядок регистрации', 'национальная система стандартизации', 'федеральный информационный фонд стандартов', 'стандарты', 'своды правил']",русский,2995,1716,3,0.0,0.0,,Приказ Минпромторга России 1716 от 27.05.2016 (действ. с 14.10.2016) Об утверждении Порядка регистрации иностранных стандартов.pdf,Действующий,3
Проведение экспертизы проектов стандартов организаций и проектов технических условий,Стандартизация,2017-07-06,2025-08-26T03:38:35.606558+00:00,"Документ утверждает порядок проведения экспертизы проектов стандартов организаций и проектов технических условий, представляемых разработчиками в технические комитеты по стандартизации. Определяет правила и предмет экспертизы в соответствии с Федеральным законом от 29 июня 2015 г. N 162-ФЗ ""О стандартизации в Российской Федерации"".",Приказ Минпромторга,Приказ Минпромторга России 2171 от 06.07.2017 (действ. с 14.08.2017) Об утверждении Порядка проведения экспертизы проектов СТО.pdf,"Приказ Минпромторга России от 6 июля 2017 года N 2171 Об утверждении Порядка проведения экспертизы проектов стандартов организаций, а также проектов технических условий","['порядок проведения экспертизы', 'стандартизация', 'технические условия', 'федеральные законы']","['экспертиза проектов стандартов', 'технические условия', 'стандартизация', 'технические комитеты', 'разработчики']",русский,2168,2171,4,20.0,0.0,,Приказ Минпромторга России 2171 от 06.07.2017 (действ. с 14.08.2017) Об утверждении Порядка проведения экспертизы проектов СТО.pdf,Действующий,4
"Исполнительная документация при строительстве, реконструкции, капитальном ремонте объектов капитального строительства",Строительство,2023-05-16,2025-08-26T03:38:39.519440+00:00,"Документ утверждает состав и порядок ведения исполнительной документации при строительстве, реконструкции и капитальном ремонте объектов капитального строительства, отменяет предыдущий приказ и устанавливает сроки действия с 1 сентября 2023 года по 1 сентября 2029 года.",Приказ Минстроя,Приказ Минстроя 344пр от 16.05.2023 Об утверждении состава и порядка ведения исполнительной документации.pdf,"Приказ Министерства строительства и жилищно-коммунального хозяйства Российской Федерации Об утверждении состава и порядка ведения исполнительной документации при строительстве, реконструкции, капитальном ремонте объектов капитального строительства","['состав исполнительной документации', 'порядок ведения исполнительной документации', 'строительство', 'реконструкция', 'капитальный ремонт']","['исполнительная документация', 'строительство', 'реконструкция', 'капитальный ремонт', 'объекты капитального строительства']",Русский,2423,344/пр,5,31.0,0.0,,Приказ Минстроя 344пр от 16.05.2023 Об утверждении состава и порядка ведения исполнительной документации.pdf,Действующий,25
"Проектирование систем пожарной сигнализации, оповещения и управления эвакуацией людей при пожаре, противодымной защиты, пожаротушения, противопожарного водоснабжения объектов капитального строительства",Пожарная безопасность,2023-03-20,2025-08-26T03:38:44.326595+00:00,"Документ содержит профессиональный стандарт для специалистов по проектированию систем противопожарной защиты объектов капитального строительства. Включает описание трудовых функций, характеристики деятельности, а также утверждает требования к подготовке проектной документации для систем противопожарной защиты.",Приказ Минтруда,Приказ Минтруда 181н от 20.03.2023 Об утверждении профессионального стандарта Специалист в области проектирования систем ПЗ.pdf,Профессиональный стандарт Специалист в области проектирования систем противопожарной защиты объектов капитального строительства,"['проектирование систем противопожарной защиты', 'техническая документация', 'автоматика систем противопожарной защиты', 'координация проектирования', 'руководство проектным подразделением']","['профессиональный стандарт', 'противопожарная защита', 'проектирование', 'капитальное строительство', 'трудовые функции']",русский,1506,181н,5,61.4,0.0,Введен впервые,Приказ Минтруда 181н от 20.03.2023 Об утверждении профессионального стандарта Специалист в области проектирования систем ПЗ.pdf,Действующий,28
Эксплуатация объектов теплоснабжения и теплопотребляющих установок,Охрана труда,2020-12-17,2025-08-26T03:38:48.639354+00:00,"Документ устанавливает государственные нормативные требования по охране труда при эксплуатации объектов теплоснабжения, теплопотребляющих производственных и непроизводственных установок. Включает обязанности работодателя по обеспечению безопасности и обучению работников, а также перечень объектов, на которые распространяются правила.",Приказ Минтруда,Приказ Минтруда России 924н от 17.12.2020 Об утверждении Правил по охране труда объектов теплоснабжения и теплопотребляющих установок.pdf,Правила по охране труда при эксплуатации объектов теплоснабжения и теплопотребляющих установок,"['нормативные требования', 'безопасность труда', 'котельные', 'тепловые сети', 'теплообменные аппараты']","['охрана труда', 'теплоснабжение', 'теплопотребляющие установки', 'эксплуатация', 'обучение работников', 'техническая документация']",русский,484,924н,5,62.1,40.7,Введен впервые,Приказ Минтруда России 924н от 17.12.2020 Об утверждении Правил по охране труда объектов теплоснабжения и теплопотребляющих установок.pdf,Действующий,14
,Отопление,2003-03-24,2025-08-26T03:38:51.690360+00:00,"Документ устанавливает правила технической эксплуатации тепловых энергоустановок, определяет термины и понятия, применяемые в системе теплоснабжения, и регулирует порядок эксплуатации, технического обслуживания и ремонта тепловых энергоустановок.",Приказ Минэнерго,Приказ Минэнерго России 115 от 24.03.2003 Правила технической эксплуатации тепловых энергоустановок.pdf,Правила технической эксплуатации тепловых энергоустановок,"['определения', 'работа тепловых энергоустановок', 'техническое обслуживание', 'эксплуатация', 'теплоснабжение']","['тепловые энергоустановки', 'техническая эксплуатация', 'теплоснабжение', 'теплозащита', 'водоподогреватель', 'теплогенерация', 'эксплуатация']",русский,330,115,5,82.2,0.0,,Приказ Минэнерго России 115 от 24.03.2003 Правила технической эксплуатации тепловых энергоустановок.pdf,Действующий,137
"Обучение лиц, осуществляющих трудовую или служебную деятельность, по программам противопожарного инструктажа и дополнительным профессиональным программам в области пожарной безопасности",Пожарная безопасность,2024-12-16,2025-08-26T03:38:57.176690+00:00,"Приказ МЧС России определяет порядок, виды и сроки обучения работников по программам противопожарного инструктажа, включая требования к содержанию программ, порядок их утверждения и согласования, а также категории лиц, проходящих обучение по дополнительным профессиональным программам в области пожарной безопасности. Документ вводится в силу с 1 сентября 2025 года и действует до 1 сентября 2031 года.",Приказ МЧС,"Приказ МЧС 1120 от 16.12.2024 (действ. с 01.09.2025) Об определении Порядка, видов, сроков обучения лиц в области ПБ (изм. на 16.12.2024).pdf","Приказ МЧС России от 16 декабря 2024 года N 1120 Об определении порядка, видов, сроков обучения лиц, осуществляющих трудовую или служебную деятельность, по программам противопожарного инструктажа, требований к содержанию указанных программ, порядка их утверждения и согласования и категорий лиц, проходящих обучение по дополнительным профессиональным программам в области пожарной безопасности","['порядок обучения', 'виды инструктажей', 'сроки обучения', 'требования к программам', 'утверждение программ', 'категории обучающихся']","['противопожарный инструктаж', 'обучение', 'пожарная безопасность', 'программы обучения', 'дополнительные профессиональные программы', 'согласование программ']",Русский,2266,1120,5,60.0,66.7,,"Приказ МЧС 1120 от 16.12.2024 (действ. с 01.09.2025) Об определении Порядка, видов, сроков обучения лиц в области ПБ (изм. на 16.12.2024).pdf",Действующий,12
"Определение расчетных величин пожарного риска в зданиях, сооружениях и пожарных отсеках различных классов функциональной пожарной опасности",Пожарная безопасность,2023-09-01,2025-08-26T03:39:02.501627+00:00,"Документ утверждает методику определения расчетных величин пожарного риска в зданиях, сооружениях и пожарных отсеках различных классов функциональной пожарной опасности, устанавливает порядок оценки пожарного риска с учетом анализа пожарной опасности, частоты возникновения пожаров и последствий для людей.",Приказ МЧС,Приказ МЧС 1140 от 14.11.2022 Об утверждении методики определения расчетных величин пожарного риска.pdf,"Методика определения расчетных величин пожарного риска в зданиях, сооружениях и пожарных отсеках различных классов функциональной пожарной опасности","['определение пожарного риска', 'анализ пожарной опасности', 'частота возникновения пожаров', 'оценка последствий пожаров']","['пожарный риск', 'расчетная величина', 'здания', 'сооружения', 'пожарные отсеки', 'функциональная пожарная опасность', 'методика']",Русский,1819,382,5,32.3,0.0,Утверждено приказом МЧС России от 4 августа 2023 г.,Приказ МЧС 1140 от 14.11.2022 Об утверждении методики определения расчетных величин пожарного риска.pdf,Действующий,65
"Обучение работников, соискателей лицензии и лицензиатов, осуществляющих лицензируемые виды деятельности в области пожарной безопасности, а также физических лиц, осуществляющих проектирование средств обеспечения пожарной безопасности зданий и сооружений",Пожарная безопасность,2022-11-15,2025-08-26T03:39:07.738061+00:00,"Документ утверждает типовые дополнительные профессиональные программы для профессиональной переподготовки и повышения квалификации работников, связанных с монтажом, техническим обслуживанием, ремонтом и проектированием средств обеспечения пожарной безопасности в зданиях и сооружениях.",Приказ МЧС,Приказ МЧС 1156 от 15.11.2022 Об утверждении типовых дополнительных профессиональных программ в области ПБ.pdf,"Приказ МЧС России от 15 ноября 2022 года N 1156 Об утверждении типовых дополнительных профессиональных программ, применяемых при обучении работников соискателей лицензии или лицензиатов, осуществляющих лицензируемые виды деятельности в области пожарной безопасности, а также физических лиц, осуществляющих проектирование средств обеспечения пожарной безопасности зданий и сооружений","['дополнительное профессиональное образование', 'пожарная безопасность', 'обучение и аттестация', 'профессиональная переподготовка', 'повышение квалификации']","['типовые дополнительные профессиональные программы', 'пожарная безопасность', 'профессиональная переподготовка', 'повышение квалификации', 'лицензируемые виды деятельности', 'проектирование средств обеспечения пожарной безопасности']",русский,1716,1156,5,46.3,16.7,,Приказ МЧС 1156 от 15.11.2022 Об утверждении типовых дополнительных профессиональных программ в области ПБ.pdf,Действующий,38
"Проектирование систем передачи извещений о пожаре для оснащения зданий, включая пожарные отсеки",Пожарная безопасность,2022-11-24,2025-08-26T03:39:11.204427+00:00,"Документ устанавливает требования к проектированию систем передачи извещений о пожаре (СПИ), включая технические характеристики и условия реализации связи. Приказ направлен на обеспечение функциональности и надежности систем пожарного оповещения в зданиях.",Приказ МЧС,Приказ МЧС 1173 от 24.11.2022 Требования к проектированию систем передачи извещений о пожаре.pdf,Приказ МЧС России от 24 ноября 2022 года N 1173 Об утверждении требований к проектированию систем передачи извещений о пожаре,"['требования к проектированию', 'характеристики систем передачи', 'нормативные документы']","['проектирование', 'системы передачи извещений о пожаре', 'пожарная безопасность', 'МЧС России', 'технические требования']",русский,2060,1173,4,33.3,0.0,Введен впервые,Приказ МЧС 1173 от 24.11.2022 Требования к проектированию систем передачи извещений о пожаре.pdf,Действующий,4
"Дополнительные профессиональные программы повышения квалификации в области пожарной безопасности для руководителей организаций, ответственных лиц и специалистов по противопожарной профилактике",Пожарная безопасность,2021-09-05,2025-08-26T03:39:15.635970+00:00,"Документ утверждает типовые дополнительные профессиональные программы повышения квалификации и профессиональной переподготовки в области пожарной безопасности. Включает программы для руководителей организаций, ответственных лиц за пожарную безопасность, а также специалистов, проводящих противопожарный инструктаж.",Приказ МЧС,Приказ МЧС 596 от 05.09.2021 Об утверждении типовых дополнительных профессиональных программ в области пожарной безопасности.pdf,Приказ МЧС от 5 сентября 2021 года N 596 Об утверждении типовых дополнительных профессиональных программ в области пожарной безопасности,"['пожарная безопасность', 'образование', 'профессиональное обучение', 'повышение квалификации', 'противопожарный инструктаж']","['типовые программы', 'пожарная безопасность', 'повышение квалификации', 'профессиональная переподготовка', 'руководители организаций', 'ответственные лица', 'противопожарный инструктаж']",Русский,3002,596,5,21.8,38.5,,Приказ МЧС 596 от 05.09.2021 Об утверждении типовых дополнительных профессиональных программ в области пожарной безопасности.pdf,Действующий,72
Обучение работников организаций мерам противопожарной безопасности,Пожарная безопасность,2021-11-18,2025-08-26T03:39:21.262597+00:00,"Документ определяет порядок, виды и сроки обучения работников организаций по программам противопожарного инструктажа, требования к содержанию этих программ и категории лиц, проходящих дополнительное обучение по пожарной безопасности. Приказ устанавливает обязательные правила обучения и отменяет предыдущие нормативные акты в данной сфере.",Приказ МЧС,"Приказ МЧС 806 от 18.11.2021 (действ. до 01.09.2025) Об определении Порядка, видов, сроков обучения лиц в области ПБ (изм. на 16.12.2024).pdf","Приказ МЧС России от 18 ноября 2021 года N 806 Об определении Порядка, видов, сроков обучения лиц, осуществляющих трудовую или служебную деятельность в организациях, по программам противопожарного инструктажа, требований к содержанию указанных программ и категорий лиц, проходящих обучение по дополнительным профессиональным программам в области пожарной безопасности","['порядок обучения', 'требования к программам', 'категории обучающихся', 'сроки обучения', 'нормативное регулирование']","['противопожарный инструктаж', 'обучение мерам пожарной безопасности', 'программы обучения', 'дополнительные профессиональные программы', 'категории обучающихся']",Русский,601,806,5,82.9,36.6,Документ отменяется,"Приказ МЧС 806 от 18.11.2021 (действ. до 01.09.2025) Об определении Порядка, видов, сроков обучения лиц в области ПБ (изм. на 16.12.2024).pdf",Действующий,11
"Применение международных, региональных, межгосударственных стандартов и стандартов иностранных государств",Стандартизация,2021-06-21,2025-08-26T03:39:25.462728+00:00,"Документ устанавливает порядок и условия применения международных стандартов, региональных стандартов, межгосударственных стандартов, региональных сводов правил, а также стандартов и сводов правил иностранных государств при выполнении работ, оказании услуг, поставках товаров и других технических документациях, в соответствии с законодательством РФ.",Приказ Росстандарта,Приказ Росстандарта 1061 от 21.06.2021 (действ. с 17.07.2021) Об определении Порядка и условий применения международных стандартов.pdf,"Приказ об определении порядка и условий применения международных стандартов, региональных стандартов, межгосударственных стандартов и региональных сводов правил, а также стандартов иностранных государств и сводов правил иностранных государств","['Порядок применения стандартов', 'Условия применения стандартов', 'Регистрация стандартов']","['стандарты', 'международные стандарты', 'региональные стандарты', 'межгосударственные стандарты', 'своды правил', 'стандарты иностранных государств', 'применение стандартов']",Русский,1304,1061,3,25.0,0.0,Введен впервые,Приказ Росстандарта 1061 от 21.06.2021 (действ. с 17.07.2021) Об определении Порядка и условий применения международных стандартов.pdf,Действующий,3
"Перечень документов в области стандартизации, обеспечивающих соблюдение требований Технического регламента о требованиях пожарной безопасности",Пожарная безопасность,2024-04-04,2025-08-26T03:39:29.444959+00:00,"Приказ утверждает перечень документов в области стандартизации, применение которых на добровольной основе обеспечивает соблюдение требований Федерального закона N 123-ФЗ ""Технический регламент о требованиях пожарной безопасности"". Документ содержит изменения от 17 ноября 2023 года и 4 апреля 2024 года, а также отменяет предыдущий приказ N 1190 от 14 июля 2020 года.",Приказ Росстандарта,Приказ Росстандарта 318 от 13.02.2023 Об утверждении документов на добровольной основе обеспечивается соблюдение требований ФЗ-123.pdf,"Приказ Росстандарта от 13 февраля 2023 года N 318 Об утверждении перечня документов в области стандартизации, в результате применения которых на добровольной основе обеспечивается соблюдение требований Федерального закона от 22 июля 2008 г. N 123-ФЗ ""Технический регламент о требованиях пожарной безопасности"" с изменениями на 4 апреля 2024 года","['утверждение перечня документов', 'обеспечение соблюдения требований', 'изменения и дополнения']","['перечень документов', 'стандартизация', 'технический регламент', 'пожарная безопасность', 'добровольное соблюдение требований']",Русский,1629,318,5,43.5,82.0,с изменениями на 4 апреля 2024 года,Приказ Росстандарта 318 от 13.02.2023 Об утверждении документов на добровольной основе обеспечивается соблюдение требований ФЗ-123.pdf,Действующий,17
Регистрация стандартов организаций и технических условий в Федеральном информационном фонде стандартов,Стандартизация,2021-04-30,2025-08-26T03:39:33.052541+00:00,"Документ описывает порядок регистрации стандартов организаций, включая технические условия, в Федеральном информационном фонде стандартов. Установлены правила подачи заявок, проведения экспертизы, принятия решений о регистрации, а также сроки регистрации стандартов.",Приказ Росстандарта,Приказ Росстандарта 651 от 30.04.2021 (действ. с 13.07.2021) Об определении Порядка регистрации СТО в Фонде стандартов.pdf,"Приказ Росстандарта от 30 апреля 2021 года N 651 Об определении Порядка регистрации стандартов организаций, в том числе технических условий, в Федеральном информационном фонде стандартов","['регистрация стандартов организаций', 'экспертиза проектов стандартов', 'Федеральный информационный фонд стандартов']","['регистрация стандартов организаций', 'технические условия', 'Федеральный информационный фонд стандартов', 'экспертиза стандартов', 'порядок регистрации']",Русский,1343,651,3,40.0,66.7,,Приказ Росстандарта 651 от 30.04.2021 (действ. с 13.07.2021) Об определении Порядка регистрации СТО в Фонде стандартов.pdf,Действующий,3
Реализация объектов капитального строительства государственной системы здравоохранения города Москвы,"Строительство, Здравоохранение",2024-01-16,2025-08-26T03:39:37.462145+00:00,"Документ регулирует порядок взаимодействия между Департаментом здравоохранения города Москвы и Департаментом строительства города Москвы при реализации объектов капитального строительства системы здравоохранения города Москвы. Включает положения по формированию, утверждению и внесению изменений в документацию, приемке-передаче объектов, мониторингу и устранению недостатков.",Свод правил,Регламент взаимодействия Департамента строительства и Департамента здравоохранения от 28.12.2023.pdf,Регламент Общий порядок взаимодействия Департамента здравоохранения города Москвы и Департамента строительства города Москвы при реализации объектов капитального строительства государственной системы здравоохранения города Москвы,"['документация по приемке-передаче', 'мониторинг реализации объектов', 'земельно-правовые отношения', 'приемка объектов', 'устранение недостатков']","['регламент', 'взаимодействие департаментов', 'капитальное строительство', 'объекты здравоохранения', 'приемка-передача', 'мониторинг', 'гарантийные обязательства']",русский,174,ДС-11-1348/24,5,96.1,0.0,,Регламент взаимодействия Департамента строительства и Департамента здравоохранения от 28.12.2023.pdf,Действующий,49
"Противодымная вентиляция зданий различного назначения (жилые, общественные, производственные, складские, многофункциональные здания и комплексы, подземные и надземные автостоянки)",Пожарная безопасность,2013-01-30,2025-08-26T03:39:41.544843+00:00,"Настоящие методические рекомендации регламентируют порядок расчета основных параметров противодымной вентиляции зданий различного назначения. Разработка ориентирована на нормативные документы по пожарной безопасности и предназначена для сотрудников МЧС России, проектных организаций и предприятий, занимающихся противопожарной защитой зданий и сооружений.",Методические рекомендации,Рекомендации к СП.7.13130.2013 Расчетное определение основных параметров противодымной вентиляции зданий.pdf,Расчетное определение основных параметров противодымной вентиляции зданий. Методические рекомендации к СП 7.13130.2013,"['нормативные документы по пожарной безопасности', 'расчет основных параметров вентиляции', 'проектные решения', 'противодымная вентиляция']","['противодымная вентиляция', 'расчетные параметры', 'противопожарная защита', 'здания различного назначения', 'МЧС России']",русский,1048,7.13130.2013,5,79.0,16.7,Введен впервые,Рекомендации к СП.7.13130.2013 Расчетное определение основных параметров противодымной вентиляции зданий.pdf,Действующий,28
"Технический регламент Евразийского экономического союза ""О требованиях к средствам обеспечения пожарной безопасности и пожаротушения"" (ТР ЕАЭС 043/2017)",Пожарная безопасность,2021-11-29,2025-08-26T03:39:45.965304+00:00,"Решение Коллегии Евразийской экономической комиссии от 29 ноября 2021 года вносит изменения в предыдущие нормативные документы, устанавливающие перечень международных, региональных, межгосударственных и национальных стандартов для добровольного соблюдения требований технического регламента по пожарной безопасности и пожаротушению в рамках Евразийского экономического союза.",Решение ЕЭК,Решение ЕЭК 163 от 29.11.2021 О внесение изменений в решение коллегии ЕЭК №200 от 19.11.2019 года.pdf,Решение Коллегии Евразийской экономической комиссии от 29 ноября 2021 года N 163 О внесении изменений в Решение Коллегии Евразийской экономической комиссии от 19 ноября 2019 г. N 200,"['техническое регулирование', 'стандартизация', 'пожарная безопасность']","['Евразийская экономическая комиссия', 'технический регламент', 'пожарная безопасность', 'стандарты', 'ТР ЕАЭС 043/2017']",русский,2245,163,5,6.0,33.3,,Решение ЕЭК 163 от 29.11.2021 О внесение изменений в решение коллегии ЕЭК №200 от 19.11.2019 года.pdf,Действующий,64
"Перечень продукции, подлежащей представлению документа об оценке соответствия требованиям технического регламента ЕАЭС 043/2017 при подаче таможенной декларации",Пожарная безопасность,2021-12-28,2025-08-26T03:39:51.557909+00:00,"Настоящее решение утверждает перечень продукции, в отношении которой при подаче таможенной декларации требуется представление документа об оценке соответствия с требованиями технического регламента Евразийского экономического союза по средствам обеспечения пожарной безопасности и пожаротушения (ТР ЕАЭС 043/2017). Включает изменения, внесённые решением Коллегии ЕЭК от 28 декабря 2021 года.",Решение ЕЭК,Решение ЕЭК 170 от 08.10.2019 О требованиях к средствам обеспечения пожарной безопасности и АУПТ ТР ЕАЭС 043_2017.pdf,"Решение Коллегии Евразийской экономической комиссии от 8 октября 2019 года N 170 Об утверждении перечня продукции, в отношении которой подача таможенной декларации сопровождается представлением документа об оценке соответствия требованиям технического регламента Евразийского экономического союза ""О требованиях к средствам обеспечения пожарной безопасности и пожаротушения"" (ТР ЕАЭС 043/2017) с изменениями на 28 декабря 2021 года","['технические регламенты ЕАЭС', 'товары и продукция', 'оценка соответствия', 'пожарная безопасность', 'таможенное регулирование']","['оценка соответствия', 'таможенная декларация', 'технический регламент', 'пожарная безопасность', 'пожаротушение', 'Евразийский экономический союз', 'ТР ЕАЭС 043/2017']",русский,1995,170,5,0.0,0.0,с изменениями на 28 декабря 2021 года,Решение ЕЭК 170 от 08.10.2019 О требованиях к средствам обеспечения пожарной безопасности и АУПТ ТР ЕАЭС 043_2017.pdf,Действующий,17
Безопасность продукции для гражданской обороны и защиты от чрезвычайных ситуаций природного и техногенного характера в Евразийском экономическом союзе,Безопасность продукции,2022-02,2025-08-26T03:39:56.263522+00:00,"Документ устанавливает переходные положения технического регламента Евразийского экономического союза по безопасности продукции, предназначенной для гражданской обороны и защиты от чрезвычайных ситуаций природного и техногенного характера. В нем изложены правила оценки соответствия продукции, сроки действия документов об оценке, а также особенности производства, выпуска и обращения продукции на таможенной территории Союза.",Решение ЕЭК,Решение ЕЭК 18 от 01.02.2022 Переходные положенеия ТР ЕАЭС 050_2021.pdf,О переходных положениях технического регламента Евразийского экономического союза о безопасности продукции предназначенной для гражданской обороны и защиты от чрезвычайных ситуаций природного и техногенного характера (ТР ЕАЭС 050/2021),"['оценка соответствия продукции', 'переходные положения', 'маркировка продукции', 'производство и обращение продукции', 'сроки действия документов']","['технический регламент', 'безопасность продукции', 'гражданская оборона', 'чрезвычайные ситуации', 'оценка соответствия', 'маркировка', 'Евразийский экономический союз']",русский,1439,ТР ЕАЭС 050/2021,3,33.3,0.0,Введен впервые,Решение ЕЭК 18 от 01.02.2022 Переходные положенеия ТР ЕАЭС 050_2021.pdf,Действующий,3
Средства обеспечения пожарной безопасности и пожаротушения в Евразийском экономическом союзе,Пожарная безопасность,2019-11-19,2025-08-26T03:40:01.957838+00:00,"Документ утверждает перечень международных, региональных и национальных стандартов, которые обеспечивают соблюдение требований технического регламента Евразийского экономического союза по средствам обеспечения пожарной безопасности и пожаротушения. Также включает стандарты с методами испытаний и измерений, необходимыми для применения и оценки соответствия объекта регулирования.",Решение ЕЭК,Решение ЕЭК 200 от 19.11.2019 О требованиях к средствам обеспечения пожарной безопасности и АУПТ ТР ЕАЭС 043_2017.pdf,"Решение Коллегии Евразийской экономической комиссии от 19 ноября 2019 года N 200 О перечне международных и региональных стандартов, а в случае их отсутствия - национальных стандартов, в результате применения которых на добровольной основе обеспечивается соблюдение требований технического регламента Евразийского экономического союза ""О требованиях к средствам обеспечения пожарной безопасности и пожаротушения"" (ТР ЕАЭС 043/2017), и перечне международных и региональных стандартов, а в случае их отсутствия - национальных стандартов, содержащих правила и методы исследований и измерений, необходимые для применения и исполнения требований технического регламента ЕАЭС ТР ЕАЭС 043/2017 и осуществления оценки соответствия объектов технического регулирования","['стандартизация', 'технический регламент', 'пожарная безопасность', 'оценка соответствия']","['технический регламент', 'требования пожарной безопасности', 'средства пожаротушения', 'международные стандарты', 'национальные стандарты', 'оценка соответствия']",русский,2994,200,5,34.7,40.5,,Решение ЕЭК 200 от 19.11.2019 О требованиях к средствам обеспечения пожарной безопасности и АУПТ ТР ЕАЭС 043_2017.pdf,Действующий,58
"проектирование, монтаж и приемка в эксплуатацию охранно-защитных дератизационных систем (ОЗДС) на территории г. Москвы",Пожарная безопасность,2000-05-16,2025-08-26T03:40:06.755743+00:00,"Инструкция регулирует проектирование, монтаж и приемку в эксплуатацию охранно-защитных дератизационных систем (ОЗДС), направленных на защиту от грызунов различных объектов на территории города Москвы. Документ основан на принципе воздействия высоковольтными импульсами электрического тока, обеспечивая экологически безопасное и эффективное снижение численности грызунов без их уничтожения.",Инструкции,"РМ-2776 Инструкция по проектированию, монтажу и приемке в эксплуатацию охранно-защитных дератизационных систем (ОЗДС).pdf","РМ-2776 Инструкция по проектированию, монтажу и приемке в эксплуатацию охранно-защитных дератизационных систем (ОЗДС)","['конструкция и монтаж ОЗДС', 'экологическая безопасность', 'эпидемиологическая защита', 'принцип работы высоковольтных импульсов', 'нормативы Москомархитектуры']","['охранно-защитные дератизационные системы', 'ОЗДС', 'грызуны', 'защита от грызунов', 'проектирование', 'монтаж', 'приемка в эксплуатацию', 'Москва']",русский,392,2776,5,88.9,0.0,Введена впервые,"РМ-2776 Инструкция по проектированию, монтажу и приемке в эксплуатацию охранно-защитных дератизационных систем (ОЗДС).pdf",Действующий,14
"Перечень национальных стандартов, содержащих правила и методы исследований (испытаний) и измерений, необходимые для применения и исполнения Федерального закона Технический регламент о требованиях и пожарной безопасности и осуществления оценки соответствия",Пожарная безопасность,2022-04-26,2025-08-26T03:40:15.031524+00:00,"Данный документ представляет распоряжение Правительства РФ от 10 марта 2009 года N 304-р, утверждающее перечень национальных стандартов, которые содержат правила и методы исследований (испытаний) и измерений, включая правила отбора образцов. Документ обновлён с изменениями по состоянию на 26 апреля 2022 года и направлен на обеспечение исполнения Федерального закона о техническом регулировании и техническом регламенте о требованиях пожарной безопасности.",Распоряжение Правительства РФ,РП РФ 304-р от 10.03.2009 (изм. на 26.04.2022) Об утверждении Перечня национальных стандартов для применения и исполнения ФЗ-123.pdf,"Распоряжение Правительства Российской Федерации от 10 марта 2009 года N 304-р Об утверждении Перечня национальных стандартов, содержащих правила и методы исследований (испытаний) и измерений, в том числе правила отбора образцов, необходимые для применения и исполнения Федерального закона Технический регламент о требованиях и пожарной безопасности и осуществления оценки соответствия, с изменениями на 26 апреля 2022 года","['Регулирование стандартов', 'Испытания и исследования', 'Оценка соответствия']","['Технический регламент', 'Пожарная безопасность', 'Национальные стандарты', 'Методы испытаний', 'Правила отбора образцов']",Русский,3144,304-р,5,7.1,0.0,,РП РФ 304-р от 10.03.2009 (изм. на 26.04.2022) Об утверждении Перечня национальных стандартов для применения и исполнения ФЗ-123.pdf,Действующий,13
"Размещение, строительство и реконструкция кинотеатров и других кинофицированных общественных зданий",Кинотехнология,1994-06-22,2025-08-26T03:40:20.565178+00:00,"Документ определяет основные тенденции развития киносети, параметры кинопроекции и требования к кинотехнологическому оборудованию для обеспечения высокого технического качества демонстрирования кинофильмов. Рекомендует требования к проектированию, оборудованию и эксплуатации кинотеатров различных типов и вместимости.",Руководящий технический материал,РТМ 19-77-94 Развитие и техническое оснащение киносети.pdf,РТМ 19-77-94 Развитие и техническое оснащение киносети,"['Размещение и строительство кинотеатров', 'Требования к кинотехнологическому оборудованию', 'Показ широкоформатных и 16-мм фильмов', 'Техническое оснащение киносети']","['кинотеатры', 'киносеть', 'кинопроекция', 'кинооборудование', 'проектирование', 'реконструкция', 'широкоформатные фильмы', 'двухформатная аппаратура', 'кинозрелища']",Русский,281,19-77-94,5,92.1,12.8,Взамен РТМ 19-77-77,РТМ 19-77-94 Развитие и техническое оснащение киносети.pdf,Действующий,43
Обеспечение безопасности и безвредности факторов среды обитания для человека,Гигиена и санитария,2022-12-30,2025-08-26T03:40:25.738031+00:00,"Данное постановление утверждает санитарные правила и нормы СанПиН 1.2.3685-21, устанавливающие гигиенические нормативы и требования к обеспечению безопасности и безвредности для человека факторов среды обитания. Документ вводится в действие с 1 марта 2021 года и действителен до 1 марта 2027 года. Он отменяет ряд предыдущих постановлений и норм, связанных с гигиеническими нормативами.",Постановление Правительства РФ,СанПин 1.2.3685-21_Гигиенические нормативы и требования к обеспечению безопасности и (или) безвредности для человека факторов среды обитания.pdf,Постановление 28.01.2021 N 2 Санитарных правил норм СанПиН 1.2.3685-21 Гигиенические нормативы требований к обеспечению безопасности и безвредности для человека факторов среды обитания,"['санитарно-эпидемиологическое нормирование', 'гигиенические требования', 'факторы среды обитания', 'санитарное законодательство']","['санитарные правила', 'гигиенические нормативы', 'безопасность среды обитания', 'безвредность факторов среды', 'СанПиН']",русский,1108,1.2.3685-21,5,33.4,17.8,в ред. Постановления Главного государственного санитарного врача РФ от 30.12.2022 N 24,СанПин 1.2.3685-21_Гигиенические нормативы и требования к обеспечению безопасности и (или) безвредности для человека факторов среды обитания.pdf,Действующий,983
"Содержание территорий городских и сельских поселений, водные объекты, питьевая вода и водоснабжение, атмосферный воздух, почвы, жилые и производственные помещения, санитарно-противоэпидемические мероприятия",Санитарные нормы и правила,2021-01-28,2025-08-26T03:40:32.142122+00:00,"Документ утверждает санитарные правила и нормы СанПиН 2.1.3684-21, регулирующие санитарно-эпидемиологические требования к содержанию территорий городских и сельских поселений, к водным объектам, питьевой воде и водоснабжению, атмосферному воздуху, почвам, жилым и производственным помещениям, а также организации санитарно-противоэпидемических мероприятий.",Постановление Правительства РФ,"СанПиН 2.1.3684-21 Требования к содержанию территорий, к водным объектам, питьевой воде и питьевому водоснабжению.pdf","Постановление Главного государственного санитарного врача Российской Федерации от 28.01.2021 N 3 Об утверждении санитарных правил и норм СанПиН 2.1.3684-21 ""Санитарно-эпидемиологические требования к содержанию территорий городских и сельских поселений, к водным объектам, питьевой воде и питьевому водоснабжению, атмосферному воздуху, почвам, жилым помещениям, эксплуатации производственных, общественных помещений, организации и проведению санитарно-противоэпидемических (профилактических) мероприятий""","['санитарно-эпидемиологическая безопасность', 'общественное здоровье', 'водоснабжение', 'экология', 'градостроительство']","['санитарные правила', 'санитарно-эпидемиологические требования', 'территории городских и сельских поселений', 'водные объекты', 'питьевая вода', 'водоснабжение', 'атмосферный воздух', 'почвы', 'жилые помещения', 'производственные помещения', 'санитарно-противоэпидемические мероприятия']",русский,221,3,5,34.6,13.6,Введен впервые,"СанПиН 2.1.3684-21 Требования к содержанию территорий, к водным объектам, питьевой воде и питьевому водоснабжению.pdf",Действующий,63
,Санитарная охрана почвы,2004-01-01,2025-08-26T03:40:36.400474+00:00,Документ устанавливает гигиенические требования к размещению и обезвреживанию отходов производства и потребления с целью санитарной охраны почв. Включает правила и нормативы проектирования водоснабжения и санитарно-эпидемиологический надзор.,СанПин,СанПиН 2.1.7.1322-03_Гигиенические требования к размещению и обезвреживанию отходов производства и потребления.pdf,СанПиН 2.1.7.1322—03 Гигиенические требования к размещению и обезвреживанию отходов производства и потребления. Санитарно-эпидемиологические правила и нормативы,"['гигиенические требования', 'размещение отходов', 'обезвреживание отходов', 'санитарно-эпидемиологические правила', 'проектирование водоснабжения']","['почва', 'очистка населенных мест', 'бытовые отходы', 'промышленные отходы', 'санитарная охрана почвы', 'гигиенические требования', 'обезвреживание отходов', 'СанПиН']",русский,310,2.1.7.1322—03,5,93.2,9.9,,СанПиН 2.1.7.1322-03_Гигиенические требования к размещению и обезвреживанию отходов производства и потребления.pdf,Действующий,16
,Пожарная безопасность,2003-04-10,2025-08-26T03:40:41.065209+00:00,"Документ устанавливает санитарно-эпидемиологические правила и нормативы, регулирующие проектирование, строительство, реконструкцию и эксплуатацию предприятий, а также планировку и застройку населённых мест с учётом санитарно-защитных зон и санитарной классификации предприятий и сооружений. Утверждены и введены в действие главным государственным санитарным врачом России 10 апреля 2003 года.",СанПин,"СанПиН 2.2.1_Санитарно-защитиые зоны и санитарная классификация предприятий, сооружений и иных объектов.pdf","СанПиН 2.2.1/2.1.1.1200-03 Санитарно-защитные зоны и санитарная классификация предприятий, сооружений и иных объектов. Санитарно-эпидемиологические правила и нормативы","['санитарно-эпидемиологическое нормирование', 'проектирование предприятий', 'строительство предприятий', 'реконструкция предприятий', 'санитарная классификация', 'санитарно-защитные зоны']","['санитарно-эпидемиологические правила', 'санитарно-защитные зоны', 'санитарная классификация', 'предприятия', 'сооружения', 'нормативы']",Русский,621,2.2.1/2.1.1.1200-03,5,63.3,18.8,Введены взамен СанПиН 2.2.1/2.1.1.1031—01,"СанПиН 2.2.1_Санитарно-защитиые зоны и санитарная классификация предприятий, сооружений и иных объектов.pdf",Действующий,53
Гигиенические требования к срокам годности и условиям хранения пищевых продуктов,Продовольственное сырье и пищевые продукты,2004-01-01,2025-08-26T03:40:48.739522+00:00,"Документ содержит санитарно-эпидемиологические правила и нормативы, устанавливающие гигиенические требования к срокам годности и условиям хранения пищевых продуктов, утверждённый Главным государственным санитарным врачом Российской Федерации в 2003 году и введённый в действие в 2003 году. Включает требования для обеспечения безопасности пищевых продуктов в России.",СанПин,СанПиН 2.3.2.1324-03_Гигиенические требования к срокам годности и условиям хранения пищевых продуктов.pdf,СанПиН 2.3.2.1324—03 Гигиенические требования к срокам годности и условиям хранения пищевых продуктов. Санитарно-эпидемиологические правила и нормативы,"['санитарное нормирование', 'гигиена пищевых продуктов', 'безопасность пищевых продуктов']","['гигиенические требования', 'сроки годности', 'условия хранения', 'пищевые продукты', 'санитарно-эпидемиологические правила', 'нормативы']",русский,349,2.3.2.1324—03,5,81.0,3.7,Введены взамен СанПиН 42—123—4117—86,СанПиН 2.3.2.1324-03_Гигиенические требования к срокам годности и условиям хранения пищевых продуктов.pdf,Действующий,21
Организация общественного питания населения,Санитарно-эпидемиологические требования,2020-10-27,2025-08-26T03:40:52.869623+00:00,"Постановление утверждает санитарно-эпидемиологические правила и нормы СанПиН 2.3/2.4.3590-20, которые регламентируют санитарно-эпидемиологические требования к организации общественного питания населения. Документ устанавливает срок действия правил до 1 января 2027 года и отменяет ряд предыдущих постановлений.",Постановление Правительства РФ,СанПиН 2.32.4.3590-20 Санитарно-эпидемиологические требования к организации общественного питания населения.pdf,Постановление Главного государственного санитарного врача Российской Федерации от 27 октября 2020 года N 32 Об утверждении санитарно-эпидемиологических правил и норм СанПиН 2.3/2.4.3590-20 Санитарно-эпидемиологические требования к организации общественного питания населения,"['санитарно-эпидемиологическое нормирование', 'санитарные правила', 'общественное питание']","['СанПиН 2.3/2.4.3590-20', 'санитарно-эпидемиологические правила', 'общественное питание', 'санитарно-эпидемиологические требования']",Русский,358,32,5,95.3,9.1,,СанПиН 2.32.4.3590-20 Санитарно-эпидемиологические требования к организации общественного питания населения.pdf,Действующий,35
Профилактика инфекционных болезней,Пожарная безопасность,2021-01-28,2025-08-26T03:40:58.584949+00:00,"Данное постановление утверждает санитарные правила и нормы СанПиН 3.3686-21, содержащие санитарно-эпидемиологические требования по профилактике инфекционных болезней. В документе установлены сроки действия правил и норм, а также признание утратой силы прежних нормативных актов.",Постановление Правительства РФ,СанПиН 3.3686-21 Санитарно-эпидемиологические требования по профилактике инфекционных болезней.pdf,"Постановление Главного государственного санитарного врача Российской Федерации от 28 января 2021 года N 4 Об утверждении санитарных правил и норм СанПиН 3.3686-21 ""Санитарно-эпидемиологические требования по профилактике инфекционных болезней""","['санитарно-эпидемиологические нормы', 'профилактика инфекционных заболеваний', 'санитарный контроль']","['санитарные правила', 'СанПиН 3.3686-21', 'профилактика инфекционных болезней', 'санитарно-эпидемиологические требования']",русский,3720,4,5,33.1,6.1,Введен впервые,СанПиН 3.3686-21 Санитарно-эпидемиологические требования по профилактике инфекционных болезней.pdf,Действующий,646
Производственные помещения,Физические факторы производственной среды,2001-01-01,2025-08-26T03:41:04.665664+00:00,"Документ содержит санитарные правила и нормы, устанавливающие гигиенические требования к микроклимату производственных помещений для обеспечения безопасных и благоприятных условий труда и предотвращения неблагоприятного влияния микроклимата на здоровье работников.",СанПин,СапПиН 2.2.4.548-96_Гигиенические требования к микроклимату производственных помещений.pdf,СанПиН 2.2.4.548-96 Гигиенические требования к микроклимату производственных помещений,"['гигиенические требования к микроклимату', 'контроль микроклимата', 'измерение микроклимата', 'нормативные показатели микроклимата']","['гигиенические требования', 'микроклимат', 'производственные помещения', 'санитарные правила', 'микроклимат рабочих мест']",русский,306,2.2.4.548-96,5,91.2,1.6,Введен впервые,СапПиН 2.2.4.548-96_Гигиенические требования к микроклимату производственных помещений.pdf,Действующий,20
"Требования пожарной безопасности к эвакуационным путям, эвакуационным и аварийным выходам из помещений, зданий и сооружений, а также к эвакуационным путям для наружных технологических установок при проектировании, изменении функционального назначения, реконструкции, капитальном ремонте и техническом перевооружении",Пожарная безопасность,2020-09-19,2025-08-26T03:41:09.435624+00:00,"Данный свод правил устанавливает требования пожарной безопасности к эвакуационным путям, эвакуационным и аварийным выходам из зданий и сооружений, а также к эвакуационным путям для наружных технологических установок. Документ применяется при проектировании, изменении функционального назначения и проведении работ по реконструкции и ремонту объектов.",Свод правил,СП 1.13130.2020_Системы противопожарной защиты Эвакуационные пути и выходы.pdf,Свод правил СП 1.13130.2020 Системы противопожарной защиты. Эвакуационные пути и выходы,"['требования пожарной безопасности', 'эвакуационные пути и выходы', 'строительные нормы и правила']","['пожарная безопасность', 'эвакуационные пути', 'эвакуационные выходы', 'аварийные выходы', 'строительные конструкции', 'противопожарная защита']",русский,300,1.13130.2020,5,93.3,0.0,Введен впервые,СП 1.13130.2020_Системы противопожарной защиты Эвакуационные пути и выходы.pdf,Действующий,49
Проектирование внутреннего противопожарного водопровода,Системы противопожарной защиты,2021-01-27,2025-08-26T03:41:13.137894+00:00,"Свод правил устанавливает требования и нормы к проектированию внутреннего противопожарного водопровода. Применяется к вновь проектируемому и реконструируемому водопроводу, с исключениями для специальных объектов и условий.",Свод правил,СП 10.13130.2020 Системы противопожарной защиты. Внутренний противопожарный водопровод. Нормы и правила проектирования.pdf,Сп 10.13130.2020 Системы противопожарной защиты. Внутренний противопожарный водопровод. Нормы и правила проектирования,"['требования к проектированию', 'нормы внутреннего противопожарного водопровода', 'область применения', 'исключения из применения']","['внутренний противопожарный водопровод', 'нормы проектирования', 'системы противопожарной защиты', 'проектирование']",русский,209,10.13130.2020,5,95.7,5.5,Введен впервые,СП 10.13130.2020 Системы противопожарной защиты. Внутренний противопожарный водопровод. Нормы и правила проектирования.pdf,Действующий,35
Туннели гидротехнические,Гидротехнические сооружения,2013-01-01,2025-08-26T03:41:17.816059+00:00,"Актуализированная редакция свода правил СНиП 2.06.09-84, утвержденная Министерством регионального развития Российской Федерации и введенная в действие с 1 января 2013 года. Документ регламентирует требования к проектированию, строительству и расчету гидротехнических туннелей, включая конструкционные материалы, нагрузки, дренаж и цементацию.",Свод правил,СП 102.13330.2012_Туннели гидротехнические.pdf,Свод правил СП 102.13330.2012 Туннели гидротехнические,"['трасса туннеля', 'конструкция туннелей', 'материалы конструкций', 'механическое оборудование', 'нагрузки и воздействия', 'расчет обделок']","['туннели', 'гидротехнические сооружения', 'строительство', 'проектирование', 'расчет обделок', 'дренаж']",русский,285,102.13330.2012,5,96.5,1.5,Актуализированная редакция СНиП 2.06.09-84,СП 102.13330.2012_Туннели гидротехнические.pdf,Действующий,52
"Проектирование систем, объектов и сооружений инженерной защиты от затопления и подтопления территорий населенных пунктов, промышленных, транспортных, энергетических, общественно-деловых и коммунально-бытовых объектов, месторождений полезных ископаемых и горных выработок, сельскохозяйственных и лесных угодий, природных ландшафтов.",Инженерная защита территории,2020-12-23,2025-08-26T03:41:23.286926+00:00,"Свод правил для проектирования инженерной защиты территорий от затопления и подтопления, разработан с учетом требований федеральных законов и технических регламентов безопасности зданий и сооружений. Документ включает актуализированную редакцию СНиП 2.06.15-85 с изменениями, утвержденными Министерством строительства Российской Федерации.",Свод правил,"СП 104.13330.2016_Инженерная защита территории от затопления и подтопления (изм 1, 2).pdf",Свод правил Инженерная защита территории от затопления и подтопления Актуализированная редакция СНиП 2.06.15-85,"['техническое регулирование', 'строительство', 'системы инженерной защиты', 'сейсмические районы']","['инженерная защита', 'затопление', 'подтопление', 'проектирование', 'территории']",Русский,418,104.13330.2016,5,94.3,1.0,Изменение N 1,"СП 104.13330.2016_Инженерная защита территории от затопления и подтопления (изм 1, 2).pdf",Действующий,51
Проектирование зданий и помещений для хранения и переработки сельскохозяйственной продукции,Архитектура,2016-08-18,2025-08-26T03:41:27.920152+00:00,"Данный свод правил устанавливает требования для проектирования зданий и помещений, предназначенных для хранения и переработки сельскохозяйственной продукции. Включает актуализированную редакцию СНиП 2.10.02-84 с учётом современных нормативных требований и международных стандартов.",Свод правил,СП 105.13330.2012 Здания и помещения для хранения и переработки сельскохозяйственной продукции.pdf,СП 105.13330.2012 Здания и помещения для хранения и переработки сельскохозяйственной продукции Актуализированная редакция СНиП 2.10.02-84,"['строительство зданий', 'хранение сельскохозяйственной продукции', 'переработка сельскохозяйственной продукции', 'технические регламенты', 'проектирование']","['свод правил', 'здания', 'помещения', 'хранение сельскохозяйственной продукции', 'переработка сельскохозяйственной продукции', 'проектирование', 'СНиП 2.10.02-84', 'техрегламент', 'безопасность зданий', 'противопожарная защита']",Русский,281,105.13330.2012,5,94.4,5.7,Изменение N 1,СП 105.13330.2012 Здания и помещения для хранения и переработки сельскохозяйственной продукции.pdf,Действующий,19
"Проектирование новых, реконструируемых животноводческих, птицеводческих и звероводческих зданий",Животноводство,2022-12-21,2025-08-26T03:41:32.428900+00:00,"Настоящий свод правил устанавливает требования для проектирования новых и реконструируемых животноводческих, птицеводческих и звероводческих зданий и помещений. Документ актуализирован и включает изменения, утвержденные приказами Минстроя России в 2016 и 2022 годах. Он разработан с учетом требований технических регламентов о безопасности зданий и пожарной безопасности.",Свод правил,"СП 106.13330.2012 Животноводческие, птицеводческие и звероводческие здания и помещения.pdf","Свод правил Животноводческие, птицеводческие и звероводческие здания и помещения","['проектирование', 'технический регламент', 'безопасность зданий', 'пожарная безопасность', 'изменения в своде правил']","['животноводческие здания', 'птицеводческие здания', 'звероводческие здания', 'проектирование зданий', 'технический регламент', 'безопасность зданий', 'пожарная безопасность']",русский,295,106.13330.2012,5,90.7,2.9,Изменения N 2,"СП 106.13330.2012 Животноводческие, птицеводческие и звероводческие здания и помещения.pdf",Действующий,33
"Проектирование новых и реконструкция теплиц и парников всех типов и назначений, включая круглогодичные, сезонные, овощные и рассадные теплицы и парники, предназначенные для овощей, рассады, селекционных и репродукционных теплиц, цветочных теплиц и других объектов закрытого грунта.",Архитектура,2024-05-02,2025-08-26T03:41:37.283493+00:00,"Настоящий свод правил устанавливает требования к проектированию теплиц и парников в соответствии с Федеральными законами о техническом регулировании и пожарной безопасности, учитывает международные и европейские нормативные документы и применяет единые методы оценки эксплуатационных характеристик. Документ предназначен для проектирования новых, а также реконструкции теплиц и парников различных типов и назначений.",Свод правил,"СП 107.13330.2012_Теплицы и парники (изм 1, 2, 3).pdf",Свод правил Теплицы и парники Актуализированная редакция СНиП 2.10.04-85 Greenhouses and hotbeds СП 107.13330.2012,"['проектирование теплиц', 'реконструкция теплиц', 'технические регламенты', 'эксплуатационные характеристики', 'пожарная безопасность']","['теплицы', 'парники', 'проектирование', 'реконструкция', 'закрытый грунт', 'технический регламент', 'безопасность зданий', 'пожарная безопасность']",Русский,346,107.13330.2012,5,92.5,0.0,"Изменения N 3, утв. Приказом Минстроя России от 02.05.2024 N 298/пр","СП 107.13330.2012_Теплицы и парники (изм 1, 2, 3).pdf",Действующий,40
"Предприятия, здания и сооружения по хранению и переработке зерна",Хранение и переработка зерна,2022-12-23,2025-08-26T03:41:41.350280+00:00,"Свод правил устанавливает требования к предприятиям, зданиям и сооружениям по хранению и переработке зерна. Документ включает требования технических регламентов по безопасности зданий и сооружений, противопожарной безопасности, а также учитывает международные и европейские стандарты. Содержит изменяющие документы, последний из которых утвержден в 2022 году.",Свод правил,"СП 108.13330.2012  Предприятия, здания и сооружения по хранению и переработке зерна.pdf","Свод правил Предприятия, здания и сооружения по хранению и переработке зерна Актуализированная редакция СНиП 2.10.05-85","['требования к зданиям', 'технические регламенты', 'противопожарные требования', 'обновления и изменения']","['хранение зерна', 'переработка зерна', 'технический регламент', 'безопасность зданий', 'противопожарная безопасность']",Русский,287,108.13330.2012,5,89.0,1.6,Изменения N 4,"СП 108.13330.2012  Предприятия, здания и сооружения по хранению и переработке зерна.pdf",Действующий,80
"Проектирование зданий холодильников (охлаждаемых складов) и помещений для охлаждения, замораживания и хранения пищевых продуктов",Холодильники,2020-11-23,2025-08-26T03:41:46.385093+00:00,"Данный свод правил является актуализированной редакцией СНиП 2.11.02-87 и распространяется на проектирование зданий холодильников и помещений для охлаждения, замораживания и хранения пищевых продуктов. Включает требования для камер, транспортных коридоров, грузовых платформ и других подсобных помещений. Исключает технологические цехи компрессорных отделений и другие хозяйственные помещения холодильного предприятия. Актуализация выполнена на основании Федерального закона о безопасности зданий и сооружений, с учетом изменений, утвержденных приказами Минстроя России.",Свод правил,"СП 109.13330.2012_Холодильники (изм 1, 2, 3).pdf",Свод правил Холодильники Актуализированная редакция СНиП 2.11.02-87,"['Проектирование зданий холодильников', 'Охлаждение и замораживание', 'Нормативные требования безопасности', 'Технический регламент о безопасности зданий и сооружений']","['Свод правил', 'Холодильники', 'СНиП 2.11.02-87', 'Проектирование', 'Охлаждение', 'Хранение пищевых продуктов', 'Минстрой России', 'Актуализация']",Русский,270,109.13330.2012,5,93.7,1.9,Изм. 3,"СП 109.13330.2012_Холодильники (изм 1, 2, 3).pdf",Действующий,59
"Проектирование зданий, сооружений, площадок и помещений для стоянки автомобилей, микроавтобусов, мототранспортных и велотранспортных средств, а также средств индивидуальной мобильности в городских и муниципальных округах, поселениях и населенных пунктах",Пожарная безопасность,2025-02-28,2025-08-26T03:41:51.385487+00:00,"Настоящий свод правил содержит требования к проектированию стоянок автомобилей и других транспортных средств с учетом требований технического регламента о безопасности зданий и сооружений, энергосбережении и пожарной безопасности. Документ является пересмотром и заменяет СП 113.13330.2016. Включает изменения № 1 и № 2, утвержденные и введённые в действие приказами Минстроя России.",Свод правил,"СП 113.13330.2023 Стоянки автомобилей (с изм. № 1,2) (изм. на 27.12.2024).pdf","СП 113.13330.2023 Стоянки автомобилей СНиП 21-02-99* (с Изменением № 1, 2)","['Требования к проектированию стоянок', 'Технические регламенты', 'Энергосбережение и эффективность', 'Пожарная безопасность', 'Законы и нормативные акты']","['Стоянки автомобилей', 'Проектирование', 'Безопасность зданий и сооружений', 'Энергосбережение', 'Пожарная безопасность', 'Изменения']",русский,331,113.13330.2023,5,94.0,24.5,"Изм.1, Изм.2","СП 113.13330.2023 Стоянки автомобилей (с изм. № 1,2) (изм. на 27.12.2024).pdf",Действующий,40
Проектирование общественных зданий и сооружений,Общественные здания и сооружения,2025-02-28,2025-08-26T03:41:55.391395+00:00,"СП 118.13330.2022 устанавливает требования и нормы к проектированию общественных зданий и сооружений. Включает изменения № 1-5, утвержденные Министерством строительства и жилищно-коммунального хозяйства Российской Федерации, с учетом требований федеральных законов о техническом регулировании, энергосбережении и пожарной безопасности.",Свод правил,СП 118.13330.2022 Общественные здания и сооружения (с изм. №1-5).pdf,СП 118.13330.2022 Общественные здания и сооружения СНиП 31-06-2009 (с Изменениями № 1-5),"['требования к проектированию', 'технический регламент', 'энергосбережение', 'пожарная безопасность']","['общественные здания', 'проектирование', 'строительство', 'технический регламент', 'энергосбережение', 'пожарная безопасность']",русский,234,118.13330.2022,5,95.3,11.9,Изм. 1-5,СП 118.13330.2022 Общественные здания и сооружения (с изм. №1-5).pdf,Действующий,51
"Проектирование, строительство новых железнодорожных линий, дополнительных главных путей, реконструкция и капитальный ремонт путей общего пользования колеи 1520 мм",Железные дороги,2019-12-24,2025-08-26T03:41:59.865154+00:00,"Настоящий свод правил распространяется на проектирование, строительство и реконструкцию железнодорожных линий и путей колеи 1520 мм, предназначенных для движения поездов с различными типами нагрузок и скоростей. Документ реализует требования Федерального закона о техническом регулировании безопасности зданий и сооружений и включает обновления, утвержденные в 2019 году.",Свод правил,СП 119.13330.2017_Железные дороги колеи 1520 мм (с изменением 1).pdf,Свод правил Железные дороги колеи 1520 мм. Сп 119.13330.2017,"['проектирование железных дорог', 'строительство железнодорожных путей', 'нагрузки на железнодорожные пути', 'технические требования к железнодорожным путям']","['железные дороги', 'колея 1520 мм', 'проектирование', 'строительство', 'реконструкция', 'технический регламент', 'нагрузка на рельсы', 'скорость движения поездов']",Русский,326,119.13330.2017,5,94.4,0.0,Изменение N 1,СП 119.13330.2017_Железные дороги колеи 1520 мм (с изменением 1).pdf,Действующий,69
"Методы определения классификационных признаков отнесения зданий, помещений и наружных установок производственного и складского назначения к категориям по взрывопожарной и пожарной опасности",Пожарная безопасность,2010-12-09,2025-08-26T03:42:04.559369+00:00,"Настоящий свод правил устанавливает методы классификации зданий, помещений и наружных установок по взрывопожарной и пожарной опасности для применения требований пожарной безопасности. Не распространяется на здания и наружные установки для производства и хранения взрывчатых веществ, проектируемые по специальным нормам.",Свод правил,"СП 12.13130.2009_Определение категорий помещений, зданий и наружных установок по взрывопожарной и пожарной опасности (с изменением 1).pdf","Свод правил Определение категорий помещений, зданий и наружных установок по взрывопожарной и пожарной опасности","['методы определения категорий', 'пожарная безопасность', 'взрывопожарная безопасность']","['классификация зданий', 'взрывопожарная опасность', 'пожарная опасность', 'пожарная безопасность', 'наружные установки']",Русский,318,12.13130.2009,5,91.7,1.2,Изм. 1,"СП 12.13130.2009_Определение категорий помещений, зданий и наружных установок по взрывопожарной и пожарной опасности (с изменением 1).pdf",Действующий,55
"Проектирование, строительство и приемка в эксплуатацию новых и реконструируемых линий, объектов и устройств метрополитена",Метрополитены,2019-12-24,2025-08-26T03:42:10.699509+00:00,"Актуализированная редакция СНиП 32-02-2003 для метрополитенов. Содержит требования по проектированию, строительству и приемке в эксплуатацию новых и реконструируемых линий, объектов и устройств метрополитена. Направлен на повышение безопасности пассажиров, эксплуатационной надежности и сохранности материальных ценностей.",Свод правил,"СП 120.13330.2012_Метрополитены (с изменениями 1, 2).pdf",Сп 120.13330.2012. Свод правил. Метрополитены. Актуализированная редакция СНиП 32-02-2003,"['Актуализация СНиП 32-02-2003', 'Проектирование метрополитенов', 'Строительство метрополитенов', 'Требования безопасности', 'Эксплуатация метрополитенов']","['Метрополитены', 'Свод правил', 'Актуализация', 'СНиП 32-02-2003', 'Проектирование', 'Строительство', 'Безопасность', 'Эксплуатационная надежность']",русский,343,120.13330.2012,5,93.8,8.4,"Изменение N 4, утв. Приказом Минстроя России от 24.12.2019 N 863/пр","СП 120.13330.2012_Метрополитены (с изменениями 1, 2).pdf",Действующий,358
Требования к проектированию и реконструкции сооружений аэродромов и вертодромов,Аэродромы,2024-10-16,2025-08-26T03:42:14.659935+00:00,"Настоящий свод правил устанавливает требования к проектированию и реконструкции сооружений аэродромов и вертодромов. Документ разработан с учетом федеральных законов по техническому регулированию, безопасности зданий и противопожарной защиты, а также международных и европейских норм.",Свод правил,"СП 121.13330.2019_Аэродромы (с изменениями 1, 2) (2).pdf",Свод правил 121.13330.2019 Аэродромы,"['требования к проектированию аэродромов', 'технические регламенты', 'безопасность зданий и сооружений', 'противопожарная защита']","['аэродромы', 'вертодромы', 'проектирование', 'реконструкция', 'техническое регулирование', 'пожарная безопасность']",русский,317,121.13330.2019,5,88.8,4.0,Изменения N 2,"СП 121.13330.2019_Аэродромы (с изменениями 1, 2) (2).pdf",Действующий,189
"Проектирование, строительство и приёмка в эксплуатацию новых и реконструкцию существующих железнодорожных и автодорожных тоннелей, включая городские транспортные тоннели и короткие тоннели типа путепроводов. Не распространяется на тоннели высокоскоростных железнодорожных линий и скоростных автомагистралей.",Тоннели,2020-12-30,2025-08-26T03:42:20.112116+00:00,"Свод правил определяет системотехнику принятия технических решений для обеспечения комплексной безопасности тоннельных переходов на путях сообщения, повышая надежность и эффективность тоннельных сооружений в соответствии с техническими регламентами безопасности зданий, сооружений, пожарной безопасности и безопасности транспортной инфраструктуры Таможенного союза.",Свод правил,СП 122.13330.2012_Тоннели железнодорожные и автодорожные (с изменением 1) (2).pdf,Свод правил Тоннели железнодорожные и автомобильные. Активлизированная редакция СНиП 32-04-97,"['технические решения безопасности', 'повышение надежности', 'требования пожарной безопасности', 'технические регламенты', 'системотехника']","['тоннели', 'железнодорожные тоннели', 'автодорожные тоннели', 'комплексная безопасность', 'проектирование', 'строительство', 'эксплуатация']",русский,301,122.13330.2012,5,94.4,0.0,"Изменения N 2, утв. Приказом Минстроя России от 30.12.2020 N 911/пр",СП 122.13330.2012_Тоннели железнодорожные и автодорожные (с изменением 1) (2).pdf,Действующий,202
"Проектирование подземных хранилищ газа, нефти и продуктов их переработки, сооружаемых в каменной соли и других горных породах",Строительство,2017-07-10,2025-08-26T03:42:24.349660+00:00,"Документ содержит указания по проектированию подземных хранилищ газа, нефти и продуктов их переработки. Является актуализированной редакцией СНиП 34-02-99 и утвержден Приказом Федерального агентства по строительству и жилищно-коммунальному хозяйству от 10 декабря 2012 г. с введением в действие с 1 июля 2013 г. Содержит изменения, утвержденные Приказом Минстроя России от 10.07.2017.",Свод правил,"СП 123.13330.2012_Подземные хранилища газа, нефти и продуктов их переработки (с изменением 1) (2).pdf","Свод правил Подземные хранилища газа, нефти и продуктов их переработки Актуализированная редакция СНиП 34-02-99","['проектирование', 'строительство', 'подземные сооружения']","['подземные хранилища', 'газ', 'нефть', 'продукты переработки', 'проектирование', 'каменная соль', 'горные породы']",русский,289,123.13330.2012,5,95.4,0.9,Изменение N 1,"СП 123.13330.2012_Подземные хранилища газа, нефти и продуктов их переработки (с изменением 1) (2).pdf",Действующий,46
"Тепловые сети и сооружения тепловых сетей во взаимосвязи со всеми элементами системы централизованного теплоснабжения. Проектирование тепловых сетей, транспортирующих горячую воду, водяной пар и конденсат водяного пара.",Отопление,2024-10-14,2025-08-26T03:42:30.189215+00:00,"Настоящий свод правил устанавливает требования по проектированию тепловых сетей и сооружений на тепловых сетях во взаимосвязи со всеми элементами системы централизованного теплоснабжения. Он распространяется на тепловые сети от выходных запорных задвижек источника теплоты до входных запорных органов индивидуальных тепловых пунктов зданий и сооружений, транспортирующих горячую воду, водяной пар и конденсат водяного пара. Включает актуализированную редакцию СНиП 41-02-2003 и учитывает требования федеральных законов о техническом регулировании и безопасности.",Свод правил,"СП 124.13330.2012 Тепловые сети (с Изменениями N 1, 2, 3) (2).pdf",Свод правил Тепловые сети Актуализированная редакция СНиП 41-02-2003,"['Тепловые сети', 'Проектирование тепловых сетей', 'Безопасность зданий']","['Тепловые сети', 'Проектирование', 'Централизованное теплоснабжение', 'Горячая вода', 'Водяной пар', 'Конденсат', 'Безопасность зданий и сооружений']",Русский,324,124.13330.2012,5,89.3,0.0,"Изменения N 4, утв. Приказом Минстроя России от 14.10.2024 N 698/пр","СП 124.13330.2012 Тепловые сети (с Изменениями N 1, 2, 3) (2).pdf",Действующий,131
"Проектирование и реконструкция участков магистральных нефтепродуктопроводов, прокладываемых на территории городов и других населенных пунктов",Трубопроводы нефтепродуктов,2023-03-13,2025-08-26T03:42:34.486347+00:00,"Данный свод правил регулирует проектирование и реконструкцию участков магистральных нефтепродуктопроводов, предназначенных для транспортирования дизельного топлива, автомобильных бензинов и топлива для реактивных двигателей, прокладываемых на территории городов и других населенных пунктов. Включает актуализированную редакцию СНиП 2.05.13-90 с изменениями, утверждёнными в 2016 и 2023 годах.",Свод правил,"СП 125.13330.2012 Нефтепродуктопроводы, прокладываемые на территории городов и других населенных пунктов.pdf","Свод правил СП 125.13330.2012 Нефтепродуктопроводы, прокладываемые на территории городов и других населенных пунктов","['транспортирование нефтепродуктов', 'строительство трубопроводов', 'технические нормы']","['нефтепродуктопроводы', 'проектирование', 'реконструкция', 'магистральные трубопроводы', 'города', 'населённые пункты']",русский,290,125.13330.2012,5,95.8,0.0,"Изменения N 2, утв. 13.03.2023","СП 125.13330.2012 Нефтепродуктопроводы, прокладываемые на территории городов и других населенных пунктов.pdf",Действующий,24
"Геодезические работы в строительстве, контроль точности геометрических параметров зданий и сооружений, мониторинг деформаций строительных конструкций, исполнительные и контрольные съемки при строительстве, реконструкции, эксплуатации и сносе объектов капитального строительства, сетей инженерно-технического обеспечения; строительство без разрешения на строительство; объекты индивидуального жилищного строительства",Строительство,2022-12-14,2025-08-26T03:42:41.046682+00:00,"Настоящий свод правил устанавливает требования к производству геодезических работ в строительстве, включая контроль точности геометрии зданий и сооружений, мониторинг деформаций, исполнительные и контрольные съемки. Документ подготовлен и утвержден Министерством строительства и жилищно-коммунального хозяйства РФ и содержит изменения, утвержденные в 2022 году.",Свод правил,"СП 126.13330.2017_Геодезические работы в строительстве. СНиП 3.01.03-84 (с изменениями 1, 2).pdf",Свод правил Геодезические работы в строительстве СНиП 3.01.03-84 СП 126.13330.2017,"['технический регламент о безопасности зданий и сооружений', 'контроль параметров строительных конструкций', 'мониторинг и съемка в строительстве']","['геодезические работы', 'строительство', 'контроль точности', 'мониторинг деформаций', 'исполнительные съемки', 'строительство без разрешения', 'индивидуальное жилищное строительство']",русский,257,126.13330.2017,5,88.1,74.0,Изменение N 1,"СП 126.13330.2017_Геодезические работы в строительстве. СНиП 3.01.03-84 (с изменениями 1, 2).pdf",Действующий,95
"Проектирование строительных алюминиевых конструкций зданий и сооружений, за исключением алюминиевых конструкций мостов и конструкций, подвергающихся многократному воздействию нагрузок, динамических нагрузок или воздействию температуры свыше 100 °C",Архитектура,2024-07-29,2025-08-26T03:42:45.832123+00:00,"Данный свод правил устанавливает требования к проектированию алюминиевых конструкций зданий и сооружений для повышения безопасности и гармонизации с европейскими и международными нормативными требованиями. Включает пересмотр предыдущей редакции СНиП 2.03.06-85 с внесенными изменениями, утвержденными приказом Минстроя России.",Свод правил,СП 128.13330.2016_Алюминиевые конструкции (с изменением 1).pdf,Свод Правил Алюминиевые Конструкции Актуализированная Редакция СНиП 2.03.06-85,"['технические требования', 'пересмотр нормативов', 'безопасность конструкций', 'строительное проектирование']","['алюминиевые конструкции', 'проектирование', 'строительные конструкции', 'безопасность', 'нормативные документы', 'СНиП 2.03.06-85']",русский,294,128.13330.2016,5,84.3,0.6,Изменение N 1,СП 128.13330.2016_Алюминиевые конструкции (с изменением 1).pdf,Действующий,142
Наружные сети и сооружения водоснабжения и канализации,Системы водоснабжения и систем канализации,2019-12-31,2025-08-26T03:42:50.369928+00:00,"Свод правил, устанавливающий требования к проектированию, строительству и эксплуатации наружных сетей и сооружений водоснабжения и канализации. Является актуализированной редакцией СНиП 3.05.04-85*. Документ утвержден Министерством строительства и жилищно-коммунального хозяйства Российской Федерации и введен в действие с 1 июля 2020 г.",Свод правил,СП 129.13330.2019_Наружные сети и сооружения водоснабжения и канализации (с изменением 1).pdf,СП 129.13330.2019 Наружные сети и сооружения водоснабжения и канализации. Актуализированная редакция СНиП 3.05.04-85*,"['технические регламенты', 'нормативные ссылки', 'требования к строительству и проектированию', 'актуализация СНиП']","['наружные сети водоснабжения', 'сооружения водоснабжения', 'канализация', 'актуализация СНиП', 'водоснабжение', 'системы водоснабжения', 'системы канализации']",Русский,362,129.13330.2019,5,84.9,1.0,Актуализированная редакция,СП 129.13330.2019_Наружные сети и сооружения водоснабжения и канализации (с изменением 1).pdf,Действующий,95
Атомные станции,Пожарная безопасность,2015-05-06,2025-08-26T03:42:54.189636+00:00,"Настоящий свод правил устанавливает требования по обеспечению пожарной безопасности атомных станций на различных этапах жизненного цикла с реакторами всех типов, за исключением транспортных, исследовательских и реакторных установок специального назначения. Документ включает требования, связанные с обеспечением водородной безопасности и применением оборудования с жидкометаллическими теплоносителями, основанные на расчетном анализе образования взрывоопасных концентраций газовых смесей и пожаров.",Свод правил,СП 13.13130.2009 Атомные станции. Требования пожарной безопасности.pdf,Свод правил Атомные станции Требования пожарной безопасности,"['требования пожарной безопасности', 'атомные станции', 'жизненный цикл реакторов', 'водородная безопасность', 'противопожарные системы']","['пожарная безопасность', 'атомные станции', 'ядерные реакторы', 'водородная безопасность', 'жидкометаллические теплоносители', 'взрывоопасные концентрации', 'пожары']",русский,340,13.13130.2009,5,92.0,0.0,Изменение N 1,СП 13.13130.2009 Атомные станции. Требования пожарной безопасности.pdf,Действующий,37
Производство сборных железобетонных конструкций и изделий,Производство сборных железобетонных конструкций и изделий,2018-12-19,2025-08-26T03:42:57.215504+00:00,"Документ утверждает свод правил для производства сборных железобетонных конструкций и изделий, заменяющий СНиП 3.09.01-85, с требованиями и нормами, необходимыми для организации и контроля производственного процесса.",Свод правил,"СП 130.13330.2018_Производство сборных железобетонных конструкций и издели (с изменением 1, 2).pdf",СП 130.13330.2018 Производство сборных железобетонных конструкций и изделий СНиП 3.09.01-85,"['производство сборных железобетонных конструкций', 'железобетонные изделия', 'технические нормы', 'строительные правила']","['свод правил', 'производство железобетонных конструкций', 'железобетонные изделия', 'строительство', 'нормы и правила']",Русский,281,130.13330.2018,5,92.9,0.8,Пересмотр СП 130.13330.2011,"СП 130.13330.2018_Производство сборных железобетонных конструкций и издели (с изменением 1, 2).pdf",Действующий,72
"Климатические параметры для проектирования зданий и сооружений, систем отопления, вентиляции, кондиционирования, водоснабжения, планировка и застройка территорий РФ",Строительство,2021-06-25,2025-08-26T03:43:01.335121+00:00,"Свод правил устанавливает климатические параметры, применяемые при проектировании зданий и сооружений, систем отопления, вентиляции, кондиционирования, водоснабжения, а также при планировке и застройке городских и сельских поселений на территории Российской Федерации. Документ разработан в соответствии с требованиями федеральных законов по техническому регулированию и энергосбережению, и введён в действие с 25 июня 2021 года.",Свод правил,"СП 131.13330.2020_Строительная климатология (с изменениями 1, 2).pdf",СП 131.13330.2020 Строительная климатология,"['климатические параметры', 'проектирование', 'энергосбережение', 'строительство']","['строительная климатология', 'климатические параметры', 'проектирование зданий', 'отопление', 'вентиляция', 'кондиционирование', 'водоснабжение', 'планировка территорий']",Русский,2023,131.13330.2020,5,44.2,4.1,Пересмотр СП 131.13330.2018,"СП 131.13330.2020_Строительная климатология (с изменениями 1, 2).pdf",Действующий,81
Проектирование зданий и сооружений с учетом антитеррористической защищенности,Противодействие терроризму,2011-09-20,2025-08-26T03:43:05.023170+00:00,"Свод правил устанавливает минимально необходимые требования к проектным решениям, направленным на обеспечение антитеррористической защищенности зданий и сооружений. Документ направлен на предотвращение несанкционированного доступа и обнаружение взрывных устройств, оружия, боеприпасов на различных объектах, включая социально-культурные и коммунально-бытовые здания.",Свод правил,СП 132.13330.2011 Обеспечение антитеррористической защищенности зданий и сооружений.pdf,СП 132.13330.2011 Обеспечение антитеррористической защищенности зданий и сооружений. Общие требования проектирования,"['техническое регулирование', 'проектная документация', 'безопасность зданий', 'противодействие терроризму']","['антитеррористическая защищенность', 'здания и сооружения', 'проектирование', 'безопасность', 'противодействие террористическим актам']",русский,420,132.13330.2011,5,93.5,0.0,Введен впервые,СП 132.13330.2011 Обеспечение антитеррористической защищенности зданий и сооружений.pdf,Действующий,6
"Проектирование сети проводного радиовещания и оповещения в зданиях и сооружениях, локальных систем оповещения на опасных объектах и систем оповещения населённых пунктов на территории Российской Федерации",Проектирование систем оповещения и радиовещания,2017-04-17,2025-08-26T03:43:09.599754+00:00,"Свод правил устанавливает требования к проектированию систем проводного радиовещания и оповещения в зданиях и сооружениях для обеспечения безопасности пользователей и соответствия техническим регламентам. Документ включает нормы проектирования локальных систем оповещения на опасных объектах и систем оповещения населённых пунктов, актуализирован изменением от 17 апреля 2017 года.",Свод правил,СП 133.13330.2012 Сети проводного радиовещания и оповещения в зданиях и сооружения (изм 3).pdf,Свод правил Сети проводного радиовещания и оповещения в зданиях и сооружениях. Нормы проектирования,"['нормы проектирования', 'системы радиовещания', 'системы оповещения', 'безопасность зданий и сооружений']","['проводное радиовещание', 'система оповещения', 'проектирование', 'безопасность зданий', 'технический регламент', 'локальные системы оповещения']",Русский,326,133.13330.2012,5,96.4,2.2,Изм.1,СП 133.13330.2012 Сети проводного радиовещания и оповещения в зданиях и сооружения (изм 3).pdf,Действующий,28
"Проектирование систем электросвязи инженерно-технического обеспечения в новостроящихся, реконструируемых и капитально ремонтируемых зданиях и сооружениях Российской Федерации",Системы электросвязи зданий и сооружений,2022-12-23,2025-08-26T03:43:14.185961+00:00,"Данный свод правил устанавливает минимально необходимые требования к проектированию систем электросвязи в зданиях и сооружениях. Он распространяется на проектирование новых, реконструируемых и капитально ремонтируемых объектов. Исключаются частные дома, некапитальные строения, высотные здания, транспортные сооружения и объекты с повышенным уровнем ответственности. Документ утвержден приказом Минстроя России от 23.12.2022 и введен в действие с 24.01.2023.",Свод правил,СП 134.13330.2022_Cистемы электросвязи зданий и сооружений. Основные положения проектирования (с изменением 1).pdf,СП 134.13330.2022 Свод правил Системы электросвязи зданий и сооружений Основные положения проектирования,"['проектирование систем электросвязи', 'минимальные требования', 'новые здания', 'реконструкция', 'капитальный ремонт', 'нормативные ссылки']","['свод правил', 'системы электросвязи', 'проектирование', 'к зданиям и сооружениям', 'Минстрой России', 'требования']",русский,244,134.13330.2022,5,94.5,0.0,Пересмотр СП 134.13330.2012,СП 134.13330.2022_Cистемы электросвязи зданий и сооружений. Основные положения проектирования (с изменением 1).pdf,Действующий,55
"Вертодромы, посадочные площадки для вертолетов на крышах зданий и сооружений",Пожарная безопасность,2012-11-13,2025-08-26T03:43:21.859508+00:00,"Данный свод правил устанавливает требования пожарной безопасности к вертодромам, размещаемым на крышах зданий и сооружений. Применяется при проектировании, строительстве, капитальном ремонте и реконструкции вертодромов, определяет нормы обеспечения дополнительным противопожарным и спасательным оборудованием.",Свод правил,СП 135.13130.2012 Вертодромы. Требования пожарной безопасности.pdf,Свод правил СП 135.13130.2012 Вертодромы. Требования пожарной безопасности,"['требования пожарной безопасности', 'нормы обеспечения', 'проектирование вертодромов', 'строительство вертодромов', 'капитальный ремонт вертодромов', 'реконструкция вертодромов']","['вертодромы', 'пожарная безопасность', 'посадочные площадки для вертолетов', 'проектирование', 'строительство', 'капитальный ремонт', 'реконструкция', 'противопожарное оборудование']",русский,206,135.13130.2012,5,93.0,8.5,Введен впервые,СП 135.13130.2012 Вертодромы. Требования пожарной безопасности.pdf,Действующий,23
Проектирование зданий и сооружений с учетом доступности для маломобильных групп населения,Архитектура,2022-12-27,2025-08-26T03:43:26.332435+00:00,"Свод правил устанавливает общие положения проектирования зданий и сооружений с учетом доступности для маломобильных групп населения. Документ разработан в соответствии с федеральными законами и техническими регламентами, включая требования безопасности зданий и социальной защиты инвалидов. Содержит обновления, утвержденные в 2016 и 2022 годах.",Свод правил,"СП 136.13330.2012_Общие положения проектирования с учетом доступности для маломобильных групп населения (с изменениями 1, 2).pdf",СП 136.13330.2012 Общие положения проектирования с учетом доступности для маломобильных групп населения,"['требования проектирования', 'инклюзивная архитектура', 'нормативное регулирование']","['доступность', 'проектирование', 'здания и сооружения', 'маломобильные группы населения', 'техническое регулирование', 'безопасность зданий']",Русский,264,136.13330.2012,5,97.1,0.0,"Изменения N 2, утв. Приказом Минстроя России от 27.12.2022 N 1137/пр","СП 136.13330.2012_Общие положения проектирования с учетом доступности для маломобильных групп населения (с изменениями 1, 2).pdf",Действующий,35
"Проектирование многоквартирных жилых зданий, домов жилищного фонда социального использования, общественных зданий временного пребывания, детских домов семейного типа, а также жилых помещений в составе других общественных зданий",Архитектура,2023-12-19,2025-08-26T03:43:31.110336+00:00,"Свод правил устанавливает требования и правила проектирования жилой среды с планировочными элементами, доступными для инвалидов. Документ ориентирован на создание доступной среды в многоквартирных жилых зданиях и других общественных зданиях, учитывая опыт российских и международных стандартов.",Свод правил,"СП 137.13330.2012 Жилая среда с планировочными элементами, доступными инвалидам. Правила проектирования.pdf","Свод правил Жилая среда с планировочными элементами, доступными инвалидам Правила проектирования","['доступная архитектура', 'проектировочные решения', 'инклюзивное строительство']","['жилая среда', 'доступность для инвалидов', 'проектирование', 'многоквартирные жилые здания', 'социальное жилье', 'общественные здания', 'нормативные документы']",русский,350,137.13330.2012,5,91.9,5.6,"Изменения N 2, утв. Приказом Минстроя России от 19.12.2023 N 949/пр","СП 137.13330.2012 Жилая среда с планировочными элементами, доступными инвалидам. Правила проектирования.pdf",Действующий,29
"Общественные здания и сооружения, доступные маломобильным группам населения",Архитектура,2016-11-07,2025-08-26T03:43:36.699807+00:00,"Свод правил по проектированию общественных зданий и сооружений, доступных маломобильным группам населения. Документ разработан в соответствии с техническими регламентами и устанавливает правила архитектурного проектирования для обеспечения доступности.",Свод правил,"СП 138.13330.2012_Общественные здания и сооружения, доступные маломобильным группам населения (с изменениями 1, 2, 3).pdf","СП 138.13330.2012 Свод правил Общественные здания и сооружения, доступные маломобильным группам населения Правила проектирования","['правила проектирования', 'доступность зданий', 'архитектурные стандарты']","['общественные здания', 'доступность', 'маломобильные группы населения', 'архитектурное проектирование', 'технические регламенты']",Русский,259,138.13330.2012,5,95.5,0.3,Изм.1,"СП 138.13330.2012_Общественные здания и сооружения, доступные маломобильным группам населения (с изменениями 1, 2, 3).pdf",Действующий,113
"Проектирование предприятий различных отраслей промышленности, предприятий малого и среднего бизнеса, административно-управленческих зданий, зданий проектных и научно-исследовательских институтов и других общественных зданий с отдельными рабочими местами для инвалидов",Архитектура,2023-12-28,2025-08-26T03:43:42.484414+00:00,"Данный свод правил регламентирует требования к проектированию зданий и помещений, оборудованных рабочими местами для инвалидов, в соответствии с законодательством Российской Федерации и принципами Конвенции ООН о правах инвалидов. Используется совместно с другими нормативными документами, охватывает проектирование предприятий различных отраслей и общественных зданий с рабочими местами для инвалидов.",Свод правил,"СП 139.13330.2012_Здания и помещения с местами труда для инвалидов. Правила проектирования (с изменениями 1, 2).pdf",Свод правил Здания и помещения с местами труда для инвалидов Правила проектирования,"['требования проектирования', 'безопасность зданий и сооружений', 'инклюзивная архитектура']","['свод правил', 'здания для инвалидов', 'рабочие места для инвалидов', 'проектирование', 'архитектура', 'техническое регулирование', 'конвенция о правах инвалидов']",Русский,452,139.13330.2012,5,89.8,3.8,Изменения N 2 от 28.12.2023,"СП 139.13330.2012_Здания и помещения с местами труда для инвалидов. Правила проектирования (с изменениями 1, 2).pdf",Действующий,29
Строительство в сейсмических районах,Строительство,2024-09-19,2025-08-26T03:43:48.689077+00:00,"Свод правил, утвержденный Минстроем России, посвящён строительству в сейсмических районах и содержит актуализированную редакцию СНиП II-7-81*. Документ регулирует технические требования и нормы для обеспечения сейсмостойкости зданий и сооружений. Включает изменения, утверждённые в 2022 и 2024 годах.",Свод правил,"СП 14.13330.2018_Строительство в сейсмических районах (с изменениями 2, 3, 4).pdf",Свод правил Строительство в сейсмических районах Актуализированная редакция СНиП II-7-81* Seismic building design code СП 14.13330.2018,"['строительство в сейсмических районах', 'технические нормы и правила', 'сейсмостойкость зданий', 'обеспечение безопасности']","['сейсмические районы', 'строительство', 'сейсмостойкость', 'техническое регулирование', 'СНиП II-7-81*', 'Минстрой России']",Русский,414,14.13330.2018,5,74.5,0.7,"Изменения N 4, утв. Приказом Минстроя России от 19.09.2024 N 632/пр","СП 14.13330.2018_Строительство в сейсмических районах (с изменениями 2, 3, 4).pdf",Действующий,208
Правила проектирования по формированию доступной городской среды для инвалидов и других маломобильных групп населения; применяется для реконструируемых территорий разного функционального назначения городов и для существующей застройки с соблюдением доступности зданий и сооружений,Городская среда,2023-12-28,2025-08-26T03:43:53.356283+00:00,"Документ содержит обязательные и рекомендательные нормы и правила по проектированию среды, адаптированной для инвалидов и других маломобильных групп населения. Разработан в развитие положений СП 42.13330 и СП 59.13330, в соответствии с Конвенцией ООН о правах инвалидов. Включает требования по доступности городской среды для маломобильных граждан, включая инвалидов с различными нарушениями.",Свод правил,СП 140.13330.2012 Городская среда. Правила проектирования для маломобильных групп населения (Пересмотр).pdf,Свод правил Городская среда. Правила проектирования для маломобильных групп населения,"['доступная городская среда', 'проектирование для инвалидов', 'инклюзивная архитектура', 'правила проектирования']","['маломобильные группы населения', 'городская среда', 'доступность зданий', 'проектирование', 'инвалиды', 'СП 140.13330.2012', 'Изменения 1 и 2']",Русский,475,140.13330.2012,5,81.2,6.2,"Изменения N 2, утв. Приказом Минстроя России от 28.12.2023 N 1004/пр",СП 140.13330.2012 Городская среда. Правила проектирования для маломобильных групп населения (Пересмотр).pdf,Действующий,79
"Устанавливает правила проектирования по формированию доступной городской среды для инвалидов и других маломобильных групп населения в городских населенных пунктах, включая проектирование нового строительства и реконструкцию территорий общего пользования",Городская среда,2024-12-26,2025-08-26T03:43:57.315039+00:00,"Документ устанавливает правила проектирования доступной городской среды для маломобильных групп населения с учетом требований федерального законодательства и технических регламентов, направленных на обеспечение безопасности и доступности городской среды.",Свод правил,СП 140.13330.2024_Городская среда. Правила проектирования для маломобильных групп населения.pdf,Свод правил Городская среда. Правила проектирования для маломобильных групп населения,"['правила проектирования', 'доступная среда', 'технические нормативы', 'федеральные законы', 'реконструкция территорий']","['доступность', 'городская среда', 'маломобильные группы населения', 'проектирование', 'инвалиды']",Русский,242,140.13330.2024,5,92.5,0.0,Пересмотр СП 140.13330.2012,СП 140.13330.2024_Городская среда. Правила проектирования для маломобильных групп населения.pdf,Действующий,12
Правила расчета и размещения учреждений социального обслуживания населения,Учреждения социального обслуживания населения,2015-12-30,2025-08-26T03:44:01.189855+00:00,"Документ устанавливает правила расчета вместимости и размещения учреждений социального обслуживания населения. Разрабатывается с учетом федеральных нормативов и международных соглашений, детализирует требования по проектированию в этой области.",Свод правил,СП 141.13330.2012 Учреждения социального обслуживания маломобильных групп населения. Правила расчета и размещения.pdf,СП 141.13330.2012 Свод Правил Учреждения Социального Обслуживания Населения Правила Расчета И Размещения,"['расчет вместимости', 'проектирование учреждений', 'обеспечение доступности', 'нормативное регулирование', 'технические требования']","['учреждения социального обслуживания', 'правила расчета', 'размещение', 'строительство', 'доступность', 'безопасность']",русский,462,141.13330.2012,5,85.0,2.7,"Изменения N 1, утверждены Приказом Минстроя России от 30.12.2015 N 969/пр",СП 141.13330.2012 Учреждения социального обслуживания маломобильных групп населения. Правила расчета и размещения.pdf,Действующий,47
"Проектирование зданий центров ресоциализации в системе органов социальной защиты. Требования распространяются на новые объекты, реконструкцию, модернизацию и обустройство помещений действующих центров ресоциализации.",Архитектура,2015-12-30,2025-08-26T03:44:06.645555+00:00,"Свод правил устанавливает требования к проектированию зданий центров ресоциализации для социальной помощи лицам, занимающимся бродяжничеством и нуждающимся в социальной помощи. Документ актуализирован с учётом современных нормативов и содержит правила для новых зданий, реконструкции и модернизации существующих объектов.",Свод правил,СП 142.13330.2012 Здания центров ресоциализации. Правила проектирования.pdf,Свод правил СП 142.13330.2012 Здания центров ресоциализации. Правила проектирования,"['требования к проектированию', 'социальная помощь', 'безопасность зданий', 'нормы и стандарты']","['свод правил', 'здания центров ресоциализации', 'проектирование', 'социальная защита', 'архитектура', 'нормативные требования']",Русский,162,142.13330.2012,5,91.8,0.0,Изменение N 1,СП 142.13330.2012 Здания центров ресоциализации. Правила проектирования.pdf,Действующий,28
"Проектирование функциональных групп помещений для досуговой и физкультурно-оздоровительной деятельности маломобильных групп населения, включая социально-оздоровительные центры, отделения временного и дневного пребывания, специальные жилые дома, пансионаты, дома-интернаты, учреждения для пожилых, специализированные дома-интернаты, объекты временного пребывания лиц без определенного места жительства",Архитектура,2015-12-30,2025-08-26T03:44:11.675891+00:00,Настоящий свод правил устанавливает требования к проектированию помещений для досуговой и физкультурно-оздоровительной деятельности маломобильных групп населения с учетом соответствующих федеральных законов и международных конвенций. Документ разработан для обеспечения доступности и безопасности таких помещений в жилой застройке и специализированных социальных учреждениях.,Свод правил,СП 143.13330.2012 Помещения для досуговой.pdf,Свод правил Помещения для досуговой и физкультурно-оздоровительной деятельности маломобильных групп населения. Правила проектирования,"['проектирование помещений', 'требования доступности', 'социальное обслуживание', 'строительное законодательство', 'безопасность зданий']","['маломобильные группы населения', 'проектирование помещений', 'досуговая деятельность', 'физкультурно-оздоровительная деятельность', 'социальные учреждения', 'доступность', 'безопасность']",Русский,318,143.13330.2012,5,88.3,0.0,Изменения N 1,СП 143.13330.2012 Помещения для досуговой.pdf,Действующий,32
"Проектирование новых, реконструируемых, капитально ремонтируемых зданий гериатрических центров и отделений",Архитектура,2023-12-28,2025-08-26T03:44:16.805205+00:00,"Данный свод правил устанавливает основные положения и требования к размещению, участку, функциональной организации и архитектурно-планировочным решениям гериатрических учреждений (отделений). Распространяется на проектирование новых, реконструируемых и капитально ремонтируемых зданий гериатрических центров и отделений. Документ учитывает отечественный и международный опыт создания доступной среды для групп населения старших возрастов.",Свод правил,СП 144.13330.2012 Центры и отделения гериатрического обслуживания. Правила проектирования.pdf,Свод правил Центры и отделения гериатрического обслуживания Правила проектирования,"['требования к размещению', 'функциональная организация', 'архитектурно-планировочные решения', 'проектирование гериатрических центров']","['гериатрическое обслуживание', 'проектирование', 'архитектурно-планировочные решения', 'гериатрические учреждения', 'доступность']",Русский,198,144.13330.2012,5,91.9,0.0,"Изменения N 2, утв. Приказом Минстроя России от 28.12.2023 N 1004/пр",СП 144.13330.2012 Центры и отделения гериатрического обслуживания. Правила проектирования.pdf,Действующий,52
"Проектирование новых и реконструируемых зданий стационарных учреждений медико-социального обслуживания: геронтологических центров, домов сестринского ухода и хосписов",Архитектура,2023-12-28,2025-08-26T03:44:22.660660+00:00,"Настоящий свод правил устанавливает основные положения и требования к размещению, участку, функциональной организации и архитектурно-планировочным решениям стационарных учреждений медико-социального обслуживания, таких как геронтологические центры, дома сестринского ухода и хосписы. Свод правил учитывает нормы безопасности зданий, права инвалидов и адаптацию среды для маломобильных групп населения. Последние изменения утверждены приказом Минстроя России от 28 декабря 2023 года.",Свод правил,"СП 146.13330.2012 Геронтологические центры, дома сестринского ухода, хосписы. Правила проектирования.pdf","СП 146.13330.2012 Геронтологические центры, дома сестринского ухода, хосписы. Правила проектирования","['правила проектирования', 'архитектура медицинских учреждений', 'нормы безопасности', 'адаптация среды для инвалидов', 'маломобильные группы']","['геронтологические центры', 'дома сестринского ухода', 'хосписы', 'проектирование', 'медико-социальное обслуживание', 'инвалиды', 'архитектурно-планировочные решения']",русский,291,146.13330.2012,5,93.1,0.0,"Изменения N 3, утв. Приказом Минстроя России от 28.12.2023 N 1004/пр","СП 146.13330.2012 Геронтологические центры, дома сестринского ухода, хосписы. Правила проектирования.pdf",Действующий,35
"Правила реконструкции зданий и сооружений для создания условий доступности маломобильным группам населения, а также комфортных условий пребывания и беспрепятственного пользования услугами для них в зданиях и учреждениях социального обслуживания",Здания,2013-07-01,2025-08-26T03:44:26.788677+00:00,"Данный свод правил устанавливает требования и правила реконструкции зданий и сооружений, предназначенных для учреждений социального обслуживания. Основное внимание уделено созданию условий доступности для маломобильных групп населения и обеспечению комфортных условий пребывания и пользования услугами. Документ разработан с учетом федеральных законов и международных конвенций, с целью повышения безопасности, функционального соответствия и энергоэффективности зданий.",Свод правил,СП 147.13330.2012 Здания для учреждений социального обслуживания. Правила реконструкции.pdf,Свод правил Здания для учреждений социального обслуживания Правила реконструкции,"['реконструкция зданий', 'доступность маломобильных групп населения', 'санитарные нормы и правила', 'повышение безопасности', 'социальные учреждения']","['реконструкция', 'здания социального обслуживания', 'доступность для МГН', 'безопасность зданий', 'энергоэффективность', 'социальное обслуживание']",Русский,273,147.13330.2012,5,83.9,0.0,Изм.1,СП 147.13330.2012 Здания для учреждений социального обслуживания. Правила реконструкции.pdf,Действующий,48
"Помещения постоянного или временного пребывания маломобильных групп населения в стационарных и полустационарных учреждениях медицинского, социального и медико-социального обслуживания",Проектирование помещений,2016-03-25,2025-08-26T03:44:32.304154+00:00,"Данный свод правил устанавливает правила проектирования помещений для маломобильных групп населения в учреждениях социального и медицинского обслуживания. Он распространяется на стационарные и полустационарные учреждения, связанные с уходом за немощными и хронически больными людьми. Включает изменения утвержденные в 2016 году.",Свод правил,СП 148.13330.2012 Помещения в учреждениях социального и медицинского обслуживания. Правила проектирования.pdf,СП 148.13330.2012 Помещения в учреждениях социального и медицинского обслуживания. Правила проектирования (с Изменением N 1),"['правила проектирования', 'помещения учреждений', 'социальное обслуживание', 'медицинское обслуживание']","['проектирование помещений', 'маломобильные группы населения', 'социальное обслуживание', 'медицинское обслуживание', 'СП 148.13330.2012', 'изменение N 1']",русский,289,148.13330.2012,5,97.6,5.0,Изменение N 1,СП 148.13330.2012 Помещения в учреждениях социального и медицинского обслуживания. Правила проектирования.pdf,Действующий,34
Проектирование зданий реабилитационных центров для детей и подростков с ограниченными возможностями здоровья и их отделений,Архитектура,2023-12-28,2025-08-26T03:44:37.194162+00:00,"Данный свод правил устанавливает требования и правила проектирования зданий реабилитационных центров для детей и подростков с ограниченными возможностями здоровья, обеспечивающих комплексную психологическую, медицинскую и педагогическую реабилитацию. Документ разработан с учетом федеральных законов и международных конвенций, а также включает положения по приспособлению существующих зданий.",Свод правил,СП 149.13330.2012 Реабилитационные центры для детей и подростков с ограниченными возможностями. Правила проектирования.pdf,Свод правил Реабилитационные центры для детей и подростков с ограниченными возможностями здоровья. Правила проектирования,"['устройство зданий реабилитационных центров', 'требования к проектированию', 'инклюзивность', 'комплексная реабилитация']","['реабилитационные центры', 'дети и подростки', 'ограниченные возможности здоровья', 'проектирование', 'архитектура', 'психологическая реабилитация', 'медицинская реабилитация', 'педагогическая реабилитация']",русский,277,149.13330.2012,5,93.4,0.0,"Изменения N 2, утв. Приказом Минстроя России от 28.12.2023 N 1004/пр",СП 149.13330.2012 Реабилитационные центры для детей и подростков с ограниченными возможностями. Правила проектирования.pdf,Действующий,49
"Проектирование каменных и армокаменных конструкций вновь возводимых и реконструируемых зданий и сооружений различного назначения, эксплуатируемых в климатических условиях России",Каменные и армокаменные конструкции,2020-12-30,2025-08-26T03:44:41.272206+00:00,"Настоящий свод правил регулирует проектирование каменных и армокаменных конструкций, включая требования к расчету и проектированию конструкций из различных видов кладки. Документ применяется к зданиям и сооружениям разного назначения, кроме объектов с динамическими нагрузками, инженерных сооружений и строений в особых геологических условиях.",Свод правил,СП 15.13330.2012_Каменные и армокаменные конструкции (с изменением 1) (2).pdf,СП 15.13330.2020 Каменные и армокаменные конструкции СНиП II-2281* Свод правил,"['проектирование', 'расчет конструкций', 'климатические условия', 'строительные материалы']","['каменные конструкции', 'армокаменные конструкции', 'проектирование', 'керамический кирпич', 'силикатный кирпич', 'бетонные блоки', 'природный камень']",Русский,299,15.13330.2020,5,90.6,0.0,Введен в действие с 2021-07-01,СП 15.13330.2012_Каменные и армокаменные конструкции (с изменением 1) (2).pdf,Действующий,108
"Размещение, проектирование, строительство и эксплуатация атомных электростанций (АЭС)",Инженерные изыскания,2013-07-01,2025-08-26T03:44:46.705363+00:00,"Данный свод правил устанавливает общие правила и технические требования к организации, порядку проведения, составу, объемам, методам и результатам комплексных инженерных изысканий для размещения, проектирования, строительства и эксплуатации атомных электростанций (АЭС). Документ учитывает требования технических регламентов и нормативных актов Российской Федерации, относящихся к особо опасным и технически сложным объектам.",Свод правил,"СП 151.13330.2012 Инженерные изыскания для размещения, проектирования и строительства АЭС (в двух частях).pdf","Свод правил Инженерные изыскания для размещения, проектирования и строительства АЭС. Часть I. Инженерные изыскания для разработки предпроектной документации (выбор пункта и выбор площадки размещения АЭС)","['организация инженерных изысканий', 'технические требования', 'размещение АЭС', 'проектирование АЭС', 'строительство АЭС']","['инженерные изыскания', 'атомные электростанции', 'предпроектная документация', 'строительство', 'проектирование', 'выбор площадки']",Русский,613,151.13330.2012,5,81.8,63.2,,"СП 151.13330.2012 Инженерные изыскания для размещения, проектирования и строительства АЭС (в двух частях).pdf",Действующий,489
Проектирование зданий федеральных судов: федеральных судов общей юрисдикции и федеральных арбитражных судов,Архитектура,2025-01-27,2025-08-26T03:44:51.415793+00:00,"Данный свод правил устанавливает требования к размещению и площади земельных участков, функциональным группам помещений, объемно-планировочным решениям, мероприятиям по обеспечению безопасности, инженерному оборудованию и внутренней среде при новом строительстве, приобретении, реконструкции и капитальном ремонте зданий для размещения федеральных судов общей юрисдикции и федеральных арбитражных судов. Не распространяется на проектирование зданий Верховного Суда РФ и Конституционного Суда РФ.",Свод правил,"СП 152.13330.2018 «Здания федеральных судов. Правила проектирования (с Изменениями 1, 2, 3, 4, 5).pdf",СП 152.13330.2018 Здания федеральных судов. Правила проектирования,"['размещение земельных участков', 'планировка помещений', 'безопасность зданий', 'инженерное оборудование', 'реконструкция и капитальный ремонт']","['здания федеральных судов', 'проектирование', 'федеральные суды общей юрисдикции', 'федеральные арбитражные суды', 'объемно-планировочные решения', 'безопасность', 'инженерное оборудование']",Русский,170,152.13330.2018,5,95.7,0.0,Изм. 5,"СП 152.13330.2018 «Здания федеральных судов. Правила проектирования (с Изменениями 1, 2, 3, 4, 5).pdf",Действующий,64
"требования пожарной безопасности при проектировании, строительстве, реконструкции и эксплуатации объектов инфраструктуры железнодорожного транспорта",Пожарная безопасность,2016-07-18,2025-08-26T03:44:55.380107+00:00,"Свод правил устанавливает требования пожарной безопасности для объектов инфраструктуры железнодорожного транспорта, включая проектирование, строительство, реконструкцию и эксплуатацию. Документ разработан для обеспечения соблюдения Федерального закона о требованиях пожарной безопасности и технических регламентов железнодорожного транспорта.",Свод правил,СП 153.13130.2013_Инфраструктура железнодорожного транспорта. Требования пожарной безопасности (с изменением 1.pdf,Свод Правил 153.13130.2013 Инфраструктура Железнодорожного Транспорта. Требования Пожарной Безопасности,"['требования пожарной безопасности', 'объекты железнодорожного транспорта', 'разработка и утверждение сводов правил']","['пожарная безопасность', 'инфраструктура железнодорожного транспорта', 'проектирование', 'строительство', 'реконструкция', 'эксплуатация']",русский,237,153.13130.2013,5,95.8,0.0,Изм. 1,СП 153.13130.2013_Инфраструктура железнодорожного транспорта. Требования пожарной безопасности (с изменением 1.pdf,Действующий,17
"Проектирование и строительство подземных помещений для стоянки легковых автомобилей, встроенных в здания другого функционального назначения",Пожарная безопасность,2013-02-25,2025-08-26T03:44:59.036456+00:00,"Данный свод правил устанавливает требования пожарной безопасности к встроенным подземным автостоянкам, применяемым при проектировании и строительстве новых и реконструируемых подземных помещений для стоянки легковых автомобилей. Содержит специфические требования к объемно-планировочным, конструктивным решениям и инженерному оборудованию этих объектов.",Свод правил,СП 154.13130.2013 Встроенные подземные автостоянки. Требования пожарной безопасности.pdf,Свод правил Встроенные подземные автостоянки Требования пожарной безопасности,"['требования пожарной безопасности', 'объемно-планировочные решения', 'конструктивные решения', 'инженерное оборудование']","['подземные автостоянки', 'пожарная безопасность', 'строительство', 'проектирование', 'легковые автомобили']",русский,234,154.13130.2013,5,91.7,0.0,Введен впервые,СП 154.13130.2013 Встроенные подземные автостоянки. Требования пожарной безопасности.pdf,Действующий,13
"Требования пожарной безопасности к складам нефти и нефтепродуктов, проектирование, строительство, реконструкция, техническое перевооружение и ликвидация складов нефти и нефтепродуктов",Пожарная безопасность,2023-12-29,2025-08-26T03:45:04.532576+00:00,"Документ устанавливает требования пожарной безопасности к складам нефти и нефтепродуктов. Применяется при разработке нормативных документов, проектировании, строительстве, реконструкции, техническом перевооружении и ликвидации данных складов в соответствии с Федеральным законом N 123-ФЗ. Не распространяется на склады негражданского назначения, склады сжиженных углеводородных газов и другие специфические объекты.",Свод правил,СП 155.13130.2014 Склады нефти и нефтепродуктов. Требования пожарной безопасности.pdf,Свод правил СП 155.13130.2014 Склады нефти и нефтепродуктов Требования пожарной безопасности,"['Требования пожарной безопасности', 'Проектирование складов', 'Строительство складов', 'Реконструкция складов', 'Техническое перевооружение складов']","['Склады нефти', 'Нефтепродукты', 'Пожарная безопасность', 'Технический регламент', 'Проектирование', 'Строительство', 'Реконструкция', 'Техническое перевооружение']",Русский,256,155.13130.2014,5,95.1,0.0,"Изменения N 2, утв. Приказом МЧС России от 29.12.2023 N 1384",СП 155.13130.2014 Склады нефти и нефтепродуктов. Требования пожарной безопасности.pdf,Действующий,73
"Автомобильные заправочные станции, требования пожарной безопасности",Пожарная безопасность,2024-06-21,2025-08-26T03:45:07.980706+00:00,"Данный свод правил устанавливает требования пожарной безопасности для автомобильных заправочных станций. Документ разработан в целях соблюдения требований Федерального закона 123-ФЗ ""Технический регламент о требованиях пожарной безопасности"" и введён впервые с 1 июля 2014 года с последующими изменениями по состоянию на 21 июня 2024 года.",Свод правил,"СП 156.13130.2014_Станции автомобильные заправочные. Требования пожарной безопасности (с изменениями 1, 2) (2).pdf",Свод правил СП 156.13130.2014 Станции автомобильные заправочные. Требования пожарной безопасности,"['требования пожарной безопасности', 'автомобильные заправочные станции', 'федеральный закон 123-ФЗ', 'технический регламент']","['станции автомобильные заправочные', 'требования пожарной безопасности', 'пожарная безопасность', 'автозаправочные станции']",Русский,318,156.13130.2014,5,93.6,0.9,Изм.2,"СП 156.13130.2014_Станции автомобильные заправочные. Требования пожарной безопасности (с изменениями 1, 2) (2).pdf",Действующий,110
Автомобильные заправочные станции,Пожарная безопасность,2014-07-01,2025-08-26T03:45:12.281581+00:00,"Данный свод правил устанавливает требования пожарной безопасности к автомобильным заправочным станциям. В документе приведена классификация АЗС, общие и дополнительные требования к станциям с жидким и газовым моторным топливом, а также описаны типы противопожарных преград и системы контроля герметичности резервуаров.",Свод правил,"СП 156.13130.2014_Станции автомобильные заправочные. Требования пожарной безопасности (с изменениями 1, 2).pdf",Свод правил СП 156.13130.2014 Станции автомобильные заправочные. Требования пожарной безопасности,"['классификация АЗС', 'общие требования', 'дополнительные требования к АЗС', 'противопожарные преграды', 'системы контроля герметичности']","['автомобильные заправочные станции', 'требования пожарной безопасности', 'АЗС', 'жидкое моторное топливо', 'газовое моторное топливо', 'противопожарные преграды', 'герметичность резервуаров']",русский,252,156.13130.2014,5,98.6,3.1,,"СП 156.13130.2014_Станции автомобильные заправочные. Требования пожарной безопасности (с изменениями 1, 2).pdf",Действующий,47
Нефтеперерабатывающие и нефтехимические комплексы,Технологическое проектирование,2014-08-01,2025-08-26T03:45:15.624621+00:00,"Данный свод правил устанавливает требования и рекомендации по технологическому проектированию нефтеперерабатывающих и нефтехимических комплексов с целью обеспечения безопасности зданий и сооружений, а также процессов проектирования в соответствии с федеральным законодательством.",Свод правил,СП 157.1328500.2014_Правила технологического проектирования нефтеперерабатывающих и нефтехимических комплексов.pdf,Свод правил СП 157.1328500.2014 Правила технологического проектирования нефтеперерабатывающих и нефтехимических комплексов,"['технологическая схема', 'выбор технологии', 'проектирование новых объектов', 'модернизация объектов']","['технологическое проектирование', 'нефтеперерабатывающие комплексы', 'нефтехимические комплексы', 'технические регламенты', 'безопасность зданий и сооружений']",русский,222,157.1328500.2014,5,97.5,0.0,Введен впервые,СП 157.1328500.2014_Правила технологического проектирования нефтеперерабатывающих и нефтехимических комплексов.pdf,Действующий,15
Медицинские организации,Проектирование зданий,2024-01-29,2025-08-26T03:45:18.926803+00:00,"Свод правил разработан на основе научных исследований в области проектирования зданий для медицинских организаций, учитывает европейские, межгосударственные и национальные нормативные документы и предназначен для проектировщиков.",Свод правил,СП 158.13330.2014 Здания и помещения медицинских организаций. Правила проектирования (с Изменениями N 1-4).pdf,Свод правил по проектированию зданий медицинских организаций,"['проектирование зданий', 'нормативы для медицинских зданий', 'изменения и обновления']","['проектирование', 'здания', 'медицинские организации', 'нормативные документы']",Русский,153,,5,98.9,6.4,Изменение N 4,СП 158.13330.2014 Здания и помещения медицинских организаций. Правила проектирования (с Изменениями N 1-4).pdf,Действующий,111
"Проектирование и расчет стальных строительных конструкций зданий и сооружений различного назначения при температуре от -60 °C до 100 °C, кроме мостов, транспортных тоннелей и труб под насыпями",Стальные конструкции,2024-12-09,2025-08-26T03:45:23.209966+00:00,"Данный свод правил устанавливает требования к проектированию и расчету стальных конструкций зданий и сооружений, действуя как актуализированная редакция СНиП II-23-81*. Включает изменения, утвержденные Минстроем России в период с 2018 по 2024 годы, и предназначен для применения в различных строительных условиях с ограничениями по температуре эксплуатации.",Свод правил,СП 16.13330.2017 Стальные конструкции (изм 7) (2).pdf,Свод правил Стальные конструкции (актуализированная редакция СНиП II-23-81*),"['технические регламенты', 'проектирование стальных конструкций', 'строительные нормы и правила', 'изменения и актуализации']","['стальные конструкции', 'проектирование', 'расчет', 'строительные конструкции', 'температурные условия']",Русский,339,16.13330.2017,5,83.4,65.2,Изменения N 6,СП 16.13330.2017 Стальные конструкции (изм 7) (2).pdf,Действующий,290
"Проектирование и строительство новых, реконструируемых и капитально ремонтируемых многофункциональных зданий и комплексов",Архитектура,2023-12-28,2025-08-26T03:45:26.610230+00:00,"Настоящий свод правил устанавливает требования к проектированию многофункциональных зданий и комплексов с учетом действующих строительных норм и требований пожарной безопасности, а также энергетической эффективности. Документ разработан с учетом отечественного опыта и международных нормативных документов. Введен впервые 1 сентября 2014 года, с последними изменениями от 28 декабря 2023 года.",Свод правил,СП 160.1325800.2014 Здания и комплексы многофункциональные. Правила проектирования.pdf,Свод правил Здания и комплексы многофункциональные Правила проектирования,"['требования к проектированию', 'стройтельные нормы', 'пожарная безопасность', 'энергосбережение']","['многофункциональные здания', 'проектирование', 'строительство', 'пожарная безопасность', 'энергосбережение', 'строительные нормы']",Русский,288,160.1325800.2014,5,91.3,11.6,Изменения N 3,СП 160.1325800.2014 Здания и комплексы многофункциональные. Правила проектирования.pdf,Действующий,43
,Отопление,2014-09-01,2025-08-26T03:45:30.193232+00:00,Данный свод правил устанавливает требования к расчету и проектированию усиления или восстановления железобетонных конструкций зданий и сооружений различного назначения с использованием композитных материалов. Содержит методы и правила проектирования систем внешнего армирования композитными материалами.,Свод правил,СП 164.1325800.2014_Усиление железобетонных конструкций композитными материалами. Правила проектирования (с изменением 1).pdf,Свод правил Усиление железобетонных конструкций композитными материалами. Правила проектирования,"['расчет железобетонных конструкций', 'проектирование внешних систем армирования', 'испытания композиционных материалов']","['усиление железобетонных конструкций', 'композитные материалы', 'правила проектирования', 'внешнее армирование', 'технический регламент']",русский,243,164.1325800.2014,5,85.7,0.0,Изм.1,СП 164.1325800.2014_Усиление железобетонных конструкций композитными материалами. Правила проектирования (с изменением 1).pdf,Действующий,81
"Проектирование новых, реконструкция и капитальный ремонт кровель из различных материалов в зданиях различного назначения и во всех климатических зонах Российской Федерации",Архитектура,2025-01-10,2025-08-26T03:45:36.442316+00:00,"Настоящий свод правил распространяется на проектирование, реконструкцию и капитальный ремонт кровель из битумосодержащих и полимерных материалов, а также других кровельных материалов, применяемых в зданиях различного назначения и во всех климатических зонах Российской Федерации. Включает актуализированную редакцию СНиП II-26-76 с изменениями N 1-5.",Свод правил,"СП 17.13330.2017.pdf_Кровли (с изменениями 1, 2, 3, 4, 5).pdf",СП 17.13330.2017 Кровли. Актуализированная редакция СНиП II-26-76 (с Изменениями N 1-5),"['Кровельные материалы', 'Проектирование кровель', 'Реконструкция кровель', 'Ремонт кровель']","['кровли', 'проектирование', 'реконструкция', 'капитальный ремонт', 'битумосодержащие материалы', 'полимерные материалы', 'стройматериалы']",русский,279,17.13330.2017,5,90.5,1.3,Изменения N 1-5,"СП 17.13330.2017.pdf_Кровли (с изменениями 1, 2, 3, 4, 5).pdf",Действующий,66
"Проектирование новых, реконструкция и капитальный ремонт кровель из различных материалов применяемых в зданиях различного назначения во всех климатических зонах Российской Федерации.",Кровли,2022-05-31,2025-08-26T03:45:42.903701+00:00,"Настоящий свод правил распространяется на проектирование новых, реконструкцию и капитальный ремонт кровель из битумосодержащих и полимерных рулонных материалов, мастик, хризотилцементных материалов, металлических листов и других применяемых в зданиях различных типов во всех климатических зонах РФ. Документ является актуализированной редакцией СНиП II-26-76 с изменениями N 1, 2, 3 и введен в действие с 1 декабря 2017 года.",Свод правил,"СП 17.13330.2017_Кровли (с изменениями 1, 2, 3, 4, 5).pdf","СП 17.13330.2017 Кровли. Актуализированная редакция СНиП II-26-76 (с Изменениями N 1, 2, 3)","['материалы кровель', 'технические нормы', 'строительные регламенты']","['кровли', 'проектирование', 'реконструкция', 'капитальный ремонт', 'битумосодержащие материалы', 'полимерные рулонные материалы', 'металлические материалы', 'строительство']",русский,271,17.13330.2017,5,89.7,2.0,"Изменения N 1, 2, 3","СП 17.13330.2017_Кровли (с изменениями 1, 2, 3, 4, 5).pdf",Действующий,60
"Планировочная организация земельного участка производственных объектов, генеральные планы промышленных предприятий",Производственные объекты,2019-09-17,2025-08-26T03:45:49.864123+00:00,"Свод правил СП 18.13330.2019 регулирует планировочную организацию земельного участка производственных объектов, включая генеральные планы промышленных предприятий. Документ охватывает вопросы размещения зданий и сооружений, дорог, рельефа, инженерных коммуникаций, а также требования пожарной безопасности.",Свод правил,"СП 18.13330.2019_Производственные объекты. ПОЗУ (Генеральные планы промышленных предприятий) (с изменениями 1, 2, 3, 4).pdf",Свод правил СП 18.13330.2019 Производственные объекты Планировочная организация земельного участка (Генеральные планы промышленных предприятий),"['планировка', 'земельные участки', 'промышленные объекты', 'инженерные коммуникации', 'пожарная безопасность']","['планировочная организация', 'земельный участок', 'генеральные планы', 'промышленные предприятия', 'производственные объекты', 'размещение зданий', 'инженерные коммуникации', 'пожарная безопасность']",русский,115,18.13330.2019,5,98.5,0.0,Пересмотр СП 18.13330.2011,"СП 18.13330.2019_Производственные объекты. ПОЗУ (Генеральные планы промышленных предприятий) (с изменениями 1, 2, 3, 4).pdf",Действующий,39
"Разработка планировочной организации земельного участка новых, расширяемых и реконструируемых сельскохозяйственных предприятий, включая предприятия товарной аквакультуры (товарного рыбоводства), размещаемых на отдельных земельных участках, а также земельных участках, входящих в агропромышленные кластеры и производственные зоны сельских, городских поселений, городских и муниципальных округов.",Архитектура,2022-12-19,2025-08-26T03:45:54.437861+00:00,"Данный свод правил регламентирует разработку планировочной организации земельных участков сельскохозяйственных предприятий. Документ учитывает нормативные требования федеральных законов и технических регламентов в области градостроительства, безопасности зданий и пожарной безопасности. Включает изменения, утвержденные в 2022 году.",Свод правил,СП 19.13330.2019_Сельскохозяйственные предприятия. ПОЗУ (Генеральные планы сельскохозяйственных предприятий) (с изменением 1) (3).pdf,Свод правил Сельскохозяйственные предприятия. Планировочная организация земельного участка (СНиП II-97-76*) Генеральные планы сельскохозяйственных предприятий,"['планировка земельных участков', 'сельское хозяйство', 'градостроительный кодекс', 'технические регламенты']","['сельскохозяйственные предприятия', 'планировочная организация', 'земельный участок', 'генеральные планы']",Русский,307,19.13330.2019,5,86.0,18.7,Изм.1,СП 19.13330.2019_Сельскохозяйственные предприятия. ПОЗУ (Генеральные планы сельскохозяйственных предприятий) (с изменением 1) (3).pdf,Действующий,50
"Эксплуатация помещений, зданий, сооружений, оборудования и транспорта, а также условия деятельности хозяйствующих субъектов, осуществляющих продажу товаров, выполнение работ или оказание услуг",Санитарно-эпидемиологические требования,2020-12-24,2025-08-26T03:45:59.422107+00:00,"Данный документ утверждает санитарные правила СП 2.1.3678-20, которые устанавливают санитарно-эпидемиологические требования к эксплуатации помещений, зданий, сооружений, оборудования и транспорта, а также к условиям деятельности хозяйствующих субъектов, осуществляющих продажу товаров, выполнение работ или оказание услуг. Документ устанавливает срок действия правил с 01.01.2021 по 01.01.2027 и отменяет ранее действующие нормативы.",Постановление Правительства РФ,"СП 2.1.3678-20 Требования к эксплуатации помещений, зданий, сооружений, оборудования и транспорта.pdf","Постановление Главного государственного санитарного врача Российской Федерации от 24 декабря 2020 года N 44 Об утверждении санитарных правил СП 2.1.3678-20 Санитарно-эпидемиологические требования к эксплуатации помещений, зданий, сооружений, оборудования и транспорта, а также условиям деятельности хозяйствующих субъектов, осуществляющих продажу товаров, выполнение работ или оказание услуг","['санитарные нормы', 'эпидемиологический контроль', 'санитарно-гигиенические требования', 'регулирование деятельности субъектов']","['санитарные правила', 'санитарно-эпидемиологические требования', 'эксплуатация помещений', 'продажа товаров', 'выполнение работ', 'оказание услуг']",Русский,262,44,5,95.4,0.0,,"СП 2.1.3678-20 Требования к эксплуатации помещений, зданий, сооружений, оборудования и транспорта.pdf",Действующий,58
"Устанавливает общие требования по обеспечению огнестойкости объектов защиты, в том числе зданий, сооружений и пожарных отсеков, применяется при проектировании, строительстве, капитальном ремонте и реконструкции объектов",Пожарная безопасность,2020-09-12,2025-08-26T03:46:04.422377+00:00,"Свод правил устанавливает общие требования по обеспечению огнестойкости объектов защиты, включая здания, сооружения и пожарные отсеки. Применяется при проектировании, строительстве, капитальном ремонте и реконструкции с учетом норм огнестойкости строительных конструкций и изменений класса функциональной пожарной опасности объектов.",Свод правил,СП 2.13130.2020 Системы противопожарной защиты. Обеспечение огнестойкости объектов защиты.pdf,СП 2.13130.2020 Системы противопожарной защиты. Обеспечение огнестойкости объектов защиты,"['требования огнестойкости', 'пожарная безопасность зданий', 'нормы проектирования и строительства']","['системы противопожарной защиты', 'огнестойкость', 'объекты защиты', 'проектирование', 'строительство', 'капитальный ремонт', 'реконструкция']",русский,375,2.13130.2020,5,90.1,7.1,Введен впервые,СП 2.13130.2020 Системы противопожарной защиты. Обеспечение огнестойкости объектов защиты.pdf,Действующий,33
условия труда,Охрана труда,2020-12-02,2025-08-26T03:46:10.638866+00:00,"Данное постановление утверждает санитарные правила СП 2.2.3670-20, которые устанавливают санитарно-эпидемиологические требования к условиям труда, направленные на обеспечение безопасных условий для работников. Правила обязательны для юридических лиц и индивидуальных предпринимателей, регулируют производственный контроль и санитарно-противоэпидемические мероприятия.",Постановление Правительства РФ,СП 2.2.3670-20 Санитарно-эпидемиологические требования к условиям труда.pdf,Постановление Главного государственного санитарного врача Российской Федерации от 2 декабря 2020 года N 40 Об утверждении санитарных правил СП 2.2.3670-20 Санитарно-эпидемиологические требования к условиям труда,"['санитарно-эпидемиологическое нормирование', 'гигиенические нормативы', 'безопасные условия труда']","['санитарные правила', 'санитарно-эпидемиологические требования', 'условия труда', 'производственный контроль', 'профилактические мероприятия']",русский,258,40,5,85.4,0.0,Введен впервые,СП 2.2.3670-20 Санитарно-эпидемиологические требования к условиям труда.pdf,Действующий,40
"Организации воспитания и обучения, отдыха и оздоровления детей и молодежи",Санитарно-эпидемиологические требования и правила,2020-09-28,2025-08-26T03:46:17.149792+00:00,"Постановление утверждает санитарные правила СП 2.4.3648-20, которые содержат санитарно-эпидемиологические требования к организациям, занимающимся воспитанием, обучением, отдыхом и оздоровлением детей и молодежи. Документ вводится в действие с 01.01.2021 и действует до 01.01.2027, при этом отменяются ряд предыдущих постановлений.",Постановление,"СП 2.4.3648-20 Санитарно-эпидемиологические требования к организациям воспитания и обучения, отдыха и оздоровления детей и молодежи.pdf","Постановление Главного государственного санитарного врача Российской Федерации от 28 сентября 2020 года N 28 Об утверждении санитарных правил СП 2.4.3648-20 Санитарно-эпидемиологические требования к организациям воспитания и обучения, отдыха и оздоровления детей и молодежи","['санитарно-эпидемиологические нормы', 'детские организации', 'государственное регулирование', 'санитарный контроль']","['санитарные правила', 'санитарно-эпидемиологические требования', 'организации воспитания и обучения', 'отдых и оздоровление детей и молодежи', 'утверждение']",русский,411,28,5,89.5,22.7,Введен впервые,"СП 2.4.3648-20 Санитарно-эпидемиологические требования к организациям воспитания и обучения, отдыха и оздоровления детей и молодежи.pdf",Действующий,43
Расчеты зданий и сооружений по предельным состояниям первой и второй групп,Нагрузки и воздействия,2024-09-05,2025-08-26T03:46:22.194845+00:00,"Данный свод правил устанавливает требования по назначению нагрузок, воздействий и их сочетаний при строительстве новых, расширении, реконструкции и перевооружении предприятий, зданий и сооружений. Документ пересматривает и актуализирует СНиП 2.01.07-85* и содержит общие технические требования для расчетов сооружений по предельным состояниям.",Свод правил,"СП 20.13330.2016 Нагрузки и воздействи_Нагрузки и воздействия. (С изменениями 1, 2, 3, 4, 5, 6).pdf",Свод правил Нагрузки и воздействия Актуализированная редакция СНиП 2.01.07-85*,"['назначение нагрузок', 'воздействия и сочетания', 'проектирование сооружений', 'технические требования', 'пересмотр СНиП']","['нагрузки', 'воздействия', 'строительство', 'предельные состояния', 'расчеты сооружений']",русский,306,20.13330.2016,5,86.0,1.4,Изменения N 6,"СП 20.13330.2016 Нагрузки и воздействи_Нагрузки и воздействия. (С изменениями 1, 2, 3, 4, 5, 6).pdf",Действующий,199
Проектирование зданий и сооружений на подрабатываемых территориях и просадочных грунтах,Архитектура,2017-07-10,2025-08-26T03:46:26.075451+00:00,"Настоящий свод правил устанавливает требования к проектированию зданий и сооружений на подрабатываемых территориях и просадочных грунтах. Документ актуализирует разделы по данным темам и включает изменения, утвержденные в 2017 году.",Свод правил,СП 21.13330.2012 Здания и сооружения на подрабатываемых территориях и просадочных грунтах.pdf,Свод правил Здания и сооружения на подрабатываемых территориях и просадочных грунтах Актуализированная редакция СНиП 2.01.09-91,"['Требования к проектированию', 'Актуализация нормативных документов', 'Изменения и дополнения к СНиП']","['подрабатываемые территории', 'просадочные грунты', 'проектирование зданий', 'строительство', 'СНиП 2.01.09-91']",русский,434,21.13330.2012,5,85.1,4.8,Изменение N 1,СП 21.13330.2012 Здания и сооружения на подрабатываемых территориях и просадочных грунтах.pdf,Действующий,115
"Проектирование оснований зданий и сооружений, в том числе подземных, возводимых в различных природных условиях для различных видов строительства",Основания зданий и сооружений,2023-12-07,2025-08-26T03:46:30.005776+00:00,"Данный свод правил содержит указания по проектированию оснований зданий и сооружений, включая подземные, для различных природных условий и видов строительства. Документ является актуализированной редакцией СНиП 2.02.01-83* и включает изменения, утвержденные Министерством строительства и жилищно-коммунального хозяйства Российской Федерации.",Свод правил,"СП 22.13330.2016_Основания зданий и сооружений (с изменениями 1, 2, 3, 4, 5).pdf",Свод правил Основания зданий и сооружений Актуализированная редакция СНиП 2.02.01-83*,"['проектирование оснований зданий', 'требования к основаниям', 'технические изменения и обновления']","['основания зданий', 'подземные сооружения', 'проектирование', 'строительство', 'свод правил', 'СНиП 2.02.01-83*']",Русский,390,22.13330.2016,5,83.4,4.3,"Изменения N 5, утверждены 07.12.2023","СП 22.13330.2016_Основания зданий и сооружений (с изменениями 1, 2, 3, 4, 5).pdf",Действующий,352
"Проектирование оснований морских и речных гидротехнических сооружений всех видов и классов, включая гравитационные, арочные и контрфорсные плотины, подпорные стенки, шлюзы, шельфовые и портовые сооружения, а также естественные склоны и искусственные откосы на участках расположения гидротехнических сооружений. Исключая подземные гидротехнические сооружения.",Гидротехнические сооружения,2019-07-18,2025-08-26T03:46:36.895669+00:00,"Данный свод правил регламентирует проектирование оснований гидротехнических сооружений различных типов на морских и речных объектах, учитывая требования федеральных законов и нормативных документов. Актуализированная редакция СНиП 2.02.02-85*, утверждена и введена в действие Министерством строительства и жилищно-коммунального хозяйства Российской Федерации.",Свод правил,СП 23.13330.2018_Основания гидротехнических сооружений (с изменением 1).pdf,Свод правил Основания гидротехнических сооружений Актуализированная редакция СНиП 2.02.02-85*,"['проектирование гидротехнических сооружений', 'нормативные требования', 'строительные материалы', 'лабораторные методы определения физико-механических характеристик', 'федеральное законодательство']","['гидротехнические сооружения', 'основания', 'проектирование', 'СНиП 2.02.02-85*', 'строительство', 'национальные стандарты']",Русский,469,23.13330.2018,5,84.7,2.6,"Изменение N 1, утв. Приказом Минстроя России от 18.07.2019 N 410/пр",СП 23.13330.2018_Основания гидротехнических сооружений (с изменением 1).pdf,Действующий,202
Проектирование фундаментов из разных типов свай в различных инженерно-геологических условиях и при любых видах строительства,Фундаменты,2019-01-24,2025-08-26T03:46:41.064111+00:00,"Настоящий свод правил устанавливает требования к проектированию фундаментов из разных типов свай в различных инженерно-геологических условиях и при любых видах строительства. Документ разработан и обновлен Институтом оснований и подземных сооружений им. Н.М. Герсеванова, с изменениями, утвержденными Приказами Минстроя России в 2016, 2018 и 2019 годах.",Свод правил,СП 24.13330.2011_Свайные фундаменты (с изменением 1).pdf,Свод правил Свайные фундаменты. Актуализированная редакция СНиП 2.02.03-85,"['требования к проектированию', 'свайные фундаменты', 'инженерно-геологические условия', 'строительство']","['свод правил', 'свайные фундаменты', 'проектирование фундаментов', 'инженерно-геологические условия', 'строительство', 'изменение']",Русский,673,24.13330.2011,5,78.4,1.4,Изменения N 3,СП 24.13330.2011_Свайные фундаменты (с изменением 1).pdf,Действующий,166
"Проектирование оснований и фундаментов зданий и сооружений, возводимых на территории распространения многолетнемерзлых грунтов",Основания и фундаменты,2021-07-01,2025-08-26T03:46:45.244366+00:00,"Данный свод правил содержит указания по проектированию оснований и фундаментов зданий и сооружений, в том числе подземных, возводимых на территории распространения многолетнемерзлых грунтов. Документ разработан для соблюдения требований технического регламента о безопасности зданий и сооружений.",Свод правил,СП 25.13330.2020 Основания и фундаменты на вечномерзлых грунтах (изм 1).pdf,Свод правил Основания и фундаменты на вечномерзлых грунтах СП 25.13330.2020,"['проектирование оснований', 'фундаменты', 'многолетнемерзлые грунты']","['основания', 'фундаменты', 'вечномерзлые грунты', 'проектирование', 'здания', 'сооружения']",русский,486,25.13330.2020,5,80.9,2.3,Изменение N 1,СП 25.13330.2020 Основания и фундаменты на вечномерзлых грунтах (изм 1).pdf,Действующий,208
"Проектирование фундаментов машин с динамическими нагрузками, включая машины с вращающимися частями, кузнечные молоты, формовочные машины для литейного производства, строительства и градостроительной политики",Фундаменты,2016-08-18,2025-08-26T03:46:50.109310+00:00,"Данный свод правил устанавливает нормы и требования по проектированию фундаментов машин, подвергающихся динамическим нагрузкам, включая различные типы машин с вращающимися частями и кривошипно-шатунными механизмами. Документ является актуализированной редакцией СНиП 2.02.05-87 с внесёнными изменениями, утверждёнными Приказом Минстроя России в 2016 году.",Свод правил,СП 26.13330.2012_Фундаменты машин с динамическими нагрузками (с изменением 1).pdf,Свод правил Фундаменты машин с динамическими нагрузками. Актуализированная редакция СНиП 2.02.05-87,"['Проектирование фундаментов', 'Динамические нагрузки машин', 'Нормативные требования']","['Свод правил', 'Фундаменты машин', 'Динамические нагрузки', 'Проектирование фундаментов', 'СНиП 2.02.05-87', 'СП 26.13330.2012', 'Изменение N 1', 'Министерство строительства России']",русский,458,СП 26.13330.2012,5,85.8,6.4,Изменение N 1,СП 26.13330.2012_Фундаменты машин с динамическими нагрузками (с изменением 1).pdf,Действующий,109
Работа в условиях воздействия повышенных и высоких температур,Бетонные и железобетонные конструкции,2017-01-01,2025-08-26T03:46:53.884122+00:00,"Данный свод правил утверждает требования и нормы для бетонных и железобетонных конструкций, предназначенных для работы в условиях воздействия повышенных и высоких температур. Документ актуализирует СНиП 2.03.03-84 с учетом современных требований.",Свод правил,"СП 27.13330.2017_Бетонные и железобетонные конструкции, в условиях воздействия повышенных и высоких температур (с изменениями 1, 2).pdf","СП 27.13330.2017 Бетонные и железобетонные конструкции, предназначенные для работы в условиях воздействия повышенных и высоких температур","['конструкционные материалы', 'тепловое воздействие', 'строительные нормы', 'нормирование качества конструкций']","['бетонные конструкции', 'железобетонные конструкции', 'повышенные температуры', 'высокие температуры', 'строительные нормы и правила']",Русский,424,27.13330.2017,5,90.1,10.3,Актуализированная редакция СНиП 2.03.03-84,"СП 27.13330.2017_Бетонные и железобетонные конструкции, в условиях воздействия повышенных и высоких температур (с изменениями 1, 2).pdf",Действующий,106
Защита строительных конструкций от коррозии,Строительство,2024-05-08,2025-08-26T03:47:02.102271+00:00,"Данный свод правил содержит требования и рекомендации по защите строительных конструкций от коррозии. Включает обновленную редакцию СНиП 2.03.11-85 и отражает изменения, утвержденные Минстроем России с 2017 по 2024 год.",Свод правил,"СП 28.13330.2017_Защита строительных конструкций от коррозии. (с изменениями 1, 2, 3, 4).pdf",Свод правил Защита строительных конструкций от коррозии Аккуализированная редакция СНиП 2.03.11-85,"['технический регламент', 'защита от коррозии', 'строительные материалы и конструкции']","['коррозия', 'строительные конструкции', 'защита', 'СНиП 2.03.11-85', 'строительство']",русский,300,28.13330.2017,5,81.4,71.4,Изменения N 4,"СП 28.13330.2017_Защита строительных конструкций от коррозии. (с изменениями 1, 2, 3, 4).pdf",Действующий,234
"Проектирование полов производственных, складских, жилых, общественных, административных, спортивных и бытовых зданий",Архитектура,2017-11-15,2025-08-26T03:47:05.581203+00:00,"Документ содержит требования к проектированию полов различных типов зданий. Представляет собой актуализированную редакцию СНиП 2.03.13-88 и распространяется на производства, жилые, общественные, спортивные и другие здания. Интегрирует изменения, утверждённые Приказом Минстроя России от 15.11.2017 N 1549/пр.",Свод правил,"СП 29.13330.2011_Полы. Актуализированная редакция СНиП 2.03.13-88 (с изменениями 1, 2, 3).pdf",Свод правил Полы Актуализированная редакция СНиП 2.03.13-88,"['требования к полам', 'проектирование', 'строительные нормы']","['полы', 'проектирование полов', 'СНиП 2.03.13-88', 'строительство']",русский,251,29.13330.2011,5,88.3,4.3,Изменение N 1,"СП 29.13330.2011_Полы. Актуализированная редакция СНиП 2.03.13-88 (с изменениями 1, 2, 3).pdf",Действующий,118
"системы оповещения и управления эвакуацией людей при пожарах в зданиях, сооружениях и строениях",Пожарная безопасность,2009-05-01,2025-08-26T03:47:09.428010+00:00,"Настоящий свод правил устанавливает требования пожарной безопасности к системам оповещения и управления эвакуацией людей при пожарах в зданиях, сооружениях и строениях. Документ регламентирует требования к звуковому, речевому и световому оповещению, а также классификацию систем оповещения и управления эвакуацией.",Свод правил,СП 3.13130.2009_Системы противопожарной защиты. Система оповещения при пожаре. Требования пожарной безопасности.pdf,СП 3.13130.2009 Системы противопожарной защиты Система оповещения и управления эвакуацией людей при пожаре Требования пожарной безопасности,"['требования пожарной безопасности', 'системы оповещения', 'управление эвакуацией', 'классификация систем']","['противопожарная защита', 'система оповещения', 'управление эвакуацией', 'пожарная безопасность', 'звуковое оповещение', 'речевое оповещение', 'световое оповещение']",русский,243,3.13130.2009,5,91.2,0.0,Введен впервые,СП 3.13130.2009_Системы противопожарной защиты. Система оповещения при пожаре. Требования пожарной безопасности.pdf,Действующий,10
"Внутренний водопровод и канализация вновь строящихся и реконструируемых производственных, общественных высотой не более 50 м и жилых зданий высотой не более 75 м, включая многофункциональные здания и здания одного функционального назначения","Системы водоснабжения, Системы канализации",2024-01-19,2025-08-26T03:47:13.370380+00:00,"Свод правил устанавливает требования к внутреннему водопроводу и канализации зданий различных типов высотой до 75 м, включая производственные, общественные и жилые здания. Документ содержит основные положения и исключения по применению, а также включает изменения, утвержденные Минстроем России в 2022 и 2023 годах.",Свод правил,"СП 30.13330.2020 Внутренний водопровод и канализация зданий (с Изменениями N 1, 2, 3).pdf","СП 30.13330.2020 Внутренний водопровод и канализация зданий СНиП 2.04.01-85* (с Изменениями N 1, 2, 3)","['требования к внутреннему водопроводу', 'требования к канализации', 'строительные нормативы', 'жилищное строительство', 'производственные здания', 'общественные здания']","['внутренний водопровод', 'канализация зданий', 'строительство', 'Свод правил', 'Минстрой России', 'изменения']",Русский,331,30.13330.2020,5,92.9,67.5,Изм. 3,"СП 30.13330.2020 Внутренний водопровод и канализация зданий (с Изменениями N 1, 2, 3).pdf",Действующий,95
"Проектирование вновь строящихся и реконструируемых сооружений водоподготовки и систем наружного водоснабжения поселений и городских округов, производственных и сельскохозяйственных объектов",Системы водоснабжения,2022-01-28,2025-08-26T03:47:17.097592+00:00,"Свод правил устанавливает требования к проектированию наружных сетей и сооружений водоснабжения, регулирует установки водоподготовки для поселений, городских округов, производственных и сельскохозяйственных объектов, не охватывая теплоэнергетические объекты. Утвержден Минстроем России и введен в действие с 28 января 2022 года.",Свод правил,СП 31.13330.2021 Водоснабжение. Наружные сети и сооружения (с изменением 1).pdf,Свод правил Водоснабжение. Наружные сети и сооружения СП 31.13330.2021,"['требования к проектированию', 'внешние сети водоснабжения', 'водоподготовка', 'нормативные документы', 'требования безопасности']","['водоснабжение', 'наружные сети', 'сооружения', 'водоподготовка', 'проектирование', 'технический регламент', 'ГОСТ']",русский,259,31.13330.2021,5,93.5,48.5,Пересмотр СП 31.13330.2012,СП 31.13330.2021 Водоснабжение. Наружные сети и сооружения (с изменением 1).pdf,Действующий,214
"Требования к вновь строящимся и реконструируемым системам водоотведения населенных пунктов, наружным сетям и сооружениям постоянного назначения для бытовых, поверхностных (дождевых и талых) и близких к ним по составу производственных сточных вод",Системы канализации,2024-01-29,2025-08-26T03:47:21.910335+00:00,"Свод правил устанавливает требования к системам водоотведения населенных пунктов, наружным сетям и сооружениям для бытовых, дождевых, талых и производственных сточных вод. Документ обновлен с учетом изменений Министерства строительства и жилищно-коммунального хозяйства РФ к 29 января 2024 года.",Свод правил,"СП 32.13330.2018 Канализация. Наружные сети и сооружения (с Изменениями N 1, 2, 3).pdf",СП 32.13330.2018 Канализация. Наружные сети и сооружения,"['требования к системам водоотведения', 'строительные нормы и правила', 'нормативные ссылки']","['канализация', 'наружные сети', 'сооружения', 'водоотведение', 'системы водоотведения', 'строительство', 'регулирование']",русский,409,32.13330.2018,5,92.2,76.4,Изменения N 3,"СП 32.13330.2018 Канализация. Наружные сети и сооружения (с Изменениями N 1, 2, 3).pdf",Действующий,153
Расчет на прочность стальных трубопроводов,Строительство,2022-03-18,2025-08-26T03:47:25.597959+00:00,"Свод правил содержит требования для расчета на прочность стальных трубопроводов. Документ является актуализированной редакцией СНиП 2.04.12-86 с учетом изменений, утвержденных приказами Минстроя России в 2016 и 2022 годах. Включены ссылки на нормативные документы, необходимые для применения правил.",Свод правил,"СП 33.13330.2012_Расчет на прочность стальных трубопроводов (с изменениями 1, 2).pdf",СП 33.13330.2012 Расчет на Прочность Стальных Трубопроводов,"['Расчет на прочность', 'Строительство трубопроводов', 'Техническое регулирование']","['Стальные трубопроводы', 'Расчет на прочность', 'СНиП 2.04.12-86', 'Изменения N 1', 'Изменения N 2']",русский,254,33.13330.2012,5,91.9,1.9,"Изменения N 1, Изменения N 2","СП 33.13330.2012_Расчет на прочность стальных трубопроводов (с изменениями 1, 2).pdf",Действующий,36
"Нормы проектирования на вновь строящиеся, реконструируемые и капитально ремонтируемые автомобильные дороги общего пользования, расположенные вне границ населенных пунктов. Не распространяется на городские улицы и дороги, улицы и дороги сельских поселений, временные дороги, парковые дороги, дороги промышленных предприятий и автозимники.",Автомобильные дороги,2021-08-10,2025-08-26T03:47:32.914582+00:00,"Документ устанавливает нормы проектирования для автомобильных дорог общего пользования вне границ населенных пунктов. Включает требования с учетом федеральных законов и технических регламентов, направленных на безопасность и качество автомобильных дорог.",Свод правил,СП 34.13330.2021_Автомобильные дороги.pdf,Свод правил Автомобильные дороги СП 34.13330.2021,"['нормы проектирования', 'автомобильные дороги', 'безопасность', 'технический регламент']","['автомобильные дороги', 'проектирование', 'безопасность', 'технический регламент', 'строительство']",русский,286,34.13330.2021,5,92.1,0.2,Пересмотр,СП 34.13330.2021_Автомобильные дороги.pdf,Действующий,144
"Проектирование новых, реконструируемых и подлежащих капитальному ремонту мостовых сооружений и труб под насыпями",Мосты и трубы,2024-09-20,2025-08-26T03:47:37.135366+00:00,"Свод правил СП 35.13330.2011 устанавливает нормы по проектированию новых, реконструируемых и подлежащих капитальному ремонту мостовых сооружений и труб под насыпями. Документ направлен на повышение уровня безопасности людей и сохранности материальных ценностей, гармонизацию с европейскими и международными нормативными документами, а также применение единых методов определения и оценки эксплуатационных характеристик.",Свод правил,"СП 35.13330.2011_Мосты и трубы. Актуализированная редакция СНиП 2.05.03-84 (с изменениями 1, 2, 3, 4, 5).pdf",Свод правил СП 35.13330.2011 Мосты и трубы Актуализированная редакция СНиП 2.05.03-84*,"['проектирование мостовых сооружений', 'технические регламенты', 'безопасность зданий и сооружений', 'гармонизация нормативных требований']","['мосты', 'трубы', 'проектирование', 'безопасность', 'реконструкция', 'капитальный ремонт', 'нормы', 'эксплуатационные характеристики']",русский,414,35.13330.2011,5,84.6,0.3,Изм.5,"СП 35.13330.2011_Мосты и трубы. Актуализированная редакция СНиП 2.05.03-84 (с изменениями 1, 2, 3, 4, 5).pdf",Действующий,672
"Проектирование и эксплуатация магистральных трубопроводов и ответвлений, капитальный ремонт магистральных газопроводов номинальным диаметром до DN 1400 включительно, с избыточным давлением среды от 1,2 до 10 МПа включительно.",Трубопроводы,2022-05-31,2025-08-26T03:47:42.806577+00:00,"Данный свод правил устанавливает требования для проектирования новых и реконструируемых магистральных трубопроводов и ответвлений, а также капитального ремонта магистральных газопроводов. Включает нормативы по транспортированию нефти, нефтепродуктов, природного и искусственного газа, сжиженных углеводородных газов.",Свод правил,СП 36.13330.2012_Магистральные трубопроводы (2).pdf,Свод правил Магистральные трубопроводы Актуализированная редакция СНиП 2.05.06-85*,"['трубопроводы', 'транспортировка углеводородов', 'проектирование', 'эксплуатация', 'ремонт']","['магистральные трубопроводы', 'проектирование трубопроводов', 'капитальный ремонт', 'нефть', 'нефтепродукты', 'природный газ', 'сжиженные углеводородные газы']",русский,292,36.13330.2012,5,92.2,69.6,"Изменения N 4, утв. Приказом Минстроя России от 31.05.2022 N 434/пр",СП 36.13330.2012_Магистральные трубопроводы (2).pdf,Действующий,153
Магистральные трубопроводы,Трубопроводы,2013-07-01,2025-08-26T03:47:46.610056+00:00,"Данный свод правил устанавливает требования к проектированию, строительству и эксплуатации магистральных трубопроводов, включая энергетическую эффективность. Документ актуализирован и введен в действие с 1 июля 2013 года.",Свод правил,СП 36.13330.2012_Магистральные трубопроводы.pdf,Свод правил СП 36.13330.2012 Магистральные трубопроводы,"['требования к трассе трубопровода', 'классификация магистральных трубопроводов', 'термины и определения', 'нормативные ссылки']","['магистральные трубопроводы', 'энергетическая эффективность', 'проектирование', 'строительство', 'эксплуатация']",Русский,304,36.13330.2012,5,95.7,7.0,Актуализированная редакция,СП 36.13330.2012_Магистральные трубопроводы.pdf,Действующий,97
,Промышленный транспорт,2023-12-14,2025-08-26T03:47:50.704899+00:00,"Настоящий свод правил представляет собой актуализированную редакцию СНиП 2.05.07-91*, содержит правила по проектированию объектов промышленного транспорта и разработан в развитие требований СНиП 2.05.07-91*. В своде правил приведены основные правила и требования, предъявляемые при проектировании и реконструкции сооружений промышленного транспорта.",Свод правил,"СП 37.13330.2012_Промышленный транспорт (с изменениями 1, 2, 3, 4, 5, 6, 7).pdf",Свод правил Промышленный транспорт. Актуализированная редакция СНиП 2.05.07-91*,"['проектирование объектов промышленного транспорта', 'требования СНиП', 'реконструкция сооружений']","['Промышленный транспорт', 'СНиП 2.05.07-91', 'проектирование', 'реконструкция', 'строительство', 'нормативы']",Русский,322,37.13330.2012,5,85.2,3.8,"Изменение N 7, утв. Приказом Минстроя России от 14.12.2023 N 919/пр","СП 37.13330.2012_Промышленный транспорт (с изменениями 1, 2, 3, 4, 5, 6, 7).pdf",Действующий,385
"Проектирование, реконструкция и ремонт речных и морских гидротехнических сооружений",Гидротехника,2021-12-15,2025-08-26T03:47:54.036774+00:00,"Настоящий свод правил распространяется на проектирование, реконструкцию и ремонт речных и морских гидротехнических сооружений, устанавливая требования к расчетному обоснованию их надежности и безопасности. Включает требования по нагрузкам и воздействиям от волн, льда и судов.",Свод правил,"СП 38.13330.2018_Нагрузки и воздействия на гидротехнические сооружения (волновые, ледовые и от судов) (с изменением 1).pdf","Свод правил Нагрузки и воздействия на гидротехнические сооружения (волновые, ледовые и от судов)","['нагрузки на гидротехнические сооружения', 'влияние природных факторов', 'безопасность сооружений']","['гидротехнические сооружения', 'нагрузки', 'воздействия', 'волновые нагрузки', 'ледовые нагрузки', 'воздействия от судов', 'проектирование', 'реконструкция', 'безопасность']",Русский,253,38.13330.2018,5,84.9,3.7,Изменение N 1,"СП 38.13330.2018_Нагрузки и воздействия на гидротехнические сооружения (волновые, ледовые и от судов) (с изменением 1).pdf",Действующий,205
Возведение и эксплуатация плотин из грунтовых материалов,Строительство,2013-01-01,2025-08-26T03:47:57.982835+00:00,"Данный свод правил регламентирует требования к проектированию, возведению и эксплуатации плотин из грунтовых материалов. Включает общие положения, нормы расчета, требования к охране окружающей среды и методы контроля состояния сооружений.",Свод правил,"СП 39.13330.2012_Плотины из грунтовых материалов (с изменениями 1, 2, 3, 4).pdf",Свод правил СП 39.13330.2012 Плотины из грунтовых материалов,"['Общие положения', 'Земляные насыпные и намывные плотины', 'Каменно-земляные плотины', 'Требования к охране окружающей среды', 'Расчеты и контроль состояния сооружений']","['плотины', 'грунтовые материалы', 'строительство', 'охрана окружающей среды', 'расчет плотин', 'контроль сооружений']",русский,416,39.13330.2012,5,93.5,4.4,Актуализированная редакция,"СП 39.13330.2012_Плотины из грунтовых материалов (с изменениями 1, 2, 3, 4).pdf",Действующий,90
"Объекты защиты при проектировании, строительстве, изменении функционального назначения, реконструкции, капитальном ремонте и техническом перевооружении в части ограничения распространения пожара",Пожарная безопасность,2023-06-27,2025-08-26T03:48:03.074399+00:00,"Данный свод правил устанавливает требования к объемно-планировочным и конструктивным решениям для ограничения распространения пожара на объектах защиты. Он распространяется на проектирование, строительство и реконструкцию объектов, кроме зданий с особыми условиями и объектами специального назначения.",Свод правил,"СП 4.13130.2013_Системы противопожарной защиты. Ограничение распространения пожара (с изменениями 1, 2, 3, 4).pdf",СП 4.13130.2013 Системы противопожарной защиты Ограничение распространения пожара на объектах защиты Требования к объемно-планировочным и конструктивным решениям,"['требования пожарной безопасности', 'проектирование зданий', 'строительство', 'реконструкция', 'капитальный ремонт', 'техническое перевооружение']","['свод правил', 'системы противопожарной защиты', 'ограничение распространения пожара', 'объемно-планировочные решения', 'конструктивные решения', 'объекты защиты']",Русский,312,4.13130.2013,5,86.6,18.0,"Изменения N 4, утв. Приказом МЧС России от 27.06.2023 N 659","СП 4.13130.2013_Системы противопожарной защиты. Ограничение распространения пожара (с изменениями 1, 2, 3, 4).pdf",Действующий,227
"Проектирование строящихся и реконструируемых бетонных и железобетонных плотин, входящих в состав энергетических, воднотранспортных и мелиоративных гидроузлов, систем водоснабжения, водоочистки, переброски стока и борьбы с наводнениями, а также гидроузлов комплексного назначения. Особые требования при проектировании в сейсмических районах, в условиях распространения просадочных, набухающих и закарстованных грунтов, в северной строительно-климатической зоне и приравненных по природно-климатическим условиям районах.",Строительство,2019-12-02,2025-08-26T03:48:09.287974+00:00,"Данный свод правил представляет собой актуализированную редакцию СНиП 2.06.06-85 и предназначен для проектирования бетонных и железобетонных плотин. Документ учитывает требования Федерального закона о техническом регулировании и содержит изменения, утвержденные приказами Минстроя России в 2018 и 2019 годах.",Свод правил,СП 40.13330.2012_Плотины бетонные и железобетонные.pdf,СП 40.13330.2012 Плотины бетонные и железобетонные. Актуализированная редакция СНиП 2.06.06-85,"['проектирование', 'бетонные плотины', 'железобетонные плотины', 'строительство гидроузлов', 'нормативные документы']","['плотины бетонные', 'плотины железобетонные', 'СНиП 2.06.06-85', 'актуализация', 'Технический регламент о безопасности зданий и сооружений']",русский,409,40.13330.2012,5,85.6,0.0,Изменения N 2,СП 40.13330.2012_Плотины бетонные и железобетонные.pdf,Действующий,126
"Проектирование тепловых пунктов, предназначенных для присоединения к тепловым сетям систем отопления, вентиляции, кондиционирования воздуха, горячего водоснабжения и технологических теплоиспользующих установок промышленных и сельскохозяйственных предприятий, жилых и общественных зданий",Отопление,1996-07-01,2025-08-26T03:48:14.533238+00:00,"Свод правил содержит требования, рекомендации и справочные материалы по проектированию и строительству тепловых пунктов. Включает требования к объемно-планировочным и конструктивным решениям, расчету и подбору оборудования, приборов учета, контроля и автоматизации, а также сведения по трубам и арматуре. Правила направлены на обеспечение экономичных проектных решений и экономии тепловой энергии.",Свод правил,СП 41-101-95 «Проектирование тепловых пунктов».pdf,СП 41-101-95 Проектирование тепловых пунктов,"['технические требования', 'проектирование тепловых пунктов', 'оборудование тепловых пунктов', 'экономия тепловой энергии']","['тепловые пункты', 'проектирование', 'тепловые сети', 'отопление', 'вентиляция', 'кондиционирование', 'горячее водоснабжение', 'автоматизация', 'теплоноситель', 'арматура']",русский,418,41-101-95,5,71.9,0.0,,СП 41-101-95 «Проектирование тепловых пунктов».pdf,Действующий,193
"Проектирование вновь строящихся, реконструируемых и ремонтируемых речных и морских бетонных и железобетонных гидротехнических сооружений всех классов, входящих в состав энергетических и водно-транспортных гидроузлов; сооружений для борьбы с наводнениями и защиты территории от затопления и подтопления; расчетная оценка состояния эксплуатируемых сооружений",Гидротехнические сооружения,2018-11-28,2025-08-26T03:48:21.653626+00:00,"Настоящий свод правил является актуализированной редакцией СНиП 2.06.08-87, регламентирующей проектирование и оценку бетонных и железобетонных конструкций гидротехнических сооружений. Документ разработан в соответствии с Федеральным законом N 384-ФЗ и содержит нормативные требования к строительству и ремонту гидротехнических объектов, включая дополнительные требования для сейсмических и специфических грунтовых зон.",Свод правил,СП 41.13330.2012 Бетонные и железобетонные конструкции гидротехнических сооружений.pdf,Свод правил. Бетонные и железобетонные конструкции гидротехнических сооружений. Актуализированная редакция СНиП 2.06.08-87,"['проектирование', 'нормативные требования', 'оценка состояния сооружений', 'безопасность гидротехнических сооружений']","['бетонные конструкции', 'железобетонные конструкции', 'гидротехнические сооружения', 'проектирование', 'реконструкция', 'ремонт', 'строительство', 'безопасность зданий и сооружений']",Русский,370,41.13330.2012,5,85.1,0.5,"Изменение N 1, 2018",СП 41.13330.2012 Бетонные и железобетонные конструкции гидротехнических сооружений.pdf,Действующий,117
Проектирование новых и развитие существующих городских и сельских населенных пунктов и иных территорий муниципальных образований на территории Российской Федерации,Градостроительство,2022-06-09,2025-08-26T03:48:26.054649+00:00,Данный свод правил установлен для регламентации требований к планировке и застройке городских и сельских поселений в Российской Федерации. Документ актуализирован на базе СНиП 2.07.01-89* и направлен на повышение безопасности и энергосбережения в градостроительстве.,Свод правил,"СП 42.13330.2016_Градостроительство. Планировка и застройка городских и сельских поселений (с изменениями 1, 2, 3, 4).pdf",Свод правил Градостроительство Планировка и застройка городских и сельских поселений Актуализированная редакция СНиП 2.07.01-89*,"['правила планировки', 'застройка населённых пунктов', 'требования безопасности', 'энергетическая эффективность']","['градостроительство', 'планировка', 'застройка', 'городские поселения', 'сельские поселения', 'безопасность', 'энергосбережение']",русский,470,42.13330.2016,5,83.3,3.5,"Изменения N 3, утв. Приказом Минстроя России от 09.06.2022","СП 42.13330.2016_Градостроительство. Планировка и застройка городских и сельских поселений (с изменениями 1, 2, 3, 4).pdf",Действующий,219
Строительство промышленных предприятий,Сооружения промышленных предприятий,2024-12-02,2025-08-26T03:48:32.546429+00:00,"Настоящий нормативный документ представляет собой актуализированную редакцию СНиП 2.09.03-85, устанавливающую требования и правила по сооружениям промышленных предприятий. Документ разработан на основе федеральных законов о техническом регулировании и пожарной безопасности, предназначен для проектирования и строительства промышленных зданий.",Свод правил,"СП 43.13330.2012_Сооружения промышленных предприятий (с изменениями 1, 2, 3, 4, 5).pdf",Свод правил Сооружения промышленных предприятий Актуализированная редакция СНиП 2.09.03-85,"['Проектирование сооружений', 'Техническое регулирование', 'Строительство промышленных предприятий']","['Свод правил', 'Сооружения промышленных предприятий', 'СНиП 2.09.03-85', 'актуализация', 'технические регламенты', 'пожарная безопасность']",русский,364,43.13330.2012,5,81.8,1.1,"Изменения N 5, утв. Приказом Минстроя России от 02.12.2024 N 819/пр","СП 43.13330.2012_Сооружения промышленных предприятий (с изменениями 1, 2, 3, 4, 5).pdf",Действующий,180
"Проектирование административных и бытовых зданий высотой до 50 м, включая новые, расширяемые и реконструируемые производственные предприятия промышленности различных форм собственности",Административные и бытовые здания,2021-12-07,2025-08-26T03:48:38.520075+00:00,"Настоящий свод правил предназначен для проектирования административных и бытовых зданий с целью повышения безопасности людей и сохранности материальных ценностей, а также повышения энергетической эффективности и гармонизации с европейскими и международными требованиями. Включает нормативы, учитывающие пожарную безопасность и особенности труда инвалидов.",Свод правил,"СП 44.13330.2011_Административные и бытовые здания (с изменениями 1, 2, 3, 4).pdf",Свод правил Административные и бытовые здания Актуализированная редакция СНиП 2.09.04-87 Office and social buildings СП 44.13330.2011,"['повышение уровня безопасности', 'энергосбережение и энергетическая эффективность', 'государственные нормативы', 'проектирование зданий']","['административные здания', 'бытовые здания', 'проектирование', 'безопасность зданий', 'энергосбережение', 'пожарная безопасность', 'труд инвалидов']",русский,275,44.13330.2011,5,93.4,0.0,"Изменения N 4, утв. Приказом Минстроя России от 07.12.2021 N 905/пр","СП 44.13330.2011_Административные и бытовые здания (с изменениями 1, 2, 3, 4).pdf",Действующий,47
"Производство и приемка земляных работ, устройство оснований и фундаментов при строительстве новых, реконструкции зданий и сооружений","Земляные сооружения, основания и фундаменты",2021-12-16,2025-08-26T03:48:43.785325+00:00,"Данный свод правил содержит указания по производству и оценке соответствия земляных работ, устройству оснований и фундаментов при строительстве новых и реконструкции зданий и сооружений. Включает актуализированную редакцию СНиП 3.02.01-87 с изменениями, утвержденными Минстроем России, и распространяется на производство и приемку земляных работ, оснований и фундаментов.",Свод правил,"СП 45.13330.2017_Земляные сооружения, основания и фундаменты (с изменениями 1, 2, 3) (2).pdf","Свод правил Земляные сооружения, основания и фундаменты. Актуализированная редакция СНиП 3.02.01-87","['производство земляных работ', 'устройство оснований и фундаментов', 'оценка соответствия', 'строительство зданий и сооружений', 'реконструкция']","['земляные работы', 'устройство оснований', 'фундаменты', 'строительство', 'реконструкция', 'СП 45.13330.2017', 'СНиП 3.02.01-87']",русский,245,45.13330.2017,5,92.8,1.2,Изменения N 3,"СП 45.13330.2017_Земляные сооружения, основания и фундаменты (с изменениями 1, 2, 3) (2).pdf",Действующий,282
"Правила выполнения и приемки работ при сооружении новых, реконструкции и капитальном ремонте постоянных мостов и труб под насыпи железных дорог, линий метрополитена и трамвая, автомобильных дорог на улицах и дорогах населенных пунктов",Строительство,2023-12-28,2025-08-26T03:48:51.264932+00:00,"Настоящий свод правил содержит требования для выполнения и приемки работ при сооружении, реконструкции и капитальном ремонте мостовых сооружений и труб в различных транспортных и городских условиях. Актуализированная редакция СНиП 3.06.04-91 с учётом изменений и дополнений вплоть до 2023 года.",Свод правил,"СП 46.13330.2012_Мосты и трубы (с изменениями 1, 2, 3,4, 5).pdf",Свод правил МОСТЫ И ТРУБЫ Актуализированная редакция СНиП 3.06.04-91,"['нормы строительства мостов', 'технические требования к трубам', 'реконструкция и ремонт мостов', 'технические стандарты']","['мосты', 'трубы', 'строительство', 'реконструкция', 'капитальный ремонт', 'железные дороги', 'метрополитен', 'трамвай', 'автомобильные дороги', 'пересмотр', 'нормативы']",Русский,287,СП 46.13330.2012,5,94.7,5.6,"Изменения N 5, утв. Приказом Минстроя России от 28.12.2023 N 1013/пр","СП 46.13330.2012_Мосты и трубы (с изменениями 1, 2, 3,4, 5).pdf",Действующий,279
Организация строительства,Строительство,2025-05-22,2025-08-26T03:48:55.724129+00:00,"Свод правил СП 48.13330.2019 разработан для обеспечения соблюдения требований технических регламентов и государственных законов, регулирующих безопасность зданий и сооружений, техническое регулирование, энергосбережение, строительство, охрану культурного наследия и другие аспекты строительства и градостроительства.",Свод правил,"СП 48.13330.2019 Организация строительства (с изм. № 1, 2) (изм. на 21.04.2025).pdf","СП 48.13330.2019 Организация строительства СНиП 12-01-2004 (с Изменениями N 1, 2)","['Техническое регулирование', 'Строительство', 'Организация строительных процессов', 'Соответствие федеральным законам']","['Организация строительства', 'Технический регламент', 'Безопасность зданий и сооружений', 'Энергосбережение', 'Градостроительство', 'Строительство']",русский,124,48.13330.2019,5,98.0,7.5,"Изменения N 1, 2","СП 48.13330.2019 Организация строительства (с изм. № 1, 2) (изм. на 21.04.2025).pdf",Действующий,35
Нормы и правила проектирования автоматических установок пожаротушения и сигнализации для зданий и сооружений различного назначения,Пожарная безопасность,2011-06-20,2025-08-26T03:49:00.153074+00:00,"Документ устанавливает нормы и правила проектирования автоматических установок пожаротушения и пожарной сигнализации для зданий и сооружений различного назначения. Введен впервые в 2009 году и содержит Изменение N 1, утвержденное в 2011 году. Является нормативным документом по пожарной безопасности в рамках технического регулирования в Российской Федерации.",Свод правил,СП 5.13130.2009 Системы противопожарной защиты. Установки пожарной сигнализации и пожаротушения..pdf,СП 5.13130.2009 Системы противопожарной защиты. Установки пожарной сигнализации и пожаротушения автоматические. Нормы и правила проектирования (с Изменением N 1),"['проектирование автоматических установок пожаротушения', 'проектирование установок пожарной сигнализации', 'пожарная безопасность', 'информационное регулирование в области пожарной безопасности']","['Системы противопожарной защиты', 'Установки пожарной сигнализации', 'Установки пожаротушения автоматические', 'Нормы и правила проектирования', 'Пожарная безопасность']",русский,200,5.13130.2009,5,96.2,4.6,Изменение N 1,СП 5.13130.2009 Системы противопожарной защиты. Установки пожарной сигнализации и пожаротушения..pdf,Действующий,121
Тепловая защита зданий и сооружений,Тепловая защита,2024-06-15,2025-08-26T03:49:07.984388+00:00,Этот свод правил устанавливает требования к тепловой защите зданий и сооружений с целью повышения уровня безопасности людей и сохранности материальных ценностей. Документ обновлен для гармонизации с европейскими и международными нормативами и содержит методы определения эксплуатационных характеристик и оценки тепловой защиты.,Свод правил,СП 50.13330.2024 Тепловая защита зданий.pdf,Свод правил СП 50.13330.2024 Тепловая защита зданий,"['тепловая защита зданий', 'теплоустойчивость ограждающих конструкций', 'воздухопроницаемость', 'защита от переувлажнения', 'энергетический паспорт']","['тепловая защита', 'здания', 'теплоустойчивость', 'воздухопроницаемость', 'переувлажнение', 'энергопаспорт', 'теплопередача']",русский,166,50.13330.2024,5,92.2,0.8,Актуализированная редакция,СП 50.13330.2024 Тепловая защита зданий.pdf,Действующий,97
"Нормируемые параметры оценки шумового режима на рабочих местах производственных зданий, в помещениях жилых и общественных зданий, на территориях жилой застройки; акустические расчеты и методы снижения уровней шума; акустическое качество помещений театральных, киноконцертных, спортивных залов",Защита от шума,2023-12-12,2025-08-26T03:49:14.565070+00:00,"Настоящий свод правил устанавливает параметры оценки шумового режима, допустимые значения, порядок проведения акустических расчетов, методы и средства снижения уровней шума, а также требования к акустическому качеству специализированных залов. Документ актуализирован и включает изменения, утвержденные Минстроем России до 2023 года.",Свод правил,"СП 51.13330.2011_Защита от шума (с изменениями 1, 2, 3, 4).pdf",Свод правил Защита от шума Актуализированная редакция СНиП 23-03-2003,"['шумовой режим на рабочих местах', 'оценка шумового режима', 'акустические методы', 'санитарные нормы', 'театральные и киноконцертные залы']","['шумовой режим', 'акустические расчеты', 'снижение шума', 'допустимые значения шума', 'акустическое качество']",Русский,345,51.13330.2011,5,89.9,0.0,"Изменения N 4, утв. Приказом Минстроя России от 12.12.2023 N 909/пр","СП 51.13330.2011_Защита от шума (с изменениями 1, 2, 3, 4).pdf",Действующий,100
"Нормы естественного, искусственного и совмещенного освещения зданий и сооружений, а также нормы искусственного освещения селитебных территорий, площадок предприятий и мест производства работ вне зданий",Естественное и искусственное освещение,2017-05-08,2025-08-26T03:49:19.129421+00:00,"Свод правил устанавливает требования и нормы по естественному и искусственному освещению зданий и сооружений, включая селитебные территории и производственные площадки. Актуализированная редакция СНиП 23-05-95*. Документ соответствует целям федеральных законов о безопасности зданий, техническом регулировании, энергосбережении и энергетической эффективности.",Свод правил,"СП 52.13330.2016_Естественное и искусственное освещение (с изменениями 1, 2).pdf",Свод правил Естественное и искусственное освещение Актуализированная редакция СНиП 23-05-95*,"['требования освещения', 'безопасность зданий', 'энергетическая эффективность']","['естественное освещение', 'искусственное освещение', 'СНиП', 'строительство', 'энергосбережение', 'технический регламент']",русский,246,52.13330.2016,5,85.2,1.1,"в ред. Изменения N 1 от 20.11.2019, Изменение N 2 от 28.12.2021","СП 52.13330.2016_Естественное и искусственное освещение (с изменениями 1, 2).pdf",Действующий,207
"Проектирование планировки и застройки территории садоводства, а также зданий и сооружений, находящихся на этой территории",Планировка и застройка территории,2023-01-16,2025-08-26T03:49:25.438245+00:00,"Данный свод правил регламентирует проектирование планировки и застройки территорий садоводства, а также зданий и сооружений на этих территориях, с учетом изменений, утверждённых приказом Минстроя России от 16.01.2023. Не распространяется на проектирование территории огородничества.",Свод правил,СП 53.13330.2019_Планировка и застройка территории ведения гражданами садоводства. Здания и сооружения (с изменением 1).pdf,Свод правил Планировка и застройка территории ведения гражданами садоводства. Здания и сооружения (СНиП 30-02-97*),"['проектирование планировки', 'застройка садоводческих территорий', 'связанные здания и сооружения', 'нормативные ссылки']","['планировка территории', 'застройка', 'садоводство', 'здания', 'сооружения', 'СНиП 30-02-97*', 'проекты', 'нормативные документы']",русский,357,53.13330.2019,5,89.7,0.0,Изменение N 1,СП 53.13330.2019_Планировка и застройка территории ведения гражданами садоводства. Здания и сооружения (с изменением 1).pdf,Действующий,27
"Проектирование новых и реконструируемых многоквартирных жилых зданий (в том числе блокированных) высотой до 75 м для малоэтажной, среднеэтажной и многоэтажной застройки, включая общежития квартирного типа и жилые помещения в зданиях другого функционального назначения",Архитектура,2024-12-27,2025-08-26T03:49:30.739914+00:00,"Пересмотр свода правил, регулирующего проектирование многоквартирных жилых зданий с учетом требований технических регламентов по безопасности зданий, пожарной безопасности и энергоэффективности. Включает нормативные ссылки на ГОСТы и устанавливает область применения для различных типов жилых зданий.",Свод правил,"СП 54.13330.2022_Здания жилые многоквартирные (с изменениями 1, 2).pdf",Свод правил Здания жилые многоквартирные СП 54.13330.2022,"['технический регламент безопасности зданий', 'проектирование жилых зданий', 'нормативные документы ГОСТ']","['многоквартирные жилые здания', 'проектирование', 'технический регламент', 'пожарная безопасность', 'энергосбережение', 'архитектура']",русский,318,54.13330.2022,5,91.6,0.0,"Изменения N 2, утв. Приказом Минстроя России от 27.12.2024 N 938/пр","СП 54.13330.2022_Здания жилые многоквартирные (с изменениями 1, 2).pdf",Действующий,82
Дома жилые одноквартирные,Архитектура,2023-05-17,2025-08-26T03:49:34.803864+00:00,"Документ представляет собой свод правил, регулирующий строительство одноквартирных жилых домов. Включены изменения, направленные на повышение безопасности зданий, энергоэффективности, соответствие техническим регламентам и международным требованиям.",Свод правил,"СП 55.13330.2016_Дома жилые одноквартирные (с изменениями 1, 2).pdf",Свод правил Дома жилые одноквартирные,"['технические регламенты', 'энергосбережение', 'пожарная безопасность', 'архитектурное проектирование']","['жилые дома', 'одноквартирные дома', 'строительство', 'безопасность', 'энергосбережение']",Русский,424,55.13330.2016,5,91.5,4.7,Изменение N 2,"СП 55.13330.2016_Дома жилые одноквартирные (с изменениями 1, 2).pdf",Действующий,38
Доступность зданий и сооружений для маломобильных групп населения,Доступность зданий и сооружений,2023-12-21,2025-08-26T03:49:39.337800+00:00,"Свод правил регламентирует требования к доступности зданий и сооружений для маломобильных групп населения, включая принципы универсального проектирования. Документ пересматривает и заменяет СП 59.13330.2016 с внесенными изменениями 2022 и 2023 годов. Разработан в соответствии с российским законодательством и Конвенцией ООН о правах инвалидов.",Свод правил,"СП 59.13330.2020 Доступность зданий и сооружений для маломобильных групп населения СНиП 35-01-2001 (с Изменениями N 1, 2).pdf","СП 59.13330.2020 Доступность зданий и сооружений для маломобильных групп населения СНиП 35-01-2001 (с Изменениями N 1, 2)","['требования к доступности', 'универсальный дизайн', 'проектирование и строительство', 'социальная защита инвалидов']","['доступность', 'маломобильные группы населения', 'универсальный проект', 'инвалиды', 'здания и сооружения', 'СП 59.13330.2020', 'СП 59.13330.2016']",русский,382,59.13330.2020,5,91.1,5.9,"Изменения N 1, 2","СП 59.13330.2020 Доступность зданий и сооружений для маломобильных групп населения СНиП 35-01-2001 (с Изменениями N 1, 2).pdf",Действующий,53
Проектирование и монтаж низковольтного электрооборудования систем противопожарной защиты зданий и сооружений,Пожарная безопасность,2021-10-06,2025-08-26T03:49:43.385777+00:00,"Свод правил устанавливает требования к питанию электроприемников, линиям связи, электрооборудованию систем противопожарной защиты зданий и сооружений. Предназначен для применения при проектировании и монтаже низковольтного электрооборудования систем противопожарной защиты в новых и реконструируемых зданиях и сооружениях.",Свод правил,СП 6.13130.2021 Системы противопожарной защиты. Электроустановки низковольтные. Требования пожарной безопасности.pdf,СП 6.13130.2021 Системы противопожарной защиты. Электроустановки низковольтные. Требования пожарной безопасности,"['требования к питанию электроприемников', 'линии связи', 'электрооборудование', 'проекты систем противопожарной защиты']","['противопожарная защита', 'электроустановки низковольтные', 'требования пожарной безопасности', 'проектирование', 'монтаж', 'электрооборудование']",русский,295,6.13130.2021,5,93.6,7.3,Введен впервые,СП 6.13130.2021 Системы противопожарной защиты. Электроустановки низковольтные. Требования пожарной безопасности.pdf,Действующий,7
"Безопасность зданий и сооружений, энергосбережение и повышение энергетической эффективности","Отопление, вентиляция, кондиционирование",2025-03-01,2025-08-26T03:49:47.024426+00:00,"Свод правил регулирует требования к отоплению, вентиляции и кондиционированию воздуха в зданиях и сооружениях с целью обеспечения безопасности, пожарной безопасности и энергосбережения согласно федеральным законам и техническим регламентам. Документ включает поправки и изменения, введённые в период с 2021 по 2025 год.",Свод правил,"СП 60.13330.2020 Отопление, вентиляция и кондиционирование воздуха. (с Поправкой, с изм. №1-5) (изм. на 17.01.2025).pdf","СП 60.13330.2020 Отопление, вентиляция и кондиционирование воздуха СНиП 41-01-2003 (с Поправкой, с Изменениями № 1-5)","['Обеспечение безопасности зданий и сооружений', 'Требования федеральных законов', 'Энергетическая эффективность']","['Отопление', 'Вентиляция', 'Кондиционирование воздуха', 'Технический регламент', 'Пожарная безопасность', 'Энергосбережение']",русский,466,60.13330.2020,5,91.1,5.3,Изменения № 1-5,"СП 60.13330.2020 Отопление, вентиляция и кондиционирование воздуха. (с Поправкой, с изм. №1-5) (изм. на 17.01.2025).pdf",Действующий,109
Тепловая изоляция оборудования и трубопроводов,Отопление,2023-12-29,2025-08-26T03:49:50.922337+00:00,"Документ содержит требования к теплоизоляционным материалам, изделиям и конструкциям, правила проектирования тепловой изоляции, нормы плотности теплового потока с изолируемых поверхностей оборудования и трубопроводов с различными температурами, а также методы расчета толщины тепловой изоляции. Актуализированная редакция СНиП 41-03-2003.",Свод правил,"СП 61.13330.2012 Тепловая изоляция оборудования и трубопроводов (с Изменениями N 1, 2).pdf",СП 61.13330.2012 Тепловая изоляция оборудования и трубопроводов. Актуализированная редакция СНиП 41-03-2003,"['требования к материалам', 'правила проектирования', 'нормы плотности теплового потока', 'методы расчета толщины изоляции']","['тепловая изоляция', 'оборудование', 'трубопроводы', 'проектирование', 'теплоизоляционные материалы', 'толщина изоляции', 'тепловой поток']",Русский,472,61.13330.2012,5,85.7,3.5,"Изменения N 1, 2","СП 61.13330.2012 Тепловая изоляция оборудования и трубопроводов (с Изменениями N 1, 2).pdf",Действующий,59
Требования к проектированию и эксплуатации газораспределительных систем,Газораспределительные системы,2021-12-27,2025-08-26T03:49:54.845481+00:00,"Данный свод правил устанавливает требования безопасности и технические нормы, соответствующие федеральным законам и техническим регламентам в области газораспределительных систем. В редакции учтены изменения, утвержденные приказами Минстроя России в 2012, 2016, 2019 и 2021 годах.",Свод правил,"СП 62.13330.2011 Газораспределительные системы (с изменениями №1, №2, №3, №4).pdf",Свод правил Газораспределительные системы Акутализированная редакция СНиП 42-01-2002 Gas distribution systems СП 62.13330.2011*,"['требования безопасности', 'технические нормы', 'изменения и обновления нормативов']","['газораспределительные системы', 'технический регламент', 'пожарная безопасность', 'энергосбережение', 'СНиП 42-01-2002']",Русский,337,62.13330.2011*,5,84.2,22.4,Изменения N 4 (2021),"СП 62.13330.2011 Газораспределительные системы (с изменениями №1, №2, №3, №4).pdf",Действующий,141
"Проектирование бетонных и железобетонных конструкций зданий и сооружений различного назначения, эксплуатируемых в климатических условиях Российской Федерации",Строительство,2021-12-20,2025-08-26T03:49:58.084758+00:00,Настоящий свод правил устанавливает требования к расчету и проектированию бетонных и железобетонных конструкций промышленных и гражданских зданий и сооружений из различных видов бетонов с учетом климатических условий РФ. Документ разработан с учетом обязательных федеральных законов и содержит основные положения по проектированию.,Свод правил,СП 63.13330.2018_Бетонные и железобетонные конструкции Основные положения.pdf,Свод правил Бетонные и железобетонные конструкции Основные положения,"['требования к проектированию', 'виды бетонов', 'условия эксплуатации']","['бетонные конструкции', 'железобетонные конструкции', 'проектирование', 'строительство', 'климатические условия', 'расчет']",Русский,413,63.13330.2018,5,76.3,2.6,"Изменения N 2, утв. Приказом Минстроя России от 20.12.2021 N 965/пр",СП 63.13330.2018_Бетонные и железобетонные конструкции Основные положения.pdf,Действующий,260
,Деревянные конструкции,2023-12-28,2025-08-26T03:50:01.124608+00:00,"Документ устанавливает нормативные требования к деревянным конструкциям, обеспечивая соблюдение технических регламентов безопасности зданий и сооружений, а также включает изменения, утвержденные Минстроем России до 28 декабря 2023 года.",Свод правил,"СП 64.13330.2017_Деревянные конструкции (с изменениями 1, 2, 3, 4).pdf",Свод правил Деревянные конструкции Актуализированная редакция СНиП II-25-80,"['разработка и утверждение', 'область применения', 'изменения и дополнения', 'нормативные требования', 'технические регламенты']","['деревянные конструкции', 'технический регламент', 'строительство', 'безопасность зданий', 'СНиП II-25-80']",русский,240,64.13330.2017,5,91.0,2.5,Изменения N 4,"СП 64.13330.2017_Деревянные конструкции (с изменениями 1, 2, 3, 4).pdf",Действующий,176
"Проектирование и строительство напорных трубопроводов холодного водоснабжения, водоотведения и мелиоративных систем",Водоснабжение и канализация,2016-11-07,2025-08-26T03:50:05.706780+00:00,"Данный свод правил устанавливает требования и правила проектирования и строительства напорных сетей водоснабжения и водоотведения с использованием высокопрочных труб из чугуна с шаровидным графитом. Он охватывает правила проектирования открытых, надземных и бестраншейных трубопроводов для холодного водоснабжения, но не касается горячего водоснабжения и систем промышленной канализации.",Свод правил,"СП 66.13330.2011 Проектирование напорных сетей водоснабжения и водоотведения из труб из чугуна с шаровидным графитом (с изменениями №1, №2).pdf",Свод правил СП 66.13330.2011 Проектирование и строительство напорных сетей водоснабжения и водоотведения с применением высокопрочных труб из чугуна с шаровидным графитом,"['трубопроводы холодного водоснабжения', 'трубопроводы водоотведения', 'бестраншейное прокладывание', 'горизонтально-направленное бурение', 'технический регламент']","['напорные сети', 'водоснабжение', 'водоотведение', 'высокопрочные трубы', 'чугун с шаровидным графитом', 'проектирование', 'строительство']",русский,241,66.13330.2011,5,85.8,1.6,"Изменения N 2, утв. Приказом Минстроя России от 07.11.2016 N 775/пр","СП 66.13330.2011 Проектирование напорных сетей водоснабжения и водоотведения из труб из чугуна с шаровидным графитом (с изменениями №1, №2).pdf",Действующий,288
Приемка в эксплуатацию законченных строительством и реконструированных объектов капитального строительства производственного и непроизводственного назначения,Строительство,2019-12-10,2025-08-26T03:50:10.585160+00:00,"Свод правил устанавливает порядок приемки в эксплуатацию законченных строительством и реконструированных объектов капитального строительства. Включает актуализированную редакцию СНиП 3.01.04-87 и требования в соответствии с федеральными законами по градостроительному кодексу, техническому регламенту безопасности зданий и энергоснабжению.",Свод правил,СП 68.13330.2017 Приемка в эксплуатацию законченных строительством объектов (с изменением № 1).pdf,Свод правил Приемка в эксплуатацию законченных строительством объектов. Основные положения. Актуализированная редакция СНиП 3.01.04-87,"['требования к приемке объектов', 'регулирующие документы', 'строительные нормы и правила']","['приемка в эксплуатацию', 'строительство', 'реконструкция', 'капитальное строительство', 'СНиП 3.01.04-87', 'градостроительный кодекс', 'технический регламент', 'энергоснабжение']",Русский,336,68.13330.2017,5,93.2,1.1,Изменение N 1,СП 68.13330.2017 Приемка в эксплуатацию законченных строительством объектов (с изменением № 1).pdf,Действующий,38
"Устанавливает правила производства строительно-монтажных работ при сооружении новых подземных горных выработок и реконструкции, расширении и поддержании мощности действующих предприятий по добыче твердых полезных ископаемых",Подземные горные выработки,2024-07-12,2025-08-26T03:50:14.985621+00:00,"Данный свод правил содержит требования к производству строительно-монтажных работ подземных горных выработок в соответствии с Федеральными законами и техническими регламентами. Документ является актуализированной редакцией СНиП 3.02.03-84 и включает нормы по безопасности зданий и сооружений, а также требования по энергосбережению и энергоэффективности.",Свод правил,СП 69.13330.2016_Подземные горные выработки (с изменением 1).pdf,Свод правил Подземные горные выработки Актуализированная редакция СНиП 3.02.03-84,"['требования к строительству', 'безопасность зданий', 'энергосбережение', 'нормативные документы']","['подземные горные выработки', 'строительно-монтажные работы', 'энергосбережение', 'безопасность зданий', 'технический регламент']",Русский,245,69.13330.2016,5,95.0,0.0,Изм. 1,СП 69.13330.2016_Подземные горные выработки (с изменением 1).pdf,Действующий,21
"Проектирование и монтаж систем отопления, вентиляции и кондиционирования воздуха, противодымной вентиляции вновь строящихся и реконструируемых зданий и сооружений","Отопление, вентиляция, кондиционирование, Пожарная безопасность",2025-07-01,2025-08-26T03:50:20.234174+00:00,"Свод правил устанавливает требования пожарной безопасности при проектировании и монтаже систем отопления, вентиляции и кондиционирования воздуха, включая противодымную вентиляцию для новых и реконструируемых зданий. Документ содержит изменения №1-3, утвержденные приказами МЧС России и введен в действие с 2013 года.",Свод правил,"СП 7.13130.2013 Отопление, вентиляция и кондиционирование. Требования пожарной безопасности (изм. 1-3).pdf","СП 7.13130.2013 Отопление, вентиляция и кондиционирование. Требования пожарной безопасности (с Изменениями № 1-3)","['требования пожарной безопасности', 'системы отопления', 'системы вентиляции', 'системы кондиционирования', 'противодымная вентиляция', 'нормативные ссылки']","['отопление', 'вентиляция', 'кондиционирование', 'пожарная безопасность', 'противодымная вентиляция', 'монтаж', 'проектирование']",русский,436,7.13130.2013,5,93.5,2.4,Изм.1-3,"СП 7.13130.2013 Отопление, вентиляция и кондиционирование. Требования пожарной безопасности (изм. 1-3).pdf",Действующий,42
Несущие и ограждающие конструкции,Конструкции,2013-01-01,2025-08-26T03:50:23.690577+00:00,"Актуализированная редакция свода правил по несущим и ограждающим конструкциям, пересмотр СНиП 3.03.01-87. Содержит требования к монтажу, испытаниям и контролю конструкций, включая стальные и специальные соединения.",Свод правил,"СП 70.13330.2012_Несущие и ограждающие конструкции (с изменениями 1, 3, 4, 5, 6, 7).pdf",СП 70.13330.2012 Несущие и ограждающие конструкции Актуализированная редакция СНиП 3.03.01-87,"['монтаж стальных конструкций', 'монтажные соединения', 'испытание конструкций', 'контроль качества', 'строительные нормы и правила']","['несущие конструкции', 'ограждающие конструкции', 'монтаж', 'испытания', 'строительство', 'СНиП 3.03.01-87']",русский,228,70.13330.2012,5,94.1,4.9,Актуализированная редакция,"СП 70.13330.2012_Несущие и ограждающие конструкции (с изменениями 1, 3, 4, 5, 6, 7).pdf",Действующий,293
"Устанавливает правила производства и приемки изоляционных и отделочных работ при устройстве изоляционных слоев крыш, изоляционных покрытий оборудования и трубопроводов, внутренних помещений зданий и сооружений, включая защитные покрытия и покрытия полов.",Строительство,2021-12-17,2025-08-26T03:50:28.200033+00:00,"Данный свод правил актуализирует СНиП 3.04.01-87 и устанавливает нормы и требования к изоляционным и отделочным покрытиям в строительстве. Включает правила производства и приемки соответствующих работ, ссылки на нормативные документы, и учитывает изменения, утвержденные Приказами Минстроя России в 2018 и 2021 годах.",Свод правил,"СП 71.13330.2017_Изоляционные и отделочные покрытия (с изменениями 1, 2).pdf",Свод правил Изоляционные и отделочные покрытия (актуализированная редакция СНиП 3.04.01-87),"['изоляционные покрытия', 'отделочные покрытия', 'строительные нормы и правила', 'техническое регулирование', 'строительство']","['изоляционные покрытия', 'отделочные покрытия', 'строительство', 'нормативные ссылки', 'производство работ', 'приемка работ', 'СНиП 3.04.01-87']",русский,235,71.13330.2017,5,92.5,0.0,Изменения N 2,"СП 71.13330.2017_Изоляционные и отделочные покрытия (с изменениями 1, 2).pdf",Действующий,111
"Монтаж внутренних систем холодного и горячего водоснабжения, отопления, канализации, водостоков, вентиляции, кондиционирования воздуха, тепло- и холодоснабжения; обвязка трубопроводов котлов и газоходов котельных общей мощностью до 360 кВт",Внутренние санитарно-технические системы,2024-01-06,2025-08-26T03:50:33.833139+00:00,"Свод правил распространяется на монтаж и изготовление внутренних санитарно-технических систем зданий, включая водоснабжение, отопление, канализацию, вентиляцию и кондиционирование, а также трубопроводов котлов и газоходов малой мощности. Документ включает изменения, утвержденные в 2018 и 2023 годах.",Свод правил,"СП 73.13330.2016 Внутренние санитарно-технические системы (с изм №1,2) (с изм. на 05.12.2023).pdf","СП 73.13330.2016 Внутренние санитарно-технические системы зданий (с Изменениями N 1, 2)","['монтаж систем', 'внутренние инженерные сети', 'требования безопасности', 'нормативные документы в строительстве']","['внутренние санитарно-технические системы', 'водоснабжение', 'отопление', 'канализация', 'вентиляция', 'кондиционирование', 'теплоснабжение', 'холодоснабжение']",Русский,382,73.13330.2016,5,90.1,9.8,"Изменения N 1, 2","СП 73.13330.2016 Внутренние санитарно-технические системы (с изм №1,2) (с изм. на 05.12.2023).pdf",Действующий,53
"Строительство новых, расширение и реконструкция действующих тепловых сетей, транспортирующих горячую воду и пар",Тепловые сети,1986-07-01,2025-08-26T03:50:38.895651+00:00,"Документ устанавливает требования и нормы для строительства, расширения и реконструкции тепловых сетей, используемых для транспортировки горячей воды и пара. Рассматриваются земляные работы, монтаж трубопроводов и эксплуатационные требования в соответствии с нормативами СССР.",Свод правил,СП 74.13330.2011 Тепловые сети.pdf,Строительные нормы и правила Тепловые сети СНиП 3.05.03-85,"['нормы строительства тепловых сетей', 'требования к материалам и монтажу', 'эксплуатация тепловых сетей']","['тепловые сети', 'горячая вода', 'пар', 'строительство', 'реконструкция', 'монтаж трубопроводов', 'земляные работы']",русский,388,3.05.03-85,5,95.4,0.0,Введен впервые,СП 74.13330.2011 Тепловые сети.pdf,Не действующий,29
"Монтаж технологического оборудования и технологических трубопроводов, предназначенных для получения, переработки и транспортирования продуктов при абсолютном давлении от 0,001 МПа до 100 МПа, а также трубопроводов для подачи теплоносителей и смазочных веществ.",Технологическое оборудование,1985-01-01,2025-08-26T03:50:43.499927+00:00,"Данный свод правил регламентирует требования к производству и приемке работ по монтажу технологического оборудования и технологических трубопроводов на объектах строительства и реконструкции предприятий. Правила охватывают нормы организации строительства, методы монтажа, технические требования к узлам и монтажным блокам, а также контроль качества сварных соединений в соответствии с нормами Госгортехнадзора СССР.",Свод правил,СП 75.13330.2011 Технологическое оборудование и технологические трубопроводы.pdf,СНиП 3.05.05-84 Технологическое оборудование и технологические трубопроводы,"['монтаж оборудования', 'технологические трубопроводы', 'технические требования', 'стройка', 'контроль качества сварки']","['монтаж', 'технологическое оборудование', 'трубопроводы', 'строительные нормы и правила', 'сварка', 'контроль качества', 'Госгортехнадзор']",русский,385,3.05.05-84,5,88.6,1.0,Введен впервые,СП 75.13330.2011 Технологическое оборудование и технологические трубопроводы.pdf,Действующий,23
"Производство работ при строительстве, реконструкции и капитальном ремонте предприятий по монтажу и наладке электротехнических устройств, включая электрические подстанции, распределительные пункты, воздушные и кабельные линии электропередачи до 220 кВ, релейную защиту, силовое электрооборудование, внутреннее и наружное освещение, заземляющие устройства.",Электротехнические устройства,2017-06-17,2025-08-26T03:50:49.201271+00:00,"Документ устанавливает требования к производству электромонтажных и пусконаладочных работ на предприятиях при новом строительстве, реконструкции и капитальном ремонте действующих предприятий. Актуализированная редакция СНиП 3.05.06-85, введена в действие с 17 июня 2017 года. Правила не распространяются на специфические объекты, такие как метрополитен, шахты, рудники и атомные объекты.",Свод правил,СП 76.13330.2016 Электротехнические устройства..pdf,СП 76.13330.2016 Электротехнические устройства. Актуализированная редакция СНиП 3.05.06-85,"['технический регламент', 'энергосбережение', 'пожарная безопасность', 'производство работ', 'монтаж и наладка', 'строительство предприятий']","['электротехнические устройства', 'монтаж', 'наладка', 'электропередачи', 'релейная защита', 'электрооборудование', 'освещение', 'заземляющие устройства']",русский,262,76.13330.2016,5,95.9,1.2,Актуализированная редакция,СП 76.13330.2016 Электротехнические устройства..pdf,Действующий,87
Строительство,Системы автоматизации,2017-04-21,2025-08-26T03:50:53.399994+00:00,"Документ регламентирует требования и порядок подготовки, производства монтажных работ и испытаний в системах автоматизации в строительстве. Является актуализированной редакцией СНиП 3.05.07—85 и содержит нормативные ссылки, определения, требования к монтажу и испытаниям.",Свод правил,СП 77.13330.2016_Системы автоматизации.pdf,Свод правил СП 77.13330.2016 Системы автоматизации,"['подготовка к монтажу', 'приемка документации', 'монтаж конструкций', 'трубные проводки', 'электропроводки']","['системы автоматизации', 'монтаж', 'производство монтажных работ', 'испытания трубных проводок', 'строительство']",русский,285,77.13330.2016,5,92.2,0.0,Актуализированная редакция СНиП 3.05.07—85,СП 77.13330.2016_Системы автоматизации.pdf,Действующий,77
"Правила производства и контроля качества работ для вновь строящихся, реконструируемых и капитально ремонтируемых автомобильных дорог общего пользования и ведомственных автомобильных дорог",Автомобильные дороги,2023-12-28,2025-08-26T03:50:57.291575+00:00,"Настоящий свод правил устанавливает правила производства и контроля качества работ на автомобильных дорогах общего пользования и ведомственных автомобильных дорог. Документ включает в себя обновленную редакцию СНиП 3.06.03-85 и учитывает изменения, утвержденные по состоянию на 28.12.2023.",Свод правил,"СП 78.13330.2012_Автомобильные дороги (с изменениями 1, 2, 3).pdf",Свод правил Автомобильные дороги Актуализированная редакция СНиП 3.06.03-85,"['строительство автомобильных дорог', 'нормативные требования', 'технические регламенты', 'изменения и обновления']","['автомобильные дороги', 'производство работ', 'контроль качества', 'реконструкция', 'капитальный ремонт', 'СНиП 3.06.03-85', 'техническое регулирование']",русский,320,78.13330.2012,5,93.2,4.3,Изменения N 3,"СП 78.13330.2012_Автомобильные дороги (с изменениями 1, 2, 3).pdf",Действующий,109
"Обследования, статические и динамические испытания и обкатка мостовых сооружений и труб под насыпями, расположенных на железных дорогах, линиях метрополитена и трамвая, автомобильных дорогах, улицах и дорогах городов и населенных пунктов, а также под особые виды нагрузок.",Мосты и трубы,2019-11-22,2025-08-26T03:51:03.505582+00:00,"Настоящий свод правил устанавливает нормы и правила проведения обследований и испытаний мостовых сооружений и труб под насыпями после строительства, реконструкции или капитального ремонта. Цель документа - повышение безопасности людей и сохранности материальных ценностей, гармонизация нормативных требований с европейскими и международными стандартами, а также применение единых методов определения эксплуатационных характеристик и оценки.",Свод правил,"СП 79.13330.2012 Мосты и трубы. Правила обследований и испытаний (с изменнеиями 1, 2, 3, 4, 5).pdf",Свод правил МОСТЫ И ТРУБЫ. Правила обследований и испытаний. Актуализированная редакция СНиП 3.06.07-86,"['обследования мостов', 'испытания мостовых сооружений', 'статические испытания', 'динамические испытания', 'обкатка мостов', 'нормативное регулирование']","['мосты', 'трубы', 'обследования', 'испытания', 'строительство', 'реконструкция', 'капитальный ремонт', 'безопасность']",Русский,331,СП 79.13330.2012,5,92.9,2.8,"Изменения N 2, утв. Приказом Минстроя России от 22.11.2019 N 720/пр","СП 79.13330.2012 Мосты и трубы. Правила обследований и испытаний (с изменнеиями 1, 2, 3, 4, 5).pdf",Действующий,64
"Устанавливает требования пожарной безопасности к наружному противопожарному водоснабжению зданий, сооружений, территорий организаций, производственных объектов (в том числе промышленных и сельскохозяйственных предприятий) и населенных пунктов. Применяется при проектировании, строительстве, реконструкции и капитальном ремонте систем наружного противопожарного водоснабжения, водопроводных сетей, искусственных водоемов и пожарных резервуаров, использовании водных объектов для противопожарных нужд.",Пожарная безопасность,2024-03-01,2025-08-26T03:51:10.173692+00:00,"Данный свод правил регламентирует нормы расхода воды, расчетное количество одновременных пожаров, требования к свободным напорам в наружной водопроводной сети, размещению пожарных гидрантов, а также требования к пожарным резервуарам и пожарным водоемам для систем наружного противопожарного водоснабжения с учетом изменений, введенных 1 марта 2024 года.",Свод правил,СП 8.13130.2020 Системы противопожарной защиты. Наружное противопожарное водоснабжение. Требования пожарной безопасности.pdf,СП 8.13130.2020 Системы противопожарной защиты. Наружное противопожарное водоснабжение. Требования пожарной безопасности (с Изменением N 1),"['нормы расхода воды', 'расчетное количество пожаров', 'свободные напоры', 'размещение пожарных гидрантов', 'проектирование систем водоснабжения']","['наружное противопожарное водоснабжение', 'требования пожарной безопасности', 'расход воды', 'одновременные пожары', 'пожарные резервуары', 'пожарные водоемы', 'проектирование', 'водопроводные сети']",Русский,313,8.13130.2020,5,96.7,0.8,Изменение N 1,СП 8.13130.2020 Системы противопожарной защиты. Наружное противопожарное водоснабжение. Требования пожарной безопасности.pdf,Действующий,23
"Производство работ по строительству новых, реконструкции и расширению действующих речных гидротехнических сооружений: плотин бетонных, железобетонных и из грунтовых материалов, гидроэлектростанций, насосных станций, подпорных стен, судоходных шлюзов, рыбопропускных и рыбозащитных сооружений, а также сооружений по защите от наводнений, селей и оврагообразования",Строительство,2021-12-22,2025-08-26T03:51:16.816483+00:00,"Свод правил определяет требования и нормы для проектирования, строительства и реконструкции речных гидротехнических сооружений. Документ является актуализированной редакцией СНиП 3.07.01-85 и включает сведения о нормативных ссылках и изменениях, утвержденных Минстроем России.",Свод правил,СП 80.13330.2016_Гидротехнические сооружения речные (с изменением 1).pdf,Свод правил Гидротехнические сооружения речные. Актуализированная редакция СНиП 3.07.01-85,"['строительство речных гидротехнических сооружений', 'нормативные требования', 'процессы реконструкции и расширения сооружений']","['гидротехнические сооружения', 'речные гидротехнические сооружения', 'строительство', 'реконструкция', 'плотины', 'гидроэлектростанции', 'насосные станции', 'судоходные шлюзы', 'рыбопропускные сооружения', 'защита от наводнений']",русский,259,80.13330.2016,5,96.2,0.0,Изменение N 1,СП 80.13330.2016_Гидротехнические сооружения речные (с изменением 1).pdf,Действующий,109
,Мелиоративные системы и сооружения,2023-12-14,2025-08-26T03:51:21.282298+00:00,"Данный свод правил устанавливает общие требования к строительству новых и реконструкции действующих мелиоративных систем и сооружений. Актуализирован в редакции с изменением N 1 от 14 декабря 2023 года. Содержит нормативные ссылки на стандарты и законы, регулирующие безопасность, охрану окружающей среды и методы испытаний грунтов.",Свод правил,СП 81.13330.2017_Мелиоративные системы и сооружения (с изменением 1).pdf,Свод правил СП 81.13330.2017 Мелиоративные системы и сооружения,"['строительство мелиоративных систем', 'технические регламенты', 'стандарты по охране окружающей среды', 'методы определения характеристик грунтов']","['мелиоративные системы', 'строительство', 'реконструкция', 'технический регламент', 'защита от коррозии', 'охрана окружающей среды', 'рекультивация', 'лабораторные методы', 'полевые испытания']",русский,224,81.13330.2017,5,94.3,0.4,Изменение N 1,СП 81.13330.2017_Мелиоративные системы и сооружения (с изменением 1).pdf,Действующий,69
"Нормативные требования к благоустройству территорий, включая расчистку, проезды, ограды, площадки, озеленение и мероприятия на территориях историко-культурного назначения",Благоустройство территорий,2017-06-17,2025-08-26T03:51:27.369904+00:00,"Данный свод правил регулирует требования и нормы по благоустройству территорий с целью повышения безопасности людей, сохранности материальных ценностей, энергоэффективности и гармонизации с европейскими нормативами. Включает технические требования к расчистке, проездам, оградам, озеленению и другим аспектам благоустройства.",Свод правил,"СП 82.13330.2016_Благоустройство территорий (с изменениями 1, 2, 3).pdf",Свод правил СП 82.13330.2016 Благоустройство территорий,"['технические требования к благоустройству', 'энергосбережение и энергетическая эффективность', 'нормативные ссылки и определения', 'историко-культурные территории']","['благоустройство территорий', 'энергосбережение', 'энергетическая эффективность', 'расчистка территорий', 'проезды', 'пешеходные дорожки', 'озеленение', 'спортивные сооружения', 'историко-культурное назначение']",Русский,325,82.13330.2016,5,97.5,4.5,Актуализированная редакция,"СП 82.13330.2016_Благоустройство территорий (с изменениями 1, 2, 3).pdf",Действующий,28
"Новые и реконструируемые трамвайные пути с шириной рельсовой колеи 1524 мм, 1435 мм и 1000 мм. Обычные, скоростные, грузовые и служебные пути, а также пути на территории депо и ремонтных мастерских.",Транспорт,2020-12-09,2025-08-26T03:51:31.372534+00:00,"Данный свод правил устанавливает требования к строительству и реконструкции трамвайных путей с учетом обязательных федеральных законов и технических регламентов. Включает нормы для различных типов трамвайных путей и содержит актуализации и изменения, утвержденные Министерством строительства и жилищно-коммунального хозяйства Российской Федерации.",Свод правил,"СП 84.13330.2016_Трамвайные пути. Актуализированная редакция СНиП III-39-76 (с изменениями 1, 2).pdf",Свод правил Трамвайные пути,"['нормативные требования', 'строительство трамвайных путей', 'реконструкция', 'безопасность', 'энергосбережение', 'технические нормы']","['трамвайные пути', 'строительство', 'реконструкция', 'шрифтовая колея', 'технические регламенты', 'Минстрой России', 'Росстандарт']",Русский,303,84.13330.2016,5,96.6,4.0,Изменения N 2,"СП 84.13330.2016_Трамвайные пути. Актуализированная редакция СНиП III-39-76 (с изменениями 1, 2).pdf",Действующий,46
"Все виды строительных и монтажных работ при сооружении, капитальном ремонте и реконструкции контактной сети электрифицированного транспорта",Строительство,2017-06-17,2025-08-26T03:51:35.900339+00:00,"Настоящий свод правил устанавливает требования к производству строительно-монтажных работ при строительстве, реконструкции, техническом перевооружении и обновлении контактной сети электрифицированного транспорта. Включает нормативные ссылки и учитывает обязательные требования федеральных законов о техническом регулировании и безопасности зданий.",Свод правил,СП 85.13330.2016_Контактные сети электрифицированного транспорта.pdf,Свод правил Контактные сети электрифицированного транспорта Актуализированная редакция СНиП III-41-76,"['требования к строительству и монтажу', 'техника безопасности', 'нормативные документы', 'контактная сеть']","['контактные сети', 'электрифицированный транспорт', 'строительно-монтажные работы', 'реконструкция', 'капитальный ремонт', 'нормативные ссылки', 'техническое регулирование']",Русский,255,85.13330.2016,5,94.6,0.0,Актуализированная редакция,СП 85.13330.2016_Контактные сети электрифицированного транспорта.pdf,,54
"Строительство новых и реконструкция действующих магистральных трубопроводов номинальным диаметром до DN 1400 с избыточным давлением от 1,2 до 10,0 МПа для транспортирования нефти, нефтепродуктов и газов",Строительство,2022-05-15,2025-08-26T03:51:40.371279+00:00,Свод правил определяет требования к строительству и реконструкции магистральных трубопроводов для транспортирования жидких и газообразных углеводородов. Включает требования безопасности в соответствии с федеральными законами и техническими регламентами ЕАЭС.,Свод правил,СП 86.13330.2022_Магистральные трубопроводы (с изменением 1).pdf,Свод Правил Магистральные Трубопроводы СП 86.13330.2022,"['требования безопасности', 'строительство трубопроводов', 'технические регламенты', 'транспортирование углеводородов']","['магистральные трубопроводы', 'строительство', 'реконструкция', 'транспортирование нефти', 'транспортирование газа', 'технический регламент', 'безопасность']",русский,276,86.13330.2022,5,90.5,0.0,Пересмотр СП 86.13330.2014,СП 86.13330.2022_Магистральные трубопроводы (с изменением 1).pdf,Действующий,256
"Проектирование, обследование, капитальный ремонт и реконструкция защитных сооружений гражданской обороны, включая заглубленные помещения и сооружения подземного пространства",Защитные сооружения гражданской обороны,2023-01-22,2025-08-26T03:51:48.264639+00:00,"Данный свод правил устанавливает требования к расчету, объемно-планировочным и конструктивным решениям, санитарно-техническим системам, электротехническим устройствам, связи и противопожарным требованиям для защитных сооружений гражданской обороны и заглубленных помещений. Также включает требования к обследованию технического состояния и охватывает сооружения метрополитена в части приспособления под защитные сооружения и заглубленные помещения.",Свод правил,СП 88.13330.2022_Защитные сооружения гражданской обороны.pdf,Свод правил Защитные сооружения гражданской обороны СП 88.13330.2022,"['требования к проектированию', 'техническое обследование', 'капитальный ремонт', 'реконструкция', 'системы безопасности']","['защитные сооружения гражданской обороны', 'расчет', 'объемно-планировочные решения', 'конструктивные решения', 'санитарно-технические системы', 'электротехнические устройства', 'противопожарные требования', 'обследование технического состояния', 'приспособление заглубленных помещений', 'метрополитен']",русский,315,88.13330.2022,5,88.5,0.4,Пересмотр СП 88.13330.2014,СП 88.13330.2022_Защитные сооружения гражданской обороны.pdf,Действующий,209
"Проектирование, строительство, реконструкция, капитальный ремонт, расширение и техническое перевооружение котельных, обеспечение их безопасного содержания и эксплуатационных характеристик",Отопление,2021-12-15,2025-08-26T03:51:54.541704+00:00,"Настоящий свод правил устанавливает требования к проектированию, строительству, реконструкции, капитальному ремонту, расширению и техническому перевооружению котельных, а также требования к их безопасному содержанию и эксплуатации. Документ обеспечивает выполнение требований федеральных законов о безопасности зданий, энергосбережении, пожарной безопасности и промышленной безопасности. Включает приоритеты по обеспечению безопасности, применению современных технологий, энергосбережению и экологическим показателям.",Свод правил,СП 89.13330.2016_Котельные установки (с изменением 1).pdf,Свод правил Котельные установки Актуализированная редакция СНиП II-35-76,"['требования к котельным установкам', 'безопасность эксплуатации', 'энергосбережение и энергоэффективность', 'регламентация промышленной безопасности']","['котельные установки', 'проектирование', 'строительство', 'реконструкция', 'капитальный ремонт', 'техническое перевооружение', 'безопасное содержание', 'эксплуатационные характеристики', 'энергосбережение', 'энергоэффективность']",русский,277,89.13330.2016,5,93.4,15.1,Изменение N 1,СП 89.13330.2016_Котельные установки (с изменением 1).pdf,Действующий,154
"Требования к выбору, размещению, техническому обслуживанию и перезарядке переносных и передвижных огнетушителей, источникам давления в огнетушителях, зарядам к воздушно-пенным и воздушно-эмульсионным огнетушителям",Пожарная безопасность,2009-05-01,2025-08-26T03:52:00.044178+00:00,"Свод правил устанавливает нормативные требования к эксплуатации огнетушителей, включая выбор, размещение, техническое обслуживание и перезарядку. Документ регламентирует параметры работы переносных и передвижных огнетушителей и применим при разработке технических условий на проектирование и строительство зданий.",Свод правил,СП 9.13130.2009 Техника пожарная. Огнетушители. Требования к эксплуатации.pdf,Свод правил Техника пожарная Огнетушители Требования к эксплуатации,"['выбор огнетушителей', 'размещение огнетушителей', 'обслуживание огнетушителей', 'перезарядка огнетушителей']","['огнетушители', 'требования к эксплуатации', 'пожарная безопасность', 'переносные огнетушители', 'передвижные огнетушители', 'техническое обслуживание', 'перезарядка']",Русский,180,9.13130.2009,5,89.9,34.2,Введен впервые,СП 9.13130.2009 Техника пожарная. Огнетушители. Требования к эксплуатации.pdf,Действующий,48
Проектирование и реконструкция тепловых электростанций на органических видах топлива с паротурбинными и газотурбинными агрегатами мощностью более 1 МВт,Энергетика,2015-12-30,2025-08-26T03:52:08.186418+00:00,"Настоящий свод правил устанавливает нормы и правила проектирования и реконструкции тепловых электростанций (ТЭС) на органических видах топлива, а также учитывает требования технических регламентов по безопасности зданий, пожарной безопасности и энергосбережению. Документ является актуализированной редакцией СНиП II-58-75, утвержден Приказом Министерства регионального развития от 30 июня 2012 года и содержит изменения, утв. Приказом Минстроя от 30.12.2015.",Свод правил,СП 90.13330.2012_Электростанции тепловые (с изменением 1).pdf,Свод правил Электростанции тепловые Актуализированная редакция СНиП II-58-75,"['нормы проектирования', 'реконструкция ТЭС', 'энергетическая эффективность', 'технические регламенты', 'безопасность зданий']","['тепловые электростанции', 'проектирование', 'реконструкция', 'органические виды топлива', 'паротурбинные агрегаты', 'газотурбинные агрегаты', 'техническое регулирование', 'энергосбережение', 'пожарная безопасность']",Русский,322,90.13330.2012,5,87.4,3.0,Изменение N 1,СП 90.13330.2012_Электростанции тепловые (с изменением 1).pdf,Действующий,121
"Проектирование подземных горных выработок на новых, реконструируемых и расширяемых действующих предприятиях по добыче полезных ископаемых",Подземные горные выработки,2021-12-17,2025-08-26T03:52:15.070576+00:00,Свод правил СП 91.13330.2012 представляет актуализированную редакцию СНиП II-94-80 и распространяется на проектирование подземных горных выработок в горнодобывающей промышленности. Документ утвержден Министерством регионального развития Российской Федерации и обновлен в 2021 году с целью обеспечения нормативного регулирования проектирования подземных горных выработок.,Свод правил,СП 91.13330.2012 Подземные горные выработки.pdf,Свод правил Подземные горные выработки Актуализированная редакция СНиП II-94-80 Underground Mine Workings СП 91.13330.2012,"['нормативное регулирование', 'проектирование', 'горные работы', 'безопасность']","['подземные горные выработки', 'проектирование горных выработок', 'свод правил', 'горнодобывающая промышленность']",русский,304,91.13330.2012,5,92.9,0.0,Изменение N 1,СП 91.13330.2012 Подземные горные выработки.pdf,Действующий,93
Бетонные и железобетонные конструкции из плотного силикатного бетона,Строительство,2023-12-04,2025-08-26T03:52:20.561403+00:00,"Данный свод правил регламентирует требования к бетонным и железобетонным конструкциям из плотного силикатного бетона, обновляет СНиП 2.03.02-86 с учётом изменений, утверждённых приказом Минстроя России от 4 декабря 2023 года.",Свод правил,СП 95.13330.2016_Бетонные и железобетонные конструкции из плотного силикатного бетона (с изменением 1).pdf,Свод правил Бетонные и железобетонные конструкции из плотного силикатного бетона Актуализированная редакция СНиП 2.03.02-86,"['технический регламент', 'строительные нормы и правила', 'бетонные и железобетонные конструкции', 'обновление нормативов']","['бетонные конструкции', 'железобетонные конструкции', 'плотный силикатный бетон', 'техническое регулирование', 'строительство', 'нормативы']",русский,247,95.13330.2016,5,87.2,1.2,Изменение N 1,СП 95.13330.2016_Бетонные и железобетонные конструкции из плотного силикатного бетона (с изменением 1).pdf,Действующий,76
Армоцементные конструкции,Архитектура,2017-06-17,2025-08-26T03:52:24.726621+00:00,"Свод правил содержит нормативные и технические требования к армоцементным конструкциям, включая материалы, расчет, проектирование и конструктивные требования. Документ утвержден в 2016 году и введен в действие в 2017 году.",Свод правил,СП 96.13330.2016_Армоцементные конструкции.pdf,СП 96.13330.2016 Армоцементные конструкции,"['общие требования', 'материалы', 'расчет по предельным состояниям', 'конструктивные требования']","['армоцементные конструкции', 'расчет', 'материалы', 'проектирование', 'конструктивные требования']",русский,347,96.13330.2016,5,88.8,1.2,Пересмотр СП 96.13330.2011,СП 96.13330.2016_Армоцементные конструкции.pdf,Действующий,42
Асбестоцементные конструкции,Строительство,2017-05-19,2025-08-26T03:52:29.816511+00:00,"Данный свод правил содержит обновленную редакцию СНиП 2.03.09—85, касающуюся асбестоцементных конструкций. В документе изложены общие требования, материалы, расчеты элементов конструкций по предельным состояниям, а также конструктивные требования и приложения с техническими характеристиками.",Свод правил,СП 97.13330.2016_Асбестоцементные конструкции.pdf,СП 97.13330.2016 Асбестоцементные конструкции Актуализированная редакция СНиП 2.03.09—85,"['общие требования', 'материалы', 'расчет элементов', 'соединения', 'конструктивные требования']","['асбестоцементные конструкции', 'расчет конструкций', 'материалы', 'конструктивные требования', 'СНиП']",Русский,199,97.13330.2016,5,93.8,0.9,Актуализированная редакция,СП 97.13330.2016_Асбестоцементные конструкции.pdf,Действующий,32
"Проектирование вновь строящихся и реконструируемых транспортных сооружений, капитальный ремонт верхнего строения трамвайного пути, расположенных в населенных пунктах, включая трамвайные линии с шириной колеи 1524, 1435 и 1000 мм и троллейбусные линии.",Транспортные сооружения,2024-12-02,2025-08-26T03:52:34.764880+00:00,"Свод правил определяет требования и нормы проектирования и капитального ремонта трамвайных и троллейбусных линий, предназначенных для городского транспорта. Включает основные положения для различных типов рельсовых колей и учитывает нагрузки на ось в соответствии с ГОСТ 34809-2021. Документ содержит несколько изменений, утвержденных приказами Минстроя России.",Свод правил,"СП 98.13330.2018_Трамвайные и троллейбусные линии (с изменениями 1, 2, 3).pdf",Свод правил Трамвайные и троллейбусные линии СП 98.13330.2018,"['трамвайные линии', 'троллейбусные линии', 'проектирование транспортных сооружений', 'капитальный ремонт', 'технические нормативы']","['трамвайные линии', 'троллейбусные линии', 'проектирование', 'капитальный ремонт', 'ширина колеи', 'ГОСТ 34809-2021', 'Минстрой России']",русский,404,98.13330.2018,5,89.1,1.0,Изменение N 3,"СП 98.13330.2018_Трамвайные и троллейбусные линии (с изменениями 1, 2, 3).pdf",Действующий,145