area_of_application,category,date_issue,date_of_analysis,description,document_type,filename,full_name,keytopics,keywords,language,median_content_length,number,pages_analyzed,percent_clause_detection,percent_missing_clauses,revision,source,status,total_pages
"Проектирование, строительство и реконструкция станционных зданий, сооружений и устройств на железнодорожном транспорте",Железнодорожный транспорт,2014-01-01,2025-08-26T04:10:18.071300+00:00,"Свод правил распространяется на проектирование, строительство и реконструкцию станционных зданий, сооружений и устройств для эксплуатации на железнодорожном транспорте с ограничениями по скорости движения пассажирских и грузовых поездов. Определяет область применения и исключения для объектов, не связанных непосредственно с реконструкцией, а также условия для специализированных железнодорожных линий.",Свод правил,"СП 225.1326000.2014_Станционные здания, сооружения и устройства.pdf","Свод правил Станционные здания, сооружения и устройства","['проектирование', 'строительство', 'реконструкция', 'железнодорожный транспорт']","['станционные здания', 'сооружения', 'устройства', 'железнодорожный транспорт', 'проектирование', 'строительство', 'реконструкция', 'скорость движения поездов']",Русский,466,СП,5,87.0,3.2,,"СП 225.1326000.2014_Станционные здания, сооружения и устройства.pdf",Действующий,133
"Правила проектирования, строительства и реконструкции объектов функциональной подсистемы железнодорожного электроснабжения, предназначенных для электроснабжения нетяговых потребителей электроэнергии железной дороги, включая линии электропередачи напряжением до 35 кВ и трансформаторные подстанции с высшим (первичным) напряжением до 220 кВ",Электроснабжение,2014-12-02,2025-08-26T04:10:27.602328+00:00,"Данный свод правил устанавливает нормы и требования для проектирования, строительства и реконструкции объектов железнодорожного электроснабжения, обслуживающих нетяговых потребителей электроэнергии. В документе определены области применения, нормативные ссылки и основные принципы электроснабжения в указанной сфере.",Свод правил,"СП 226.1326000.2014_Электроснабжение нетяговых потребителей Правила проектирования, строительства и реконструкции.pdf","Свод правил СП 226 Л326000.2014 Электроснабжение нетяговых потребителей Правила проектирования, строительства и реконструкции","['Проектирование', 'Строительство', 'Реконструкция', 'Электроснабжение железных дорог']","['электроснабжение', 'нетяговые потребители', 'железнодорожное электроснабжение', 'проектирование', 'строительство', 'реконструкция', 'линии электропередачи', 'трансформаторные подстанции']",русский,296,226.1326000.2014,5,95.3,5.4,Введен впервые,"СП 226.1326000.2014_Электроснабжение нетяговых потребителей Правила проектирования, строительства и реконструкции.pdf",Действующий,83
Проектирование защиты от коррозии бетонных и железобетонных конструкций городских подземных сооружений и подземных инженерных коммуникаций,Железобетонные конструкции,2019-01-22,2025-08-26T04:10:33.890302+00:00,"Данный свод правил устанавливает требования по защите от коррозии бетонных и железобетонных конструкций подземных сооружений и коммуникаций, включая фундаменты, подземные части зданий, тоннели, пешеходные переходы и инженерные коммуникации. Документ разработан в соответствии с техническими регламентами и включает изменения, утвержденные Министерством строительства Российской Федерации.",Свод правил,"СП 229.1325800.2014_Железобетонные конструкции подземных сооружений и коммуникаций. Защита от коррозии (с изменениями 1, 2).pdf",Свод правил Железобетонные конструкции подземных сооружений и коммуникаций. Защита от коррозии,"['коррозия', 'бетон', 'подземные инженерные сооружения', 'проектирование', 'строительные нормы']","['железобетонные конструкции', 'подземные сооружения', 'коммуникации', 'защита от коррозии', 'строительство', 'технический регламент']",русский,384,229.1325800.2014,5,81.0,0.0,"Изменения N 2, утв. Приказом Минстроя России от 22.01.2019 N 26/пр","СП 229.1325800.2014_Железобетонные конструкции подземных сооружений и коммуникаций. Защита от коррозии (с изменениями 1, 2).pdf",Действующий,121
Автоматические установки водяного пожаротушения высотных стеллажных складов с одноярусным и многоярусным расположением оросителей,Пожарная безопасность,2015-09-01,2025-08-26T04:10:38.295292+00:00,"Свод правил устанавливает нормы и правила проектирования автоматических установок водяного пожаротушения для высотных стеллажных складов с различными расположениями оросителей, обеспечивая соблюдение требований пожарной безопасности для складских зданий класса функциональной пожарной опасности Ф5.2.",Свод правил,СП 241.1311500.2015_Системы противопожарной защиты. Установки водяного пожаротушения высотных стеллажных складов автоматические..pdf,СП 241.1311500.2015 Системы противопожарной защиты Установки водяного пожаротушения высотных стеллажных складов автоматические Нормы и правила проектирования,"['автоматические установки водяного пожаротушения', 'проектирование', 'пожарная безопасность', 'стеллажные склады']","['пожарная безопасность', 'автоматические установки водяного пожаротушения', 'высотные стеллажные склады', 'проектирование', 'нормы и правила']",русский,209,241.1311500.2015,5,94.0,0.0,Введен впервые,СП 241.1311500.2015_Системы противопожарной защиты. Установки водяного пожаротушения высотных стеллажных складов автоматические..pdf,Действующий,15
Проектирование и строительство автомобильных дорог с низкой интенсивностью движения,Инженерное проектирование,2015-12-01,2025-08-26T04:10:43.324849+00:00,"Свод правил устанавливает требования и технические условия для проектирования и строительства автомобильных дорог с низкой интенсивностью движения. Документ включает разделы по нормам, пересечениям, земляным полотнам, дорожным одеждам, искусственным сооружениям, безопасности движения и охране окружающей среды.",Свод правил,СП 243.1326000.2015_Проектирование и строительство автомобильных дорог с низкой интенсивностью движения.pdf,Проектирование и строительство автомобильных дорог с низкой интенсивностью движения,"['технические требования', 'земляное полотно', 'дорожные одежды', 'искусственные сооружения', 'пересечения и примыкания', 'безопасность дорожного движения', 'охрана окружающей среды']","['автомобильные дороги', 'низкая интенсивность движения', 'проектирование', 'строительство', 'технические требования', 'безопасность дорожного движения', 'охрана окружающей среды']",Русский,254,243.1326000.2015,5,94.0,16.4,Введен впервые,СП 243.1326000.2015_Проектирование и строительство автомобильных дорог с низкой интенсивностью движения.pdf,Действующий,116
Авторский надзор за строительством зданий и сооружений,Архитектура,2016-02-19,2025-08-26T04:10:46.263462+00:00,Данный свод правил устанавливает порядок и требования к проведению авторского надзора за строительством зданий и сооружений в Российской Федерации. Включает нормы и нормативные требования для обеспечения контролируемого соответствия строительства проектной документации.,Свод правил,"СП 246.1325800.2016_Положение об авторском надзоре при строительстве, реконструкции и капитальном ремонте ОКС.pdf",Положение об авторском надзоре за строительством зданий и сооружений,"['авторский надзор', 'строительство', 'нормы и требования']","['авторский надзор', 'строительство зданий', 'строительство сооружений', 'нормативный документ', 'Минстрой России']",Русский,308,СП 246.1325800.2016,5,87.3,9.3,Введен впервые,"СП 246.1325800.2016_Положение об авторском надзоре при строительстве, реконструкции и капитальном ремонте ОКС.pdf",Действующий,42
Проектирование систем защиты подземных и заглубленных сооружений различного назначения от подземных вод,Здания и сооружения,2023-12-07,2025-08-26T04:10:50.644579+00:00,"Настоящий свод правил содержит основные положения по проектированию систем защиты подземных и заглубленных сооружений от подземных вод, учитывает требования технических регламентов и положения британского стандарта BS 8102:2009. Документ разработан и утвержден Министерством строительства и ЖКХ РФ и введен в действие с 1 сентября 2016 года. Изменение 1 внесено приказом Минстроя России от 07.12.2023.",Свод правил,СП 250.1325800.2016_Здания и сооружения. Защита от подземных вод (с изменением 1).pdf,Свод правил 250.1325800.2016 Здания и сооружения. Защита от подземных вод,"['проектирование систем защиты', 'технические регламенты', 'строительство', 'нормативные документы']","['подземные воды', 'защита', 'системы защиты', 'подземные сооружения', 'проектирование']",русский,285,250.1325800.2016,5,92.1,0.0,Изменение 1,СП 250.1325800.2016_Здания и сооружения. Защита от подземных вод (с изменением 1).pdf,Действующий,86
Проектирование зданий и комплексов общеобразовательных организаций в Российской Федерации,Архитектура,2023-12-28,2025-08-26T04:10:54.282486+00:00,"Свод правил устанавливает требования к размещению и организации сети зданий и комплексов общеобразовательных организаций, к участку территории, функциональным группам, составу и площадям помещений, объемно-планировочным решениям, освещению и инженерному оборудованию. Документ распространяется на проектирование новых и реконструируемых зданий общеобразовательных организаций всех форм собственности, кроме спальных корпусов интернатов.",Свод правил,СП 251.1325800.2016 Здания общеобразовательных организаций. Правила проектирования (с Изменениями N 1-5).pdf,Свод правил Здания общеобразовательных организаций Правила проектирования,"['требования к проектированию', 'планировочные решения', 'технический регламент', 'здания образовательных учреждений']","['общеобразовательные организации', 'проектирование зданий', 'архитектура', 'сеть зданий', 'инженерное оборудование', 'освещение']",русский,200,251.1325800.2016,5,92.4,2.7,Изменения 5,СП 251.1325800.2016 Здания общеобразовательных организаций. Правила проектирования (с Изменениями N 1-5).pdf,Действующий,90
Проектирование зданий дошкольных образовательных организаций,Архитектура,2023-01-29,2025-08-26T04:10:58.386009+00:00,"Свод правил определяет требования к проектированию зданий дошкольных образовательных организаций с целью обеспечения удобства, безопасности и соответствия современным нормативным и техническим требованиям. В документ включены изменения, утвержденные Минстроем России, и он учитывает требования федерального законодательства в области безопасности зданий, энергоэффективности и санитарно-эпидемиологических норм.",Свод правил,"СП 252.1325800.2016 Здания дошкольных образовательных организаций. Правила проектирования (с Изменениями N 1, 2).pdf","СП 252.1325800.2016 Здания дошкольных образовательных организаций. Правила проектирования (с Изменениями N 1, 2)","['проектирование', 'безопасность', 'энергоэффективность', 'санитарно-эпидемиологические требования']","['здания дошкольных образовательных организаций', 'правила проектирования', 'безопасность', 'энергоэффективность', 'свод правил', 'технические регламенты', 'федеральные законы']",Русский,351,252.1325800.2016,5,93.0,6.7,"Изменения N 1, 2","СП 252.1325800.2016 Здания дошкольных образовательных организаций. Правила проектирования (с Изменениями N 1, 2).pdf",Действующий,44
Проектирование инженерных систем в высотных общественных зданиях выше 50 м и жилых зданиях выше 75 м,Инженерные системы,2022-01-20,2025-08-26T04:11:03.034444+00:00,"Настоящий свод правил устанавливает минимально необходимые требования к инженерным системам высотных зданий, включая пожарную безопасность, механическую безопасность и безопасные условия для проживания и пребывания в таких зданиях. Распространяется на проектирование систем в общественных зданиях высотой более 50 м и жилых зданиях высотой более 75 м. Включает положения, согласованные с нормативными актами по безопасности и противопожарной защите.",Свод правил,"СП 253.1325800.2016_Инженерные системы высотных зданий (c изменениями 1, 2, 3).pdf",Свод правил Инженерные системы высотных зданий,"['требования к инженерным системам', 'пожарная безопасность', 'проектирование и монтаж', 'эксплуатация высотных зданий']","['инженерные системы', 'высотные здания', 'проектирование', 'пожарная безопасность', 'безопасность', 'строительство']",русский,345,СП 253.1325800.2016,5,87.5,0.0,Изменение N 1,"СП 253.1325800.2016_Инженерные системы высотных зданий (c изменениями 1, 2, 3).pdf",Действующий,139
"Эксплуатационные требования к зданиям и сооружениям в условиях нормальной эксплуатации, за исключением особо опасных, технически сложных и линейных объектов, а также демонтажа и утилизации зданий (сооружений).",Здания и сооружения,2023-06-20,2025-08-26T04:11:08.063230+00:00,"Свод правил регулирует общие эксплуатационные требования к зданиям и сооружениям при нормальной эксплуатации, исключая особо опасные, технически сложные и линейные объекты, а также вопросы демонтажа и утилизации. Документ обновлен изменениями, утвержденными в 2019 и 2023 годах.",Свод правил,СП 255.1325800.2016 Здания и сооружения. Правила эксплуатации. Основные положения (с Изменениями N 1-3).pdf,СП 255.1325800.2016 Здания и сооружения. Правила эксплуатации. Основные положения,"['эксплуатационные требования', 'нормативные документы', 'изменения']","['здания', 'сооружения', 'эксплуатация', 'правила эксплуатации', 'нормальная эксплуатация', 'изменения']",русский,375,255.1325800.2016,5,94.1,0.0,Изм. 1-3,СП 255.1325800.2016 Здания и сооружения. Правила эксплуатации. Основные положения (с Изменениями N 1-3).pdf,Действующий,43
Жилые и общественные здания,Электроустановки,2017-03-02,2025-08-26T04:11:12.462295+00:00,"Настоящий свод правил устанавливает правила проектирования и монтажа электроустановок в жилых и общественных зданиях. Документ охватывает нормы освещения, электроснабжения, расчет электрических нагрузок, схемы электрических сетей и распределение силовых сетей.",Свод правил,"СП 256.1325800.2016_Электроустановки жилых и общественных зданий (с изменениями 1,  2,  3,  4,  5,  6,  7,  8).pdf",Свод правил СП 256.1325800.2016 Электроустановки жилых и общественных зданий. Правила проектирования и монтажа,"['правила проектирования', 'монтаж электроустановок', 'искусственное освещение', 'электроснабжение', 'расчет электрических нагрузок', 'схемы электрических сетей', 'силовые распределительные сети']","['электроустановки', 'жилые здания', 'общественные здания', 'проектирование', 'монтаж', 'искусственное освещение', 'электроснабжение', 'нагрузки', 'электрические сети', 'распределительные сети']",русский,316,256.1325800.2016,5,90.6,25.9,Введен впервые,"СП 256.1325800.2016_Электроустановки жилых и общественных зданий (с изменениями 1,  2,  3,  4,  5,  6,  7,  8).pdf",Действующий,84
Проектирование мостов в условиях плотной городской застройки,Проектирование мостов,2023-03-03,2025-08-26T04:11:16.053898+00:00,Данный свод правил подготовлен для повышения уровня безопасности людей в зданиях и сооружениях и сохранности материальных ценностей с учетом особенностей проектирования мостовых сооружений в условиях плотной городской застройки. Обеспечивает соблюдение требований технических регламентов о безопасности зданий и сооружений и пожарной безопасности.,Свод правил,"СП 259.1325800.2016_Мосты в условиях плотной городской застройки. Правила проектирования (с изменениями 1, 2).pdf",Свод правил МОСТЫ В условиях плотной городской застройки. Правила проектирования,"['проектирование мостов', 'технические регламенты безопасности', 'учет городской застройки']","['мосты', 'плотная городская застройка', 'правила проектирования', 'безопасность', 'технический регламент', 'пожарная безопасность', 'строительство']",Русский,228,259.1325800.2016,5,94.4,0.0,Изменения N 2 утв. Приказом Минстроя России от 03.03.2023 N 147/пр,"СП 259.1325800.2016_Мосты в условиях плотной городской застройки. Правила проектирования (с изменениями 1, 2).pdf",Действующий,27
Проектирование стальных тонкостенных конструкций из холодногнутых оцинкованных профилей и гофрированных листов,Конструкции,2023-12-28,2025-08-26T04:11:20.829536+00:00,"Приказ Министерства строительства и жилищно-коммунального хозяйства Российской Федерации от 28 декабря 2023 г. N 1015/пр утверждает и вводит в действие СП 260.1325800.2023, который устанавливает правила проектирования стальных тонкостенных конструкций из холодногнутых оцинкованных профилей и гофрированных листов. Документ заменяет СП 260.1325800.2016 и регламентирует процедуру публикации и регистрации свода правил.",Свод правил,СП 260.1325800.2023_Конструкции стальные тонкостенные из холодногнутых оцинкованных профилей и гофрированных листов..pdf,СП 260.1325800.2023 Конструкции стальные тонкостенные из холодногнутых оцинкованных профилей и гофрированных листов. Правила проектирования,"['Правила проектирования', 'Стальные конструкции', 'Холодногнутые профили', 'Гофрированные листы']","['СП 260.1325800.2023', 'Конструкции стальные тонкостенные', 'холодногнутые оцинкованные профили', 'гофрированные листы', 'Правила проектирования']",Русский,899,260.1325800.2023,2,33.3,0.0,Введен впервые,СП 260.1325800.2023_Конструкции стальные тонкостенные из холодногнутых оцинкованных профилей и гофрированных листов..pdf,Действующий,2
Правила проектирования конструкций из сталежелезобетона,Конструкции сталежелезобетонные,2023-06-27,2025-08-26T04:11:24.062367+00:00,"Данный свод правил устанавливает нормы и требования по проектированию конструкций из сталежелезобетона. Документ подготовлен научно-исследовательскими институтами и утвержден Минстроем России. Включает изменения, утвержденные в 2018, 2020 и 2023 годах.",Свод правил,"СП 266.1325800.2016_Конструкции сталежелезобетонные. Правила проектирования (с изменениями 1, 2, 3, 4).pdf",Свод правил Конструкции сталежелезобетонные Правила проектирования,"['проектирование конструкций', 'сталежелезобетон', 'строительные нормы', 'техническое регулирование']","['сталежелезобетонные конструкции', 'проектирование', 'строительство', 'нормы и требования']",русский,282,266.1325800.2016,5,83.7,2.3,Изм.3,"СП 266.1325800.2016_Конструкции сталежелезобетонные. Правила проектирования (с изменениями 1, 2, 3, 4).pdf",Действующий,184
Проектирование высотных зданий и комплексов,Архитектура,2020-12-30,2025-08-26T04:11:27.750572+00:00,"Данный свод правил устанавливает требования к проектированию высотных зданий и комплексов с учетом соответствующих СП, включая требования безопасности, энергосбережения и пожарной безопасности. Документ разработан и утвержден Министерством строительства и жилищно-коммунального хозяйства Российской Федерации.",Свод правил,"СП 267.1325800.2016_Здания и комплексы высотные. Правила проектирования (с изменением 1, 2).pdf",Свод правил Здания и комплексы высотные Правила проектирования,"['требования к проектированию', 'технические регламенты', 'энергетическая эффективность', 'пожарная безопасность']","['высотные здания', 'комплексы', 'проектирование', 'безопасность зданий', 'энергосбережение', 'пожарная безопасность']",русский,256,267.1325800.2016,5,93.7,1.6,"Изменения N 1, утв. Приказом Минстроя России от 30.12.2020 N 918/пр","СП 267.1325800.2016_Здания и комплексы высотные. Правила проектирования (с изменением 1, 2).pdf",Действующий,176
Проектирование транспортных сооружений в сейсмических районах,Транспортные сооружения,2017-06-17,2025-08-26T04:11:32.084315+00:00,"Свод правил устанавливает требования и правила проектирования транспортных сооружений, расположенных в сейсмических районах, включая трассирование дорог, земляное полотно, конструкции мостов и тоннелей, с учетом сейсмостойкости.",Свод правил,СП 268.1325800.2016_Транспортные сооружения в сейсмических районах. Правила проектирования.pdf,Свод правил СП 268.1325800.2016 Транспортные сооружения в сейсмических районах. Правила проектирования,"['трассирование дорог', 'земляное полотно', 'верхнее строение пути', 'конструкция мостов', 'расчеты на сейсмостойкость', 'транспортные тоннели', 'метрополитены']","['транспортные сооружения', 'сейсмические районы', 'проектирование', 'сейсмостойкость', 'мосты', 'тоннели']",Русский,308,268.1325800.2016,5,92.3,33.7,Введен впервые,СП 268.1325800.2016_Транспортные сооружения в сейсмических районах. Правила проектирования.pdf,Действующий,57
"Оценка состояния и повреждений дорог в сейсмических районах, особенно в удаленных и труднодоступных местах; порядок движения и ремонтно-восстановительные работы после землетрясений",Транспортные сооружения,2017-06-17,2025-08-26T04:11:37.993420+00:00,"Свод правил предназначен для оценки повреждений транспортных сооружений, в частности дорог, после разрушительных землетрясений в отдаленных и труднодоступных районах. Устанавливает правила оперативной оценки, изменения порядка движения и организации восстановительных работ на территориях, пострадавших от землетрясений.",Свод правил,СП 270.1325800.2016_Транспортные сооружения в сейсмических районах. Правила оценки повреждений дорог при землетрясениях.pdf,СП 270.1325800.2016 Транспортные сооружения в сейсмических районах. Правила оценки повреждений дорог при землетрясениях в отдаленных и труднодоступных районах,"['оценка повреждений', 'сейсмоопасность', 'транспортные дороги', 'эксплуатация дорог', 'безопасность']","['свод правил', 'транспортные сооружения', 'землетрясения', 'сейсмические районы', 'оценка повреждений', 'ремонтно-восстановительные работы', 'дорожное движение']",русский,270,270.1325800.2016,5,95.0,0.0,Введен впервые,СП 270.1325800.2016_Транспортные сооружения в сейсмических районах. Правила оценки повреждений дорог при землетрясениях.pdf,Действующий,20
"Проектирование систем шумоглушения воздушного отопления, вентиляции и кондиционирования воздуха",Вентиляция,2017-06-17,2025-08-26T04:11:42.774407+00:00,"Настоящий свод правил устанавливает требования и правила проектирования систем шумоглушения в воздушных системах отопления, вентиляции и кондиционирования воздуха. Документ утвержден Министерством строительства и жилищно-коммунального хозяйства Российской Федерации и введен в действие с 17 июня 2017 года.",Свод правил,"СП 271.1325800.2016_Системы шумоглушения воздушного отопления, вентиляции и кондиционирования воздуха.pdf","Свод правил 271.1325800.2016 Системы шумоглушения воздушного отопления, вентиляции и кондиционирования воздуха. Правила проектирования","['проектирование систем шумоглушения', 'воздушное отопление', 'вентиляция', 'кондиционирование']","['системы шумоглушения', 'воздушное отопление', 'вентиляция', 'кондиционирование воздуха', 'правила проектирования']",Русский,191,271.1325800.2016,5,94.8,35.4,Введен впервые,"СП 271.1325800.2016_Системы шумоглушения воздушного отопления, вентиляции и кондиционирования воздуха.pdf",Действующий,65
"Устанавливает требования к проведению обследований при оценке состояния сетей водоотведения и распространяется на перекладку, восстановление или ремонт трубопроводов систем водоотведения",Системы водоотведения,2020-12-23,2025-08-26T04:11:47.357576+00:00,Настоящий свод правил разработан для обеспечения единого подхода к классификации повреждений и унификации отчетности по результатам обследования систем городских и поселковых систем водоотведения. Документ регламентирует требования к обследованию и оценке состояния систем водоотведения для обеспечения безопасности жизнедеятельности человека.,Свод правил,СП 272.1325800.2016_Системы водоотведения городские и поселковые. Правила обследования (с изменением 1).pdf,Свод правил Системы водоотведения городские и поселковые. Правила обследования,"['требования к обследованию', 'оценка состояния систем водоотведения', 'классификация повреждений', 'отчетность обследования']","['свод правил', 'системы водоотведения', 'города', 'поселки', 'правила обследования', 'трубопроводы', 'оценка состояния', 'ремонт', 'перекладка', 'восстановление']",Русский,332,272.1325800.2016,5,74.2,1.3,Изменение N 1,СП 272.1325800.2016_Системы водоотведения городские и поселковые. Правила обследования (с изменением 1).pdf,Действующий,142
Проектирование и производство работ при восстановлении трубопроводов самотечных систем водоснабжения и водоотведения городов и населенных пунктов гибкими полимерными рукавами диаметром 50 - 2600 мм,Водоснабжение и водоотведение,2017-06-04,2025-08-26T04:11:51.690040+00:00,Свод правил содержит требования к проектированию и расчету систем трубопроводов систем водоотведения при их восстановлении гибкими полимерными рукавами. Документ направлен на обеспечение соблюдения обязательных требований к наружным системам водоснабжения и канализации в соответствии с СП 32.13330.2012.,Свод правил,СП 273.1325800.2016_Водоснабжение и водоотведение. Восстановление трубопроводов гибкими полимерными рукавами (с изменением 1).pdf,СП 273.1325800.2016 Свод правил. Водоснабжение и водоотведение. Правила проектирования и производства работ при восстановлении трубопроводов гибкими полимерными рукавами,"['трубопроводы', 'восстановление', 'проектирование', 'гибкие полимерные рукава']","['водоснабжение', 'водоотведение', 'проектирование', 'восстановление трубопроводов', 'гибкие полимерные рукава', 'канализационные сети', 'трубопроводы']",Русский,363,273.1325800.2016,5,90.3,1.2,Введен впервые,СП 273.1325800.2016_Водоснабжение и водоотведение. Восстановление трубопроводов гибкими полимерными рукавами (с изменением 1).pdf,Действующий,69
"Контроль технического состояния новых и реконструируемых постоянных мостовых сооружений и труб под насыпями на автомобильных и железных дорогах, улицах и дорогах населенных пунктов, линиях метро и трамвая, а также пешеходных дорогах",Мониторинг технического состояния мостов,2022-12-19,2025-08-26T04:11:55.841606+00:00,"Свод правил устанавливает требования по мониторингу технического состояния мостов и труб на различных маршрутах движения, включая автомобильные дороги, железные дороги, метрополитен, трамваи и пешеходные дорожки. Документ направлен на повышение безопасности сооружений в соответствии с федеральными законами и гармонизацию с международными нормативами.",Свод правил,СП 274.1325800.2016 Мосты. Мониторинг технического состояния (с изменением 1).pdf,Свод правил. Мосты. Мониторинг технического состояния,"['мониторинг состояния', 'безопасность сооружений', 'техническое состояние мостов', 'эксплуатационные характеристики', 'оценка состояния']","['свод правил', 'мосты', 'мониторинг технического состояния', 'требования безопасности', 'пожарная безопасность', 'строительство', 'реконструкция мостов']",Русский,386,274.1325800.2016,5,84.1,0.7,Изменение N 1,СП 274.1325800.2016 Мосты. Мониторинг технического состояния (с изменением 1).pdf,Действующий,59
Требования к расчету и проектированию ограждающих конструкций жилых и общественных зданий в части звукоизоляции воздушного и ударного шума внутренними и наружными ограждающими конструкциями и их элементами,Архитектура,2022-05-30,2025-08-26T04:12:00.825023+00:00,"Свод правил устанавливает требования к проектированию звукоизоляции ограждающих конструкций жилых и общественных зданий. Описаны методы расчета звукоизоляции воздушного и ударного шума, методы оценки соответствия строительным нормам и проектирования конструкций для обеспечения акустического комфорта. Документ разработан с учетом федеральных законов о техническом регулировании и безопасности зданий.",Свод правил,СП 275.1325800.2016 Конструкции ограждающие жилых и общественных зданий. Правила проектирования звукоизоляции (с изменением 1).pdf,Свод правил Конструкции ограждающие жилых и общественных зданий. Правила проектирования звукоизоляции,"['расчет звукоизоляции', 'проектирование звукоизоляции', 'оценка соответствия нормам', 'методы измерения']","['звукоизоляция', 'ограждающие конструкции', 'жилые здания', 'общественные здания', 'проектирование', 'строительные нормы', 'акустика']",русский,242,275.1325800.2016,5,86.8,0.0,Изменение 1,СП 275.1325800.2016 Конструкции ограждающие жилых и общественных зданий. Правила проектирования звукоизоляции (с изменением 1).pdf,Действующий,82
Проектирование морских берегозащитных сооружений на открытых побережьях внутренних бесприливных морей и также применение на берегах водоемов (озер и водохранилищ),Архитектура,2017-06-17,2025-08-26T04:12:04.835843+00:00,"Настоящий свод правил устанавливает требования к проектированию морских берегозащитных сооружений для обеспечения безопасности и устойчивости таких конструкций. Документ подготовлен с учетом действующих федеральных законов и нормативных документов в области строительства, градостроительства и охраны окружающей среды.",Свод правил,СП 277.1325800.2016 Сооруженияморскиеберегозащитные.Правилапроектирования.pdf,Свод правил Сооружения морские берегозащитные. Правила проектирования,"['Проектирование берегозащитных сооружений', 'Нормативные ссылки на ГОСТ и СНиП', 'Требования к материалам и нагрузкам']","['морские берегозащитные сооружения', 'проектирование', 'гидротехнические сооружения', 'безопасность зданий', 'архитектура']",Русский,248,277.1325800.2016,5,88.0,4.1,Введен впервые,СП 277.1325800.2016 Сооруженияморскиеберегозащитные.Правилапроектирования.pdf,Действующий,121
Проектирование зданий образовательных организаций высшего образования и университетских городков,Архитектура,2024-12-25,2025-08-26T04:12:09.596096+00:00,"Настоящий свод правил устанавливает требования к проектированию зданий образовательных организаций высшего образования, включая размещение, земельные участки, функциональные группы помещений, объемно-планировочные решения, безопасность, инженерное оборудование и внутреннюю среду зданий, а также архитектурно-планировочные решения университетских городков. Документ направлен на обеспечение безопасности, комфорта, доступности образовательного процесса и повышение экономичности проектов.",Свод правил,СП 278.1325800.2024 Здания образовательных организаций высшего образования. Правила проектирования.pdf,Свод правил Здания образовательных организаций высшего образования Правила проектирования,"['требования к размещению', 'функциональные группы помещений', 'архитектурно-планировочные решения', 'безопасность зданий', 'энергосбережение']","['здания образовательных организаций высшего образования', 'правила проектирования', 'университетские городки', 'инженерное оборудование', 'объемно-планировочные решения', 'безопасность']",русский,192,278.1325800.2024,5,91.9,3.5,Пересмотр СП 278.1325800.2016,СП 278.1325800.2024 Здания образовательных организаций высшего образования. Правила проектирования.pdf,Действующий,42
,Отопление,2023-12-18,2025-08-26T04:12:13.259144+00:00,Документ устанавливает правила проектирования и устройства поквартирных систем теплоснабжения на основе индивидуальных газовых теплогенераторов. Утвержден приказом Министерства строительства и жилищно-коммунального хозяйства Российской Федерации от 18 декабря 2023 г. и вводится в действие через месяц с даты издания приказа.,Свод правил,СП 282.1325800.2023_Поквартирные системы теплоснабжения на базе индивидуальных газовых теплогенераторов.pdf,СП 282.1325800.2023 Поквартирные системы теплоснабжения на базе индивидуальных газовых теплогенераторов. Правила проектирования и устройства,"['поквартирные системы отопления', 'индивидуальные теплогенераторы', 'проекты отопления', 'устройство систем теплоснабжения']","['поквартирные системы теплоснабжения', 'индивидуальные газовые теплогенераторы', 'правила проектирования', 'устройства']",русский,846,282.1325800.2023,2,33.3,0.0,,СП 282.1325800.2023_Поквартирные системы теплоснабжения на базе индивидуальных газовых теплогенераторов.pdf,Действующий,2
"Оценка сейсмической опасности при строительстве и эксплуатации особо опасных, технически сложных и уникальных объектов",Строительство,2017-06-17,2025-08-26T04:12:16.840650+00:00,Документ устанавливает требования и методы сейсмического микрорайонирования особо опасных строительных объектов с целью повышения сейсмической безопасности и оптимизации затрат. Разработан на основе современных научных методик и нормативных требований.,Свод правил,СП 283.1325800.2016_Объекты строительные повышенной ответственности. Правила сейсмического микрорайонирования.pdf,Свод правил Объекты строительные повышенной ответственности Правила сейсмического микрорайонирования,"['методы сейсмического микрорайонирования', 'оценка сейсмической опасности', 'строительство особо опасных объектов']","['сейсмическое микрорайонирование', 'особо опасные объекты', 'сейсмическая безопасность', 'строительство']",русский,254,283.1325800.2016,5,95.9,6.2,Введен впервые,СП 283.1325800.2016_Объекты строительные повышенной ответственности. Правила сейсмического микрорайонирования.pdf,Действующий,18
"Проектирование, производство и приемка строительно-монтажных работ при сооружении, реконструкции и капитальном ремонте промысловых стальных трубопроводов номинальным диаметром до DN1400 включительно с избыточным давлением среды не выше 32,0 МПа нефтяных, газовых, газоконденсатных месторождений. Распространяется на компрессорные станции, насосные станции, головные сооружения, газоизмерительные станции, пункты сбора, газоперерабатывающие заводы и станции подземного хранения газа.",Промысловые трубопроводы для нефти и газа,2020-12-23,2025-08-26T04:12:26.400135+00:00,"Свод правил устанавливает минимальные необходимые требования к проектированию, производству и приемке строительно-монтажных работ промысловых стальных трубопроводов для нефти и газа. Документ актуализирован изменением 1, утвержденным приказом Минстроя России в декабре 2020 года.",Свод правил,СП 284.1325800.2016_Трубопроводы промысловые для нефти и газа. Правила проектирования и производства работ (с изменением 1).pdf,Свод правил Трубопроводы промысловые для нефти и газа Правила проектирования и производства работ,"['трубопроводы промысловые', 'нефть и газ', 'проекты трубопроводов', 'строительно-монтажные работы', 'стальные трубопроводы']","['трубопроводы промысловые', 'проектирование', 'производство работ', 'нефть', 'газ', 'строительно-монтажные работы', 'трубопроводы DN1400', 'избыточное давление 32 МПа', 'газоконденсатные месторождения']",Русский,336,284.1325800.2016,5,88.3,61.2,Изм.1,СП 284.1325800.2016_Трубопроводы промысловые для нефти и газа. Правила проектирования и производства работ (с изменением 1).pdf,Действующий,223
"Проектирование, строительство и содержание автомобильных лесных дорог на территории лесного фонда Российской Федерации, являющихся дорогами необщего пользования и предназначенных для движения специализированных категорий транспортных средств",Дороги,2021-12-07,2025-08-26T04:12:31.480544+00:00,"СП 288.1325800.2016 определяет правила проектирования, строительства и содержания автомобильных лесных дорог на территории лесного фонда Российской Федерации, предназначенных для специализированного транспорта. В документе учтены требования федеральных законов и нормативных актов, регулирующих технические, пожарные и экологические аспекты строительства и эксплуатации лесных дорог.",Свод правил,"СП 288.1325800.2016_Дороги лесные. Правила проектирования и строительства (с изменениями 1, 2).pdf",Свод правил Дороги лесные Правила проектирования и строительства,"['проектирование автомобильных лесных дорог', 'строительство лесных дорог', 'техническое регулирование лесных дорог', 'экологические требования', 'пожарная безопасность в лесах']","['лесные дороги', 'проектирование', 'строительство', 'лесной фонд', 'транспортные средства', 'техническое регулирование', 'пожарная безопасность', 'экология']",русский,274,288.1325800.2016,5,85.9,0.7,Изменение N 2,"СП 288.1325800.2016_Дороги лесные. Правила проектирования и строительства (с изменениями 1, 2).pdf",Действующий,121
"Системы фасадные теплоизоляционные композиционные с наружными штукатурными слоями (СФТК), применяемые при тепловой защите с наружной стороны ограждающих стеновых конструкций зданий и сооружений различного назначения и уровня ответственности с наружной стороны при новом строительстве, реконструкции и капитальном ремонте",Отопление,2020-12-30,2025-08-26T04:12:35.849947+00:00,Настоящий свод правил содержит требования к проектированию и производству работ фасадных теплоизоляционных композиционных систем с наружными штукатурными слоями. Документ разработан с учетом обязательных требований федеральных законов о техническом регулировании и безопасности зданий и сооружений.,Свод правил,СП 293.1325800.2017 Системы фасадные теплоизоляционные композиционные с наружными штукатурными слоями (изм 1).pdf,Свод правил Системы фасадные теплоизоляционные композиционные с наружными штукатурными слоями Правила проектирования и производства работ,"['тепловая защита', 'ограждающие конструкции', 'строительство', 'реконструкция', 'капитальный ремонт']","['фасадные системы', 'теплоизоляционные системы', 'композитные системы', 'наружные штукатурные слои', 'проектирование', 'производство работ']",русский,266,293.1325800.2017,5,89.2,1.0,Изменение N 1,СП 293.1325800.2017 Системы фасадные теплоизоляционные композиционные с наружными штукатурными слоями (изм 1).pdf,Действующий,139
"Проектирование конструкций из бетона, армированных композитной полимерной арматурой на основе углеродных, арамидных, базальтовых или стеклянных волокон в климатических условиях Российской Федерации при статическом действии нагрузки",Конструкции бетонные,2018-01-12,2025-08-26T04:12:40.157783+00:00,"Свод правил устанавливает требования к проектированию конструкций из бетона, армированных композитной полимерной арматурой. Включены обязательные требования федеральных законов о техническом регулировании и безопасности зданий и сооружений. Документ предназначен для проектирования конструкций из тяжелого и мелкозернистого бетонов с использованием композитной арматуры на основе различных видов волокон.",Свод правил,"СП 295.1325800.2017 Конструкции бетонные, армированные полимерной композитной арматурой. Правила проектирования (с Изменением 1).pdf","Свод правил Конструкции бетонные, армированные полимерной композитной арматурой. Правила проектирования","['требования к проектированию', 'композитная армировка', 'тяжелый и мелкозернистый бетон', 'климатические условия РФ']","['бетонные конструкции', 'композитная полимерная арматура', 'проектирование', 'техническое регулирование', 'правила проектирования']",русский,364,295.1325800.2017,5,71.5,2.1,"Изменение N 1, утв. Приказом Минстроя России от 15.12.2020 N 787/пр","СП 295.1325800.2017 Конструкции бетонные, армированные полимерной композитной арматурой. Правила проектирования (с Изменением 1).pdf",Действующий,82
"Требования по учету особых нагрузок и воздействий при проектировании зданий и сооружений классов КС-2 и КС-3 нормального и повышенного уровней ответственности по предельным состояниям первой группы, а также обеспечения надежности строительных конструкций и оснований при аварийных ситуациях природного, техногенного и антропогенного характера",Особые воздействия,2021-12-27,2025-08-26T04:12:44.639565+00:00,"Свод правил содержит требования по назначению нагрузок, воздействий и их сочетаний при строительстве новых, расширении, реконструкции и перевооружении зданий и сооружений, учитывая особые воздействия природного, техногенного и антропогенного характера. Документ разработан с учетом обязательных требований федерального законодательства и вводит нормы для проектирования зданий и сооружений классов КС-2 и КС-3.",Свод правил,"СП 296.1325800.2017_Здания и сооружения. Особые воздействия (с изменениями 1, 2).pdf",Свод правил Здания и сооружения Особые воздействия,"['назначение нагрузок', 'воздействия и сочетания', 'строительство и реконструкция', 'предельные состояния', 'надежность конструкций', 'аварийные ситуации']","['свод правил', 'здания и сооружения', 'особые воздействия', 'нагрузки', 'проектирование', 'надежность', 'аварийные ситуации']",русский,320,296.1325800.2017,5,89.3,2.5,Изменения N 2,"СП 296.1325800.2017_Здания и сооружения. Особые воздействия (с изменениями 1, 2).pdf",Действующий,49
"Проектирование фибробетонных конструкций с неметаллической фиброй, изготовляемых из тяжелого и мелкозернистого бетонов и эксплуатируемых в климатических условиях России при статическом воздействии нагрузки, для зданий и сооружений различного назначения.",Архитектура,2022-12-16,2025-08-26T04:12:49.123851+00:00,"Данный свод правил устанавливает требования к расчету и проектированию бетонных и железобетонных конструкций, армированных полимерной композитной неметаллической фиброй. Включает нормы и правила для использования фибробетонных конструкций в различных климатических условиях России. Документ содержит изменения, утверждённые Министерством строительства и ЖКХ РФ в 2018 и 2022 годах.",Свод правил,"СП 297.1325800.2017_Конструкции фибробетонные с неметаллической фиброй. Правила проектирования (с изменениями 1, 2).pdf",СП 297.1325800.2017 Конструкции фибробетонные с неметаллической фиброй. Правила проектирования,"['технические требования', 'проектирование конструкций', 'нормативные ссылки', 'расчет фибробетонных изделий']","['фибробетонные конструкции', 'неметаллическая фибра', 'проектирование', 'бетоны тяжелые', 'бетоны мелкозернистые', 'климатические условия России', 'армирование', 'полимерная композитная фибра']",Русский,277,297.1325800.2017,5,67.4,5.7,Изменение N 2,"СП 297.1325800.2017_Конструкции фибробетонные с неметаллической фиброй. Правила проектирования (с изменениями 1, 2).pdf",Действующий,98
Проектирование систем вентиляции автодорожных тоннелей всех типов,Вентиляция,2019-05-17,2025-08-26T04:12:52.509038+00:00,Настоящий свод правил изложены общие требования и правила проектирования систем вентиляции автодорожных тоннелей для обеспечения безопасности эксплуатации при различных транспортных ситуациях и при пожаре. Разработан впервые с учетом европейского и отечественного опыта.,Свод правил,СП 298.1325800.2017_Системы вентиляции тоннелей автодорожных. Правила проектирования (с изменением 1).pdf,Свод правил Системы вентиляции тоннелей автодорожных. Правила проектирования,"['требования проектирования', 'вентиляция тоннелей', 'безопасность эксплуатации']","['вентиляция', 'тоннели автодорожные', 'проектирование', 'системы вентиляции', 'безопасность', 'пожар']",Русский,316,298.1325800.2017,5,85.7,1.3,Изменение N 1,СП 298.1325800.2017_Системы вентиляции тоннелей автодорожных. Правила проектирования (с изменением 1).pdf,Действующий,128
Проектирование деревянных конструкций с узлами на винтах,Архитектура,2018-02-17,2025-08-26T04:12:55.593325+00:00,"Документ устанавливает правила проектирования деревянных конструкций с узлами на винтах. Утвержден Министерством строительства и жилищно-коммунального хозяйства Российской Федерации, введен в действие с 17 февраля 2018 года.",Свод правил,"СП 299.325800.2017_Конструкции деревянные с узлами на винтах. Правила проектирования (с изменениями 1, 2).pdf",Свод правил Конструкции деревянные с узлами на винтах. Правила проектирования,"['конструкции деревянные', 'узлы на винтах', 'проектирование', 'нормативные документы']","['деревянные конструкции', 'узлы на винтах', 'правила проектирования', 'свод правил', 'Минстрой России']",Русский,60,325800.2017,5,95.8,2.5,Введен впервые,"СП 299.325800.2017_Конструкции деревянные с узлами на винтах. Правила проектирования (с изменениями 1, 2).pdf",Действующий,26
Проектирование систем струйной вентиляции и удаления продуктов горения и отведения теплоизбытков подземных и крытых автостоянок,Вентиляция,2019-05-06,2025-08-26T04:13:00.174964+00:00,"Настоящий свод правил устанавливает общие требования и правила проектирования систем струйной вентиляции и дымоудаления подземных и крытых автомобильно стоянок. Документ учитывает как штатный режим работы систем по разбавлению и удалению вредных примесей выхлопных газов, так и аварийный режим очистки от продуктов горения и теплоизбытков.",Свод правил,СП 300.1325800.2017_Системы струйной вентиляции и дымоудаления подземных и крытых автостоянок (с изменением 1).pdf,Свод правил Системы струйной вентиляции и дымоудаления подземных и крытых автостоянок. Правила проектирования,"['проектирование систем вентиляции', 'пожарная безопасность автостоянок', 'экологическая безопасность']","['системы струйной вентиляции', 'дымоудаление', 'подземные автостоянки', 'крытые автостоянки', 'проектирование', 'удаление продуктов горения', 'отведение теплоизбытков']",русский,192,300.1325800.2017,5,82.6,1.1,Изменение N 1,СП 300.1325800.2017_Системы струйной вентиляции и дымоудаления подземных и крытых автостоянок (с изменением 1).pdf,Действующий,79
Склады для аварийно химически опасных веществ (АХОВ),Пожарная безопасность,2018-01-28,2025-08-26T04:13:03.672520+00:00,Данный свод правил установлен требования к проектированию складов для аварийно химически опасных веществ с целью повышения уровня безопасности людей и сохранности материальных ценностей.,Свод правил,СП 302.1325800.2017_Склады для аварийно химически опасных веществ. Правила проектирования.pdf,Свод правил Складов для аварийно химически опасных веществ. Правила проектирования,"['требования к проектированию', 'безопасность складов', 'аварийно химически опасные вещества']","['склады', 'аварийно химически опасные вещества', 'проектирование', 'безопасность', 'технический регламент']",Русский,214,302.1325800.2017,5,95.7,0.0,Введен впервые,СП 302.1325800.2017_Склады для аварийно химически опасных веществ. Правила проектирования.pdf,Действующий,17
Одноэтажные здания промышленных предприятий,Эксплуатация зданий,2018-03-01,2025-08-26T04:13:07.361322+00:00,"Свод правил СП 303.1325800.2017 устанавливает правила эксплуатации одноэтажных зданий промышленных предприятий, включая организацию служб эксплуатации, технический надзор, ведение эксплуатационной документации, а также порядок проведения ремонтных работ и сроки капитального ремонта строительных конструкций.",Свод правил,СП 303.1325800.2017_Здания одноэтажные промышленных предприятий. Правила эксплуатации.pdf,Свод правил СП 303.1325800.2017 Здания одноэтажные промышленных предприятий. Правила эксплуатации,"['организация служб эксплуатации', 'мониторинг технического состояния', 'техническая эксплуатационная документация', 'ремонтно-восстановительные работы', 'капитальный ремонт']","['эксплуатация', 'промышленные здания', 'однoэтажные здания', 'ремонт', 'техническое состояние', 'строительные конструкции']",русский,219,303.1325800.2017,5,96.2,1.6,Введен впервые,СП 303.1325800.2017_Здания одноэтажные промышленных предприятий. Правила эксплуатации.pdf,Действующий,53
Правила эксплуатации большепролетных зданий и сооружений,Конструкции большепролетных зданий и сооружений,2017-10-25,2025-08-26T04:13:12.012587+00:00,"Данный свод правил устанавливает правила эксплуатации конструкций большепролетных зданий и сооружений, включая организацию служб эксплуатации, надзор, техническое обслуживание, ремонтно-восстановительные работы и обеспечение пожарной безопасности.",Свод правил,СП 304.1325800.2017_Конструкции большепролетных зданий и сооружений. Правила эксплуатации.pdf,Свод правил СП 304.1325800.2017 Конструкции большепролетных зданий и сооружений. Правила эксплуатации,"['область применения', 'классификация зданий', 'организация службы эксплуатации', 'техническое обслуживание', 'пожарная безопасность']","['конструкции большепролетных зданий', 'эксплуатация', 'ремонтно-восстановительные работы', 'пожарная безопасность', 'надзор за строительными конструкциями']",русский,170,304.1325800.2017,5,97.2,13.4,Введен впервые,СП 304.1325800.2017_Конструкции большепролетных зданий и сооружений. Правила эксплуатации.pdf,Действующий,32
Проведение геотехнического мониторинга объектов капитального строительства в процессе нового строительства или реконструкции зданий и сооружений,Строительство,2023-10-17,2025-08-26T04:13:16.969855+00:00,"Документ содержит указания по проведению геотехнического мониторинга при строительстве зданий и сооружений, в том числе подземных, в различных инженерно-геологических условиях и плотной городской застройке. Не распространяется на гидротехнические сооружения, дорожное и железнодорожное полотно, аэродромные покрытия и магистральные линии.",Свод правил,СП 305.1325800.2017_Здания и сооружения. Правила проведения геотехнического мониторинга при строительстве (с изменением 1).pdf,Свoд правил Здания и сооружения Правила проведения геотехнического мониторинга при строительстве,"['проведение геотехнического мониторинга', 'строительство зданий и сооружений', 'нормативные ссылки на ГОСТы']","['геотехнический мониторинг', 'строительство', 'здания и сооружения', 'инженерно-геологические условия', 'реконструкция']",русский,288,305.1325800.2017,5,87.0,0.6,Изменение N 1,СП 305.1325800.2017_Здания и сооружения. Правила проведения геотехнического мониторинга при строительстве (с изменением 1).pdf,Действующий,118
Эксплуатация многофункциональных торговых комплексов различного назначения,Эксплуатация зданий и сооружений,2022-12-20,2025-08-26T04:13:22.878622+00:00,"Данный свод правил устанавливает требования по безопасной эксплуатации многофункциональных торговых комплексов. Документ разработан в соответствии с несколькими федеральными законами, регулирующими безопасность зданий, пожарную безопасность и энергоэффективность. Включает требования, дополняющие общие нормы эксплуатации зданий и сооружений, с учетом специфики торговых комплексов.",Свод правил,СП 306.1325800.2017_Многофункциональные торговые комплексы. Правила эксплуатации (с изменением 1).pdf,Свод правил 306.1325800.2017 Многофункциональные торговые комплексы. Правила эксплуатации,"['правила эксплуатации', 'технические регламенты', 'нормативные ссылки', 'безопасность зданий', 'пожарная безопасность', 'энергосбережение']","['многофункциональные торговые комплексы', 'эксплуатация', 'безопасность', 'технический регламент', 'пожарная безопасность', 'энергоэффективность']",русский,189,306.1325800.2017,5,92.7,3.2,"Изменение N 1, утв. Приказом Минстроя России от 20.12.2022 N 1093/пр",СП 306.1325800.2017_Многофункциональные торговые комплексы. Правила эксплуатации (с изменением 1).pdf,Действующий,78
"Эксплуатация зданий и помещений для хранения и переработки сельскохозяйственной продукции, включая ветеринарно-санитарные утилизационные цеха и заводы",Эксплуатация зданий и сооружений,2022-12-20,2025-08-26T04:13:27.473372+00:00,"Данный свод правил устанавливает требования по безопасной эксплуатации зданий и помещений, предназначенных для хранения и переработки сельскохозяйственной продукции. Он охватывает также ветеринарно-санитарные утилизационные цеха и заводы, обеспечивая безопасность и эффективность их использования.",Свод правил,СП 307.1325800.2017_Здания и помещения для хранения и переработки сельскохозяйственной продукции. Правила эксплуатации (с изменением 1).pdf,Свод правил Здания и помещения для хранения и переработки сельскохозяйственной продукции. Правила эксплуатации,"['требования безопасности', 'эксплуатация зданий и помещений', 'хранение сельскохозяйственной продукции', 'переработка сельскохозяйственной продукции']","['здания для хранения сельскохозяйственной продукции', 'эксплуатация', 'ветеринарно-санитарные утилизационные цеха', 'правила эксплуатации', 'безопасность']",русский,156,307.1325800.2017,5,95.8,1.6,Изменение N 1,СП 307.1325800.2017_Здания и помещения для хранения и переработки сельскохозяйственной продукции. Правила эксплуатации (с изменением 1).pdf,Действующий,75
"Проектирование, строительство, реконструкция и капитальный ремонт зданий, помещений и сооружений исправительных, лечебных исправительных, лечебно-профилактических учреждений и исправительных центров уголовно-исполнительной системы; требования к планировке и застройке территорий этих учреждений",Архитектура,2023-12-28,2025-08-26T04:13:32.288647+00:00,"Свод правил устанавливает требования к проектированию исправительных учреждений и центров уголовно-исполнительной системы, включая различные типы исправительных колоний и центров, а также лечебно-исправительные учреждения. Документ охватывает вопросы строительства, реконструкции и капитального ремонта зданий и сооружений, а также планировки и застройки территорий. Свод правил введен впервые и содержит изменения, утвержденные в 2023 году.",Свод правил,"СП 308.1325800.2017_Исправительные учреждения и центры уголовно-исполнительной системы (с изменениями 1, 2).pdf",Свод правил Исправительные учреждения и центры уголовно-исполнительной системы. Правила проектирования (в двух частях),"['требования к проектированию', 'исправительные учреждения', 'уголовно-исполнительная система', 'строительство и реконструкция', 'планировка территорий']","['исправительные учреждения', 'уголовно-исполнительная система', 'правила проектирования', 'строительство', 'реконструкция', 'капитальный ремонт', 'планировка', 'застройка']",русский,124,308.1325800.2017,5,91.1,0.0,"Изменения 1, Изменения 2","СП 308.1325800.2017_Исправительные учреждения и центры уголовно-исполнительной системы (с изменениями 1, 2).pdf",Действующий,597
"Проектирование новых и реконструируемых театрально-зрелищных зданий высотой до 50 м и с заглублением подземной части до 15 м; проектирование и строительство театров, кинотеатров, концертных залов; не распространяется на временные и объекты культурного наследия",Архитектура,2023-12-28,2025-08-26T04:13:38.081430+00:00,"Свод правил устанавливает требования и правила проектирования зданий театрально-зрелищного назначения, включая театры, кинотеатры и концертные залы, учитывая нормативы по безопасности, энергосбережению и пожарной безопасности. Документ утвержден приказом Минстроя России и содержит ссылки на действующие государственные стандарты.",Свод правил,СП 309.1325800.2017_Здания театрально-зрелищные. Правила проектирования (с изменением 1).pdf,Свод правил Здания театрально-зрелищные Правила проектирования,"['проектирование зданий', 'безопасность', 'энергосбережение', 'пожарная безопасность']","['театрально-зрелищные здания', 'проектирование', 'здания театров', 'кинотеатры', 'концертные залы', 'безопасность зданий', 'энергосбережение', 'пожарная безопасность']",русский,208,309.1325800.2017,5,93.5,1.2,Изменения N 1,СП 309.1325800.2017_Здания театрально-зрелищные. Правила проектирования (с изменением 1).pdf,Действующий,91
"Требования к проектированию плавательных бассейнов для приучения к воде детей дошкольного возраста, обучения плаванию, учебных занятий школьников, физкультурно-оздоровительных занятий граждан, проведения спортивных мероприятий, включая новые и реконструируемые здания и сооружения бассейнов независимо от формы собственности.",Архитектура,2024-01-29,2025-08-26T04:13:44.865808+00:00,"Свод правил устанавливает требования проектирования плавательных бассейнов, предназначенных для различных образовательных, спортивных и оздоровительных целей. Документ разработан в соответствии с федеральными законами о безопасности зданий и сооружений, пожарной безопасности и энергосбережении. Включены изменения, утверждённые в 2021 и 2023 годах.",Свод правил,"СП 310.1325800.2017 Бассейны для плавания. Правила проектирования (с Изменениями N 1, 2).pdf","СП 310.1325800.2017 Бассейны для плавания. Правила проектирования (с Изменениями N 1, 2)","['проектирование бассейнов', 'требования к безопасности', 'нормативные акты', 'энергетическая эффективность']","['плавательные бассейны', 'правила проектирования', 'архитектура', 'строительство', 'технический регламент', 'пожарная безопасность', 'энергосбережение', 'физкультура', 'спортивные сооружения']",Русский,200,310.1325800.2017,5,95.3,3.8,"Изм.1, Изм.2","СП 310.1325800.2017 Бассейны для плавания. Правила проектирования (с Изменениями N 1, 2).pdf",Действующий,31
"Проектирование сборных и монолитных бетонных и железобетонных конструкций из высокопрочных бетонов классов B60 и выше для зданий и сооружений различного назначения, эксплуатируемых в климатических условиях России",Архитектура,2022-12-12,2025-08-26T04:13:49.388138+00:00,"Настоящий свод правил содержит требования к расчету и проектированию бетонных и железобетонных конструкций промышленных и гражданских зданий и сооружений с применением высокопрочного бетона класса B60...B150. Документ разработан с учетом федеральных законов и включает правила проектирования конструкций изложенные с учетом изменений, утвержденных приказом Минстроя от 12 декабря 2022 года.",Свод правил,СП 311.1325800.2017_Бетонные и железобетонные конструкции из высокопрочных бетонов (с изменением 1).pdf,Свод правил Бетонные и железобетонные конструкции из высокопрочных бетонов Правила проектирования,"['расчет конструкций', 'проектирование', 'высокопрочный бетон', 'строительство']","['бетонные конструкции', 'железобетонные конструкции', 'высокопрочный бетон', 'проектирование', 'СП 311.1325800.2017']",Русский,242,311.1325800.2017,5,89.7,0.0,Изм.1,СП 311.1325800.2017_Бетонные и железобетонные конструкции из высокопрочных бетонов (с изменением 1).pdf,Действующий,27
Внутрихозяйственные дороги,Строительство,2018-06-15,2025-08-26T04:13:52.535683+00:00,"Данный свод правил устанавливает правила эксплуатации внутрихозяйственных дорог, включая технические требования к элементам дорог, искусственным сооружениям, средствам организации дорожного движения, а также организацию дорожной службы и методы оценки состояния дорог.",Свод правил,СП 312.1325800.2017_Дороги внутрихозяйственные. Правила эксплуатации.pdf,Свод правил СП 312.1325800.2017 Внутрихозяйственные дороги. Правила эксплуатации,"['транспортно-эксплуатационное состояние', 'искусственные сооружения', 'ремонт и содержание', 'средства организации дорожного движения']","['внутрихозяйственные дороги', 'эксплуатация дорог', 'технические требования', 'организация дорожной службы', 'оценка состояния дорог']",русский,271,312.1325800.2017,5,93.0,0.0,Введен впервые,СП 312.1325800.2017_Дороги внутрихозяйственные. Правила эксплуатации.pdf,Действующий,53
Проектирование и строительство автомобильных дорог в районах вечной мерзлоты,Дороги,2022-05-30,2025-08-26T04:13:56.538664+00:00,"Настоящий свод правил устанавливает требования к изысканиям, проектированию и строительству автомобильных дорог в районах вечной мерзлоты. Документ разработан с учетом федеральных законов и нормативных актов, обеспечивая безопасность, долговечность и эффективность дорожных объектов в указанных условиях.",Свод правил,СП 313.1325800.2017_Дороги автомобильные в районах вечной мерзлоты. Правила проектирования и строительства (с изменением 1).pdf,Свод правил СП 313.1325800.2017 Дороги автомобильные в районах вечной мерзлоты. Правила проектирования и строительства,"['изыскания дорог', 'проектирование дорог', 'строительство дорог', 'особенности вечной мерзлоты']","['вечная мерзлота', 'автомобильные дороги', 'проектирование', 'строительство', 'Свод правил']",Русский,303,313.1325800.2017,5,85.5,1.7,"Изменения N 1, утв. Приказом Минстроя России от 30.05.2022 N 430/пр",СП 313.1325800.2017_Дороги автомобильные в районах вечной мерзлоты. Правила проектирования и строительства (с изменением 1).pdf,Действующий,143
"Проектирование, устройство и эксплуатация путей наземных рельсовых кранов",Проектирование и строительство,2018-06-08,2025-08-26T04:14:06.203622+00:00,"Данный свод правил регулирует проектирование, устройство и эксплуатацию путей наземных рельсовых кранов. В документе определяются требования к нижнему и верхнему строению кранового пути, путевому оборудованию и заземляющим устройствам.",Свод правил,"СП 314.1325800.2017_Пути наземные рельсовые крановые. Проектирование, устройство и эксплуатация.pdf","Свод правил СП 314.1325800.2017 Пути наземные рельсовые крановые Проектирование, устройство и эксплуатация","['инженерные изыскания', 'нижнее строение', 'верхнее строение', 'путевое оборудование', 'заземляющее устройство']","['рельсовые крановые пути', 'проектирование', 'устройство', 'эксплуатация', 'строительство']",Русский,175,314.1325800.2017,5,95.4,4.7,Введен впервые,"СП 314.1325800.2017_Пути наземные рельсовые крановые. Проектирование, устройство и эксплуатация.pdf",Действующий,62
Тепловые сети бесканальной прокладки и их проектирование и строительство,Отопление,2023-12-28,2025-08-26T04:14:10.372124+00:00,"Данный свод правил регламентирует требования к проектированию и строительству тепловых сетей бесканальной прокладки. Разработан для соблюдения технических регламентов и стандартов в области безопасности зданий и сооружений, энергосбережения и пожарной безопасности.",Свод правил,СП 315.1325800.2017_Тепловые сети бесканальной прокладки. Правила проектирования (с изменением 1).pdf,Свод правил Тепловые сети бесканальной прокладки Правила проектирования,"['требования к проектированию', 'строительство тепловых сетей', 'энергосбережение', 'пожарная безопасность']","['тепловые сети', 'бесканальная прокладка', 'проектирование', 'строительство', 'технический регламент']",русский,233,315.1325800.2017,5,83.9,2.0,Изменение N 1,СП 315.1325800.2017_Тепловые сети бесканальной прокладки. Правила проектирования (с изменением 1).pdf,Действующий,65
Проектирование контейнерных терминалов на территории Российской Федерации,Строительство,2019-11-25,2025-08-26T04:14:16.606256+00:00,"Данный свод правил устанавливает требования и правила проектирования контейнерных терминалов в России. В документе учитываются федеральные законы и нормативные ссылки на ГОСТ, обеспечивающие безопасность и технические условия при проектировании объектов.",Свод правил,СП 316.1325800.2017_Терминалы контейнерные. Правила проектирования (с Изменением 1).pdf,Свод правил СП 316.1325800.2017 Терминалы контейнерные. Правила проектирования,"['проектирование', 'безопасность', 'нормативные ссылки', 'строительство контейнерных терминалов']","['терминалы контейнерные', 'правила проектирования', 'контейнерные терминалы', 'строительство', 'проектирование']",Русский,300,316.1325800.2017,5,83.8,0.0,"Изменение N 1, утв. Приказом Минстроя России от 25.11.2019 N 727/пр",СП 316.1325800.2017_Терминалы контейнерные. Правила проектирования (с Изменением 1).pdf,Действующий,117
"Устанавливает общие правила производства работ, выполняемых в составе инженерно-геодезических изысканий для подготовки документов территориального планирования и документации по планировке территории, архитектурно-строительного проектирования, при строительстве и реконструкции объектов капитального строительства",Инженерно-геодезические изыскания,2022-05-30,2025-08-26T04:14:22.814858+00:00,"Документ определяет общие правила выполнения инженерно-геодезических изысканий для строительства, учитывая требования федеральных законов и постановлений правительства. Введен в действие приказом Минстроя России от 22 декабря 2017 года с изменениями от 30 мая 2022 года.",Свод правил,"СП 317.1325800.2017_Инженерно-геодезические изыскания для строительства. Общие правила производства работ (с изменениями 1, 2).pdf",Свод правил Инженерно-геодезические изыскания для строительства. Общие правила производства работ,"['общие правила производства работ', 'инженерно-геодезические изыскания', 'строительство']","['инженерно-геодезические изыскания', 'строительство', 'производство работ', 'территориальное планирование', 'архитектурно-строительное проектирование', 'реконструкция объектов капитального строительства']",Русский,296,317.1325800.2017,5,92.0,0.0,Изм. 1,"СП 317.1325800.2017_Инженерно-геодезические изыскания для строительства. Общие правила производства работ (с изменениями 1, 2).pdf",Действующий,88
Здания и помещения медицинских организаций,Эксплуатация зданий медицинских организаций,2018-06-19,2025-08-26T04:14:26.480012+00:00,Настоящий свод правил устанавливает требования к зданиям и помещениям медицинских организаций различного функционального назначения в условиях нормальной эксплуатации. Документ разработан для обеспечения безопасности и надлежащей эксплуатации зданий и помещений медицинских учреждений в соответствии с федеральными законами и техническими регламентами.,Свод правил,СП 319.1325800.2017 Здания и помещения медицинских организаций. Правила эксплуатации.pdf,Свод правил Здания и помещения медицинских организаций. Правила эксплуатации,"['требования к эксплуатации', 'безопасность зданий', 'медицинские организации', 'строительные нормы']","['здания медицинских организаций', 'эксплуатация', 'безопасность', 'медицинские помещения', 'технические регламенты']",русский,256,319.1325800.2017,5,94.4,1.0,Введен впервые,СП 319.1325800.2017 Здания и помещения медицинских организаций. Правила эксплуатации.pdf,Действующий,25
"Проектирование, эксплуатация, реконструкция и ликвидация объектов размещения твердых коммунальных отходов (ТКО) — полигонов, а также ликвидация объектов накопленного экологического вреда, на которых захоронены ТКО",Отходы,2022-03-16,2025-08-26T04:14:31.324562+00:00,"Свод правил устанавливает требования к проектированию, эксплуатации и рекультивации полигонов для твердых коммунальных отходов. Документ разработан в соответствии с рядом федеральных законов, регулирующих безопасность зданий, пожарную безопасность, охрану окружающей среды и обращение с отходами. Введен впервые 18 мая 2018 года, с последующим изменением, утвержденным в 2022 году.",Свод правил,"СП 320.1325800.2017 Полигоны для твердых коммунальных отходов. Проектирование, эксплуатация и рекультивация (с Изменением 1).pdf","Свод правил Полигны для твердых коммунальных отходов. Проектирование, эксплуатация и рекультивация","['проектирование полигонов', 'эксплуатация полигонов', 'рекультивация полигонов', 'нормативные требования']","['полигоны для твердых коммунальных отходов', 'проектирование', 'эксплуатация', 'рекультивация', 'технический регламент', 'безопасность зданий', 'экология']",Русский,298,320.1325800.2017,5,92.2,2.3,Изменение N 1,"СП 320.1325800.2017 Полигоны для твердых коммунальных отходов. Проектирование, эксплуатация и рекультивация (с Изменением 1).pdf",Действующий,38
"Требования к организации демонтажа и утилизации конструкций зданий и сооружений гражданского и производственного назначения, исключенных из государственного реестра опасных производственных объектов",Здания и сооружения,2021-12-23,2025-08-26T04:14:36.194573+00:00,"Настоящий свод правил устанавливает требования к организации демонтажа (сноса) и утилизации конструкций зданий и сооружений гражданского и производственного назначения. Документ разработан в соответствии с федеральными законами и постановлениями, утверждён приказом Минстроя России и введён в действие с 1 марта 2018 года с изменением, утверждённым 23 декабря 2021 года.",Свод правил,СП 325.1325800.2017 Здания и сооружения. Правила производства работ при демонтаже и утилизации.pdf,Свод правил СП 325.1325800.2017 Здания и сооружения. Правила производства работ при демонтаже и утилизации,"['Организация демонтажа', 'утилизация конструкций', 'техническое регулирование', 'безопасность труда']","['демонтаж', 'утилизация', 'здания', 'сооружения', 'строительство', 'правила производства работ']",Русский,237,325.1325800.2017,5,89.9,0.0,Изменение N 1,СП 325.1325800.2017 Здания и сооружения. Правила производства работ при демонтаже и утилизации.pdf,Действующий,58
"Проектирование, эксплуатация и ремонт многослойных наружных стен с лицевым слоем из кирпичной кладки для климатических условий России. Не распространяется на проектирование зданий и сооружений, подверженных динамическим нагрузкам, возводимых на подрабатываемых территориях, вечномерзлых грунтах и в сейсмоопасных районах.",Архитектура,2024-11-22,2025-08-26T04:14:41.354877+00:00,"Данный свод правил устанавливает нормы и требования к проектированию, эксплуатации и ремонту многослойных наружных стен с лицевым кирпичным слоем в климатических условиях России. Включает методики расчета, требования к материалам, конструкционным решениям и техническому обслуживанию. Документ пересматривается и дополняется с учетом актуальных изменений, утвержден Министерством строительства и жилищно-коммунального хозяйства Российской Федерации.",Свод правил,"СП 327.1325800.2017_Стены наружные с лицевым кирпичным слоем (с изменениями 1, 2, 3).pdf","Свод правил Стены наружные с лицевым кирпичным слоем. Правила проектирования, эксплуатации и ремонта","['технические регламенты', 'строительные конструкции', 'надежность и безопасность', 'климатические условия']","['внешние стены', 'кирпичный слой', 'проектирование', 'эксплуатация', 'ремонт', 'многослойные стены', 'строительство']",Русский,294,327.1325800.2017,5,83.6,0.0,Изменения N 3,"СП 327.1325800.2017_Стены наружные с лицевым кирпичным слоем (с изменениями 1, 2, 3).pdf",Действующий,77
Проектирование спортивных сооружений,Архитектура,2023-12-28,2025-08-26T04:14:45.230442+00:00,"Данный свод правил устанавливает требования и нормы проектирования спортивных сооружений. Документ утвержден Министерством строительства и жилищно-коммунального хозяйства Российской Федерации и введен в действие с 15 мая 2018 года. Включает изменения, утвержденные в 2019, 2022 и 2023 годах.",Свод правил,"СП 332.1325800.2017_Спортивные сооружения (с изменениями 1, 2, 3, 4).pdf",Свод правил Спортивные сооружения Правила проектирования,"['технические регламенты', 'энергосбережение', 'пожарная безопасность', 'общественная безопасность']","['спортивные сооружения', 'правила проектирования', 'строительство', 'архитектура']",русский,255,332.1325800.2017,5,75.7,11.8,Изменения N 4,"СП 332.1325800.2017_Спортивные сооружения (с изменениями 1, 2, 3, 4).pdf",Действующий,227
"Проектирование квартирных тепловых пунктов в многоквартирных жилых домах, в том числе блокированных жилых домов, на этапе нового строительства и реконструкции при использовании горизонтальной поквартирной разводки системы отопления",Отопление,2018-03-02,2025-08-26T04:14:53.088034+00:00,"Настоящий свод правил устанавливает требования к проектированию квартирных тепловых пунктов в многоквартирных жилых домах с учетом норм и правил по отоплению, вентиляции и другим системам. Документ разработан с учетом федеральных законов и строительных норм, актуализирован и введен в действие с 2 марта 2018 года приказом Минстроя России.",Свод правил,СП 334.1325800.2017_Квартирные тепловые пункты в многоквартирных жилых домах. Правила проектирования.pdf,Свод правил Квартирные тепловые пункты в многоквартирных жилых домах. Правила проектирования,"['проектирование тепловых пунктов', 'квартирные тепловые пункты', 'отопление многоквартирных домов', 'нормативные документы', 'энергосбережение', 'пожарная безопасность']","['квартирные тепловые пункты', 'многоквартирные жилые дома', 'проекты отопления', 'горизонтальная поквартирная разводка', 'СП 124.13330', 'СП 60.13330', 'СП 30.13330', 'СП 54.13330']",Русский,282,334.1325800.2017,5,91.2,0.0,Введен впервые,СП 334.1325800.2017_Квартирные тепловые пункты в многоквартирных жилых домах. Правила проектирования.pdf,Действующий,39
Крупнопанельные жилые здания из сборных бетонных и железобетонных элементов высотой не более 75 м,Архитектура,2020-12-17,2025-08-26T04:14:57.053828+00:00,"Настоящий свод правил устанавливает общие требования к расчету и проектированию конструктивных систем крупнопанельных жилых зданий. Включает нормативные ссылки и требования, с учетом изменений, утвержденных Приказом Минстроя России 17.12.2020 N 798/пр.",Свод правил,СП 335.1325800.2017_Крупнопанельные конструктивные системы. Правила проектирования (с изменением 1).pdf,Свод правил Крупнопанельные конструктивные системы. Правила проектирования,"['требования к расчету', 'проектирование конструктивных систем', 'нормативные документы', 'изменения']","['крупнопанельные конструкции', 'проектирование', 'жилые здания', 'бетонные и железобетонные элементы', 'расчет конструкций']",Русский,319,335.1325800.2017,5,85.1,1.9,Изм. 1,СП 335.1325800.2017_Крупнопанельные конструктивные системы. Правила проектирования (с изменением 1).pdf,Действующий,90
Правила эксплуатации систем вентиляции и кондиционирования воздуха зданий (сооружений) различного функционального назначения,Вентиляция и кондиционирование,2018-03-16,2025-08-26T04:15:00.732434+00:00,"Данный свод правил устанавливает правила эксплуатации систем вентиляции и кондиционирования воздуха зданий различного функционального назначения. Не распространяется на системы вентиляции и кондиционирования особо опасных и технически сложных объектов, а также на вентиляционные системы защитных сооружений, объектов с радиоактивными веществами, взрывчатыми веществами и специального технологического оборудования.",Свод правил,СП 336.1325800.2017 Системы вентиляции и кондиционирования воздуха. Правила эксплуатации.pdf,СП 336.1325800.2017 Системы вентиляции и кондиционирования воздуха. Правила эксплуатации,"['эксплуатация систем вентиляции', 'эксплуатация систем кондиционирования', 'требования безопасности', 'рабочие нормы']","['системы вентиляции', 'системы кондиционирования', 'правила эксплуатации', 'здания и сооружения', 'технические регламенты']",Русский,281,336.1325800.2017,5,93.7,0.8,Введен впервые,СП 336.1325800.2017 Системы вентиляции и кондиционирования воздуха. Правила эксплуатации.pdf,Действующий,31
"Проектирование железобетонных элементов сборно-монолитных конструкций из тяжелого бетона на цементном вяжущем, эксплуатируемых в климатических условиях России",Конструкции железобетонные,2018-06-14,2025-08-26T04:15:05.106009+00:00,"Настоящий свод правил содержит требования к расчету и проектированию сборно-монолитных конструкций жилых и общественных зданий с учетом обязательных требований Федеральных законов и технических регламентов. Документ распространяется на проектирование железобетонных элементов сборно-монолитных конструкций из тяжелого бетона и не распространяется на гидротехнические сооружения, мосты, покрытия автомобильных дорог и аэродромов, а также специальные конструкции и конструкции особой природы бетонов.",Свод правил,СП 337.1325800.2017_Конструкции железобетонные сборно-монолитные. Правила проектирования.pdf,Свод правил Конструкции железобетонные сборно-монолитные. Правила проектирования,"['требования к расчету', 'проектирование сборно-монолитных конструкций', 'нормативные ссылки', 'термины и определения']","['железобетонные конструкции', 'сборно-монолитные конструкции', 'проектирование', 'тяжелый бетон', 'конструкции жилых и общественных зданий']",русский,387,337.1325800.2017,5,65.2,1.8,Введен впервые,СП 337.1325800.2017_Конструкции железобетонные сборно-монолитные. Правила проектирования.pdf,Действующий,69
"Акустические расчеты по оценке степени акустического воздействия на селитебной территории и иных нормируемых объектах, расположенных вблизи высокоскоростных железнодорожных линий (со скоростью движения поездов от 250 до 400 км/ч), проектирование и выбор мероприятий по снижению шума в соответствии с санитарными нормами, а также подбор и размещение шумозащитных экранов",Пожарная безопасность,2018-08-06,2025-08-26T04:15:11.725200+00:00,"Данный свод правил устанавливает требования к выполнению акустических расчетов и проектированию мероприятий по снижению шума для высокоскоростных железнодорожных линий с целью защиты от шума. Документ регламентирует требования к размещению и подбору шумозащитных экранов для линий с поездами, движущимися со скоростью от 250 до 400 км/ч.",Свод правил,СП 338.1325800.2018_Защита от шума для высокоскоростных железнодорожных линий.pdf,СП 338.1325800.2018 Свод Правил Защита От Шума Для Высокоскоростных Железнодорожных Линий Правила Проектирования И Строительства,"['защита от шума', 'проектирование', 'строительство', 'высокоскоростные железнодорожные линии']","['шумозащита', 'высокоскоростные железнодорожные линии', 'акустические расчеты', 'санитарные нормы', 'шумозащитные экраны']",русский,278,338.1325800.2018,5,88.7,0.0,Введен впервые,СП 338.1325800.2018_Защита от шума для высокоскоростных железнодорожных линий.pdf,Действующий,156
"Проектирование бетонных и железобетонных конструкций и кладки стен из мелких блоков из ячеистых бетонов и ячеистых фибробетонов автоклавного и неавтоклавного твердения для жилых, производственных и сельскохозяйственных зданий с сухим, нормальным и влажным режимами эксплуатации с относительной влажностью воздуха не более 75% и неагрессивной средой",Конструкции,2022-12-27,2025-08-26T04:15:16.819274+00:00,"Настоящий свод правил устанавливает требования к проектированию бетонных и железобетонных конструкций и кладки из ячеистых бетонов и фибробетонов, предназначенных для различных зданий. Документ учитывает условия эксплуатации и не распространяется на предварительно напряженные конструкции и панели специального назначения.",Свод правил,СП 339.1325800.2017_Конструкции из ячеистых бетонов. Правила проектирования (с изменением 1).pdf,Свод Правил Конструкции Из Ячеистых Бетонов. Правила Проектирования,"['проектирование конструкций', 'бетон', 'железобетон', 'ячеистый бетон', 'энергосбережение', 'пожарная безопасность']","['свод правил', 'ячеистый бетон', 'проектирование', 'конструкции', 'железобетон', 'фибробетон', 'строительство', 'здания']",русский,345,339.1325800.2017,5,86.9,14.1,Изменение N 1,СП 339.1325800.2017_Конструкции из ячеистых бетонов. Правила проектирования (с изменением 1).pdf,Действующий,96
"Проектирование и монтаж холодных и горячих водопроводов и трубопроводов водяного отопления из труб из ""сшитого"" полиэтилена (ПЭ-С) во вновь возводимых, реконструируемых или капитально ремонтируемых зданиях и сооружениях.",Системы водоснабжения,2018-03-19,2025-08-26T04:15:21.389517+00:00,"Настоящий свод правил устанавливает нормы проектирования и монтажа систем водоснабжения и отопления зданий с использованием труб из ""сшитого"" полиэтилена ПЭ-С. В документе рассмотрены особенности трассировки и монтажа трубопроводов, а также выбор оптимальных мест креплений. Не распространяется на специальные объекты, такие как защитные сооружения гражданской обороны и здания с особыми условиями эксплуатации.",Свод правил,СП 344.1325800.2017 Системы водоснабжения и отопления внутренние с использованием труб из сшитого полиэтилена..pdf,"Свод правил Системы водоснабжения и отопления зданий внутренние с использованием труб из ""сшитого"" полиэтилена. Правила проектирования и монтажа","['нормы проектирования', 'монтаж трубопроводов', 'применение труб из сшитого полиэтилена', 'проектирование внутренних систем водоснабжения и отопления']","['водоснабжение', 'отопление', 'сшитый полиэтилен', 'монтаж трубопроводов', 'проектирование систем', 'трубопроводы водяного отопления', 'холодное и горячее водоснабжение']",Русский,300,344.1325800.2017,5,94.7,0.0,Введен впервые,СП 344.1325800.2017 Системы водоснабжения и отопления внутренние с использованием труб из сшитого полиэтилена..pdf,Действующий,41
"Проектирование, строительство, реконструкция, капитальный ремонт и техническое перевооружение систем газовоздушных трактов котельных установок мощностью до 150 МВт",Отопление,2018-03-16,2025-08-26T04:15:24.894778+00:00,"Данный свод правил устанавливает требования к проектированию, строительству, реконструкции, капитальному ремонту и техническому перевооружению систем газовоздушных трактов котельных тепловой мощностью до 150 МВт, обеспечивая безопасность и эксплуатационные характеристики согласно действующему законодательству.",Свод правил,СП 346.1325800.2017_Системы газовоздушных трактов котельных установок мощностью до 150 МВт.pdf,Свод правил Системы газовоздушных трактов котельных установок мощностью до 150 МВт. Правила проектирования,"['требования к проектированию', 'эксплуатационные характеристики', 'безопасность котельных', 'материалы и технологии']","['газовоздушные тракты', 'котельные установки', 'проектирование', 'безопасность', 'тепловая мощность']",Русский,234,346.1325800.2017,5,92.6,1.1,Введен впервые,СП 346.1325800.2017_Системы газовоздушных трактов котельных установок мощностью до 150 МВт.pdf,Действующий,40
"Эксплуатация внутренних систем отопления, горячего и холодного водоснабжения зданий и сооружений",Отопление,2018-06-06,2025-08-26T04:15:28.373751+00:00,"Свод правил устанавливает основные положения по эксплуатации внутренних систем отопления, горячего и холодного водоснабжения зданий и сооружений, обеспечивая условия для жизнедеятельности людей, безопасность и надежную работу оборудования при соблюдении эксплуатационных параметров согласно проектным данным и нормативным документам.",Свод правил,"СП 347.1325800.2017 Внутренние системы отопления, горячего и холодного водоснабжения. Правила эксплуатации.pdf","СП 347.1325800.2017 Внутренние системы отопления, горячего и холодного водоснабжения. Правила эксплуатации","['эксплуатация систем отопления', 'горячее и холодное водоснабжение', 'теплоснабжение', 'трубопроводы']","['внутренние системы отопления', 'горячее водоснабжение', 'холодное водоснабжение', 'правила эксплуатации', 'теплоснабжение']",Русский,186,347.1325800.2017,5,97.0,3.2,Введен впервые,"СП 347.1325800.2017 Внутренние системы отопления, горячего и холодного водоснабжения. Правила эксплуатации.pdf",Действующий,31
"Проектирование новых и реконструкция существующих индустриальных парков и промышленных кластеров, расположенных на территории городских и сельских поселений",Архитектура,2023-12-22,2025-08-26T04:15:32.019806+00:00,Данный свод правил устанавливает требования к проектированию индустриальных парков и промышленных кластеров. Он включает правила планировки и застройки таких объектов и направлен на обеспечение безопасности и эффективности строительства.,Свод правил,"СП 348.1325800.2017_Индустриальные парки и промышленные кластеры. Правила проектирования (с изменениями 1, 2).pdf",Свод правил Индустриальные парки и промышленные кластеры. Правила проектирования,"['Требования к проектированию', 'Правила планировки', 'Реконструкция и новое строительство']","['индустриальные парки', 'промышленные кластеры', 'проектирование', 'планировка', 'застройка']",Русский,394,348.1325800.2017,5,79.4,1.1,"Изменения N 2, утв. Приказом Минстроя России от 22.12.2023 N 975/пр","СП 348.1325800.2017_Индустриальные парки и промышленные кластеры. Правила проектирования (с изменениями 1, 2).pdf",Действующий,104
Проектирование бетонных и железобетонных конструкций из легких бетонов для зданий и сооружений в климатических условиях Российской Федерации,Строительство,2020-12-15,2025-08-26T04:15:35.554375+00:00,"Свод правил устанавливает требования к проектированию бетонных и железобетонных конструкций из легких бетонов для различных зданий и сооружений в климатических условиях России. Документ подготовлен АО ""НИЦ ""Строительство"" - НИИЖБ им. А.А. Гвоздева и утвержден Министерством строительства и жилищно-коммунального хозяйства РФ. Включает технические нормы, условия применения и исключения.",Свод правил,СП 351.1325800.2017_Бетонные и железобетонные конструкции из легких бетонов. Правила проектирования (с изменением 1).pdf,Свод правил Бетонные и железобетонные конструкции из легких бетонов Правила проектирования,"['технические регламенты', 'проектные нормы', 'легкие бетоны', 'строительные конструкции']","['бетонные конструкции', 'железобетонные конструкции', 'легкие бетоны', 'проектирование', 'строительство', 'нормативные документы']",Русский,352,351.1325800.2017,5,78.6,0.7,Изменение N 1,СП 351.1325800.2017_Бетонные и железобетонные конструкции из легких бетонов. Правила проектирования (с изменением 1).pdf,Действующий,171
Проектирование каркасных железобетонных сборных конструкций многоэтажных зданий,Конструкции,2018-06-14,2025-08-26T04:15:39.066889+00:00,"Данный свод правил устанавливает правила проектирования каркасных железобетонных сборных конструкций многоэтажных зданий. Включает унификацию габаритных схем, классификацию конструктивных схем, расчет несущей системы здания и проектирование различных элементов железобетонных конструкций.",Свод правил,СП 356.1325800.2017_Конструкции каркасные железобетонные сборные многоэтажных зданий.pdf,Свод правил СП 356.1325800.2017 Конструкции каркасные железобетонные сборные многоэтажных зданий. Правила проектирования,"['унфикационные схемы', 'конструктивные схемы', 'расчет несущих систем', 'железобетонные конструкции', 'фундаменты', 'колонны', 'ригели', 'плиты перекрытий']","['каркасные конструкции', 'железобетонные конструкции', 'сборные конструкции', 'многоэтажные здания', 'проектирование']",Русский,262,356.1325800.2017,5,83.9,25.0,Введен впервые,СП 356.1325800.2017_Конструкции каркасные железобетонные сборные многоэтажных зданий.pdf,Действующий,83
Защитные мероприятия в зоне влияния строительства подземных объектов,Здания и сооружения,2018-05-15,2025-08-26T04:15:42.663517+00:00,"Данный свод правил устанавливает требования и рекомендации по проведению защитных мероприятий при строительстве подземных объектов, включая инженерно-геологические и геотехнические изыскания, обследование конструкций существующих зданий, оценку влияния строительства на окружающую застройку и проектирование защитных мероприятий.",Свод правил,СП 361.1325800.2017_Здания и сооружения. Защитные мероприятия в зоне влияния строительства подземных объектов.pdf,Свод правил СП 361.1325800.2017 Здания и сооружения. Защитные мероприятия в зоне влияния строительства подземных объектов,"['область применения', 'нормативные ссылки', 'термины и определения', 'требования к инженерно-геологическим и инженерно-геотехническим изысканиям', 'обследование конструкций зданий и сооружений', 'оценка влияния нового строительства', 'проектирование мероприятий']","['защитные мероприятия', 'строительство подземных объектов', 'инженерно-геологические изыскания', 'обследование конструкций', 'оценка влияния строительства', 'проектирование защитных мероприятий']",Русский,270,361.1325800.2017,5,93.5,0.9,Введен впервые,СП 361.1325800.2017_Здания и сооружения. Защитные мероприятия в зоне влияния строительства подземных объектов.pdf,Действующий,61
"Проектирование и расчет ограждающих конструкций крыш, наружных стен, подвесных потолков и внутренних перегородок с применением трехслойных панелей типа сэндвич",Архитектура,2021-12-27,2025-08-26T04:15:46.283465+00:00,"Настоящий свод правил содержит требования по расчету и проектированию ограждающих конструкций из трехслойных панелей типа сэндвич, включая использование различных утеплителей. Документ разработан для совершенствования технологий проектирования, производства и устройства ограждающих конструкций из трехслойных панелей.",Свод правил,СП 362.1325800.2017_Ограждающие конструкции из трехслойных панелей. Правила проектирования (с изменением 1).pdf,СП 362.1325800.2017 Ограждающие конструкции из трехслойных панелей. Правила проектирования,"['требования к проектированию', 'расчет ограждающих конструкций', 'нормативные ссылки']","['ограждающие конструкции', 'трехслойные панели', 'сэндвич панели', 'проектирование', 'расчет']",Русский,266,362.1325800.2017,5,87.9,2.8,Изм.1,СП 362.1325800.2017_Ограждающие конструкции из трехслойных панелей. Правила проектирования (с изменением 1).pdf,Действующий,84
"Проектирование новых, реконструкция и капитальный ремонт существующих светопрозрачных покрытий с монтажной профильной системой из алюминиевых, стальных, деревянных и полимерных элементов с заполнением из стекла, стеклопакетов, полимерных панелей, мембран и световых фонарей применяемых в зданиях различных назначений в России",Архитектура,2021-12-28,2025-08-26T04:15:51.193518+00:00,"Данный свод правил устанавливает требования к проектированию светопрозрачных покрытий и фонарей зданий и сооружений. Он распространяется на новые проекты, реконструкцию и капитальный ремонт покрытий с профильными системами из алюминия, стали, дерева и полимеров с различными видами заполнений. Документ разработан в соответствии с требованиями федеральных законов и утвержден Минстроем России.",Свод правил,СП 363.1325800.2017_Покрытия светопрозрачные и фонари зданий и сооружений. Правила проектирования (с изменением 1).pdf,Свод правил Покрытия светопрозрачные и фонари зданий и сооружений Правила проектирования,"['проектирование светопрозрачных покрытий', 'реконструкция зданий', 'капитальный ремонт', 'материалы покрытий', 'требования безопасности', 'системы профилей', 'нормативные ссылки']","['свод правил', 'светопрозрачные покрытия', 'фонари зданий', 'проектирование', 'монтажные профильные системы', 'алюминиевые профили', 'стальные профили', 'деревянные профили', 'полимерные элементы', 'многослойное стекло', 'стеклопакеты', 'полимерные панели', 'полимерные мембраны', 'ЭТФЭ', 'световые фонари']",Русский,229,363.1325800.2017,5,91.9,3.0,Изм. 1,СП 363.1325800.2017_Покрытия светопрозрачные и фонари зданий и сооружений. Правила проектирования (с изменением 1).pdf,Действующий,60
монтаж и испытание вертикальных цилиндрических стальных резервуаров номинальным объемом от 100 до 120 000 м3 включительно,Строительство,2018-06-14,2025-08-26T04:15:55.639177+00:00,"Настоящий свод правил устанавливает требования к производству и приемке работ при монтаже и испытании вертикальных цилиндрических стальных резервуаров для хранения нефтепродуктов. Документ исключает применение для изотермических резервуаров для хранения сжиженных газов и регулирует стальные конструкции резервуаров, включая их сварные соединения.",Свод правил,СП 365.1325800.2017_Резервуары вертикальные цилиндрические стальные для хранения нефтепродуктов.pdf,Свод правил Резервуары вертикальные цилиндрические стальные для хранения нефтепродуктов. Правила производства и приемки работ при монтаже,"['требования к монтажу', 'правила приемки работ', 'техническое регулирование', 'строительные конструкции']","['резервуары вертикальные цилиндрические стальные', 'нефтепродукты', 'монтаж', 'приемка работ', 'испытание', 'сварные соединения']",Русский,176,365.1325800.2017,5,90.5,0.0,Введен впервые,СП 365.1325800.2017_Резервуары вертикальные цилиндрические стальные для хранения нефтепродуктов.pdf,Действующий,115
"Стальные промысловые трубопроводы, расположенные на территории месторождений нефти и предназначенные для транспортирования продукции добывающих и нагнетательных скважин, участвующих в технологическом процессе добычи нефти и сопутствующего нефтяного газа",Промысловые трубопроводы,2018-06-19,2025-08-26T04:16:00.591652+00:00,"Данный свод правил регулирует оценку технических решений промысловых стальных трубопроводов на основе анализа риска. Документ распространяется на трубопроводы нефтяных месторождений, участвующих в технологическом процессе добычи нефти и сопутствующего нефтяного газа, и исключает неметаллические и некоторые технологические трубопроводы и сети водоснабжения, канализации и газовых месторождений. Разработан ООО ""Трансэнергострой"" и утвержден Министерством строительства и жилищно-коммунального хозяйства Российской Федерации в 2018 году.",Свод правил,СП 366.1325800.2017_Промысловые трубопроводы. Оценка технических решений на основе анализа риска.pdf,Свод правил Промысловые трубопроводы. Оценка технических решений на основе анализа риска,"['надежность конструкций', 'менеджмент риска', 'нормативные документы']","['промысловые трубопроводы', 'анализ риска', 'технические решения', 'нефтегазовая промышленность', 'оценка надежности']",Русский,256,366.1325800.2017,5,91.8,0.0,Введен впервые,СП 366.1325800.2017_Промысловые трубопроводы. Оценка технических решений на основе анализа риска.pdf,Действующий,41
Проектирование естественного и совмещенного освещения жилых и общественных зданий,Архитектура,2022-12-20,2025-08-26T04:16:04.929265+00:00,"Данный свод правил устанавливает методы расчета нормируемых параметров естественного освещения помещений с боковой и верхней системами освещения, учитывая городскую застройку и схемы расположения зданий. Документ разработан для проектирования освещения в жилых и общественных зданиях.",Свод правил,"СП 367.1325800.2017_Здания жилые и общественные. Правила проектирования естественного и совмещенного освещения (с изменениями 1, 2).pdf",Свод правил Здания жилые и общественные Правила проектирования естественного и совмещенного освещения,"['методы расчета естественного освещения', 'нормируемые параметры освещения', 'дневное освещение', ' Lighting design']","['естественное освещение', 'совмещенное освещение', 'проектирование', 'жилые здания', 'общественные здания', 'коэффициент естественной освещенности']",русский,368,367.1325800.2017,5,66.8,9.1,"Изменения N 2, утв. Приказом Минстроя России от 20.12.2022 N 1092/пр","СП 367.1325800.2017_Здания жилые и общественные. Правила проектирования естественного и совмещенного освещения (с изменениями 1, 2).pdf",Действующий,222
Проектирование капитального ремонта многоквартирных жилых зданий высотой до 75 м,Архитектура,2020-12-30,2025-08-26T04:16:09.798013+00:00,"Свод правил устанавливает требования на проектирование капитального ремонта многоквартирных жилых зданий высотой до 75 м, разработан с учетом федеральных законов и содержит изменения, утвержденные в 2020 году. Документ предназначен для применения в строительстве и архитектуре жилых зданий.",Свод правил,СП 368.1325800.2017_Здания жилые. Правила проектирования капитального ремонта (с изменением 1).pdf,Свод правил Здания жилые Правила проектирования капитального ремонта,"['требования проектирования', 'нормативные ссылки', 'жилые здания', 'капитальный ремонт']","['свод правил', 'капитальный ремонт', 'многоквартирные жилые здания', 'проектирование', 'архитектура', 'строительство']",русский,172,368.1325800.2017,5,93.1,1.1,Изм. 1,СП 368.1325800.2017_Здания жилые. Правила проектирования капитального ремонта (с изменением 1).pdf,Действующий,59
Проектирование солнцезащитных устройств при строительстве и реконструкции зданий,Архитектура,2023-12-28,2025-08-26T04:16:14.424697+00:00,"Данный свод правил устанавливает требования и рекомендации по проектированию солнцезащитных устройств для зданий с целью обеспечения энергетической эффективности и комфорта. Включает положения, соответствующие федеральным законам о безопасности зданий и энергосбережении.",Свод правил,"СП 370.1325800.2017_Устройства солнцезащитные зданий. Правила проектирования (с изменениями 1, 2).pdf",Свод правил Устройства солнцезащитные зданий. Правила проектирования,"['требования к проектированию', 'солнечные защитные устройства', 'энергетическая эффективность', 'строительные нормы и правила']","['солнцезащитные устройства', 'проектирование', 'здания', 'энергосбережение', 'строительство', 'реконструкция']",русский,253,370.1325800.2017,5,78.6,1.7,"Изменения N 2, утвержденные 28.12.2023","СП 370.1325800.2017_Устройства солнцезащитные зданий. Правила проектирования (с изменениями 1, 2).pdf",Действующий,170
Проектирование съемных опалубок всех типов для возведения зданий и сооружений,Строительство,2018-06-12,2025-08-26T04:16:18.445736+00:00,"Свод правил направлен на совершенствование правил проектирования опалубки, повышение ее качества, развитие технологии опалубочных работ и возведения монолитных конструкций. Применяется при проектировании съемных опалубок всех типов, исключая пневматическую и туннельную опалубки.",Свод правил,СП 371.1325800.2017_Опалубка. Правила проектирования.pdf,Свод правил Опалубка Правила проектирования,"['правила проектирования', 'технология опалубочных работ', 'классификация опалубок', 'нормативные ссылки']","['опалубка', 'проектирование', 'монолитные конструкции', 'съемные опалубки']",русский,190,СП 371.1325800.2017,5,91.5,2.9,Введен впервые,СП 371.1325800.2017_Опалубка. Правила проектирования.pdf,Действующий,87
"Эксплуатация жилых многоквартирных зданий, в том числе эксплуатационный контроль, техническое обслуживание и ремонт",Здания жилые многоквартирные,2022-12-21,2025-08-26T04:16:22.332177+00:00,"Настоящий свод правил устанавливает требования к эксплуатации жилых многоквартирных зданий, включая эксплуатационный контроль, техническое обслуживание и ремонт. Документ разработан для соблюдения требований федеральных законов о техническом регулировании и безопасности зданий.",Свод правил,СП 372.1325800.2018_Здания жилые многоквартирные. Правила эксплуатации (с изменением 1).pdf,Свод правил Здания жилые многоквартирные Правила эксплуатации,"['нормативные ссылки на ГОСТ и СНиП', 'эксплуатация жилых зданий', 'техническое обслуживание и ремонт']","['жилые многоквартирные здания', 'эксплуатация', 'техническое обслуживание', 'ремонт', 'эксплуатационный контроль', 'безопасность зданий', 'техническое регулирование']",русский,290,372.1325800.2018,5,88.6,2.7,Изменение N 1,СП 372.1325800.2018_Здания жилые многоквартирные. Правила эксплуатации (с изменением 1).pdf,Действующий,38
"Проектирование вновь строящихся и реконструируемых автономных источников теплоснабжения крышных, встроенных и пристроенных котельных для теплоснабжения систем отопления, вентиляции, горячего водоснабжения жилых, общественных и производственных зданий",Отопление,2022-12-23,2025-08-26T04:16:29.131350+00:00,"Настоящий свод правил регулирует проектирование автономных источников теплоснабжения, интегрированных в здания, обеспечивая соблюдение требований безопасности и энергоэффективности. Документ разработан с учетом технических регламентов о безопасности зданий и энергосбережении и содержит правила для систем отопления жилых многоквартирных, общественных и промышленных зданий.",Свод правил,СП 373.1325800.2018_Источники теплоснабжения автономные. Правила проектирования (с изменением 1).pdf,Свод Правил Источники Теплоснабжения Автономные. Правила Проектирования,"['проектирование автономных источников теплоснабжения', 'требования безопасности', 'энергетическая эффективность', 'крышные котельные', 'встроенные котельные', 'пристроенные котельные']","['источники теплоснабжения', 'автономные', 'правила проектирования', 'котельные', 'отопление', 'энергосбережение', 'безопасность зданий']",Русский,286,373.1325800.2018,5,92.4,3.6,"Изменение N 1, утв. Приказом Минстроя России от 23.12.2022 N 1116/пр",СП 373.1325800.2018_Источники теплоснабжения автономные. Правила проектирования (с изменением 1).pdf,Действующий,64
"Эксплуатация животноводческих, птицеводческих и звероводческих зданий и помещений для содержания сельскохозяйственных животных, птицы и разводимых в клетках зверей и кроликов. Также для зданий и помещений ветеринарных объектов.",Строительство,2022-12-16,2025-08-26T04:16:33.822802+00:00,"Настоящий свод правил содержит требования по безопасной эксплуатации зданий и помещений для хранения и переработки сельскохозяйственной продукции, а также эксплуатации зданий и помещений для содержания сельскохозяйственных животных, птицы и зверей. Документ утвержден Министерством строительства и жилищно-коммунального хозяйства Российской Федерации 25 мая 2018 года с изменениями от 16 декабря 2022 года.",Свод правил,"СП 374.1325800.2018_Здания и помещения животноводческие, птицеводческие и звероводческие. Правила эксплуатации (с изменением 1).pdf","Свод правил Здания и помещения животноводческие, птицеводческие и звероводческие. Правила эксплуатации","['эксплуатация зданий', 'животноводство', 'птицеводство', 'звероводство', 'строительство', 'технические регламенты']","['свод правил', 'животноводческие здания', 'птицеводческие здания', 'звероводческие здания', 'эксплуатация', 'строительство', 'безопасность']",Русский,215,374.1325800.2018,5,85.6,1.3,Изм.1,"СП 374.1325800.2018_Здания и помещения животноводческие, птицеводческие и звероводческие. Правила эксплуатации (с изменением 1).pdf",Действующий,88
"Проектирование промышленных дымовых и вентиляционных труб, включая фундаменты с несущими стволами из кирпича, железобетона, стали, полимерных композитов, а также газоотводящих стволов, поддерживаемых несущими конструкциями",Промышленные дымовые трубы,2024-01-29,2025-08-26T04:16:38.434988+00:00,"Настоящий свод правил устанавливает требования к проектированию промышленных дымовых и вентиляционных труб с различными конструкциями, включая фундаменты. Документ разработан для соблюдения федеральных законов о техническом регулировании и безопасности зданий и сооружений, утвержден Минстроем России и введен в действие с 29 января 2024 года.",Свод правил,СП 375.1325800.2023_Трубы промышленные дымовые Правила проектирования.pdf,Свод правил Трубы промышленные дымовые. Правила проектирования,"['проектирование дымовых труб', 'технические требования', 'конструкционные материалы', 'нормативные ссылки']","['промышленные дымовые трубы', 'правила проектирования', 'фундаменты', 'кирпич', 'железобетон', 'сталь', 'полимерные композиты', 'газоотводящие стволы', 'безопасность зданий', 'техническое регулирование']",Русский,284,375.1325800.2023,5,89.1,0.5,Пересмотр СП 375.1325800.2017,СП 375.1325800.2023_Трубы промышленные дымовые Правила проектирования.pdf,Действующий,107
Проектирование жилых зданий и помещений для временного проживания,Архитектура,2018-06-02,2025-08-26T04:16:41.834856+00:00,"Данный свод правил устанавливает требования к проектированию жилых зданий и помещений, предназначенных для временного проживания, включая требования к планировке, конструктивным решениям, пожарной безопасности, санитарно-эпидемиологическим нормам, инженерным системам, долговечности и энергосбережению.",Свод правил,СП 376.1325800.2017_Жилые здания и помещения для временного проживания. Правила проектирования.pdf,Свод правил Жилые здания и помещения для временного проживания Правила проектирования,"['объемно-планировочная структура', 'пожарная безопасность', 'санитарно-эпидемиологические требования', 'инженерные системы', 'энергосбережение']","['жилые здания', 'временное проживание', 'проектирование', 'пожарная безопасность', 'санитарно-эпидемиологические требования', 'инженерные системы', 'энергосбережение']",Русский,103,376.1325800.2017,5,97.4,0.0,Введен впервые,СП 376.1325800.2017_Жилые здания и помещения для временного проживания. Правила проектирования.pdf,Действующий,20
Правила эксплуатации портовых сооружений,Сооружения портовые,2018-06-12,2025-08-26T04:16:45.205705+00:00,"Свод правил устанавливает правила эксплуатации портовых сооружений, включая режим эксплуатации, техническое обслуживание и ремонт различных объектов, таких как гидротехнические сооружения, крытые и открытые склады.",Свод правил,СП 377.1325800.2017_Сооружения портовые. Правила эксплуатации.pdf,Свод правил СП 377.1325800.2017 Сооружения портовые. Правила эксплуатации,"['эксплуатация портовых сооружений', 'охрана окружающей среды', 'техническое обслуживание', 'ремонт']","['портовые сооружения', 'эксплуатация', 'техническое обслуживание', 'ремонт', 'гидротехнические сооружения', 'склады']",русский,246,377.1325800.2017,5,96.6,0.0,Введен впервые,СП 377.1325800.2017_Сооружения портовые. Правила эксплуатации.pdf,Действующий,28
Проектирование и строительство морских трубопроводов,Строительство,2018-05-26,2025-08-26T04:16:48.487271+00:00,"Документ содержит правила проектирования и строительства морских трубопроводов, включая выбор трассы, конструкцию, сварные соединения, защиту от коррозии, балластировку, заглубление, нагрузки, расчёты на прочность и общие требования по организации строительства.",Свод правил,СП 378.1325800.2017_Морские трубопроводы. Правила проектирования и строительства.pdf,Свод правил Морские трубопроводы Правила проектирования и строительства,"['требования к выбору трассы', 'конструкция морских трубопроводов', 'сварные соединения', 'защита от коррозии', 'балластировка', 'заглубление', 'расчеты на прочность', 'организация строительства']","['морские трубопроводы', 'проектирование', 'строительство', 'сварные соединения', 'коррозия', 'балластировка', 'нагрузки', 'прочность', 'устойчивость']",русский,267,378.1325800.2017,5,94.7,0.0,Введен впервые,СП 378.1325800.2017_Морские трубопроводы. Правила проектирования и строительства.pdf,Действующий,40
Проектирование общежитий и хостелов,Реконструкция зданий и сооружений,2018-12-06,2025-08-26T04:16:52.253764+00:00,"Свод правил СП 379.1325800.2018 устанавливает правила проектирования общежитий и хостелов. Документ содержит требования к земельным участкам, объемно-планировочным и конструктивным решениям, обеспечение пожарной безопасности, инженерно-техническому оборудованию, внутренней среде и энергосбережению.",Свод правил,СП 379.1325800.2018_Общежития. Правила проектирования.pdf,Свод правил СП 379.1325800.2018 Общежития и хостелы Правила проектирования,"['требования к объемно-планировочным решениям', 'конструкции и долговечность', 'пожарная безопасность', 'инженерно-техническое оборудование', 'внутренняя среда', 'энергосбережение']","['общежития', 'хостелы', 'правила проектирования', 'реконструкция зданий', 'пожарная безопасность', 'энергосбережение']",русский,226,379.1325800.2018,5,92.5,1.1,Введен впервые,СП 379.1325800.2018_Общежития. Правила проектирования.pdf,Действующий,28
"Проектирование зданий, сооружений и площадок, предназначенных для пожарных депо, включая пожарные депо и пожарно-спасательные комплексы для различных служб пожарной охраны, за исключением объектов обороны и специальных объектов",Пожарная безопасность,2020-12-23,2025-08-26T04:16:55.923856+00:00,"Данный свод правил устанавливает требования и правила проектирования зданий и сооружений, предназначенных для пожарных депо. В документе учтены требования федеральных законов по техническому регулированию безопасности зданий и пожарной безопасности. Включает положение по проектированию пожарных депо для разных типов поселений и организаций, с исключением объектов обороны и специальных назначений.",Свод правил,СП 380.1325800.2018_Здания пожарных депо. Правила проектирования (с изменением 1).pdf,Свод правил Здания пожарных депо Правила проектирования,"['технические регламенты', 'пожарная безопасность зданий', 'требования к пожарным депо', 'энергосбережение']","['проектирование', 'пожарные депо', 'пожарная безопасность', 'строительство']",Русский,292,380.1325800.2018,5,90.7,0.0,Изм.1,СП 380.1325800.2018_Здания пожарных депо. Правила проектирования (с изменением 1).pdf,Действующий,48
Проектирование подпорных сооружений,Строительство,2019-01-24,2025-08-26T04:16:59.014302+00:00,"Данный свод правил содержит требования и рекомендации по проектированию подпорных сооружений и конструкций крепления. Он включает общие положения, виды подпорных сооружений, инженерные изыскания, а также методики расчёта и проектирования различных типов подпорных сооружений.",Свод правил,СП 381.1325800.2018_Сооружения подпорные. Правила проектирования.pdf,Свод правил СП 381.1325800.2018 Сооружения подпорные. Правила проектирования,"['общие положения', 'виды подпорных сооружений', 'проектирование подпорных сооружений', 'проектирование конструкций крепления']","['подпорные сооружения', 'правила проектирования', 'инженерные изыскания', 'нагрузки и воздействия', 'конструкции крепления']",русский,338,381.1325800.2018,5,91.5,5.3,Введен впервые,СП 381.1325800.2018_Сооружения подпорные. Правила проектирования.pdf,Действующий,109
"Изготовление, проектирование и применение клееных деревянных конструкций с узловыми соединениями на вклеенных стержнях",Конструкции деревянные,2023-12-19,2025-08-26T04:17:07.654291+00:00,"Данный свод правил устанавливает методы расчета клееных деревянных конструкций на вклеенных стержнях. Документ направлен на повышение безопасности зданий и сооружений и обеспечивают нормативные требования к проектированию и изготовлению таких конструкций. Включает основные положения и изменения, утвержденные приказами Минстроя РФ.",Свод правил,"СП 382.1325800.2017_Конструкции деревянные клееные на вклеенных стрежнях. Методы расчета (с изменениями 1, 2).pdf",СП 382.1325800.2017 Конструкции деревянные клееные на вклеенных стержнях. Методы расчета,"['расчет конструкций', 'узловые соединения', 'нормативные требования', 'энергосбережение', 'пожарная безопасность']","['клееные деревянные конструкции', 'вклеенные стержни', 'методы расчета', 'проектирование', 'безопасность зданий']",русский,176,382.1325800.2017,5,84.5,20.0,Изменения N 2,"СП 382.1325800.2017_Конструкции деревянные клееные на вклеенных стрежнях. Методы расчета (с изменениями 1, 2).pdf",Действующий,89
"проектирование новых, реконструируемых и капитально ремонтируемых физкультурно-оздоровительных комплексов",Физкультурно-оздоровительные комплексы,2023-12-28,2025-08-26T04:17:11.602299+00:00,"Данный свод правил устанавливает требования к проектированию физкультурно-оздоровительных комплексов для повышения безопасности и улучшения условий физкультурно-оздоровительных занятий и отдыха населения. Разработан с учетом федеральных законов и нормативных документов в области строительства, энергосбережения и пожарной безопасности.",Свод правил,"СП 383.1325800.2018 Комплексы физкультурно-оздоровительные. Правила проектирования (с изменениями 1, 2).pdf",Свод Правил Комплексы Физкультурно-Оздоровительные Правила Проектирования,"['проектирование', 'безопасность', 'энергосбережение', 'пожарная безопасность', 'архитектурный облик']","['физкультурно-оздоровительные комплексы', 'проектирование', 'безопасность', 'физкультура', 'спорт', 'архитектура']",русский,206,383.1325800.2018,5,92.4,0.0,"Изменения N 2, утв. Приказом Минстроя России от 28.12.2023 N 1004/пр","СП 383.1325800.2018 Комплексы физкультурно-оздоровительные. Правила проектирования (с изменениями 1, 2).pdf",Действующий,45
Проектирование строительных тентовых конструкций,Конструкции строительные,2019-02-14,2025-08-26T04:17:15.824506+00:00,"Свод правил СП 384.1325800.2018 устанавливает правила проектирования строительных тентовых конструкций, включая требования к материалам, классификацию конструкций и методики расчета. Документ введен в действие с 14 февраля 2019 года и направлен на обеспечение требований технического регулирования и стандартизации.",Свод правил,СП 384.1325800.2018 Конструкции строительные тентовые. Правила проектирования.pdf,Свод правил СП 384.1325800.2018 Конструкции строительные тентовые. Правила проектирования,"['область применения', 'нормативные ссылки', 'термины и определения', 'общие положения', 'требования к проектированию', 'требования к материалам', 'классификация конструкций', 'методики расчета', 'конструктивные решения']","['строительные тентовые конструкции', 'проектирование', 'материалы', 'нормативные требования', 'мягкие оболочки', 'расчет конструкций']",русский,182,384.1325800.2018,5,94.0,5.4,Введен впервые,СП 384.1325800.2018 Конструкции строительные тентовые. Правила проектирования.pdf,Действующий,27
Проектирование новых и реконструкция зданий и сооружений различных конструктивных систем с обеспечением их защиты от прогрессирующего обрушения,Пожарная безопасность,2024-09-05,2025-08-26T04:17:19.397333+00:00,Настоящий свод правил устанавливает основные положения и общие требования по проектированию защиты зданий и сооружений от прогрессирующего обрушения при аварийной расчетной ситуации. Документ разработан для обеспечения соблюдения требований Федерального закона о техническом регулировании безопасности зданий и сооружений.,Свод правил,"СП 385.1325800.2018_Защита зданий и сооружений от прогрессирующего обрушения (с изменениями 1, 2, 3, 4).pdf",Свод Правил СП 385.1325800.2018 Защита зданий и сооружений от прогрессирующего обрушения. Правила проектирования. Основные положения,"['требования к проектированию', 'защита сооружений от обрушения', 'строительная безопасность']","['прогрессирующее обрушение', 'защита зданий', 'проектирование', 'аварийная расчетная ситуация']",Русский,271,385.1325800.2018,5,86.7,1.2,Изменения N 4,"СП 385.1325800.2018_Защита зданий и сооружений от прогрессирующего обрушения (с изменениями 1, 2, 3, 4).pdf",Действующий,43
Правила проектирования конструкций светопрозрачных из поликарбоната,Строительство,2019-01-12,2025-08-26T04:17:23.281469+00:00,"Данный свод правил устанавливает требования к проектированию конструкций светопрозрачных из поликарбоната, включая материалы, качество, безопасность эксплуатации и классификацию таких конструкций.",Свод правил,СП 386.1325800.2018_Конструкции светопрозрачные из поликарбоната. Правила проектирования.pdf,Свод правил 386.1325800.2018 Конструкции светопрозрачные из поликарбоната. Правила проектирования,"['материалы для светопрозрачных конструкций', 'требования к проектированию', 'качество и безопасность эксплуатации', 'типы поликарбонатных панелей', 'модульные конструкции', 'классификация конструкций']","['светопрозрачные конструкции', 'поликарбонат', 'правила проектирования', 'строительные материалы', 'безопасность']",русский,192,386.1325800.2018,5,90.1,0.9,Введен впервые,СП 386.1325800.2018_Конструкции светопрозрачные из поликарбоната. Правила проектирования.pdf,Действующий,38
"Проектирование железобетонных оболочек, складок и других тонкостенных пространственных конструкций покрытий и перекрытий зданий и сооружений промышленного, гражданского и сельскохозяйственного строительства с использованием тяжелого и мелкозернистого бетонов в климатических условиях Российской Федерации при статическом воздействии нагрузки.",Отопление,2023-12-11,2025-08-26T04:17:27.332399+00:00,"Свод правил устанавливает требования к расчету и проектированию железобетонных пространственных конструкций покрытий и перекрытий в соответствии с федеральным законодательством по техническому регулированию и безопасности зданий. Включает требования для условий эксплуатации в климате России и содержит изменения, утвержденные в 2019, 2021 и 2023 годах.",Свод правил,"СП 387.1325800.2018_Железобетонные пространственные конструкции покрытий и перекрытий (с изменениями 1, 2, 3).pdf",Свод правил Железобетонные пространственные конструкции покрытий и перекрытий Правила проектирования,"['расчет конструкций', 'проектирование', 'железобетон', 'климатические условия', 'нормативные требования']","['железобетонные конструкции', 'покрытия', 'перекрытия', 'проектирование', 'технический регламент', 'строительство']",Русский,413,СП 387.1325800.2018,5,81.2,1.0,Изменения N 3,"СП 387.1325800.2018_Железобетонные пространственные конструкции покрытий и перекрытий (с изменениями 1, 2, 3).pdf",Действующий,347
"Проектирование вновь возводимых, реконструируемых и капитально ремонтируемых зданий, сооружений и комплексов православных храмов, а также помещений домовых церквей, встроенных в здания другого назначения. Проектирование монастырских комплексов, миссий и епархиальных центров.",Архитектура,2023-12-28,2025-08-26T04:17:33.534822+00:00,"Свод правил устанавливает требования к проектированию православных храмов, направленные на повышение уровня безопасности и соответствия зданий их функциональному назначению. Документ разработан с учетом технического регламента безопасности зданий и сооружений и дополняет нормативы по общественным зданиям. Включает правила для проектирования храмов и связанных с ними помещений, кроме объектов культурного наследия и временных храмов в сборно-разборных зданиях.",Свод правил,СП 391.1325800.2017_Храмы православные. Правила проектирования (с изменением 1).pdf,Свод правил Храмы православные. Правила проектирования,"['требования к проектированию', 'безопасность зданий', 'нормативные ссылки', 'общественные здания']","['храмы православные', 'правила проектирования', 'архитектура храмов', 'безопасность зданий', 'правила проектирования православных храмов']",русский,212,391.1325800.2017,5,96.2,0.3,Изм.1,СП 391.1325800.2017_Храмы православные. Правила проектирования (с изменением 1).pdf,Действующий,71
Строительство (реконструкция) линейной части магистральных и промысловых стальных трубопроводов условным диаметром до 1400 мм и избыточным давлением среды для объектов нефтегазовой отрасли Российской Федерации,Строительство,2019-02-07,2025-08-26T04:17:40.723958+00:00,"Настоящий свод правил устанавливает единые требования к ведению, оформлению и комплектации исполнительной документации при строительстве и реконструкции магистральных и промысловых трубопроводов для нефти и газа в РФ. Документ определяет формы и требования к исполнительной документации, применимой к объектам нефтегазовой отрасли.",Свод правил,СП 392.1325800.2018_Трубопроводы магистральные и промысловые для нефти и газа. ИД. Формы и требования к ведению и оформлению.pdf,Свод правил Трубопроводы магистральные и промысловые для нефти и газа. Исполнительная документация при строительстве. Формы и требования к ведению и оформлению,"['ведение исполнительной документации', 'требования к оформлению', 'строительство трубопроводов', 'стандартизация в нефтегазовой отрасли']","['исполнительная документация', 'трубопроводы магистральные', 'трубопроводы промысловые', 'строительство', 'нефтегазовая отрасль', 'требования к оформлению']",русский,569,392.1325800.2018,5,60.5,9.1,Введен впервые,СП 392.1325800.2018_Трубопроводы магистральные и промысловые для нефти и газа. ИД. Формы и требования к ведению и оформлению.pdf,Действующий,163
Строительство новых и реконструкция действующих магистральных и промысловых трубопроводов для нефти и газа номинальным диаметром до DN1400 мм и избыточным давлением не выше 10 МПа (магистральные) и 32 МПа (промысловые),Строительство,2019-02-22,2025-08-26T04:17:46.380703+00:00,"Свод правил устанавливает требования к организации строительного производства при строительстве и реконструкции магистральных и промысловых трубопроводов для нефти и газа. Документ учитывает нормы безопасности, технические регламенты и нормативные ссылки на ГОСТы по охране труда, пожарной безопасности и экологии.",Свод правил,СП 393.1325800.2018_Трубопроводы магистральные и промысловые для нефти и газа. Организация строительного производства.pdf,СП 393.1325800.2018 Трубопроводы магистральные и промысловые для нефти и газа. Организация строительного производства,"['трубопроводы', 'строительство', 'организация производства', 'безопасность', 'охрана природы']","['трубопроводы', 'организация строительства', 'нефть', 'газ', 'магистральные трубопроводы', 'промысловые трубопроводы', 'строительство', 'экология', 'охрана труда', 'пожарная безопасность']",русский,265,393.1325800.2018,5,89.9,2.2,Введен впервые,СП 393.1325800.2018_Трубопроводы магистральные и промысловые для нефти и газа. Организация строительного производства.pdf,Действующий,82
"Эксплуатационные требования к высотным зданиям и комплексам при нормальной эксплуатации, общественные здания высотой более 50 м и многофункциональные здания и комплексы с помещениями выше 50 м",Эксплуатация зданий и сооружений,2022-12-21,2025-08-26T04:17:51.267057+00:00,"Данный свод правил устанавливает требования к эксплуатации высотных зданий и комплексов в условиях нормальной эксплуатации, включая общественные здания высотой более 50 метров и многофункциональные здания с общественными помещениями выше 50 метров. В документе учтены федеральные законы и нормативные требования, связанные с техническими регламентами безопасности, градостроительным кодексом и энергосбережением.",Свод правил,СП 394.1325800.2018_Здания и комплексы высотные. Правила эксплуатации (с изменением 1).pdf,Свод правил Здания и комплексы высотные. Правила эксплуатации,"['эксплуатационные требования', 'высотное строительство', 'технические регламенты', 'нормы безопасности']","['высотные здания', 'эксплуатация', 'правила эксплуатации', 'общественные здания', 'многофункциональные здания', 'безопасность зданий', 'энергосбережение', 'пожарная безопасность']",Русский,239,394.1325800.2018,5,87.0,0.0,Изменение N 1,СП 394.1325800.2018_Здания и комплексы высотные. Правила эксплуатации (с изменением 1).pdf,Действующий,64
"Требования к территориям и объектам новых транспортно-пересадочных узлов пассажирского транспорта, их обустройство и элементы планировочной организации",Архитектура,2023-12-28,2025-08-26T04:17:55.558608+00:00,"Настоящий свод правил устанавливает требования к проектированию транспортно-пересадочных узлов пассажирского транспорта, их планировочной организации и обустройству. Документ не распространяется на вокзальные комплексы, железную дорогу и объекты метрополитена. Утвержден приказом Минстроя России от 21 сентября 2018 г. и введён в действие с 22 марта 2019 г., с изменениями по состоянию на 28 декабря 2023 г.",Свод правил,СП 395.1325800.2018_Транспортно-пересадочные узлы. Правила проектирования (с изменением 1).pdf,Свод правил Транспортно-пересадочные узлы Правила проектирования,"['транспортно-пересадочные узлы', 'проектирование', 'требования', 'пасажирский транспорт']","['транспортно-пересадочные узлы', 'проектирование', 'пассажирский транспорт', 'планировочная организация']",Русский,163,395.1325800.2018,5,94.4,0.0,"Изменение N 1, утв. Приказом Минстроя России от 28.12.2023 N 1004/пр",СП 395.1325800.2018_Транспортно-пересадочные узлы. Правила проектирования (с изменением 1).pdf,Действующий,36
Улицы и дороги в населенных пунктах,Градостроительство,2019-02-02,2025-08-26T04:17:58.797978+00:00,"Данный свод правил устанавливает требования и рекомендации по проектированию улиц и дорог в населенных пунктах. Включает нормы планировки, формирование транспортно-планировочного каркаса, а также общие положения градостроительного проектирования.",Свод правил,"СП 396.1325800.2018_Улицы и дороги населенных пунктов. Правила градостроительного проектирования (с изменениями 1, 2, 3).pdf",Свод правил Улицы и дороги населенных пунктов Правила градостроительного проектирования,"['правила проектирования', 'улично-дорожная сеть', 'планировка перекрестков', 'вертикальная планировка', 'организация движения']","['свод правил', 'улицы', 'дороги', 'населенные пункты', 'градостроительное проектирование', 'транспортно-планировочный каркас']",русский,256,396.1325800.2018,5,93.3,1.8,Введен впервые,"СП 396.1325800.2018_Улицы и дороги населенных пунктов. Правила градостроительного проектирования (с изменениями 1, 2, 3).pdf",Действующий,57
"Проектирование, реконструкция, капитальный ремонт зданий и сооружений конноспортивных комплексов",Архитектура,2023-12-28,2025-08-26T04:18:03.019033+00:00,"Свод правил устанавливает требования к градостроительным, объемно-планировочным, конструктивным и инженерным решениям зданий и сооружений конноспортивных комплексов. Разработан с учетом федеральных законов по техническому регулированию, безопасности зданий и сооружений, энергосбережению и обеспечению общественного порядка при спортивных соревнованиях.",Свод правил,СП 397.1325800.2018_Здания и сооружения конноспортивных комплексов. Правила проектирования (с изменением 1).pdf,Свод правил Здания и сооружения конноспортивных комплексов Правила проектирования,"['требования к проектированию', 'безопасность зданий и сооружений', 'энергетическая эффективность', 'пожарная безопасность']","['конноспортивные комплексы', 'проектирование', 'реконструкция', 'капитальный ремонт', 'градостроительные решения', 'конструктивные решения', 'инженерные решения']",Русский,185,397.1325800.2018,5,95.0,0.0,Изменения N 1,СП 397.1325800.2018_Здания и сооружения конноспортивных комплексов. Правила проектирования (с изменением 1).pdf,Действующий,23
"градостроительные требования к проектированию набережных общественного назначения на побережьях водных объектов общего пользования - морей, рек, естественных и искусственных водоемов",Градостроительство,2022-12-30,2025-08-26T04:18:08.338072+00:00,"Настоящий свод правил устанавливает градостроительные требования к проектированию набережных общественного назначения на побережьях морей, рек, озер, прудов, каналов и водохранилищ. Документ подготовлен для повышения уровня безопасности при проектировании набережных в соответствии с федеральными законами о техническом регулировании и безопасности зданий и сооружений. Изменения к своду правил утверждены приказом Минстроя России в 2022 году.",Свод правил,СП 398.1325800.2018_Набережные. Правила градостроительного проектирования (с изменением 1).pdf,Свод правил 398.1325800.2018 Правила градостроительного проектирования. Набережные,"['градостроительные требования', 'проектирование набережных', 'водные объекты общего пользования']","['набережные', 'градостроительное проектирование', 'проектирование набережных', 'водные объекты', 'безопасность зданий и сооружений', 'техническое регулирование', 'Минстрой России']",Русский,238,398.1325800.2018,5,92.5,0.0,Изменение N 1,СП 398.1325800.2018_Набережные. Правила градостроительного проектирования (с изменением 1).pdf,Действующий,59
Проектирование и строительство наружных сетей холодного водоснабжения и водоотведения из полимерных материалов,Системы водоснабжения и канализации,2022-05-30,2025-08-26T04:18:14.113961+00:00,"Свод правил содержит требования к проектированию и строительству трубопроводов и сооружений на наружных сетях водоснабжения и водоотведения из полимерных материалов. Включает правила использования полиэтилена, блок-сополимера пропилена, непластифицированного поливинилхлорида и ориентированного непластифицированного поливинилхлорида в различных условиях прокладки, включая бестраншейные методы и сложные климатические условия.",Свод правил,СП 399.1325800.2018_Системы водоснабжения и канализации наружные из полимерных материалов (с изменением 1).pdf,Свод правил Системы водоснабжения и канализации наружные из полимерных материалов Правила проектирования и монтажа,"['трубопроводы из полимерных материалов', 'нормативные требования проектирования', 'монтаж наружных сетей водоснабжения и канализации', 'условия эксплуатации в природно-климатических зонах']","['водоснабжение', 'канализация', 'полимерные материалы', 'проектирование', 'монтаж', 'трубопроводы', 'наружные сети']",русский,248,399.1325800.2018,5,87.5,64.6,Изм.1,СП 399.1325800.2018_Системы водоснабжения и канализации наружные из полимерных материалов (с изменением 1).pdf,Действующий,180
Правила градостроительного проектирования зданий и комплексов высотных,Градостроительство,2019-03-19,2025-08-26T04:18:18.356329+00:00,"Данный свод правил устанавливает градостроительные требования и условия размещения, планировки, а также инженерного обеспечения территорий высотных зданий и комплексов. Включает противопожарные требования и организацию транспортной инфраструктуры.",Свод правил,СП 401.1325800.2018_Здания и комплексы высотные. Правила градостроительного проектирования.pdf,Свод правил СП 401.1325800.2018 Здания и комплексы высотные. Правила градостроительного проектирования,"['градостроительные условия', 'противопожарные требования', 'транспортная инфраструктура', 'инженерное обеспечение']","['градостроительное проектирование', 'высотные здания', 'комплексы', 'противопожарные требования', 'транспортная инфраструктура', 'водоснабжение']",Русский,201,401.1325800.2018,5,97.1,1.2,Введен впервые,СП 401.1325800.2018_Здания и комплексы высотные. Правила градостроительного проектирования.pdf,Действующий,24
Проектирование систем газопотребления (внутренних сетей газопотребления) жилых зданий с использованием природного газа,Газопотребление,2022-12-19,2025-08-26T04:18:23.446202+00:00,"Настоящий свод правил устанавливает правила проектирования систем газопотребления внутренних сетей газопотребления одноквартирных и блокированных жилых домов, а также многоквартирных жилых зданий, где используется природный газ. Документ включает обновления, утвержденные в декабре 2022 года и учитывает требования ряда федеральных законов по градостроительству, безопасности и энергосбережению.",Свод правил,СП 402.1325800.2018_Здания жилые. Правила проектирования систем газопотребления (с изменением 1).pdf,Свод правил Здания жилые Правила проектирования систем газопотребления,"['нормативные документы', 'проекты газовых систем', 'безопасность газопотребления', 'требования к газопроводам']","['свод правил', 'здания жилые', 'системы газопотребления', 'проектирование', 'природный газ']",Русский,302,402.1325800.2018,5,94.3,1.2,Изменение N 1,СП 402.1325800.2018_Здания жилые. Правила проектирования систем газопотребления (с изменением 1).pdf,Действующий,49
Проектирование новых и реконструкция существующих решений по комплексному благоустройству территорий производственного назначения,Благоустройство территорий,2022-05-30,2025-08-26T04:18:26.876040+00:00,"Настоящий свод правил распространяется на проектирование благоустройства территорий производственного назначения, устанавливая требования к архитектурно-планировочным и ландшафтным решениям для создания безопасной производственной среды. Документ разработан с учетом соответствующих федеральных законов и нормативных документов, введен в действие приказом Минстроя России от 1 августа 2018 г. и обновлен изменением №1 от 30 мая 2022 г.",Свод правил,СП 403.1325800.2018_Территории производственного назначения. Правила проектирования благоустройства (с изменением 1).pdf,Свод правил Территории производственного назначения. Правила проектирования благоустройства,"['Проектирование', 'Благоустройство', 'Территории производственного назначения', 'Архитектура', 'Ландшафт']","['благоустройство', 'проектирование', 'территории производственного назначения', 'ландшафтные решения', 'архитектурно-планировочные решения']",русский,289,403.1325800.2018,5,88.8,0.0,Изменение №1,СП 403.1325800.2018_Территории производственного назначения. Правила проектирования благоустройства (с изменением 1).pdf,Действующий,52
Проектирование фибробетонных конструкций с неметаллической фиброй и полимерной арматурой для климатических условий России,Конструкции бетонные,2019-12-24,2025-08-26T04:18:30.926947+00:00,"Настоящий свод правил содержит требования к расчету и проектированию бетонных конструкций с неметаллической фиброй, армированных полимерной композитной арматурой. Правила распространяются на конструкции из тяжелого и мелкозернистого бетонов для эксплуатации в климатических условиях России с температурами от -70 °C до +50 °C.",Свод правил,СП 405.1325800.2018_Конструкции бетонные с неметаллической фиброй и полимерной арматурой.pdf,Свод правил Конструкции бетонные с неметаллической фиброй и полимерной арматурой Правила проектирования,"['расчет', 'проектирование', 'армирование', 'фибробетон', 'композитная арматура']","['фибробетон', 'неметаллическая фибра', 'полимерная арматура', 'бетонные конструкции', 'проектирование', 'климатические условия']",русский,345,405.1325800.2018,5,63.8,0.0,Введен впервые,СП 405.1325800.2018_Конструкции бетонные с неметаллической фиброй и полимерной арматурой.pdf,Действующий,64
"Настоящий свод правил распространяется на промысловые и магистральные стальные трубопроводы и устанавливает основные требования к выполнению сварочных работ, контролю качества сварных соединений при строительстве, реконструкции, капитальном ремонте и проведении строительного контроля за качеством строительно-монтажных работ на линейной части магистральных трубопроводов всех категорий согласно СП 86.13330 для нефти, нефтепродуктов и газа диаметрами до 1420 мм включительно с избыточным давлением среды до 10,0 МПа включительно, а также промысловых трубопроводов по ГОСТ Р 55990 и СП 284.1325800, транспортирующих не содержащие коррозионно-активные компоненты нефть и газ под избыточным давлением среды до 32 МПа.",Строительство,2019-03-20,2025-08-26T04:18:39.051223+00:00,"Свод правил устанавливает требования к монтажным работам, сварке и контролю сварных соединений в стальных магистральных и промысловых трубопроводах для нефти и газа. Документ применяется при строительстве, реконструкции и ремонте трубопроводов, а также при контроле качества строительно-монтажных работ на линейной части трубопроводов.",Свод правил,СП 406.1325800.2018_Трубопроводы магистральные и промысловые стальные для нефти и газа. Сварка и контроль ее выполнения.pdf,Свод правил Трубопроводы магистральные и промысловые стальные для нефти и газа. Монтажные работы. Сварка и контроль ее выполнения,"['требования к сварочным работам', 'контроль качества сварных соединений', 'строительство трубопроводов', 'монтажные технологии', 'нормативные ссылки']","['трубопроводы магистральные', 'трубопроводы промысловые', 'сталь', 'нефть', 'газ', 'монтажные работы', 'сварка', 'контроль сварки', 'строительство', 'реконструкция', 'капитальный ремонт']",русский,225,406.1325800.2018,5,93.2,5.1,Введен впервые,СП 406.1325800.2018_Трубопроводы магистральные и промысловые стальные для нефти и газа. Сварка и контроль ее выполнения.pdf,Действующий,66
"Проектирование организации строительства, производство и оценка качества земляных работ, выполняемых способом гидромеханизации при возведении земляного полотна автомобильных и железных дорог, строительстве каналов, берегозащитных сооружений, портов и других гидротехнических сооружений, для разработки грунтовых притрассовых и строительных (добычных) карьеров, объектов строительной инфраструктуры, а также рекультивации шламохранилищ, хвостохранилищ, золоотвалов",Земляные работы,2024-04-22,2025-08-26T04:18:43.880107+00:00,"Данный свод правил регламентирует проектирование, организацию строительства и производство земляных работ способом гидромеханизации с целью обеспечения требований безопасности зданий и сооружений и других нормативных требований. Документ разработан для различных сфер строительства, включая дороги, гидротехнические сооружения и карьеры.",Свод правил,СП 407.1325800.2024 Земляные работы. Правила проектирования организации строительства и производства работ способом гидромеханизации.pdf,Свод правил Земляные работы. Правила проектирования организации строительства и производства работ способом гидромеханизации,"['проектирование организации строительства', 'производство земляных работ', 'гидромеханизация', 'оценка качества работ']","['земляные работы', 'гидромеханизация', 'проектирование', 'строительство', 'качество работ']",русский,265,407.1325800.2024,5,85.0,1.7,Пересмотр СП 407.1325800.2018,СП 407.1325800.2024 Земляные работы. Правила проектирования организации строительства и производства работ способом гидромеханизации.pdf,Действующий,212
"плиты, свайно-плитные и свайные фундаменты из буронабивных свай и баретт при возведении высотных зданий",Конструкция фундаментов,2023-12-07,2025-08-26T04:18:48.417492+00:00,"Свод правил устанавливает требования к производству работ при устройстве плитных, свайно-плитных и свайных фундаментов из буронабивных свай и баретт для высотных зданий и сооружений. Документ разработан для реализации федеральных законов и технических регламентов, учитывая особенности геологических условий и конструктивные требования.",Свод правил,СП 412.1325800.2018_Конструкции фундаментов высотных зданий и сооружений. Правила производства работ (с изменением 1).pdf,Свод правил Конструкции фундаментов высотных зданий и сооружений. Правила производства работ,"['требования к устройству фундаментов', 'производство работ', 'высотные здания', 'буронабивные сваи', 'баретты']","['конструкция фундаментов', 'высотные здания', 'буронабивные сваи', 'баретты', 'производство работ', 'строительство']",русский,244,412.1325800.2018,5,90.6,5.3,Изменение N 1,СП 412.1325800.2018_Конструкции фундаментов высотных зданий и сооружений. Правила производства работ (с изменением 1).pdf,Действующий,85
"Проектирование конструкций зданий и сооружений, подвергающихся динамическим воздействиям, кроме сейсмических, ветровых и взрывных",Проектирование зданий и сооружений,2020-12-23,2025-08-26T04:18:51.835594+00:00,"Данный свод правил определяет требования к проектированию зданий и сооружений, подвергающихся динамическим воздействиям (кроме сейсмических, ветровых и взрывных). В документе учтены современные нормативные требования и изменения, утверждённые приказом Минстроя России от 23 декабря 2020 года.",Свод правил,"СП 413.1325800.2018_Здания и сооружения, подверженные динамическим воздействиям. Правила проектирования (с изменением 1).pdf","Свод правил Здания и сооружения, подверженные динамическим воздействиям. Правила проектирования","['проектирование конструкций зданий', 'динамические нагрузки', 'нормативные ссылки']","['свод правил', 'динамические воздействия', 'проектирование', 'здания и сооружения', 'Минстрой России', 'изменение 1']",Русский,394,413.1325800.2018,5,89.8,0.0,Изменение 1,"СП 413.1325800.2018_Здания и сооружения, подверженные динамическим воздействиям. Правила проектирования (с изменением 1).pdf",Действующий,71
"Проектирование монолитных и сборно-монолитных зданий и сооружений, возводимых с помощью несъемной опалубки",Строительство,2021-12-03,2025-08-26T04:18:55.203033+00:00,"Настоящий свод правил предназначен для проектирования монолитных и сборно-монолитных зданий и сооружений, возводимых с помощью несъемной опалубки. Документ разработан с учётом требований федеральных законов и содержит нормативные ссылки на соответствующие ГОСТы по безопасности труда и другим стандартам.",Свод правил,СП 414.1325800.2018_Несъемная опалубка. Правила проектирования (с изменением 1).pdf,Свод правил Несъемная опалубка Правила проектирования,"['проектирование', 'несъемная опалубка', 'строительство', 'нормативные документы', 'безопасность труда']","['несъемная опалубка', 'проектирование зданий', 'монолитные здания', 'сборно-монолитные здания', 'Строительство', 'техническое регулирование']",русский,261,414.1325800.2018,5,90.0,0.0,Изменение N 1,СП 414.1325800.2018_Несъемная опалубка. Правила проектирования (с изменением 1).pdf,Действующий,52
Акустическое проектирование общественных зданий,Архитектура,2019-05-16,2025-08-26T04:18:58.291325+00:00,"Свод правил содержит требования и рекомендации по акустическому проектированию общественных зданий, включая звукоизоляцию, акустические критерии, характеристики систем озвучения залов и состав проектной документации по акустике.",Свод правил,СП 415.1325800.2018_Здания общественные. Правила акустического проектирования.pdf,СП 415.1325800.2018 Здания общественные. Правила акустического проектирования,"['акустические требования', 'звукопоглощение', 'звукоизоляция', 'система озвучения']","['акустическое проектирование', 'звукоизоляция', 'общественные здания', 'система озвучения', 'акустические требования']",Русский,255,415.1325800.2018,5,95.8,0.0,Введен впервые,СП 415.1325800.2018_Здания общественные. Правила акустического проектирования.pdf,Действующий,23
Проектирование сооружений инженерной защиты берегов приливных морей,Инженерная защита берегов,2019-05-31,2025-08-26T04:19:01.424234+00:00,"Настоящий свод правил разработан для проектирования сооружений инженерной защиты берегов приливных морей с учетом требований федеральных законов и нормативных документов Российской Федерации. В документе определены термины, приведены нормативные ссылки и изложены правила проектирования.",Свод правил,СП 416.1325800.2018_Инженерная защита берегов приливных морей. Правила проектирования.pdf,Свод правил Инженерная защита берегов приливных морей Правила проектирования,"['нормативные документы', 'термины и определения', 'правила проектирования', 'гидротехнические сооружения', 'безопасность зданий и сооружений']","['инженерная защита берегов', 'приливные моря', 'правила проектирования', 'гидротехнические сооружения', 'проектирование']",Русский,216,416.1325800.2018,5,91.1,0.0,Введен впервые,СП 416.1325800.2018_Инженерная защита берегов приливных морей. Правила проектирования.pdf,Действующий,44
Проектирование зданий железнодорожных вокзалов,Архитектура,2019-06-06,2025-08-26T04:19:05.915469+00:00,"Свод правил устанавливает правила проектирования зданий железнодорожных вокзалов, включая требования к размещению, объемно-планировочным и конструктивным решениям, обеспечению пожарной и комплексной безопасности, инженерному оборудованию, а также санитарно-эпидемиологическим требованиям.",Свод правил,СП 417.1325800.2018_Железнодорожные вокзальные комплексы. Правила проектирования (с изменением 1).pdf,Свод правил СП 417.1325800.2018 Здания железнодорожных вокзалов. Правила проектирования,"['организация движения пассажиров и багажа', 'конструктивные решения', 'безопасность', 'инженерное оборудование', 'классификация вокзалов']","['здания железнодорожных вокзалов', 'проектирование', 'архитектура', 'оборудование', 'пожарная безопасность', 'санитарно-эпидемиологические требования']",русский,160,417.1325800.2018,5,96.4,0.0,Введен впервые,СП 417.1325800.2018_Железнодорожные вокзальные комплексы. Правила проектирования (с изменением 1).pdf,Действующий,32
Производственные здания,Архитектура,2021-12-03,2025-08-26T04:19:09.145134+00:00,"Свод правил устанавливает требования к проектированию и реконструкции естественного и совмещенного освещения производственных зданий, обеспечивая безопасные и комфортные условия для работы зрения. Включает методы расчета параметров естественного освещения, светотехнические параметры и принципы выбора искусственного освещения.",Свод правил,СП 419.1325800.2018_Здания производственные. Правила проектирования естественного и совмещенного освещения (с изменением 1).pdf,Свод правил Здания производственные Правила проектирования естественного и совмещенного освещения,"['естественное освещение', 'совмещенное освещение', 'проектирование зданий', 'светотехнические расчеты']","['проектирование', 'естественное освещение', 'совмещенное освещение', 'производственные здания', 'коэффициент естественной освещенности', 'освещение', 'реконструкция']",русский,317,419.1325800.2018,5,74.2,0.5,Изм.1,СП 419.1325800.2018_Здания производственные. Правила проектирования естественного и совмещенного освещения (с изменением 1).pdf,Действующий,228
"Строительство и контроль выполнения работ на подводных переходах через водные преграды магистральных и промысловых трубопроводов для нефти, газа и нефтепродуктопроводов",Строительство,2019-12-24,2025-08-26T04:19:13.358884+00:00,"Данный свод правил устанавливает требования по строительству и контролю выполнения работ на подводных переходах через водные преграды для магистральных и промысловых трубопроводов нефти и газа с условным диаметром до DN 1400 и определённым давлением. Включает методы укладки, балластировку трубопроводов, берегоукрепительные работы и охрану окружающей среды.",Свод правил,СП 422.1325800.2018_Трубопроводы магистральные и промысловые для нефти и газа. Строительство подводных переходов.pdf,Свод правил Трубопроводы магистральные и промысловые для нефти и газа. Строительство подводных переходов и контроль выполнения работ,"['строительство трубопроводов', 'подводные переходы', 'контроль работ', 'экологическая безопасность']","['магистральные трубопроводы', 'промысловые трубопроводы', 'нефть', 'газ', 'строительство подводных переходов', 'контроль выполнения работ', 'балластировка', 'горизонтальное направленное бурение', 'микротоннелирование']",Русский,247,422.1325800.2018,5,88.1,0.0,Введен впервые,СП 422.1325800.2018_Трубопроводы магистральные и промысловые для нефти и газа. Строительство подводных переходов.pdf,Действующий,95
"Электроустановки напряжением до 1 кВ переменного и до 1,2 кВ постоянного тока, применяемые во взрывоопасных зонах, кроме установок в подземных выработках, медицинских помещениях и др.",Электроустановки,2021-12-07,2025-08-26T04:19:17.755930+00:00,"Данный свод правил устанавливает требования к проектированию и выбору низковольтных электроустановок зданий и сооружений для эксплуатации во взрывоопасных зонах. Документ учитывает требования федеральных законов и технических регламентов, обеспечивая безопасность использования оборудования напряжением до 1 кВ переменного и до 1,2 кВ постоянного тока во взрывоопасных условиях.",Свод правил,СП 423.1325800.2018_Электроустановки низковольтные зданий и сооружений. Правила проектирования во взрывоопасных зонах (с изменением 1).pdf,Свод правил Электроустановки низковольтные зданий и сооружений. Правила проектирования во взрывоопасных зонах,"['требования к проектированию', 'взрывоопасные зоны', 'электроустановки низковольтные']","['низковольтные электроустановки', 'взрывоопасные зоны', 'проектирование', 'электрооборудование', 'безопасность']",русский,297,423.1325800.2018,5,85.1,11.5,Изм.1,СП 423.1325800.2018_Электроустановки низковольтные зданий и сооружений. Правила проектирования во взрывоопасных зонах (с изменением 1).pdf,Действующий,115
"Правила производства и контроля выполнения строительно-монтажных и пусконаладочных работ по электрохимической защите от коррозии магистральных и промысловых трубопроводов, транспортирующих нефть, газ, конденсат и продукты их переработки",Пожарная безопасность,2019-08-01,2025-08-26T04:19:22.914022+00:00,"Настоящий свод правил устанавливает правила производства и контроля выполнения строительно-монтажных и пусконаладочных работ по электрохимической защите от коррозии магистральных и промысловых трубопроводов. Документ разработан для обеспечения безопасности и эффективности работ по электрохимической защите трубопроводов, транспортирующих нефть, газ и продукты их переработки.",Свод правил,СП 424.1325800.2019_Трубопроводы магистральные и промысловые для нефти и газа. Производство работ по противокоррозионной защите.pdf,Свод правил Трубопроводы магистральные и промысловые для нефти и газа. Производство работ по противокоррозионной защите средствами электрохимзащиты и контроль выполнения работ,"['эксплуатация трубопроводов', 'противокоррозионная защита', 'строительно-монтажные работы', 'пусконаладочные работы', 'электрохимическая защита']","['противокоррозионная защита', 'электрохимзащита', 'магистральные трубопроводы', 'промысловые трубопроводы', 'нефть', 'газ', 'контроль выполнения работ']",русский,288,424.1325800.2019,5,82.6,0.0,Введен впервые,СП 424.1325800.2019_Трубопроводы магистральные и промысловые для нефти и газа. Производство работ по противокоррозионной защите.pdf,Действующий,72
Проектирование защитных мероприятий от эрозионных процессов на территориях,Инженерная защита территорий,2019-06-11,2025-08-26T04:19:26.542408+00:00,"Свод правил СП 425.1325800.2018 устанавливает правила проектирования инженерной защиты территорий от эрозионных процессов. Документ включает классификацию эрозионных процессов и мероприятий, методы расчета и конструирования противоэрозионных сооружений и мероприятий.",Свод правил,СП 425.1325800.2018_Инженерная защита территорий от эрозионных процессов. Правила проектирования.pdf,Свод правил СП 425.1325800.2018 Инженерная защита территорий от эрозионных процессов. Правила проектирования,"['инженерно-геологические изыскания', 'классификация эрозионных процессов', 'противоэрозионные мероприятия', 'расчет и конструирование сооружений']","['инженерная защита', 'эрозионные процессы', 'противоэрозионные мероприятия', 'противоэрозионные сооружения', 'проектирование']",русский,269,425.1325800.2018,5,97.6,0.0,Введен впервые,СП 425.1325800.2018_Инженерная защита территорий от эрозионных процессов. Правила проектирования.pdf,Действующий,36
Проектирование светопрозрачных фасадных систем зданий и сооружений,Архитектура,2018-11-29,2025-08-26T04:19:30.670073+00:00,"Свод правил содержит требования по проектированию светопрозрачных фасадных систем зданий и сооружений. Разработан на основании федеральных законов в области безопасности зданий, пожарной безопасности и энергоэффективности. Вводится впервые с 30 мая 2019 года.",Свод правил,СП 426.1325800.2018_Конструкции ограждающие светопрозрачные зданий и сооружений. Правила проектирования.pdf,СП 426.1325800.2018 Конструкции фасадные светопрозрачные зданий и сооружений. Правила проектирования,"['требования к светопрозрачным фасадам', 'конструктивные требования', 'противопожарные требования', 'испытания фасадных систем']","['фасадные конструкции', 'светопрозрачные системы', 'правила проектирования', 'проектирование фасадов', 'пожарная безопасность', 'энергосбережение']",Русский,207,426.1325800.2018,5,93.2,4.5,Введен впервые,СП 426.1325800.2018_Конструкции ограждающие светопрозрачные зданий и сооружений. Правила проектирования.pdf,Действующий,29
"Методы усиления каменных и армокаменных конструкций зданий и сооружений различного назначения, эксплуатируемых в климатических условиях Российской Федерации",Каменые и армокаменные конструкции,2023-08-09,2025-08-26T04:19:34.526770+00:00,"Свод правил устанавливает требования к методам усиления каменных и армокаменных конструкций, возведенных с применением различных материалов, и распространяется на здания и сооружения различного назначения, кроме объектов в сейсмоопасных районах, мостов, труб, тоннелей, гидротехнических сооружений и тепловых агрегатов.",Свод правил,"СП 427.1325800.2018_Каменные и армокаменные конструкции. Методы усиления (с изменениями 1, 2).pdf",СП 427.1325800.2018 Каменные и армокаменные конструкции Методы усиления,"['усиление конструкций', 'строительные материалы', 'нормативные требования']","['усиление', 'каменные конструкции', 'армокаменные конструкции', 'методы усиления', 'строительство', 'эксплуатация']",русский,238,427.1325800.2018,5,77.6,0.6,"Изменения N 2, от 09.08.2023","СП 427.1325800.2018_Каменные и армокаменные конструкции. Методы усиления (с изменениями 1, 2).pdf",Действующий,115
Строительство в лавиноопасных районах,Инженерные изыскания,2019-06-20,2025-08-26T04:19:39.015070+00:00,"Свод правил устанавливает общие требования к проведению инженерных изысканий для строительства в лавиноопасных районах. Включает требования для подготовки документации территориального планирования, архитектурно-строительного проектирования и строительства зданий и сооружений с учетом лавинной опасности.",Свод правил,СП 428.1325800.2018_Инженерные изыскания для строительства в лавиноопасных районах. Общие требования.pdf,Свод правил СП 428.1325800.2018 Инженерные изыскания для строительства в лавиноопасных районах. Общие требования,"['требования к инженерным изысканиям', 'подготовка проектной документации', 'расчеты лавинной активности']","['инженерные изыскания', 'лавиноопасные районы', 'строительство', 'проектирование', 'территориальное планирование']",Русский,268,428.1325800.2018,5,93.5,0.9,Введен впервые,СП 428.1325800.2018_Инженерные изыскания для строительства в лавиноопасных районах. Общие требования.pdf,Действующий,40
Проектирование ограждающих конструкций с эффективным утеплителем и тонколистовыми облицовками,Строительство,2019-06-26,2025-08-26T04:19:42.373643+00:00,"Данный свод правил устанавливает нормы и правила проектирования ограждающих конструкций с эффективным утеплителем и тонколистовыми облицовками. Включает классификацию конструкций, параметры материалов, методы расчета и конструктивные решения.",Свод правил,СП 429.1325800.2018_Конструкции ограждающие с эффективным утеплителем и тонколистовыми облицовками.pdf,Свод правил 429.1325800.2018 Конструкции ограждающие с эффективным утеплителем и тонколистовыми облицовками. Правила проектирования,"['Классификация конструкций', 'Параметры материалов', 'Расчет конструкций', 'Проектирование ограждающих конструкций']","['Конструкции ограждающие', 'Эффективный утеплитель', 'Тонколистовые облицовки', 'Правила проектирования', 'Расчет конструкций', 'Классификация конструкций']",Русский,190,429.1325800.2018,5,97.4,0.0,Введен впервые,СП 429.1325800.2018_Конструкции ограждающие с эффективным утеплителем и тонколистовыми облицовками.pdf,Действующий,28
"Проектирование конструктивных систем зданий (сооружений) гражданского назначения (жилые и общественные), в которых все основные несущие элементы выполнены из монолитного железобетона",Архитектура,2021-12-15,2025-08-26T04:19:46.063794+00:00,"Документ содержит требования к расчету и проектированию монолитных конструктивных систем жилых и общественных зданий и сооружений, а также их несущих элементов и узлов. Свод правил разработан с учетом требований федеральных законов и утвержден Министерством строительства России.",Свод правил,СП 430.1325800.2018_Монолитные конструктивные системы. Правила проектирования (с изменением 1).pdf,Свод правил Монолитные конструктивные системы. Правила проектирования,"['расчет конструкций', 'проектирование', 'монолитный железобетон', 'жилые и общественные здания']","['монолитные конструктивные системы', 'правила проектирования', 'монолитный железобетон', 'жилые здания', 'общественные здания', 'несущие элементы']",Русский,325,430.1325800.2018,5,77.4,1.2,Изменение N 1,СП 430.1325800.2018_Монолитные конструктивные системы. Правила проектирования (с изменением 1).pdf,Действующий,85
"Мониторинг огнезащитных покрытий несущих стальных, железобетонных, деревянных строительных конструкций зданий и сооружений, электрических кабелей и металлических воздуховодов",Пожарная безопасность,2019-01-24,2025-08-26T04:19:49.274625+00:00,"Настоящий свод правил регламентирует процедуру мониторинга технического состояния огнезащитных покрытий строительных конструкций, электрических кабелей и воздуховодов с целью оценки их состояния в процессе эксплуатации и принятия решений по ремонтно-восстановительным мероприятиям. Разработан с учетом федеральных законов и требований пожарной безопасности.",Свод правил,СП 432.1325800.2019_Покрытия огнезащитные. Мониторинг технического состояния.pdf,Свод правил Покрытия огнезащитные. Мониторинг технического состояния,"['мониторинг технического состояния', 'огнезащитные покрытия', 'строительные конструкции', 'пожарная безопасность']","['огнезащитные покрытия', 'мониторинг технического состояния', 'пожарная безопасность', 'несущие конструкции', 'ремонтно-восстановительные мероприятия']",Русский,207,432.1325800.2019,5,93.5,0.0,Введен впервые,СП 432.1325800.2019_Покрытия огнезащитные. Мониторинг технического состояния.pdf,Действующий,71
"Монтаж огнезащитных покрытий на несущие стальные конструкции жилых, общественных, промышленных или административных зданий и сооружений",Пожарная безопасность,2019-07-25,2025-08-26T04:19:53.047925+00:00,"Данный свод правил устанавливает требования и правила выполнения работ по монтажу огнезащитных покрытий на стальных конструкциях зданий различного назначения, включая жилые, общественные, промышленные и административные здания. В документе изложены общие положения, правила выполнения работ, а также требования к контролю качества и технике безопасности.",Свод правил,СП 433.1325800.2019_Огнезащита стальных конструкций. Правила производства работ.pdf,Свод правил 433.1325800.2019 Огнезащита стальных конструкций. Правила производства работ,"['монтаж огнезащитных покрытий', 'нормативные ссылки', 'термины и определения', 'техника безопасности', 'входной контроль', 'операционный контроль', 'приемочный контроль']","['огнезащита', 'стальные конструкции', 'монтаж', 'покрытия', 'пожарная безопасность', 'строительство']",русский,300,433.1325800.2019,5,93.4,0.0,Введен впервые,СП 433.1325800.2019_Огнезащита стальных конструкций. Правила производства работ.pdf,Действующий,19
"Производство, контроль и приемка работ при строительстве зданий и сооружений из монолитных бетонных и железобетонных конструкций с применением легкого, мелкозернистого и тяжелого бетонов и фибробетона",Конструкции бетонные и железобетонные,2019-05-27,2025-08-26T04:19:57.393811+00:00,"Свод правил устанавливает общие требования к бетонным смесям, бетонам, опалубкам и арматурным изделиям; к производству, контролю и приемке опалубочных, арматурных и бетонных работ; приемке готовых монолитных бетонных и железобетонных конструкций.",Свод правил,СП 435.1325800.2018_Конструкции бетонные и железобетонные монолитные. Правила производства и приемки работ.pdf,СП 435.1325800.2018 Конструкции бетонные и железобетонные монолитные. Правила производства и приемки работ,"['требования к бетону и бетонным смесям', 'качество опалубки и арматуры', 'контроль и приемка строительных работ']","['бетонные конструкции', 'железобетонные конструкции', 'монолитные конструкции', 'производство работ', 'приемка работ', 'бетонные смеси', 'опалубка', 'арматурные изделия']",Русский,253,435.1325800.2018,5,88.0,0.0,Введен впервые,СП 435.1325800.2018_Конструкции бетонные и железобетонные монолитные. Правила производства и приемки работ.pdf,Действующий,103
"Проектирование инженерной защиты территорий, зданий и сооружений от оползней и обвалов",Инженерная защита,2023-12-12,2025-08-26T04:20:03.550564+00:00,"Данный свод правил устанавливает требования и методики проектирования инженерной защиты территорий, зданий и сооружений от оползней и обвалов. Документ разработан с учетом требований федеральных законов и служит развитием СП 116.13330. Он содержит нормы для обеспечения безопасности при проектировании в условиях опасных геологических процессов.",Свод правил,"СП 436.1325800.2018_Инженерная защита территорий, зданий и сооружений от оползней и обвалов (с изменением 1).pdf","Свод правил Инженерная защита территорий, зданий и сооружений от оползней и обвалов. Правила проектирования","['требования к проектированию', 'безопасность зданий и сооружений', 'опасные геологические процессы', 'строительные нормы']","['инженерная защита', 'оползни', 'обвалы', 'проектирование', 'безопасность', 'строительство']",русский,312,436.1325800.2018,5,88.7,0.0,Изменение N 1,"СП 436.1325800.2018_Инженерная защита территорий, зданий и сооружений от оползней и обвалов (с изменением 1).pdf",Действующий,103
Защита от поражения электрическим током в электроустановках зданий и сооружений,Электроустановки,2019-06-18,2025-08-26T04:20:08.396601+00:00,"Данный свод правил определяет требования по проектированию защиты от поражения электрическим током в низковольтных электроустановках зданий и сооружений. Он содержит нормативные ссылки, термины и определения, требования к мерам защиты и уравниванию потенциалов с целью повышения безопасности электроустановок.",Свод правил,СП 437.1325800.2018_Электроустановки низковольтные зданий и сооружений. Защита от поражения электрическим током.pdf,Свод правил СП 437.1325800.2018 Электроустановки низковольтные зданий и сооружений. Правила проектирования защиты от поражения электрическим током,"['защита от поражения электрическим током', 'требования к электроустановкам', 'меры защиты', 'уравнивание потенциалов', 'части электроустановок']","['защита от поражения электрическим током', 'низковольтные электроустановки', 'электроустановки зданий', 'проектирование', 'уравнивание потенциалов']",русский,306,437.1325800.2018,5,92.4,39.9,Введен впервые,СП 437.1325800.2018_Электроустановки низковольтные зданий и сооружений. Защита от поражения электрическим током.pdf,Действующий,32
Правила проектирования аварийного освещения в зданиях и сооружениях,Строительная экспертиза,2019-05-27,2025-08-26T04:20:13.641425+00:00,"Свод правил содержит требования и рекомендации по проектированию аварийного освещения в зданиях и сооружениях. Включает нормы для эвакуационного, антипанического и резервного аварийного освещения, а также особенности освещения зон повышенной опасности и влияние дыма на освещение.",Свод правил,СП 439.1325800.2018_Здания и сооружения. Правила проектирования аварийного освещения.pdf,Свод правил СП 439.1325800.2018 Здания и сооружения. Правила проектирования аварийного освещения,"['Проектирование аварийного освещения', 'Эвакуационное освещение', 'Антипаническое освещение', 'Резервное освещение', 'Влияние дыма', 'Знаки безопасности']","['аварийное освещение', 'эвакуационное освещение', 'антипаническое освещение', 'резервное освещение', 'знаки безопасности', 'дым']",русский,197,439.1325800.2018,5,97.7,0.0,Введен впервые,СП 439.1325800.2018_Здания и сооружения. Правила проектирования аварийного освещения.pdf,Действующий,40
Оценка класса сейсмостойкости зданий и сооружений,Здания и сооружения,2019-07-29,2025-08-26T04:20:17.581053+00:00,"Данный свод правил определяет методологию и требования для оценки класса сейсмостойкости зданий и сооружений при вводе в эксплуатацию, обследовании и контроле в течение жизненного цикла объектов капитального строительства.",Свод правил,СП 442.1325800.2019_Здания и сооружения. Оценка класса сейсмостойкости.pdf,Свод правил СП 442.1325800.2019 Здания и сооружения Оценка класса сейсмостойкости,"['класс сейсмостойкости', 'обследование зданий', 'контроль устойчивости', 'параметры сейсмостойкости', 'алгоритмы оценки']","['свод правил', 'класс сейсмостойкости', 'здания', 'сооружения', 'оценка', 'капитальное строительство']",русский,248,442.1325800.2019,5,91.5,5.9,,СП 442.1325800.2019_Здания и сооружения. Оценка класса сейсмостойкости.pdf,Действующий,16
"Проектирование новых и реконструируемых мостовых сооружений, предназначенных для пропуска пешеходов",Архитектура,2019-04-30,2025-08-26T04:20:21.274098+00:00,Свод правил устанавливает правила проектирования мостов с конструкциями из алюминиевых сплавов. Документ разработан для обеспечения безопасности и соответствует федеральным законам о технических регламентах зданий и сооружений и требованиям пожарной безопасности. Предназначен для проектирования новых и реконструируемых пешеходных мостов.,Свод правил,СП 443.1325800.2019_Мосты с конструкциями из алюминиевых сплавов. Правила проектирования.pdf,Свод правил Мосты с конструкциями из алюминиевых сплавов Правила проектирования,"['проектирование мостовых сооружений', 'алюминиевые сплавы в строительстве', 'технические регламенты', 'пожарная безопасность']","['мосты', 'алюминиевые сплавы', 'проектирование', 'конструкции', 'безопасность', 'технический регламент']",русский,229,443.1325800.2019,5,87.1,0.0,Введен впервые,СП 443.1325800.2019_Мосты с конструкциями из алюминиевых сплавов. Правила проектирования.pdf,Действующий,110
"Проектирование водопропускных труб и систем водоотвода на новых, реконструируемых и капитально ремонтируемых железных и автомобильных дорогах в районах многолетнемерзлых грунтов",Строительство,2024-02-10,2025-08-26T04:20:25.115304+00:00,Данный свод правил устанавливает требования к проектированию водопропускных труб и систем водоотвода в районах вечной мерзлоты. Документ разработан для соблюдения требований федеральных законов и направлен на обеспечение безопасности и энергоэффективности в строительстве.,Свод правил,СП 445.1325800.2023_Водопропускные трубы и системы водоотвода в районах вечной мерзлоты.pdf,СП 445.1325800.2023 Водопропускные трубы и системы водоотвода в районах вечной мерзлоты. Правила проектирования,"['проектирование труб', 'водоотвод', 'многолетнемерзлые грунты', 'коррозионная защита', 'материалы и испытания']","['водопропускные трубы', 'системы водоотвода', 'вечная мерзлота', 'проектирование', 'железные дороги', 'автомобильные дороги', 'многолетнемерзлые грунты']",русский,258,445.1325800.2023,5,90.9,0.5,Пересмотр СП 445.1325800.2018,СП 445.1325800.2023_Водопропускные трубы и системы водоотвода в районах вечной мерзлоты.pdf,Действующий,90
Строительство,Инженерно-геологические изыскания,2022-05-23,2025-08-26T04:20:29.642285+00:00,"Данный свод правил устанавливает общие правила производства инженерно-геологических изысканий для строительства. Разработан с целью реализации положений федеральных законов, регулирующих градостроительную деятельность и безопасность зданий и сооружений. Утвержден приказом Минстроя России и содержит требования к выполнению инженерных изысканий.",Свод правил,СП 446.1325800.2019_Инженерно-геологические изыскания для строительства. Общие правила производства работ (с изменением 1).pdf,Свод правил Инженерно-геологические изыскания для строительства. Общие правила производства работ,"['инженерно-геологические изыскания', 'производство работ', 'градостроительное законодательство', 'технический регламент']","['инженерно-геологические изыскания', 'строительство', 'общие правила производства работ', 'градостроительный кодекс', 'технический регламент', 'безопасность зданий']",русский,522,446.1325800.2019,5,72.3,9.0,Изменение N 1,СП 446.1325800.2019_Инженерно-геологические изыскания для строительства. Общие правила производства работ (с изменением 1).pdf,Действующий,199
Строительство в районах распространения просадочных грунтов,Инженерные изыскания,2019-07-25,2025-08-26T04:20:33.004216+00:00,"Свод правил устанавливает общие требования к проведению инженерных изысканий для строительства в районах распространения просадочных грунтов. Документ регламентирует этапы инженерных изысканий для подготовки документации территориального планирования, архитектурно-строительного проектирования, а также при строительстве, эксплуатации и реконструкции зданий и сооружений.",Свод правил,СП 448.1325800.2019_Инженерные изыскания для строительства в районах распространения просадочных грунтов. Общие требования.pdf,Свод правил СП 448.1325800.2019 Инженерные изыскания для строительства в районах распространения просадочных грунтов. Общие требования,"['общие требования', 'подготовка документации', 'строительство', 'эксплуатация и реконструкция']","['инженерные изыскания', 'просадочные грунты', 'строительство', 'территориальное планирование', 'архитектурно-строительное проектирование']",русский,508,448.1325800.2019,5,92.8,4.0,Введен впервые,СП 448.1325800.2019_Инженерные изыскания для строительства в районах распространения просадочных грунтов. Общие требования.pdf,Действующий,42
Строительство в районах распространения набухающих грунтов,Инженерные изыскания,2019-07-29,2025-08-26T04:20:36.807744+00:00,"Данный свод правил устанавливает общие требования к проведению инженерных изысканий для строительства в районах распространения набухающих грунтов. Описывает методы и виды необходимых изысканий для подготовки документации территориального планирования, архитектурно-строительного проектирования и других этапов проектирования объектов капитального строительства.",Свод правил,СП 449.1326000.2019_Инженерные изыскания для строительства в районах распространения набухающих грунтов (с изменением 1).pdf,Свод правил Инженерные изыскания для строительства в районах распространения набухающих грунтов. Общие требования,"['инженерно-геодезические изыскания', 'инженерно-геологические изыскания', 'инженерно-гидрометеорологические изыскания', 'инженерно-экологические изыскания']","['инженерные изыскания', 'набухающие грунты', 'строительство', 'проектная документация', 'территориальное планирование']",русский,422,449.1326000.2019,5,90.5,8.7,Введен впервые,СП 449.1326000.2019_Инженерные изыскания для строительства в районах распространения набухающих грунтов (с изменением 1).pdf,Действующий,31
"Проектирование, строительство, реконструкция, техническое перевооружение зданий блока начальных классов с дошкольным отделением в составе общеобразовательных организаций и дошкольных образовательных организаций с учебными помещениями начальных классов",Пожарная безопасность,2020-07-10,2025-08-26T04:20:40.562736+00:00,"Данный свод правил устанавливает требования пожарной безопасности при проектировании, строительстве, реконструкции и техническом перевооружении зданий блока начальных классов с дошкольным отделением в составе общеобразовательных организаций и дошкольных образовательных организаций с учебными помещениями начальных классов. Документ направлен на обеспечение пожарной безопасности людей и имущества в указанных образовательных учреждениях.",Свод правил,СП 455.1311500.2020 Блок начальных классов с дошкольным отделением. Требования пожарнои безопасности.pdf,СП 455.1311500.2020 Блок начальных классов с дошкольным отделением в составе общеобразовательных организаций. Требования пожарной безопасности,"['требования пожарной безопасности', 'проектирование зданий', 'строительство зданий', 'реконструкция зданий', 'дошкольные образовательные организации', 'начальные классы']","['пожарная безопасность', 'блок начальных классов', 'дошкольное отделение', 'общеобразовательные организации', 'строительство', 'реконструкция', 'проектирование', 'техническое перевооружение']",Русский,264,455.1311500.2020,5,93.3,0.0,Введен впервые,СП 455.1311500.2020 Блок начальных классов с дошкольным отделением. Требования пожарнои безопасности.pdf,Действующий,6
"Проектирование, реконструкция, капитальный ремонт и изменение функций многофункциональных зданий",Пожарная безопасность,2020-07-01,2025-08-26T04:20:44.192403+00:00,"Данный свод правил устанавливает требования пожарной безопасности при проектировании, реконструкции, капитальном ремонте и изменении функций многофункциональных зданий.",Свод правил,СП 456.1311500.2020_Многофункциональные здания. Требования пожарной безопасности.pdf,Свод правил 456.1311500.2020 Многофункциональные здания Требования пожарной безопасности,"['Область применения', 'Нормативные ссылки', 'Термины и определения', 'Требования к размещению', 'Требования к зданиям и пожарным отсекам', 'Объемно-планировочные и конструктивные решения', 'Пути эвакуации и эвакуационные выходы', 'Системы противопожарной защиты', 'Электрооборудование']","['Многофункциональные здания', 'Требования пожарной безопасности', 'Проектирование', 'Реконструкция', 'Капитальный ремонт']",Русский,204,456.1311500.2020,5,90.6,0.0,Введен впервые,СП 456.1311500.2020_Многофункциональные здания. Требования пожарной безопасности.pdf,Действующий,11
"Проектирование новых, подлежащих реконструкции и капитальному ремонту существующих зданий автовокзалов",Архитектура,2023-12-28,2025-08-26T04:20:47.402415+00:00,"Настоящий свод правил устанавливает требования к проектированию зданий автовокзалов, обеспечивая соблюдение нормативных актов по безопасности зданий, энергосбережению и пожарной безопасности. Правила распространяются на новые и реконструируемые здания автовокзалов, но не на автостанции и павильоны сезонного назначения.",Свод правил,СП 462.1325800.2019_Здания автовокзалов. Правила проектирования (с изменением 1).pdf,Свод правил Здания автовокзалов Правила проектирования,"['Проектирование зданий', 'Требования безопасности', 'Нормативные ссылки']","['Здания автовокзалов', 'Проектирование', 'Безопасность зданий', 'Энергосбережение', 'Пожарная безопасность']",русский,178,462.1325800.2019,5,92.6,1.4,Изменение N 1,СП 462.1325800.2019_Здания автовокзалов. Правила проектирования (с изменением 1).pdf,Действующий,42
"Проектирование новых, реконструируемых и капитально ремонтируемых зданий речных и морских вокзалов",Архитектура,2023-12-28,2025-08-26T04:20:50.574455+00:00,"Данный свод правил устанавливает требования к проектированию зданий речных и морских вокзалов, включая новые, реконструируемые и капитально ремонтируемые объекты. Документ направлен на обеспечение соблюдения федеральных законов в области безопасности зданий, энергосбережения и пожарной безопасности.",Свод правил,СП 463.1325800.2019_Здания речных и морских вокзалов. Правила проектирования (с изменением 1).pdf,Свод правил Здания речных и морских вокзалов Правила проектирования,"['технический регламент безопасности зданий', 'проектирование вокзалов', 'строительные нормативы', 'энергетическая эффективность', 'пожарная безопасность']","['здания речных вокзалов', 'здания морских вокзалов', 'проектирование', 'архитектура', 'требования пожарной безопасности', 'энергосбережение']",русский,185,463.1325800.2019,5,90.4,0.0,Изменения N 1,СП 463.1325800.2019_Здания речных и морских вокзалов. Правила проектирования (с изменением 1).pdf,Действующий,38
"Проектирование новых, реконструируемых и капитально ремонтируемых торгово-развлекательных комплексов высотой до 50 м, с заглублением подземной части до 15 м от уровня земли, а также предприятий торговли и общественного питания, встроенных в здания другого назначения или включаемых в состав их помещений",Архитектура,2023-12-15,2025-08-26T04:20:53.894975+00:00,"Данный свод правил устанавливает требования и правила проектирования зданий торгово-развлекательных комплексов. Документ разработан в целях обеспечения соблюдения технических регламентов по безопасности зданий, пожарной безопасности, энергосбережению и повышения энергетической эффективности. Включает нормативные ссылки на стандарты и технические регламенты.",Свод правил,СП 464.1325800.2019_Здания торгово-развлекательных комплексов. Правила проектирования (с изменением 1).pdf,Свод правил Здания торгово-развлекательных комплексов Правила проектирования,"['проектирование', 'строительство', 'технические регламенты', 'пожарная безопасность', 'энергосбережение']","['свод правил', 'здания торгово-развлекательных комплексов', 'правила проектирования', 'безопасность зданий и сооружений', 'пожарная безопасность', 'энергосбережение', 'энергетическая эффективность']",русский,239,464.1325800.2019,5,93.0,0.0,Изменение N 1,СП 464.1325800.2019_Здания торгово-развлекательных комплексов. Правила проектирования (с изменением 1).pdf,Действующий,41
"Эксплуатация стоянок автомобилей, исключая гаражи для ремонта и стоянки в особых условиях",Эксплуатация автомобильных стоянок,2020-06-27,2025-08-26T04:20:57.124921+00:00,"Настоящий свод правил разработан для обеспечения соблюдения требований технических регламентов по безопасности зданий и сооружений, пожарной безопасности, энергосбережения и энергоэффективности. Он распространяется на эксплуатацию стоянок автомобилей, исключая гаражи для ремонта, демонтаж, утилизацию и стоянки в особых природных условиях.",Свод правил,СП 467.1325800.2019_Стоянки автомобилей. Правила эксплуатации.pdf,Свод правил Стоянки автомобилей. Правила эксплуатации,"['эксплуатация стоянок', 'технические регламенты', 'правила безопасности']","['стоянки автомобилей', 'правила эксплуатации', 'технические регламенты', 'безопасность зданий', 'пожарная безопасность', 'энергосбережение', 'энергоэффективность']",Русский,218,467.1325800.2019,5,91.7,0.0,Введен впервые,СП 467.1325800.2019_Стоянки автомобилей. Правила эксплуатации.pdf,Действующий,31
"Проектирование бетонных и железобетонных конструкций жилых, общественных и производственных зданий и сооружений",Пожарная безопасность,2023-12-28,2025-08-26T04:21:01.173570+00:00,"Настоящий свод правил устанавливает требования к проектированию бетонных и железобетонных конструкций, обеспечивающие огнестойкость и огнесохранность при воздействии стандартного температурного режима пожара. Он применяется для бетонных и железобетонных конструкций жилых, общественных и производственных зданий и сооружений.",Свод правил,СП 468.1325800.2019_Бетонные и железобетонные конструкции. Правила обеспечения огнестойкости и огнесохранности (с изменением 1).pdf,Свод правил Бетонные и железобетонные конструкции. Правила обеспечения огнестойкости и огнесохранности,"['требования к огнестойкости', 'правила обеспечения огнестойкости и огнесохранности', 'проектирование конструкций', 'нормативные ссылки']","['бетонные конструкции', 'железобетонные конструкции', 'огнестойкость', 'огнесохранность', 'пожарная безопасность']",русский,366,468.1325800.2019,5,83.3,0.4,Изменение N 1,СП 468.1325800.2019_Бетонные и железобетонные конструкции. Правила обеспечения огнестойкости и огнесохранности (с изменением 1).pdf,Действующий,171
Производство работ со стальными конструкциями,Конструкции,2020-06-17,2025-08-26T04:21:04.139596+00:00,"Свод правил содержит правила производства работ с использованием стальных конструкций. Включает требования по входному контролю и хранению металлопроката, подготовке материалов, резке, сварке и контролю качества сварных соединений.",Свод правил,СП 470.1325800.2019_Конструкции стальные. Правила производства работ.pdf,СП 470.1325800.2019 Конструкции стальные Правила производства работ,"['входной контроль', 'подготовка материалов', 'резка', 'сварка', 'контроль качества']","['стальные конструкции', 'производство работ', 'металлопрокат', 'сварка', 'контроль качества']",русский,208,470.1325800.2019,5,95.0,0.0,Введен впервые,СП 470.1325800.2019_Конструкции стальные. Правила производства работ.pdf,Действующий,22
"Проектирование новых и реконструкция существующих парков на территориях городских и муниципальных округов, городских и сельских поселений. Не распространяется на особо охраняемые природные территории.",Благоустройство территорий,2022-12-27,2025-08-26T04:21:07.773371+00:00,"Данный свод правил содержит основные требования к размещению и организации территорий парков. Он разработан с учетом федеральных законов о техническом регулировании, безопасности зданий, энергосбережении, пожарной безопасности и природоохранном законодательстве. Настоящий свод правил применяется при проектировании новых и реконструкции существующих парков в городах и муниципальных округах.",Свод правил,СП 475.1325800.2020_Парки. Правила градостроительного проектирования и благоустройства (с изменением 1).pdf,СП 475.1325800.2020 Парки. Правила градостроительного проектирования и благоустройства,"['планировка', 'застройка', 'градостроительство', 'организация парков', 'нормативные документы']","['парки', 'градостроительное проектирование', 'благоустройство', 'техническое регулирование', 'энергосбережение', 'пожарная безопасность', 'особо охраняемые природные территории']",Русский,336,475.1325800.2020,5,81.0,0.0,Изменение N 1,СП 475.1325800.2020_Парки. Правила градостроительного проектирования и благоустройства (с изменением 1).pdf,Действующий,67
"Проектирование новых и комплексную реконструкцию сложившейся застройки жилых микрорайонов городских и сельских муниципальных образований, городских округов и городов федерального значения на территории Российской Федерации",Благоустройство территорий,2020-07-25,2025-08-26T04:21:11.833541+00:00,"Настоящий свод правил разработан для детали требований к планировке, застройке и благоустройству территории жилых микрорайонов на территории городских и сельских поселений. Документ распространяется на проектирование новых и комплексную реконструкцию жилых микрорайонов в муниципальных образованиях Российской Федерации. Утвержден и введен в действие приказом Министерства строительства и жилищно-коммунального хозяйства РФ от 24 января 2020 года, введен в действие с 25 июля 2020 года.",Свод правил,"СП 476.1325800.2020_Территории городских и сельских поселений. Правила планировки, застройки и благоустройства жилых микрорайонов.pdf","Свод правил Территории городских и сельских поселений Правила планировки, застройки и благоустройства жилых микрорайонов","['планировка жилых микрорайонов', 'застройка жилых микрорайонов', 'благоустройство территорий', 'градостроительство']","['планировка', 'застройка', 'благоустройство', 'жилые микрорайоны', 'городские поселения', 'сельские поселения', 'строительство', 'архитектура']",Русский,267,476.1325800.2020,5,91.4,1.4,Введен впервые,"СП 476.1325800.2020_Территории городских и сельских поселений. Правила планировки, застройки и благоустройства жилых микрорайонов.pdf",Действующий,61
"Требования пожарной безопасности при проектировании, строительстве, реконструкции, капитальном ремонте и эксплуатации высотных зданий и комплексов класса функциональной пожарной опасности Ф1.3 высотой более 75 м и зданий и комплексов других классов функциональной пожарной опасности высотой более 50 м",Пожарная безопасность,2024-08-02,2025-08-26T04:21:16.991529+00:00,"Настоящий свод правил устанавливает требования пожарной безопасности к высотным зданиям и комплексам, проектируемым в соответствии с требованием СП 253.1325800.2016 и СП 267.1325800.2016. Документ разработан с целью обеспечения требований Федерального закона 384-ФЗ «Технический регламент о безопасности зданий и сооружений» и Федерального закона 123-ФЗ «Технический регламент о требованиях пожарной безопасности».",Свод правил,СП 477.1325800.2020_Здания и комплексы высотные. Требования пожарной безопасности (с изменением 1).pdf,СП 477.1325800.2020 Здания и комплексы высотные. Требования пожарной безопасности,"['требования пожарной безопасности', 'проектирование высотных зданий', 'строительство высотных зданий', 'эксплуатация высотных зданий']","['пожарная безопасность', 'высотные здания', 'комплексы', 'проектирование', 'строительство', 'реконструкция', 'капитальный ремонт', 'эксплуатация']",русский,291,477.1325800.2020,5,92.3,0.0,Изменение N 1,СП 477.1325800.2020_Здания и комплексы высотные. Требования пожарной безопасности (с изменением 1).pdf,Действующий,35
"Проектирование новых, реконструируемых и капитально ремонтируемых зданий аэровокзалов и аэровокзальных комплексов",Архитектура,2023-12-28,2025-08-26T04:21:20.929402+00:00,"Настоящий свод правил устанавливает требования и правила проектирования зданий и комплексов аэровокзальных зданий. Применение документа обеспечивает соблюдение требований федеральных законов в области энергосбережения, пожарной безопасности и технического регулирования.",Свод правил,"СП 478.1325800.2019_Здания и комплексы аэровокзальные. Правила проектирования (с изменениями 1, 2).pdf",Свод правил Здания и комплексы аэровокзальные Правила проектирования,"['проектирование аэровокзалов', 'энергетическая эффективность зданий', 'требования пожарной безопасности']","['аэровокзальные здания', 'проектирование', 'архитектура', 'энергосбережение', 'пожарная безопасность', 'технический регламент']",Русский,312,478.1325800.2019,5,85.0,1.6,"Изменения N 2, утв. Приказом Минстроя России от 28.12.2023 N 1004/пр","СП 478.1325800.2019_Здания и комплексы аэровокзальные. Правила проектирования (с изменениями 1, 2).pdf",Действующий,100
"выполнение инженерных изысканий в районах возможного развития и активизации селевых процессов для подготовки документов территориального планирования, документации по планировке территории и выбору площадок (трасс) строительства, при подготовке проектной документации объектов капитального строительства, строительстве, эксплуатации и реконструкции зданий и сооружений",Инженерные изыскания,2020-06-05,2025-08-26T04:21:27.126553+00:00,"Данный свод правил устанавливает общие требования при выполнении инженерных изысканий в районах развития селевых процессов для обеспечения безопасности и подготовки проектной документации в строительстве. Разработан для использования в процессе территориального планирования, выбора площадок строительства, а также при эксплуатации и реконструкции зданий и сооружений.",Свод правил,СП 479.1325800.2019_Инженерные изыскания для строительства в районах развития селевых процессов. Общие требования.pdf,Свод правил Инженерные изыскания для строительства в районах развития селевых процессов. Общие требования,"['требования к инженерным изысканиям', 'обеспечение безопасности строительства', 'подготовка проектной документации']","['инженерные изыскания', 'селовые процессы', 'строительство', 'проектная документация', 'территориальное планирование']",Русский,320,479.1325800.2019,5,88.9,0.0,,СП 479.1325800.2019_Инженерные изыскания для строительства в районах развития селевых процессов. Общие требования.pdf,Действующий,67
формирование и использование информационных моделей объектов капитального строительства при эксплуатации многоквартирных домов,Строительство,2020-07-15,2025-08-26T04:21:31.104078+00:00,Свод правил устанавливает требования к формированию и порядок использования информационных моделей объектов капитального строительства при осуществлении эксплуатации многоквартирных домов. Документ разработан с целью обеспечения соблюдения требований технического регламента о безопасности зданий и сооружений и выработки единых подходов к организации эксплуатации многоквартирных домов с применением технологии информационного моделирования.,Свод правил,СП 480.1325800.2020_BIM в строительстве. Требования к формированию информационных моделей ОКС для эксплуатации многоквартирных домов.pdf,Свод правил 480.1325800.2020 Информационное моделирование в строительстве Требования к формированию информационных моделей объектов капитального строительства для эксплуатации многоквартирных домов,"['требования', 'формирование информационных моделей', 'эксплуатационная информационная модель', 'разработка и поддержание моделей', 'интеграция информационных систем']","['информационное моделирование', 'многоквартирные дома', 'эксплуатация', 'информационные модели', 'объекты капитального строительства']",русский,354,480.1325800.2020,5,90.4,0.0,,СП 480.1325800.2020_BIM в строительстве. Требования к формированию информационных моделей ОКС для эксплуатации многоквартирных домов.pdf,Действующий,12
"Устанавливает нормы и правила проектирования и последующего содержания систем пожарной сигнализации и автоматизации противопожарной защиты для зданий, сооружений, оборудования, наружных установок различного назначения, в том числе возводимых в районах с особыми климатическими и природными условиями.",Пожарная безопасность,2021-03-01,2025-08-26T04:21:35.622167+00:00,Настоящий свод правил регламентирует проектирование и содержание систем пожарной сигнализации и автоматизации противопожарной защиты. Документ заменяет СП 5.13130.2009 и учитывает требования технического регламента о требованиях пожарной безопасности.,Свод правил,СП 484.1311500.2020  Системы противопожарной защиты. Системы пожарной сигнализации и автоматизация (с изм.№1).pdf,СП 484.1311500.2020 Системы противопожарной защиты. Системы пожарной сигнализации и автоматизация систем противопожарной защиты. Нормы и правила проектирования,"['проектирование систем пожарной сигнализации', 'автоматизация систем противопожарной защиты', 'требования пожарной безопасности']","['пожарная сигнализация', 'автоматизация систем противопожарной защиты', 'нормы проектирования', 'правила проектирования', 'системы противопожарной защиты']",Русский,324,484.1311500.2020,5,96.3,12.6,Введен впервые,СП 484.1311500.2020  Системы противопожарной защиты. Системы пожарной сигнализации и автоматизация (с изм.№1).pdf,Действующий,27
"Проектирование установок пожаро-тушения автоматических для зданий и сооружений различного назначения, а также отдельных технологических единиц, расположенных в зданиях, в том числе в районах с особыми климатическими и природными условиями",Пожарная безопасность,2020-08-31,2025-08-26T04:21:39.535626+00:00,"Данный свод правил устанавливает нормы и правила проектирования автоматических установок пожаротушения. Он распространяется на проектирование таких систем для различных зданий и сооружений, включая особые климатические и природные условия, с исключениями для некоторых специфических случаев и материалов.",Свод правил,СП 485.1311500.2020 Системы противопожарной защиты. Установки пожаротушения автоматические.pdf,СП 485.1311500.2020 Системы противопожарной защиты. Установки пожаротушения автоматические. Нормы и правила проектирования,"['автоматические системы пожаротушения', 'нормы проектирования', 'проектирование зданий и сооружений', 'требования пожарной безопасности']","['системы противопожарной защиты', 'установки пожаротушения автоматические', 'нормы проектирования', 'правила проектирования', 'пожарная безопасность']",русский,254,485.1311500.2020,5,96.1,13.8,Введен впервые,СП 485.1311500.2020 Системы противопожарной защиты. Установки пожаротушения автоматические.pdf,Действующий,105
,Пожарная безопасность,2020-07-20,2025-08-26T04:21:43.392494+00:00,"Свод правил содержит требования пожарной безопасности к системам противопожарной защиты, в частности перечень зданий, сооружений, помещений и оборудования, подлежащих защите автоматическими установками пожаротушения и системами пожарной сигнализации. Документ утверждён приказом МЧС России от 20 июля 2020 г. и введён в действие с 1 марта 2021 г.",Свод правил,"СП 486.1311500.2020 Системы противопожарной защиты. Перечень зданий, сооружений, помещений и оборудования, подлежащих защите АУПТ и АУПС.pdf","Свод правил СП 486.1311500.2020 Системы противопожарной защиты. Перечень зданий, сооружений, помещений и оборудования, подлежащих защите автоматическими установками пожаротушения и системами пожарной сигнализации. Требования пожарной безопасности","['защита объектов от пожаров', 'технические требования к системам пожаротушения', 'регулирование противопожарных систем']","['противопожарная защита', 'установки пожаротушения', 'системы пожарной сигнализации', 'требования пожарной безопасности', 'здания', 'сооружения', 'помещения', 'оборудование']",Русский,131,486.1311500.2020,5,91.0,7.8,Введен впервые,"СП 486.1311500.2020 Системы противопожарной защиты. Перечень зданий, сооружений, помещений и оборудования, подлежащих защите АУПТ и АУПС.pdf",Действующий,28
"правила производства и контроля качества работ при строительстве, реконструкции и капитальном ремонте аэродромов (вертодромов)",Аэродромы,2021-06-25,2025-08-26T04:21:47.390628+00:00,"Настоящий свод правил устанавливает правила производства и контроля качества работ при строительстве, реконструкции и капитальном ремонте аэродромов (вертодромов). Документ разработан в целях обеспечения соблюдения требований Федеральных законов и технических регламентов, касающихся безопасности зданий, пожарной безопасности, энергосбережения и энергетической эффективности.",Свод правил,СП 490.1325800.2020 Аэродромы. Правила производства работ.pdf,Свод правил Аэродромы Правила производства работ,"['строительство аэродромов', 'реконструкция аэродромов', 'капитальный ремонт аэродромов', 'технические регламенты', 'пожарная безопасность', 'энергосбережение']","['аэродромы', 'строительство', 'реконструкция', 'капитальный ремонт', 'правила производства работ', 'контроль качества работ']",русский,257,490.1325800.2020,5,95.6,1.3,Введен впервые,СП 490.1325800.2020 Аэродромы. Правила производства работ.pdf,Действующий,165
Строительство,Инженерно-экологические изыскания,2021,2025-08-26T04:21:50.323796+00:00,"Данный свод правил устанавливает общие правила производства инженерно-экологических изысканий, необходимых в строительстве. Документ регулирует методологию и требования к проведению изысканий для обеспечения экологической безопасности при строительстве.",Свод правил,СП 502.1325800.2021_Инженерно-экологические изыскания для строительства. Общие правила производства работ.pdf,Свод правил Инженерно-экологические изыскания для строительства. Общие правила производства работ,"['экологические изыскания', 'строительные изыскания', 'производственные правила']","['инженерно-экологические изыскания', 'строительство', 'общие правила', 'производство работ']",Русский,478,502.1325800.2021,5,86.3,2.0,,СП 502.1325800.2021_Инженерно-экологические изыскания для строительства. Общие правила производства работ.pdf,Действующий,147
Требования к оформлению отчета по результатам расчета пожарного риска,Пожарная безопасность,2024-09-29,2025-08-26T04:21:52.878950+00:00,Данный свод правил устанавливает требования к оформлению отчета по результатам расчета пожарного риска. Разработан в соответствии с техническим регламентом о требованиях пожарной безопасности и соответствующими постановлениями Правительства Российской Федерации.,Свод правил,СП 505.1311500.2021 Расчет пожарного риска. Требования к оформлению.pdf,Свод правил Расчет пожарного риска. Требования к оформлению,"['расчет пожарного риска', 'оформление документации', 'требования пожарной безопасности']","['Расчет пожарного риска', 'Требования к оформлению', 'Пожарная безопасность', 'СП']",Русский,2262,СП,5,41.2,46.2,Введен впервые,СП 505.1311500.2021 Расчет пожарного риска. Требования к оформлению.pdf,Действующий,17
,Отопление,2022-02-26,2025-08-26T04:21:56.112429+00:00,"Данный свод правил устанавливает требования к проектированию, монтажу, эксплуатации и безопасности тепловых пунктов и систем внутреннего теплоснабжения. Включает методики определения расчетных параметров, требования по снижению шума и вибраций, энергоэффективности, а также правила эксплуатации и монтажа.",Свод правил,СП 510.1325800.2022_Тепловые пункты и системы внутреннего теплоснабжения.pdf,Свод правил СП 510.1325800.2022 Тепловые пункты и системы внутреннего теплоснабжения,"['присоединение систем потребления теплоты', 'оборудование и трубопроводы', 'водоподготовка', 'автоматизация и диспетчеризация', 'требования безопасности', 'проектирование в особых природных условиях']","['тепловые пункты', 'внутреннее теплоснабжение', 'отопление', 'монтаж', 'эксплуатация', 'энергетическая эффективность']",русский,362,510.1325800.2022,5,94.5,0.5,Введен впервые,СП 510.1325800.2022_Тепловые пункты и системы внутреннего теплоснабжения.pdf,Действующий,82
Правила проектирования анкерных креплений к бетону,Строительство,2022-04-25,2025-08-26T04:21:58.964694+00:00,"Свод правил, утвержденный Министерством строительства и жилищно-коммунального хозяйства Российской Федерации, содержит правила проектирования анкерных креплений к бетону. Документ введен в действие в апреле 2022 года и разработан с участием научно-исследовательских институтов и технического комитета по стандартизации.",Свод правил,СП 513.1325800.2022_Анкерные крепления к бетону. Правила проектирования.pdf,СП 513.1325800.2022 Анкерные крепления к бетону. Правила проектирования,"['проектирование', 'нормативные документы', 'строительные материалы']","['анкерные крепления', 'бетон', 'правила проектирования', 'строительство']",Русский,286,513.1325800.2022,5,90.1,0.0,Введен впервые,СП 513.1325800.2022_Анкерные крепления к бетону. Правила проектирования.pdf,Действующий,48
Правила проектирования и строительства зданий из клееного деревянного бруса,Архитектура,2022-05-09,2025-08-26T04:22:03.190297+00:00,"Данный свод правил устанавливает требования и нормы проектирования и строительства зданий из клееного деревянного бруса. Документ включает разделы по конструктивным элементам зданий, требованиям к материалам, пожарной безопасности, санитарно-эпидемиологическим требованиям, энергосбережению и другим аспектам обеспечивающим безопасность и долговечность таких зданий.",Свод правил,СП 515.1325800.2022_Здания из клееного деревянного бруса. Правила проектирования и строительства.pdf,Свод правил СП 515.1325800.2022 Здания из клееного деревянного бруса. Правила проектирования и строительства,"['конструктивные элементы', 'требования к материалам', 'пожарная безопасность', 'энергосбережение', 'безопасность использования', 'долговечность']","['клееный деревянный брус', 'проектирование зданий', 'строительство зданий', 'пожарная безопасность', 'энергосбережение', 'санитарно-эпидемиологические требования']",русский,296,515.1325800.2022,5,91.2,0.0,Введен впервые,СП 515.1325800.2022_Здания из клееного деревянного бруса. Правила проектирования и строительства.pdf,Действующий,39
Проектирование и строительство жилых и общественных зданий с применением стен из деревянных бревенчатых или брусчатых срубных конструкций,Строительство,2023-12-28,2025-08-26T04:22:08.457689+00:00,"Данный свод правил устанавливает требования к проектированию и строительству жилых и общественных зданий с использованием деревянных срубных конструкций. В документе рассматриваются вопросы несущей способности и деформативности несущих элементов, материалы и изделия, пожарная безопасность, порядок строительства, инженерное оборудование и долговечность зданий.",Свод правил,СП 516.1325800.2022_Здания из деревянных срубных конструкций. Правила проектирования и строительства (с изменением 1).pdf,СП 516.1325800.2022 Здания из деревянных срубных конструкций. Правила проектирования и строительства,"['требования к несущей способности', 'материалы и изделия', 'пожарная безопасность', 'порядок строительства', 'инженерное оборудование', 'обеспечение долговечности']","['деревянные срубные конструкции', 'проектирование', 'строительство', 'жилые здания', 'общественные здания', 'пожарная безопасность', 'инженерное оборудование', 'долговечность']",русский,211,516.1325800.2022,5,90.1,0.6,Изм.1,СП 516.1325800.2022_Здания из деревянных срубных конструкций. Правила проектирования и строительства (с изменением 1).pdf,Действующий,86
"Эксплуатация централизованных систем, сооружений водоснабжения и водоотведения, не распространяется на системы горячего водоснабжения",Системы водоснабжения,2022-07-07,2025-08-26T04:22:14.345245+00:00,Настоящий свод правил устанавливает общие требования к эксплуатации централизованных систем и сооружений водоснабжения и водоотведения с учетом современных технологий и требований безопасности. Документ разработан для обеспечения требований Федерального закона №384-ФЗ и других нормативных актов. Введен впервые с 7 июля 2022 года приказом Минстроя России №453/пр.,Свод правил,"СП 517.1325800.2022_Эксплуатация централизованных систем, сооружений водоснабжения и водоотведения.pdf","Свод правил Эксплуатация централизованных систем, сооружений водоснабжения и водоотведения","['эксплуатация систем водоснабжения', 'водоотведение', 'технические нормы и требования', 'автоматизация и механизация процессов']","['эксплуатация', 'централизованные системы', 'водоснабжение', 'водоотведение', 'техническое регулирование', 'безопасность']",Русский,340,517.1325800.2022,5,69.2,87.8,Введен впервые,"СП 517.1325800.2022_Эксплуатация централизованных систем, сооружений водоснабжения и водоотведения.pdf",Действующий,127
"Правила проектирования кабельных линий связи, размещения оборудования средств связи, включая цифровые транспортные системы в составе линий связи",Сети связи,2023-04-18,2025-08-26T04:22:18.631959+00:00,"Настоящий свод правил распространяется на сети связи и устанавливает основные правила проектирования кабельных линий связи, линейно-кабельных сооружений и требования к размещению оборудования средств связи. Разработан для обеспечения требований технического регламента о безопасности зданий и сооружений, а также законодательства о связи и градостроительного кодекса Российской Федерации.",Свод правил,СП 519.1325800.2023_Сети связи. Правила проектирования.pdf,Свод правил Сети связи Правила проектирования,"['проектирование сетей связи', 'кабельные линии', 'безопасность сооружений', 'электроснабжение и заземление']","['свод правил', 'сети связи', 'проектирование', 'кабельные линии связи', 'оборудование средств связи', 'цифровые транспортные системы']",Русский,262,519.1325800.2023,5,94.1,25.2,Введен впервые,СП 519.1325800.2023_Сети связи. Правила проектирования.pdf,Действующий,27
"Проектирование несущих конструкций из многослойного стекла для зданий и сооружений различного назначения, эксплуатируемых при температурах от -40 °C до +50 °C и нормальном влажностном режиме внутри помещений",Архитектура,2023-05-15,2025-08-26T04:22:23.352722+00:00,"Данный свод правил устанавливает требования к проектированию несущих конструкций из многослойного стекла, выполненного из цельного листового стекла с использованием промежуточных слоев из ЭВА, ПВБ или ионопласта. Не распространяется на конструкции мостов, тоннелей, гидротехнических сооружений и комбинированные стеклянные конструкции.",Свод правил,СП 521.1325800.2023 Конструкции из многослойного стекла. Правила проектирования.pdf,Свод правил Конструкции из многослойного стекла. Правила проектирования,"['требования проектирования', 'конструкционные материалы', 'нормативные ссылки']","['многослойное стекло', 'конструкции', 'проектирование', 'свод правил', 'АРХИТЕКТУРА', 'строительство']",русский,257,521.1325800.2023,5,88.8,0.0,Введен впервые,СП 521.1325800.2023 Конструкции из многослойного стекла. Правила проектирования.pdf,Действующий,55
"Проектирование, производство работ и эксплуатация навесных фасадных вентилируемых конструкций для наружной облицовки стен зданий и сооружений, применяемых в новом строительстве и при реконструкции или капитальном ремонте",Архитектура,2023-06-06,2025-08-26T04:22:29.691594+00:00,"Данный свод правил устанавливает требования к проектированию, производству работ и эксплуатации навесных фасадных вентилируемых систем наружной облицовки зданий и сооружений. Документ разработан с учетом требований федеральных законов о безопасности зданий, пожарной безопасности, энергосбережении и энергоэффективности.",Свод правил,"СП 522.1325800.2023 Системы фасадные навесные вентилируемые. Правила проектирования, производства работ и эксплуатации.pdf","Свод правил Системы фасадные навесные вентилируемые Правила проектирования, производства работ и эксплуатации","['проектирование фасадов', 'производство фасадных систем', 'эксплуатация вентилируемых фасадов', 'требования безопасности', 'энергоэффективность']","['свод правил', 'фасадные системы', 'навесные фасады', 'вентилируемые фасады', 'проектирование', 'производство работ', 'эксплуатация', 'безопасность зданий', 'энергосбережение', 'пожарная безопасность']",Русский,210,522.1325800.2023,5,88.6,2.8,Введен впервые,"СП 522.1325800.2023 Системы фасадные навесные вентилируемые. Правила проектирования, производства работ и эксплуатации.pdf",Действующий,196
Проектирование теплонасосных систем теплохладоснабжения для зданий и сооружений,Отопление,2023-06-06,2025-08-26T04:22:37.243214+00:00,"Данный свод правил устанавливает правила проектирования теплонасосных систем теплохладоснабжения для внутреннего тепло- и холодоснабжения систем отопления, вентиляции и кондиционирования воздуха, горячего водоснабжения и технологического холода в новых, реконструируемых и ремонтируемых зданиях и сооружениях. Документ разработан в соответствии с требованиями федеральных законов о безопасности зданий и энергосбережении, с целью повышения энергетической эффективности и использования возобновляемых источников энергии.",Свод правил,СП 525.1325800.2023 Теплонасосные системы теплохладоснабжения. Правила проектирования.pdf,Свод Правил Теплонасосные Системы Теплохладоснабжения. Правила Проектирования,"['теплонасосные системы', 'теплохладоснабжение', 'проектирование', 'энергосбережение', 'использование возобновляемых источников энергии']","['теплонасосные системы', 'теплохладоснабжение', 'проектирование', 'энергосбережение', 'энергетическая эффективность']",Русский,222,525.1325800.2023,5,85.6,1.2,Введен впервые,СП 525.1325800.2023 Теплонасосные системы теплохладоснабжения. Правила проектирования.pdf,Действующий,137
Центры обработки данных,Здания и сооружения,2024-12-23,2025-08-26T04:22:40.959575+00:00,"Свод правил СП 541.1325800.2024 устанавливает правила проектирования зданий и сооружений центров обработки данных, включая требования к размещению, объемно-планировочным и конструктивным решениям, пожарной безопасности, инженерному оборудованию, безопасности эксплуатации и санитарно-эпидемиологическим требованиям. Документ разработан с учетом законодательных требований в области технического регулирования и энергосбережения.",Свод правил,СП 541.1325800.2024_Здания и сооружения центров обработки данных.pdf,Свод правил СП 541.1325800.2024 Здания и сооружения центров обработки данных. Правила проектирования,"['правила проектирования', 'требования к земельным участкам', 'объемно-планировочные решения', 'пожарная безопасность', 'инженерно-технические системы', 'санитарно-эпидемиологические требования']","['центры обработки данных', 'проектирование', 'здания и сооружения', 'пожарная безопасность', 'энергосбережение', 'инженерное оборудование', 'безопасная эксплуатация']",русский,218,541.1325800.2024,5,93.3,0.0,Введен впервые,СП 541.1325800.2024_Здания и сооружения центров обработки данных.pdf,Действующий,58
"Контроль за строительством, реконструкцией и капитальным ремонтом объектов капитального строительства",Строительство,2024-12-27,2025-08-26T04:22:43.939739+00:00,"Свод правил устанавливает требования и порядок строительного контроля при строительстве, реконструкции и капитальном ремонте объектов капитального строительства. Введен в действие приказом Минстроя России от 27 декабря 2024 года с датой введения 28 января 2025 года.",Свод правил,"СП 543.1325800.2024 Строительныи контроль при строительстве, реконструкции, капитальном ремонте объектов капитального строительства.pdf","СП 543.1325800.2024 Строительный контроль при строительстве, реконструкции, капитальном ремонте объектов капитального строительства","['требования строительного контроля', 'порядок контроля', 'строительные работы']","['строительный контроль', 'строительство', 'реконструкция', 'капитальный ремонт', 'объекты капитального строительства']",русский,516,543.1325800.2024,5,61.5,14.5,Введен впервые,"СП 543.1325800.2024 Строительныи контроль при строительстве, реконструкции, капитальном ремонте объектов капитального строительства.pdf",Действующий,279
"Проектирование новых и реконструкция существующих футбольных стадионов всех категорий, включая уникальные объекты с футбольными и легкоатлетическими спортивными аренами, предназначенных для проведения футбольных матчей, легкоатлетических соревнований и учебно-тренировочного процесса.",Архитектура,2023-12-28,2025-08-26T04:22:49.143514+00:00,"Настоящий свод правил разработан для обеспечения требований по проектированию футбольных стадионов, учитывая нормативные документы РФС, УЕФА, ФИФА, а также требований безопасности, функциональности и комфортности для посетителей. Документ регулирует минимальные требования к футбольным стадионам, направлен на снижение энергозатрат и упрощение работы проектировщиков. Включает положения по стадии проектирования и реконструкции всех категорий футбольных стадионов.",Свод правил,"СП_285.1325800.2016_Стадионы футбольные. Правила проектирования (с изменениями 1, 2, 3).pdf",Свод правил Стадионы футбольные Правила проектирования,"['требования к проектированию', 'безопасность', 'комфорт посетителей', 'энергосбережение', 'нормативные документы']","['футбольные стадионы', 'проектирование', 'безопасность', 'функциональность', 'энергозатраты', 'РФС', 'УЕФА', 'ФИФА']",Русский,290,285.1325800.2016,5,87.1,3.7,Изменения N 3,"СП_285.1325800.2016_Стадионы футбольные. Правила проектирования (с изменениями 1, 2, 3).pdf",Действующий,142
проведение детального сейсмического районирования для объектов повышенного уровня ответственности,Строительство,2017-06-17,2025-08-26T04:22:54.968247+00:00,"Настоящий свод правил предназначен для проведения работ по детальному сейсмическому районированию, включающим сейсмотектонические и сейсмологические исследования, для объектов повышенного уровня ответственности, таких как особо опасные, технически сложные и уникальные объекты. Документ распространяется на новые объекты и работы по капитальному ремонту, реконструкции и восстановлению ранее возведенных объектов, кроме атомной энергетики и крупных инфраструктурных объектов.",Свод правил,СП_286.1325800.2016_Сооружения морские причальные. Правила проектирования и строительства (с изменением 1).pdf,Свод правил Объекты строительные повышенной ответственности Правила детального сейсмического районирования,"['детальное сейсмическое районирование', 'требования к строительству объектов критической важности', 'нормативные ссылки на СНиП и федеральные законы']","['сейсмическое районирование', 'объекты повышенной ответственности', 'сейсмотектонические исследования', 'сейсмологические исследования', 'градостроительство']",русский,358,286.1325800.2016,5,80.8,7.6,,СП_286.1325800.2016_Сооружения морские причальные. Правила проектирования и строительства (с изменением 1).pdf,Действующий,30
"Проектирование новых, реконструируемых и капитальный ремонт морских причальных гидротехнических сооружений",Строительство,2017-06-17,2025-08-26T04:23:01.210760+00:00,"Настоящий свод правил содержит требования по проектированию и строительству морских причальных сооружений, направленные на обеспечение безопасных условий для швартовки, стоянки и обработки судов, сохранности и повышения долговечности сооружений при взаимодействии с судами, работе перегрузочного оборудования и портовых транспортных средств, складировании грузов. Он разработан с учётом актуального уровня исследований, опыта проектирования и строительства в различных природно-климатических и гидрогеологических условиях и утверждён Приказом Минстроя России от 16 декабря 2016 года.",Свод правил,СП_287.1325800.2016_Сооружения морские причальные. Правила проектирования и строительства (с изменением 1).pdf,Свод Правил Сооружения Морские Причальные Правила Проектирования И Строительства,"['требования проектирования', 'строительство гидротехнических объектов', 'безопасность морских сооружений', 'регулирование в строительстве']","['морские причальные сооружения', 'проектирование', 'строительство', 'гидротехнические сооружения', 'безопасность', 'долговечность', 'швартовка', 'перегрузочное оборудование', 'портовые транспортные средства', 'складирование грузов']",Русский,308,287.1325800.2016,5,82.6,0.7,Введен впервые,СП_287.1325800.2016_Сооружения морские причальные. Правила проектирования и строительства (с изменением 1).pdf,Действующий,245
"Проектируемые, реконструируемые жилые и общественные здания",Отопление,2022-12-23,2025-08-26T04:23:05.835434+00:00,"Данный свод правил устанавливает правила проектирования тепловой защиты жилых и общественных зданий. Документ разработан с учетом требований Федерального закона о техническом регулировании безопасности зданий и сооружений и является развитием СП 50.13330.2012. Документ включает изменения, утвержденные Министерством строительства России в 2019 и 2022 годах.",Свод правил,"СП_345.1325800.2017_Здания жилые и общественные. Правила проектирования тепловой защиты (с изменениями 1, 2).pdf",Свод правил Здания жилые и общественные. Правила проектирования тепловой защиты,"['правила проектирования', 'тепловая защита зданий', 'строительные материалы', 'нормативные ссылки']","['тепловая защита', 'проектирование', 'жилые здания', 'общественные здания', 'строительные материалы', 'теплопроводность', 'влажность']",русский,664,345.1325800.2017,5,68.4,1.0,Изменения N 2,"СП_345.1325800.2017_Здания жилые и общественные. Правила проектирования тепловой защиты (с изменениями 1, 2).pdf",Действующий,133
Эксплуатация спортивных зданий и сооружений,Безопасность эксплуатации зданий и сооружений,2019-06-11,2025-08-26T04:23:09.592310+00:00,"Данный свод правил разработан для регулирования безопасной эксплуатации спортивных зданий и сооружений. В документе содержатся требования по технической и пожарной безопасности, а также нормы по энергоэффективности, учитывая особенности спортивных объектов.",Свод правил,СП_418.1325800.2018_Здания и сооружения спортивные. Правила эксплуатации.pdf,Свод правил Здания и сооружения спортивные. Правила эксплуатации,"['требования безопасности', 'эксплуатация спортивных объектов', 'нормативные ссылки', 'технические регламенты']","['эксплуатация', 'спортивные здания', 'спортивные сооружения', 'технический регламент', 'пожарная безопасность', 'энергосбережение', 'энергоэффективность']",Русский,200,418.1325800.2018,5,88.1,3.2,Введен впервые,СП_418.1325800.2018_Здания и сооружения спортивные. Правила эксплуатации.pdf,Действующий,69
"Эксплуатация мелиоративных систем и сооружений, исключая водохранилища и оросительные системы с использованием сточных вод и животноводческих стоков",Мелиоративные системы и сооружения,2019-06-25,2025-08-26T04:23:13.208747+00:00,"Свод правил устанавливает требования к эксплуатации мелиоративных систем и сооружений в целях обеспечения безопасности и соответствия техническим регламентам Российской Федерации. В документе прописаны условия эксплуатации, нормативные ссылки на стандарты и законы, регулирующие безопасность гидротехнических и мелиоративных сооружений.",Свод правил,СП_421.1325800.2018_Мелиоративные системы и сооружения. Правила эксплуатации.pdf,Свод правил Мелиоративные системы и сооружения. Правила эксплуатации,"['эксплуатация мелиоративных систем', 'требования безопасности', 'нормативные документы', 'технический регламент', 'гидротехнические сооружения']","['мелиоративные системы', 'эксплуатация', 'правила эксплуатации', 'гидротехнические сооружения', 'безопасность', 'технический регламент']",Русский,244,421.1325800.2018,5,94.1,0.0,Введен впервые,СП_421.1325800.2018_Мелиоративные системы и сооружения. Правила эксплуатации.pdf,Действующий,81
"Стационарные системы передачи извещений о пожаре, использующие проводные и беспроводные каналы связи",Пожарная безопасность,2017-06-01,2025-08-26T04:23:16.794354+00:00,"Стандарт устанавливает общие технические требования и методы контроля к системам передачи извещений о пожаре (СПИ) и их оборудованию. Применяется к разрабатываемым, изготовляемым, модернизируемым и импортируемым СПИ. Не распространяется на оборудование иных каналов передачи информации.",ГОСТ,СТБ 11.16.10-2016 Система стандартов пожарнои безопасности. Системы передачи извещении о пожаре. Общие технические требования.pdf,СТБ 11.16.10-2016 Система стандартов пожарной безопасности Системы передачи извещений о пожаре Общие технические требования Методы контроля,"['Технические требования к СПИ', 'Методы контроля и испытаний', 'Пожарная сигнализация', 'Стандартизация в области пожарной безопасности']","['Системы передачи извещений о пожаре', 'Общие технические требования', 'Методы контроля', 'Пожарная безопасность', 'Проводные и беспроводные каналы связи']",русский,138,11.16.10-2016,5,96.0,0.0,Введен впервые,СТБ 11.16.10-2016 Система стандартов пожарнои безопасности. Системы передачи извещении о пожаре. Общие технические требования.pdf,Действующий,18
"Средства обеспечения пожарной безопасности и пожаротушения, предназначенные для предотвращения, снижения риска возникновения, ограничения развития пожара и распространения его опасных факторов, для тушения пожара, спасения людей, защиты жизни и (или) здоровья человека, имущества и окружающей среды от пожара",Пожарная безопасность,2017-06-23,2025-08-26T04:23:20.556056+00:00,"Документ устанавливает обязательные требования к средствам обеспечения пожарной безопасности и пожаротушения на территории государств-членов Евразийского экономического союза. Регламент направлен на защиту жизни, здоровья, имущества и окружающей среды от пожаров, а также регулирует маркировку таких средств для их свободного перемещения.",Решение ЕЭК,ТР ЕАЭС 043_2017 Технический регламент Евразииского экономического союза О требованиях к средствам ПБ и пожаротушения.pdf,"Технический регламент Евразийского экономического союза ""О требованиях к средствам обеспечения пожарной безопасности и пожаротушения""","['требования к средствам пожарной безопасности', 'маркировка средств пожарной безопасности', 'область применения технического регламента']","['технический регламент', 'пожарная безопасность', 'пожаротушение', 'Евразийский экономический союз', 'сертификация']",русский,3396,043/2017,5,7.4,0.0,,ТР ЕАЭС 043_2017 Технический регламент Евразииского экономического союза О требованиях к средствам ПБ и пожаротушения.pdf,Действующий,25
"Продукция, предназначенная для гражданской обороны и защиты от чрезвычайных ситуаций природного и техногенного характера, выпускаемая в обращение на таможенной территории Евразийского экономического союза",Гражданская оборона и защита от чрезвычайных ситуаций,2021-10-05,2025-08-26T04:23:24.613769+00:00,"Документ устанавливает обязательные требования безопасности к продукции, предназначенной для гражданской обороны и защиты от чрезвычайных ситуаций природного и техногенного характера, действующие на таможенной территории Евразийского экономического союза. Регламент регулирует сферу применения продукции в целях защиты жизни, здоровья, имущества и окружающей среды, а также определяет исключения из области применения.",Решение ЕЭК,ТР ЕАЭС 050_2021 Технический регламент Евразииского экономического союза О безопасности продукции ЧС.pdf,"Технический регламент Евразийского экономического союза О безопасности продукции, предназначенной для гражданской обороны и защиты от чрезвычайных ситуаций природного и техногенного характера","['требования безопасности', 'область применения', 'исключения', 'понятия и термины']","['Технический регламент', 'Евразийский экономический союз', 'гражданская оборона', 'чрезвычайные ситуации', 'безопасность продукции']",Русский,3091,050/2021,5,25.0,28.6,,ТР ЕАЭС 050_2021 Технический регламент Евразииского экономического союза О безопасности продукции ЧС.pdf,Действующий,25
"Лифты и устройства безопасности лифтов, используемые на территории государств-членов Таможенного союза, с исключениями для лифтов шахт горной и угольной промышленности, судов, морских платформ, летательных аппаратов и специальных военных лифтов",Безопасность,2011-10-18,2025-08-26T04:23:31.761691+00:00,"Документ устанавливает единые обязательные требования к безопасности лифтов и устройств безопасности лифтов на территории Таможенного союза, направленные на защиту жизни и здоровья человека, имущества и информирование пользователей о назначении и безопасности лифтов. Включает правила обращения на рынке, требования к безопасности, подтверждение соответствия и маркировку продукции.",Технический регламент,ТР ТС 011-2011 Безопасность лифтов.pdf,Технический регламент Таможенного союза ТР ТС 011/2011 Безопасность лифтов,"['требования к безопасности лифтов', 'область применения', 'определения', 'правила обращения на рынке', 'подтверждение соответствия', 'маркировка продукции', 'переходные периоды']","['лифты', 'устройства безопасности лифтов', 'маркировка', 'сертификация', 'технический регламент', 'безопасность', 'Таможенный союз']",Русский,228,011/2011,5,94.6,0.0,,ТР ТС 011-2011 Безопасность лифтов.pdf,Действующий,22
"Обеспечение безопасности на стадиях проектирования, строительства, реконструкции, капитального ремонта и эксплуатации автомобильных дорог общего пользования и дорожных сооружений",Безопасность автомобильных дорог,2011-10-18,2025-08-26T04:23:36.906703+00:00,"Технический регламент Таможенного союза устанавливает минимально необходимые требования безопасности к автомобильным дорогам и процессам их проектирования, строительства, реконструкции, капитального ремонта и эксплуатации. Регламент направлен на защиту жизни и здоровья граждан, охрану окружающей среды, предотвращение ввода в заблуждение потребителей, а также обеспечение энергетической эффективности и ресурсосбережения.",Решение ЕЭК,ТР ТС 014-2011 Безопасность автомобильных дорог.pdf,Технический регламент Таможенного союза ТР ТС 014/2011 Безопасность автомобильных дорог,"['требования безопасности', 'оценка соответствия', 'дорожные материалы', 'сертификация']","['технический регламент', 'автомобильные дороги', 'безопасность', 'проектирование', 'строительство', 'реконструкция', 'капитальный ремонт', 'эксплуатация', 'дорожные сооружения']",русский,817,014/2011,5,69.7,2.2,,ТР ТС 014-2011 Безопасность автомобильных дорог.pdf,Действующий,30
планировка и застройка г. Москвы,Архитектура,2020-09-22,2025-08-26T04:23:41.651328+00:00,"Данный документ содержит нормы и правила проектирования планировки и застройки территорий г. Москвы. Он направлен на реализацию Генерального плана развития Москвы и устанавливает требования по охране природной среды, здоровья граждан, сохранению памятников истории и культуры, исторической среды, а также противопожарные и иные требования безопасности. Документ распространяется на вновь застраиваемые и реконструируемые территории Москвы.",ТСН,ТСН 30-304-2000 г.Москвы (МГСН 1.01-99) Нормы и правила проектирования планировки и застроики г. Москвы (с Изменениями на 21.12.2021).pdf,МГСН 1.01-99 Нормы и правила проектирования планировки и застройки г. Москвы,"['нормы планировки', 'градостроительные требования', 'безопасность при проектировании']","['проектирование', 'планировка', 'застройка', 'Москва', 'градостроительство', 'охрана природной среды', 'пожарная безопасность', 'исторические памятники']",русский,237,1.01-99,5,96.0,0.0,"Изменения, утвержденные и введенные в действие с 29.09.2020 постановлением Правительства Москвы от 22.09.2020 N 1557-ПП",ТСН 30-304-2000 г.Москвы (МГСН 1.01-99) Нормы и правила проектирования планировки и застроики г. Москвы (с Изменениями на 21.12.2021).pdf,Действующий,56
"Требования к размещению и организации сети зданий, функциональным группам, составу и площадям помещений, объемно-планировочным решениям, освещению, инженерному оборудованию и внутренней среде общеобразовательных учреждений на территории города Москвы. Проектирование вновь строящихся и реконструируемых зданий и комплексов общеобразовательных учреждений любых организационно-правовых форм и форм собственности.",Общеобразовательные учреждения,2021-12-21,2025-08-26T04:23:46.877858+00:00,"Данный документ устанавливает нормы и требования для проектирования и организации общеобразовательных учреждений в городе Москве. Включает положения по функциональным группам зданий, площади помещений, объемно-планировочным решениям, освещению и инженерному оборудованию. Введен в действие постановлением Правительства Москвы от 01.06.2004 и обновлен изменениями от 21.12.2021.",ТСН,ТСН 31-306-2004 г. Москвы (МГСН 4.06-03) Общеобразовательные учреждения (с Изменениями на 21.12.2021).pdf,Технические строительные нормы 31-306-2004 г.Москвы Общеобразовательные учреждения с Изменениями на 21.12.2021,"['размещение зданий', 'планировка помещений', 'инженерное оборудование', 'освещение', 'архитектурное проектирование', 'гигиенические требования']","['общеобразовательные учреждения', 'нормы проектирования', 'Москва', 'строительные нормы', 'организация зданий', 'инженерное оборудование', 'освещение']",русский,449,31-306-2004,5,84.1,24.7,Изменения от 21.12.2021,ТСН 31-306-2004 г. Москвы (МГСН 4.06-03) Общеобразовательные учреждения (с Изменениями на 21.12.2021).pdf,Действующий,51
Проектирование общеобразовательных учреждений на территории города Москвы,Образование,2021-12-21,2025-08-26T04:23:52.205236+00:00,"Документ устанавливает требования к размещению, организации сети зданий, функциональным группам, составу и площадям помещений, объемно-планировочным решениям, освещению, инженерному оборудованию и внутренней среде общеобразовательных учреждений на территории города Москвы. Распространяется на проектирование новых и реконструируемых общеобразовательных учреждений. Содержит обязательные и рекомендательные положения.",ТСН,ТСН 31-306-2004 г. Москвы Общеобразовательные учреждения (изм. на 21.12.2021).pdf,ТСН 31-306-2004 г. Москвы Общеобразовательные Учреждения (с Изменениями на 21.12.2021),"['требования к зданиям общеобразовательных учреждений', 'планировка и объемно-планировочные решения', 'освещение и инженерное оборудование', 'нормативные ссылки на строительные нормы и правила']","['общеобразовательные учреждения', 'проектирование зданий', 'Москва', 'строительные нормы', 'организация сети зданий', 'функциональные группы', 'инженерное оборудование', 'внутренняя среда']",русский,462,31-306-2004,5,85.0,24.7,Изменения на 21.12.2021,ТСН 31-306-2004 г. Москвы Общеобразовательные учреждения (изм. на 21.12.2021).pdf,Действующий,53
"Для города Москвы, распространяется на проектирование вновь строящихся и реконструкцию существующих зданий всех видов дошкольных образовательных учреждений",Образование,2021-12-21,2025-08-26T04:23:55.389303+00:00,Данный документ устанавливает нормы и требования к проектированию и реконструкции дошкольных образовательных учреждений в городе Москве в соответствии с законодательством РФ и санитарно-эпидемиологическими правилами. Документ вступил в силу в 2006 году и был актуализирован изменениями в 2021 году.,ТСН,ТСН 31-307-2006 г.Москвы (МГСН 4.07-05) Дошкольные образовательные учреждения (с Изменениями на 21.12.2021).pdf,Московские городские строительные нормы Дошкольные образовательные учреждения,"['Проектирование зданий', 'Реконструкция зданий', 'Образовательные учреждения', 'Санитарные нормы']","['Дошкольные образовательные учреждения', 'Строительные нормы', 'Проектирование', 'Реконструкция', 'Москва', 'Образование']",Русский,433,4.07-05,5,90.5,3.2,Изменения на 21.12.2021,ТСН 31-307-2006 г.Москвы (МГСН 4.07-05) Дошкольные образовательные учреждения (с Изменениями на 21.12.2021).pdf,Действующий,56
Проектирование и реконструкция зданий дошкольных образовательных учреждений в городе Москве,Образование,2021-12-21,2025-08-26T04:23:59.693913+00:00,"Документ содержит московские городские строительные нормы для дошкольных образовательных учреждений. Включает требования к проектированию, реконструкции и организации режимов работы таких учреждений с учетом законодательства и санитарно-эпидемиологических норм. Введен в действие постановлением Правительства Москвы и дополнен изменениями 2021 года.",ТСН,ТСН 31-307-2006 г.Москвы Дошкольные образовательные учреждения (изм. на 21.12.2021).pdf,ТСН 31-307-2006 г.Москвы Дошкольные образовательные учреждения (с Изменениями на 21.12.2021),"['требования к проектированию дошкольных учреждений', 'законодательство об образовании', 'санитарные нормы', 'реконструкция зданий']","['дошкольные образовательные учреждения', 'строительные нормы', 'проектирование', 'реконструкция', 'санитарно-эпидемиологические требования', 'образование', 'Москва']",Русский,434,31-307-2006,5,91.5,3.2,с Изменениями на 21.12.2021,ТСН 31-307-2006 г.Москвы Дошкольные образовательные учреждения (изм. на 21.12.2021).pdf,Действующий,57
Проектирование новых и реконструируемых лечебно-профилактических учреждений и аптек в г. Москве,Лечебно-профилактические учреждения,2000-07-25,2025-08-26T04:24:04.621848+00:00,"Документ предназначен для дополнения и уточнения нормативных требований СНиП в строительстве, действующих на территории г. Москвы, регламентирует проектирование лечебно-профилактических учреждений и аптек с учетом архитектурно-планировочных решений, инженерного оборудования и требований безопасности.",ТСН,ТСН 31-313-98 г.Москвы (МГСН 4.12-97) Лечебно-профилактические учреждения.pdf,ТСН 31-313-98 г.Москвы Лечебно-профилактические учреждения (с Изменением N 1),"['требования к размещению', 'проекты лечебно-профилактических учреждений', 'архитектурно-планировочные решения', 'инженерное оборудование']","['Нормы проектирования', 'лечебно-профилактические учреждения', 'аптеки', 'строительство', 'Москва', 'СНиП', 'инженерное оборудование']",Русский,459,31-313-98,5,83.7,21.1,Изменение N 1,ТСН 31-313-98 г.Москвы (МГСН 4.12-97) Лечебно-профилактические учреждения.pdf,Действующий,27
"Проектирование и строительство новых и реконструируемых культурно-зрелищных учреждений в городе Москве, включая здания и комплексы различных назначений, независимо от формы собственности",Культурно-зрелищные учреждения,1998-08-01,2025-08-26T04:24:10.874901+00:00,"Документ устанавливает московские региональные требования к проектированию и строительству культурно-зрелищных учреждений. Он включает обязательные, рекомендательные и справочные положения по размещению, организации территорий, функционально-планировочным элементам, инженерно-технологическому оборудованию и безопасности этих учреждений. Нормы обязательны для применения различными организациями и физическими лицами, осуществляющими проектирование и строительство.",ТСН,ТСН 31-317-99 г.Москвы (МГСН 4.17-98) Культурно-зрелищные учреждения.pdf,Территориальные строительные нормы от 28.07.1998 N 31-317-99 г.Москвы Культурно-зрелищные учреждения Московские городские строительные нормы от 28.07.1998 N 4.17-98,"['нормы проектирования', 'требования к строительству', 'организация территорий', 'безопасность культурно-зрелищных зданий']","['территориальные строительные нормы', 'культурно-зрелищные учреждения', 'проектирование', 'строительство', 'Москва', 'региональные требования']",русский,473,31-317-99,5,80.3,26.2,Введены впервые,ТСН 31-317-99 г.Москвы (МГСН 4.17-98) Культурно-зрелищные учреждения.pdf,Действующий,87
Уровни террористической опасности на территории Российской Федерации,Пожарная безопасность,2024-09-06,2025-08-26T04:24:18.184294+00:00,"Документ устанавливает порядок установления уровней террористической опасности на отдельных участках территории Российской Федерации и предусматривает принятие дополнительных мер по обеспечению безопасности личности, общества и государства. В документе описываются три уровня террористической опасности: повышенный, высокий и критический, а также регламентируются процедуры установления, изменения и отмены этих уровней с учетом последних изменений на 6 сентября 2024 года.",Указ президента,Указ президента РФ №851 от 14.06.2012 О порядке установления уровней террористическои опасности.pdf,"Указ Президента Российской Федерации от 14 июня 2012 года N 851 О порядке установления уровней террористической опасности, предусматривающих принятие дополнительных мер по обеспечению безопасности личности, общества и государства (с изменениями на 6 сентября 2024 года)","['Установление уровней террористической опасности', 'Принятие мер безопасности', 'Антитеррористическая деятельность']","['террористическая опасность', 'уровни террористической опасности', 'безопасность', 'противодействие террористическим актам', 'антитеррористическая комиссия']",Русский,2763,851,5,16.7,0.0,Изменения на 6 сентября 2024 года,Указ президента РФ №851 от 14.06.2012 О порядке установления уровней террористическои опасности.pdf,Действующий,5
Правовое регулирование в сфере образования в Российской Федерации,Образование,2023-12-25,2025-08-26T04:24:23.302199+00:00,"Федеральный закон регулирует правовые основы образования в Российской Федерации, включая изменения, внесённые по состоянию на 25 декабря 2023 года. Закон действует в редакции с 1 мая 2024 года и охватывает основные положения образовательной деятельности, права и обязанности участников образовательного процесса.",Федеральный Закон,ФЗ №273 от 29.12.2012 Об образовании в РФ.pdf,Федеральный закон Об образовании в Российской Федерации,"['правовые основы образования', 'права и обязанности в образовании', 'регулирование образовательной деятельности']","['образование', 'федеральный закон', 'правовое регулирование', 'Российская Федерация', 'изменения']",русский,3260,273-ФЗ,5,43.6,2.4,с изменениями на 25 декабря 2023 года,ФЗ №273 от 29.12.2012 Об образовании в РФ.pdf,Действующий,196
Обеспечение безопасности эксплуатации опасных производственных объектов на территории Российской Федерации,Промышленная безопасность,2025-08-17,2025-08-26T04:24:29.144759+00:00,"Федеральный закон определяет правовые, экономические и социальные основы обеспечения безопасной эксплуатации опасных производственных объектов, направлен на предупреждение аварий и обеспечение готовности организаций к локализации и ликвидации последствий аварий.",Федеральный Закон,ФЗ-116 О промышленной безопасности опасных производственных объектов (ред. от 08.08.2024).pdf,Федеральный закон о промышленной безопасности опасных производственных объектов,"['правовые основы промышленной безопасности', 'предупреждение аварий', 'эксплуатация опасных производственных объектов', 'готовность к ликвидации аварий']","['промышленная безопасность', 'опасные производственные объекты', 'аварии', 'технические устройства', 'локализация аварий', 'ликвидация последствий']",Русский,1337,116-ФЗ,5,53.3,0.0,Редакция с учетом изменений до 08.08.2024,ФЗ-116 О промышленной безопасности опасных производственных объектов (ред. от 08.08.2024).pdf,Действующий,44
гидротехнические сооружения,Пожарная безопасность,2025-08-17,2025-08-26T04:24:33.852235+00:00,"Настоящий Федеральный закон регулирует отношения, возникающие при осуществлении деятельности по обеспечению безопасности при проектировании, строительстве, капитальном ремонте, эксплуатации, реконструкции, консервации и ликвидации гидротехнических сооружений. Включает нормы и правила обеспечения безопасности гидротехнических сооружений, требования к профессиональному образованию экспертов, контроль и мониторинг состояния сооружений, а также порядок действий при аварийных ситуациях.",Федеральный Закон,ФЗ-117_О безопасности гидротехнических сооружений.pdf,Федеральный закон о безопасности гидротехнических сооружений,"['безопасность', 'гидротехнические сооружения', 'нормативные правовые акты', 'профессиональное образование', 'аварийные ситуации']","['безопасность гидротехнических сооружений', 'проектирование', 'строительство', 'эксплуатация', 'реконструкция', 'капитальный ремонт', 'контроль', 'мониторинг', 'авария']",русский,1406,117-ФЗ,5,64.3,0.0,От 08.08.2024 № 232-ФЗ,ФЗ-117_О безопасности гидротехнических сооружений.pdf,Действующий,26
"Объекты защиты (продукции), в том числе здания и сооружения, производственные объекты",Пожарная безопасность,2023-12-25,2025-08-26T04:24:37.574685+00:00,"Данный Федеральный закон устанавливает основные положения технического регулирования в области пожарной безопасности и минимально необходимые требования пожарной безопасности к объектам защиты, включая здания, сооружения и производственные объекты. Закон содержит положения о целях и сфере применения и регулирует защиту жизни, здоровья и имущества граждан и организаций от пожаров.",Федеральный Закон,ФЗ-123 Технический регламент о требованиях пожарнои безопасности (с изм. на 25.12.2023).pdf,Технический регламент о требованиях пожарной безопасности (с изменениями на 25 декабря 2023 года),"['пожарная безопасность', 'объекты защиты', 'техническое регулирование', 'пожарно-технические требования']","['технический регламент', 'требования пожарной безопасности', 'федеральный закон', 'изменения 2023', 'защита от пожаров']",русский,1023,123-ФЗ,5,77.7,1.5,с изменениями на 25 декабря 2023 года,ФЗ-123 Технический регламент о требованиях пожарнои безопасности (с изм. на 25.12.2023).pdf,Действующий,117
,Атомная энергия,2025-08-17,2025-08-26T04:24:40.914298+00:00,"Федеральный закон регулирует правовые основы и принципы использования атомной энергии в Российской Федерации, направлен на защиту здоровья и жизни людей, охрану окружающей среды, защиту собственности и способствует развитию атомной науки и техники. Закон охватывает вопросы безопасности, регулирования и международного сотрудничества в области атомной энергии.",Федеральный Закон,ФЗ-170 Об использовании атомной энергии.pdf,Федеральный закон Об использовании атомной энергии,"['правовые основы использования атомной энергии', 'принципы регулирования', 'безопасность', 'участие граждан и организаций']","['атомная энергия', 'безопасность', 'радиационная опасность', 'международное право', 'защита окружающей среды']",русский,1298,170-ФЗ,5,69.4,0.0,,ФЗ-170 Об использовании атомной энергии.pdf,Действующий,71
,Техническое регулирование,2023-12-25,2025-08-26T04:24:44.854771+00:00,"Федеральный Закон о техническом регулировании устанавливает основные принципы и требования в области технического регулирования в Российской Федерации. Документ включает положения о стандартизации, сертификации, технических регламентах и обеспечении соответствия продукции и услуг установленным нормам. Закон содержит положения о внесенных изменениях вплоть до 25 декабря 2023 года.",Федеральный Закон,ФЗ-184 О техническом регулировании (изм. на 25.12.2023).pdf,Федеральный Закон О техническом регулировании,"['основные принципы технического регулирования', 'порядок разработки технических регламентов', 'контроль соблюдения норм']","['техническое регулирование', 'стандартизация', 'сертификация', 'технические регламенты', 'соответствие продукции']",русский,2148,123-ФЗ,5,56.7,22.7,,ФЗ-184 О техническом регулировании (изм. на 25.12.2023).pdf,Действующий,55
,Градостроительство,2025-06-24,2025-08-26T04:24:48.050486+00:00,"Градостроительный Кодекс Российской Федерации с изменениями на 24 июня 2025 года. Документ регулирует вопросы градостроительной деятельности, планирования, застройки и использования земельных ресурсов в России.",Кодекс,ФЗ-190 Градостроительный кодекс РФ (изм. на 24.06.2025).pdf,Градостроительный Кодекс Российской Федерации,"['Градостроительство', 'Земельные отношения', 'Правовое регулирование']","['Градостроительство', 'Землепользование', 'Застройка', 'Планирование территорий', 'Федеральные законы']",русский,4200,Градостроительный Кодекс Российской Федерации,5,23.2,0.0,,ФЗ-190 Градостроительный кодекс РФ (изм. на 24.06.2025).pdf,Действующий,363
Регулирование отношений по найму жилых помещений жилищного фонда социального использования,Жилищное законодательство,2014-07-21,2025-08-26T04:24:52.053212+00:00,"Федеральный закон вносит изменения в Жилищный кодекс Российской Федерации, направленные на регулирование порядка предоставления жилых помещений по договорам найма жилищного фонда социального использования. Закон определяет критерии нуждаемости в жилых помещениях, порядок учета граждан, устанавливает уровни доходов и имущества для признания нуждающихся, а также регламентирует особенности предоставления жилых помещений государственных, муниципальных и частных жилищных фондов.",Федеральный Закон,ФЗ-217 Найм жилых Помещений жилищного фонда социального использования.pdf,Федеральный закон N 217-ФЗ от 21 июля 2014 года О внесении изменений в Жилищный кодекс Российской Федерации и отдельные законодательные акты Российской Федерации в части законодательного регулирования отношений по найму жилых помещений жилищного фонда социального использования,"['изменения в законодательстве', 'порядок предоставления жилых помещений', 'учет нуждающихся', 'доход и имущество граждан', 'жилищный фонд социального использования']","['Жилищный кодекс', 'социальное использование', 'найм жилых помещений', 'жилищный фонд', 'регулирование отношений']",Русский,3752,217-ФЗ,5,40.4,16.0,,ФЗ-217 Найм жилых Помещений жилищного фонда социального использования.pdf,Действующий,38
"Установление и оценка применения обязательных требований в предпринимательской и иной экономической деятельности, а также государственный и муниципальный контроль, лицензирование, аккредитация и оценка соответствия продукции",Правовое регулирование,2025-06-01,2025-08-26T04:24:55.601628+00:00,"Федеральный закон регулирует правовые и организационные основы установления и оценки применения обязательных требований в Российской Федерации. Закон охватывает сферы государственного и муниципального контроля, административной ответственности, лицензирования и других форм оценки и экспертизы.",Федеральный Закон,ФЗ-247 Об обязательных требованиях в РФ (изм. на 28.02.2025).pdf,"Федеральный закон Об обязательных требованиях в Российской Федерации (с изменениями на 28 февраля 2025 года) (редакция, действующая с 1 июня 2025 года)","['установление обязательных требований', 'оценка применения требований', 'государственный и муниципальный контроль', 'правовые основы']","['обязательные требования', 'государственный контроль', 'муниципальный контроль', 'административная ответственность', 'лицензирование', 'аккредитация', 'оценка соответствия продукции', 'правовое регулирование']",Русский,1355,247-ФЗ,5,70.8,0.0,,ФЗ-247 Об обязательных требованиях в РФ (изм. на 28.02.2025).pdf,,11
"Регулирование градостроительных, земельных и иных отношений для реализации приоритетных проектов по модернизации и расширению инфраструктуры",Инфраструктура,2024-08-08,2025-08-26T04:25:00.506643+00:00,"Данный Федеральный закон устанавливает особенности регулирования отношений, связанных с реализацией приоритетных проектов по модернизации и расширению инфраструктуры. Закон охватывает строительство, реконструкцию объектов капитального строительства инфраструктуры различных видов, включая транспорт, социальную и промышленную инфраструктуру. Закон содержит нормы, направленные на координацию и упрощение процедур для улучшения инфраструктурных проектов.",Федеральный Закон,ФЗ-254 Об особенностях регулирования отдельных отношений.pdf,Федеральный закон N 254-ФЗ от 31.07.2020 Об особенностях регулирования отдельных отношений в целях реализации приоритетных проектов по модернизации и расширению инфраструктуры и о внесении изменений в отдельные законодательные акты Российской Федерации,"['регулирование инфраструктуры', 'градостроительные отношения', 'строительство и реконструкция объектов', 'транспорт и социальная инфраструктура']","['модернизация инфраструктуры', 'приоритетные проекты', 'регулирование градостроительных отношений', 'капитальное строительство', 'транспортная инфраструктура', 'социальная инфраструктура']",Русский,1367,254-ФЗ,5,51.5,41.4,"в ред. Федеральных законов от 30.12.2021 N 447-ФЗ, от 01.05.2022 N 124-ФЗ, от 25.12.2023 N 622-ФЗ, от 08.08.2024 N 261-ФЗ",ФЗ-254 Об особенностях регулирования отдельных отношений.pdf,Действующий,21
"Регулирование градостроительных, земельных и иных отношений в целях модернизации и расширения магистральной инфраструктуры",Транспортная инфраструктура,2020-07-24,2025-08-26T04:25:06.029956+00:00,"Федеральный закон устанавливает особенности регулирования отношений, связанных с модернизацией и расширением магистральной инфраструктуры, включая транспортную инфраструктуру федерального, регионального и местного значения. Закон охватывает объекты строительства, реконструкции и эксплуатации инфраструктуры, такие как автомобильные дороги, железнодорожный транспорт, морские и речные порты, аэродромы, транспортно-пересадочные узлы и инженерную инфраструктуру.",Федеральный Закон,ФЗ-254_Об особенностях регулирования отдельных отношений в целях модернизации и расширения магистральной инфраструктуры.pdf,Федеральный закон О Особенностях Регулирования Отдельных Отношений В Целях Модернизации И Расширения Магистральной Инфраструктуры И О Внесении Изменений В Отдельные Законодательные Акты Российской Федерации,"['модернизация инфраструктуры', 'регулирование градостроительных отношений', 'строительство и реконструкция объектов', 'транспортная инфраструктура', 'объекты капитального строительства']","['модернизация', 'магистральная инфраструктура', 'транспортная инфраструктура', 'строительство', 'реконструкция', 'эксплуатация', 'градостроительные отношения', 'земельные отношения']",русский,1251,224,5,42.9,48.3,,ФЗ-254_Об особенностях регулирования отдельных отношений в целях модернизации и расширения магистральной инфраструктуры.pdf,Действующий,35
Противодействие терроризму на территории Российской Федерации,Безопасность,2025-02-28,2025-08-26T04:25:09.404528+00:00,"Федеральный закон регулирует вопросы противодействия терроризму, включая меры профилактики, выявления и пресечения террористической деятельности на территории Российской Федерации. Документ содержит положения о правовом статусе субъектов борьбы с терроризмом и механизмах взаимодействия государственных органов.",Федеральный Закон,ФЗ-35 от 06.03.2006 О противодействии терроризму (с изм. на 28.02.2025).pdf,Федеральный закон О Противодействии Терроризму,"['Правовой статус', 'Меры противодействия', 'Взаимодействие государственных органов']","['терроризм', 'противодействие терроризму', 'безопасность', 'правовое регулирование', 'Меры профилактики']",русский,1520,153-ФЗ,5,68.2,12.1,с изменениями на 28 февраля 2025 года,ФЗ-35 от 06.03.2006 О противодействии терроризму (с изм. на 28.02.2025).pdf,Действующий,19
Строительство зданий и сооружений,Пожарная безопасность,2023-12-25,2025-08-26T04:25:12.717312+00:00,"Настоящий Федеральный закон устанавливает требования безопасности для зданий и сооружений, направленные на защиту жизни и здоровья граждан, сохранность имущества, охрану окружающей среды и обеспечение энергетической эффективности. Документ содержит определения основных понятий, регулирует технические стандарты и нормы безопасности в строительстве.",Федеральный Закон,ФЗ-384 Технический регламент о безопасности зданий и сооружений (изм. на 25.12.2023).pdf,Технический регламент о безопасности зданий и сооружений,"['требования безопасности', 'определения терминов', 'изменения законодательства', 'контроль качества строительства']","['безопасность зданий', 'строительные конструкции', 'пожарная безопасность', 'энергетическая эффективность', 'технический регламент', 'жизненный цикл здания']",русский,835,384-ФЗ,5,76.2,4.0,Изм.от 25.12.2023,ФЗ-384 Технический регламент о безопасности зданий и сооружений (изм. на 25.12.2023).pdf,Действующий,26
Обеспечение радиационной безопасности населения,Пожарная безопасность,2025-08-17,2025-08-26T04:25:16.541331+00:00,"Настоящий Федеральный закон определяет правовые основы обеспечения радиационной безопасности населения в целях охраны его здоровья. Закон регулирует правовое поле, понятия и принципы радиационной безопасности.",Федеральный Закон,ФЗ-3_О радиационной безопасности населения.pdf,Федеральный Закон О радиационной безопасности населения,"['понятия радиационной безопасности', 'правовое регулирование', 'принципы обеспечения радиационной безопасности']","['радиационная безопасность', 'ионизирующее излучение', 'естественный радиационный фон', 'санитарно-защитная зона', 'радиационная авария', 'принцип нормирования', 'принцип обоснования', 'принцип оптимизации']",русский,830,3-ФЗ,5,87.2,15.4,,ФЗ-3_О радиационной безопасности населения.pdf,Действующий,20
Внеуличный транспорт в Российской Федерации,Транспорт,2017-12-26,2025-08-26T04:25:19.605335+00:00,"Данный Федеральный закон устанавливает правовые условия функционирования внеуличного транспорта и основы организации транспортного обслуживания населения внеуличным транспортом в Российской Федерации. Закон регулирует понятия, функции, маршруты и инфраструктуру внеуличного транспорта.",Федеральный Закон,ФЗ-442_О внеуличном транспорте .pdf,Федеральный закон о внеуличном транспорте и о внесении изменений в отдельные законодательные акты Российской Федерации,"['правовые условия функционирования внеуличного транспорта', 'определение основных понятий', 'организация транспортного обслуживания', 'виды внеуличного транспорта', 'объекты инфраструктуры']","['внеуличный транспорт', 'правовое регулирование', 'транспортное обслуживание', 'маршруты', 'инфраструктура']",русский,1208,0,5,33.3,56.2,,ФЗ-442_О внеуличном транспорте .pdf,Действующий,42
санитарно-эпидемиологическое благополучие населения,Охрана труда,2025-08-17,2025-08-26T04:25:26.783330+00:00,"Федеральный закон регулирует вопросы санитарно-эпидемиологического благополучия населения, устанавливает основные понятия и направлен на обеспечение условий, при которых отсутствует вредное воздействие факторов среды на здоровье человека. В законе приведены определения среды обитания, факторов среды, вредного воздействия, а также регулируются права граждан на охрану здоровья и благоприятную окружающую среду.",Федеральный Закон,ФЗ-52_О санитарно эпидемиологическом благополучии населения.pdf,Федеральный закон О санитарно-эпидемиологическом благополучии населения,"['санитарно-эпидемиологическое благополучие', 'охрана здоровья населения', 'среда обитания человека', 'гигиенический норматив']","['санитарно-эпидемиологическое благополучие населения', 'среда обитания', 'факторы среды обитания', 'вредное воздействие', 'благоприятные условия жизнедеятельности', 'безопасные условия для человека', 'гигиенический норматив']",русский,1274,52-ФЗ,5,63.0,1.6,,ФЗ-52_О санитарно эпидемиологическом благополучии населения.pdf,Действующий,67
"Использование воздушного пространства Российской Федерации, регулирование авиационной деятельности",Воздушный транспорт,2025-08-17,2025-08-26T04:25:31.226388+00:00,"Кодекс регулирует отношения, связанные с использованием воздушного пространства Российской Федерации, определяет суверенитет в отношении воздушного пространства, а также устанавливает воздушное законодательство в Российской Федерации. Включает основные принципы, нормы и правила, а также положения о государственных органах и порядке управления и использования воздушного пространства.",Кодекс,ФЗ-60_Воздушный кодекс Российской Федерации.pdf,Воздушный Кодекс Российской Федерации,"['суверенитет воздушного пространства', 'воздушное законодательство Российской Федерации', 'использование воздушного пространства', 'регулирование авиации']","['Воздушный кодекс', 'воздушное пространство', 'суверенитет', 'воздушное законодательство', 'федеральные авиационные правила']",Русский,1260,60-ФЗ,5,64.0,8.9,на 17.08.2025 г.,ФЗ-60_Воздушный кодекс Российской Федерации.pdf,Действующий,163
Обеспечение пожарной безопасности на территории Российской Федерации,Пожарная безопасность,2024-08-08,2025-08-26T04:25:35.308408+00:00,"Федеральный закон регулирует вопросы, связанные с обеспечением пожарной безопасности на территории России, включая меры по предупреждению возникновения пожаров и действия в случае их возникновения. Документ содержит изменения и дополнения, внесённые по состоянию на 8 августа 2024 года, и применяется в редакции, действующей с 1 марта 2025 года.",Федеральный Закон,ФЗ-69 от 21.12.1994 О пожарнои безопасности (изм. на 08.08.2024).pdf,"Федеральный закон О пожарной безопасности (с изменениями на 8 августа 2024 года) (редакция, действующая с 1 марта 2025 года)","['меры пожарной безопасности', 'регулирование правовых отношений в области пожарной безопасности', 'изменения законодательства']","['пожарная безопасность', 'превентивные меры', 'регулирование']",русский,1806,151-ФЗ,5,60.5,8.0,с изменениями на 8 августа 2024 года,ФЗ-69 от 21.12.1994 О пожарнои безопасности (изм. на 08.08.2024).pdf,Действующий,42
Газоснабжение в Российской Федерации,Энергетика,2024-08-08,2025-08-26T04:25:38.929690+00:00,"Настоящий Федеральный закон определяет правовые, экономические и организационные основы отношений в области газоснабжения в Российской Федерации и направлен на обеспечение удовлетворения потребностей государства в стратегическом виде энергетических ресурсов.",Федеральный Закон,ФЗ-69 от 31.03.1999 О газоснабжении в Российской Федерации.pdf,Федеральный закон о газоснабжении в Российской Федерации,"['правовые основы газоснабжения', 'экономические основы газоснабжения', 'организационные основы газоснабжения', 'стратегическое обеспечение энергетических ресурсов']","['газоснабжение', 'газ', 'энергетика', 'правовые основы', 'экономические основы', 'организационные основы', 'Российская Федерация']",русский,1072,69-ФЗ,5,61.5,0.0,от 08.08.2024 № 232-ФЗ,ФЗ-69 от 31.03.1999 О газоснабжении в Российской Федерации.pdf,Действующий,40
Правовые основы государственной политики в области охраны окружающей среды на территории Российской Федерации,Охрана окружающей среды,2025-08-17,2025-08-26T04:25:42.351281+00:00,"Федеральный закон устанавливает правовые основы государственной политики в области охраны окружающей среды, определяет права и обязанности граждан и организаций по сохранению природных ресурсов, а также регламентирует мониторинг и прогнозирование состояния многолетней мерзлоты. Закон содержит многочисленные редакции и дополнения, действующие по состоянию на 17.08.2025.",Федеральный Закон,ФЗ-7 Об охране окружающей среды.pdf,Федеральный закон об охране окружающей среды,"['правовые основы охраны окружающей среды', 'мониторинг состояния природы', 'экологические обязательства граждан и организаций']","['охрана окружающей среды', 'государственная политика', 'экологический мониторинг', 'вечномерзлый грунт', 'многолетняя мерзлота']",русский,1741,7-ФЗ,5,33.3,0.0,Многочисленные редакции с 2001 по 2024 годы,ФЗ-7 Об охране окружающей среды.pdf,Действующий,16
"регулирует отношения в области сохранения, использования, популяризации и государственной охраны объектов культурного наследия (памятников истории и культуры) народов Российской Федерации",Культурное наследие,2025-08-17,2025-08-26T04:25:46.485449+00:00,"Федеральный закон регулирует отношения в области сохранения, использования, популяризации и государственной охраны объектов культурного наследия народов Российской Федерации. Закон направлен на реализацию конституционных прав и обязанностей по сохранению культурных ценностей, памятников истории и культуры, а также на защиту культурно-национальной самобытности народов.",Федеральный Закон,ФЗ-73_Об объектах культурного наследия памятниках истории и культуры.pdf,Федеральный Закон Об Объектах Культурного Наследия (Памятниках Истории И Культуры) Народов Российской Федерации,"['сохранение объектов культурного наследия', 'использование культурного наследия', 'популяризация культурных ценностей', 'государственная охрана памятников истории и культуры', 'правовые отношения в сфере культурного наследия']","['объекты культурного наследия', 'памятники истории и культуры', 'сохранение', 'использование', 'популяризация', 'государственная охрана', 'право', 'культурно-национальная самобытность']",русский,1951,73-ФЗ,5,44.0,0.0,от 26.12.2024 № 485-ФЗ,ФЗ-73_Об объектах культурного наследия памятниках истории и культуры.pdf,Действующий,56
Обращение с отходами производства и потребления,Охрана труда,2025-08-17,2025-08-26T04:25:52.191488+00:00,"Данный Федеральный закон устанавливает правовые основы обращения с отходами производства и потребления с целью предотвращения вредного воздействия на здоровье человека и окружающую среду. Закон предусматривает порядок сбора, накопления, транспортирования, обработки, утилизации, обезвреживания и размещения отходов.",Федеральный Закон,ФЗ-89_Об отходах производства и потребления.pdf,Федеральный закон Об отходах производства и потребления,"['правовые основы обращения с отходами', 'предотвращение вредного воздействия отходов', 'вовлечение отходов в хозяйственный оборот']","['отходы производства и потребления', 'обращение с отходами', 'сбор отходов', 'накопление отходов', 'транспортирование отходов', 'утилизация отходов', 'обезвреживание отходов', 'размещение отходов', 'захоронение отходов']",Русский,1872,89-ФЗ,5,44.2,17.7,,ФЗ-89_Об отходах производства и потребления.pdf,Действующий,116
